,Image_Metadata_WellID,Image_Metadata_PlateID,ImageNumber,score
1941,A03,DR_20221209_143805,19.0,0.12293514
1942,A03,DR_20221209_143805,20.0,0.46851802
1943,A03,DR_20221209_143805,21.0,0.20655288
1944,A03,DR_20221209_143805,22.0,0.06336031
1945,A03,DR_20221209_143805,23.0,0.005328484
1946,A03,DR_20221209_143805,24.0,-0.06582633
1947,A03,DR_20221209_143805,25.0,-0.054070298
1948,A03,DR_20221209_143805,26.0,-0.09940722
1949,A03,DR_20221209_143805,27.0,-0.0034838
1950,A04,DR_20221209_143805,28.0,0.016537338
1951,A04,DR_20221209_143805,29.0,0.18740779
1952,A04,DR_20221209_143805,30.0,-0.008935426
1953,A04,DR_20221209_143805,31.0,0.052745312
1954,A04,DR_20221209_143805,32.0,-0.010604217
1955,A04,DR_20221209_143805,33.0,0.1045668
1956,A04,DR_20221209_143805,34.0,-0.049636487
1957,A04,DR_20221209_143805,35.0,-0.05870419
1958,A04,DR_20221209_143805,36.0,-0.016138555
1959,A05,DR_20221209_143805,37.0,0.009698393
1960,A05,DR_20221209_143805,38.0,-0.076319315
1961,A05,DR_20221209_143805,39.0,-0.021615861
1962,A05,DR_20221209_143805,40.0,-0.00376418
1963,A05,DR_20221209_143805,41.0,-0.03500627
1964,A05,DR_20221209_143805,42.0,-0.006339711
1965,A05,DR_20221209_143805,43.0,-0.0006435952
1966,A05,DR_20221209_143805,44.0,0.009293194
1967,A05,DR_20221209_143805,45.0,0.008473191
1968,A06,DR_20221209_143805,46.0,-0.016908424
1969,A06,DR_20221209_143805,47.0,-0.019968754
1970,A06,DR_20221209_143805,48.0,0.18232168
1971,A06,DR_20221209_143805,49.0,-0.0060562324
1972,A06,DR_20221209_143805,50.0,0.013985423
1973,A06,DR_20221209_143805,51.0,-0.005545563
1974,A06,DR_20221209_143805,52.0,-0.02971908
1975,A06,DR_20221209_143805,53.0,-0.024135971
1976,A06,DR_20221209_143805,54.0,0.004573235
1977,A07,DR_20221209_143805,55.0,-0.0038150798
1978,A07,DR_20221209_143805,56.0,-0.0034099326
1979,A07,DR_20221209_143805,57.0,0.009128123
1980,A07,DR_20221209_143805,58.0,-0.026344052
1981,A07,DR_20221209_143805,59.0,-0.038012233
1982,A07,DR_20221209_143805,60.0,0.011102998
1983,A07,DR_20221209_143805,61.0,-0.0036442168
1984,A07,DR_20221209_143805,62.0,0.0013625525
1985,A07,DR_20221209_143805,63.0,-0.016305318
1986,A08,DR_20221209_143805,64.0,0.048393603
1987,A08,DR_20221209_143805,65.0,0.016095491
1988,A08,DR_20221209_143805,66.0,-0.0003183867
1989,A08,DR_20221209_143805,67.0,-0.0017935843
1990,A08,DR_20221209_143805,68.0,-0.021423634
1991,A08,DR_20221209_143805,69.0,0.0015707627
1992,A08,DR_20221209_143805,70.0,0.028930908
1993,A08,DR_20221209_143805,71.0,0.025514893
1994,A08,DR_20221209_143805,72.0,-0.016466059
1995,A09,DR_20221209_143805,73.0,0.053762093
1996,A09,DR_20221209_143805,74.0,-0.0057720672
1997,A09,DR_20221209_143805,75.0,0.0005380353
1998,A09,DR_20221209_143805,76.0,-0.004162034
1999,A09,DR_20221209_143805,77.0,-0.039282784
2000,A09,DR_20221209_143805,78.0,-0.019726658
2001,A09,DR_20221209_143805,79.0,-0.0051431833
2002,A09,DR_20221209_143805,80.0,-0.02613252
2003,A09,DR_20221209_143805,81.0,-0.008852451
2004,A10,DR_20221209_143805,82.0,-0.021405876
2005,A10,DR_20221209_143805,83.0,-0.045366302
2006,A10,DR_20221209_143805,84.0,-0.064085916
2007,A10,DR_20221209_143805,85.0,-0.01049395
2008,A10,DR_20221209_143805,86.0,-0.05741665
2009,A10,DR_20221209_143805,87.0,0.0013007278
2010,A10,DR_20221209_143805,88.0,-0.0071077314
2011,A10,DR_20221209_143805,89.0,-0.045337424
2012,A10,DR_20221209_143805,90.0,-0.020666908
2013,A11,DR_20221209_143805,91.0,0.010264564
2014,A11,DR_20221209_143805,92.0,0.027354538
2015,A11,DR_20221209_143805,93.0,-0.0030717948
2016,A11,DR_20221209_143805,94.0,0.02217849
2017,A11,DR_20221209_143805,95.0,0.019202007
2018,A11,DR_20221209_143805,96.0,-0.0021433213
2019,A11,DR_20221209_143805,97.0,-0.006289615
2020,A11,DR_20221209_143805,98.0,0.018009054
2021,A11,DR_20221209_143805,99.0,-0.024815137
2022,A12,DR_20221209_143805,100.0,-0.033010293
2023,A12,DR_20221209_143805,101.0,0.0005520522
2024,A12,DR_20221209_143805,102.0,-0.03213963
2025,A12,DR_20221209_143805,103.0,-0.010553793
2026,A12,DR_20221209_143805,104.0,-0.055901136
2027,A12,DR_20221209_143805,105.0,-0.011518283
2028,A12,DR_20221209_143805,106.0,-0.036070064
2029,A12,DR_20221209_143805,107.0,-0.04887769
2030,A12,DR_20221209_143805,108.0,0.0034700562
2031,A13,DR_20221209_143805,109.0,-0.009090651
2032,A13,DR_20221209_143805,110.0,-0.004888453
2033,A13,DR_20221209_143805,111.0,0.013594543
2034,A13,DR_20221209_143805,112.0,0.009567366
2035,A13,DR_20221209_143805,113.0,-0.05323282
2036,A13,DR_20221209_143805,114.0,-0.011422254
2037,A13,DR_20221209_143805,115.0,-0.013283408
2038,A13,DR_20221209_143805,116.0,-0.016668238
2039,A13,DR_20221209_143805,117.0,0.04954658
2040,A14,DR_20221209_143805,118.0,-0.014965345
2041,A14,DR_20221209_143805,119.0,-0.05749011
2042,A14,DR_20221209_143805,120.0,-0.011868882
2043,A14,DR_20221209_143805,121.0,-0.012197343
2044,A14,DR_20221209_143805,122.0,-0.054491386
2045,A14,DR_20221209_143805,123.0,0.0015677393
2046,A14,DR_20221209_143805,124.0,-0.023347536
2047,A14,DR_20221209_143805,125.0,-0.006412987
2048,A14,DR_20221209_143805,126.0,0.006543811
2049,A15,DR_20221209_143805,127.0,-0.0027104414
2050,A15,DR_20221209_143805,128.0,0.024166392
2051,A15,DR_20221209_143805,129.0,-0.011812982
2052,A15,DR_20221209_143805,130.0,0.051046915
2053,A15,DR_20221209_143805,131.0,-0.048210703
2054,A15,DR_20221209_143805,132.0,-0.0027044604
2055,A15,DR_20221209_143805,133.0,-0.012824732
2056,A15,DR_20221209_143805,134.0,0.0562504
2057,A15,DR_20221209_143805,135.0,0.009810778
2058,A16,DR_20221209_143805,136.0,-0.011686944
2059,A16,DR_20221209_143805,137.0,-0.0063858936
2060,A16,DR_20221209_143805,138.0,-0.02875803
2061,A16,DR_20221209_143805,139.0,0.0049581495
2062,A16,DR_20221209_143805,140.0,-0.04035051
2063,A16,DR_20221209_143805,141.0,-0.024881613
2064,A16,DR_20221209_143805,142.0,0.021577211
2065,A16,DR_20221209_143805,143.0,0.07287642
2066,A16,DR_20221209_143805,144.0,0.01307109
2067,A17,DR_20221209_143805,145.0,0.0035142
2068,A17,DR_20221209_143805,146.0,0.012314903
2069,A17,DR_20221209_143805,147.0,0.012494647
2070,A17,DR_20221209_143805,148.0,0.009272088
2071,A17,DR_20221209_143805,149.0,-0.041853853
2072,A17,DR_20221209_143805,150.0,-0.011792741
2073,A17,DR_20221209_143805,151.0,0.011509607
2074,A17,DR_20221209_143805,152.0,0.015191528
2075,A17,DR_20221209_143805,153.0,0.032579534
2076,A18,DR_20221209_143805,154.0,-0.009750157
2077,A18,DR_20221209_143805,155.0,-0.03764427
2078,A18,DR_20221209_143805,156.0,0.06040812
2079,A18,DR_20221209_143805,157.0,0.017196408
2080,A18,DR_20221209_143805,158.0,-0.031385157
2081,A18,DR_20221209_143805,159.0,-0.002498471
2082,A18,DR_20221209_143805,160.0,-0.0049413247
2083,A18,DR_20221209_143805,161.0,0.024577715
2084,A18,DR_20221209_143805,162.0,0.009795772
2085,A19,DR_20221209_143805,163.0,0.0008739492
2086,A19,DR_20221209_143805,164.0,0.019622039
2087,A19,DR_20221209_143805,165.0,-0.022229506
2088,A19,DR_20221209_143805,166.0,-0.019427378
2089,A19,DR_20221209_143805,167.0,0.0006121207
2090,A19,DR_20221209_143805,168.0,0.018978905
2091,A19,DR_20221209_143805,169.0,-0.022119097
2092,A19,DR_20221209_143805,170.0,0.0077083474
2093,A19,DR_20221209_143805,171.0,-0.0037529944
2094,A20,DR_20221209_143805,172.0,-0.0051665213
2095,A20,DR_20221209_143805,173.0,0.036631003
2096,A20,DR_20221209_143805,174.0,0.0067038974
2097,A20,DR_20221209_143805,175.0,-0.022570534
2098,A20,DR_20221209_143805,176.0,-0.01234315
2099,A20,DR_20221209_143805,177.0,0.01399154
2100,A20,DR_20221209_143805,178.0,0.011773602
2101,A20,DR_20221209_143805,179.0,-0.0071269353
2102,A20,DR_20221209_143805,180.0,-0.0058522765
2103,A21,DR_20221209_143805,181.0,-0.0071539828
2104,A21,DR_20221209_143805,182.0,-0.0082297195
2105,A21,DR_20221209_143805,183.0,0.048540924
2106,A21,DR_20221209_143805,184.0,-0.0014437032
2107,A21,DR_20221209_143805,185.0,-0.056664698
2108,A21,DR_20221209_143805,186.0,-0.056134477
2109,A21,DR_20221209_143805,187.0,0.024211736
2110,A21,DR_20221209_143805,188.0,-0.0025985483
2111,A21,DR_20221209_143805,189.0,-0.019731993
2112,A22,DR_20221209_143805,190.0,-0.013177378
2113,A22,DR_20221209_143805,191.0,0.005205792
2114,A22,DR_20221209_143805,192.0,0.012456951
2115,A22,DR_20221209_143805,193.0,-0.017888287
2116,A22,DR_20221209_143805,194.0,-0.0040901676
2117,A22,DR_20221209_143805,195.0,-0.015822228
2118,A22,DR_20221209_143805,196.0,0.010453355
2119,A22,DR_20221209_143805,197.0,-0.007883218
2120,A22,DR_20221209_143805,198.0,-0.009074066
2157,B03,DR_20221209_143805,235.0,-0.012220771
2158,B03,DR_20221209_143805,236.0,0.018767525
2159,B03,DR_20221209_143805,237.0,-0.01984028
2160,B03,DR_20221209_143805,238.0,-0.06952434
2161,B03,DR_20221209_143805,239.0,-0.023054792
2162,B03,DR_20221209_143805,240.0,-0.020761402
2163,B03,DR_20221209_143805,241.0,-0.018949447
2164,B03,DR_20221209_143805,242.0,-0.10094491
2165,B03,DR_20221209_143805,243.0,-0.0117261475
2166,B04,DR_20221209_143805,244.0,-0.0058389646
2167,B04,DR_20221209_143805,245.0,0.051439412
2168,B04,DR_20221209_143805,246.0,-0.0017485096
2169,B04,DR_20221209_143805,247.0,-0.052090667
2170,B04,DR_20221209_143805,248.0,-0.012394836
2171,B04,DR_20221209_143805,249.0,0.21035478
2172,B04,DR_20221209_143805,250.0,0.25770453
2173,B04,DR_20221209_143805,251.0,0.20500271
2174,B04,DR_20221209_143805,252.0,0.013546122
2175,B05,DR_20221209_143805,253.0,0.015507226
2176,B05,DR_20221209_143805,254.0,-0.0135682635
2177,B05,DR_20221209_143805,255.0,-0.107290156
2178,B05,DR_20221209_143805,256.0,-0.007055111
2179,B05,DR_20221209_143805,257.0,-0.00045679806
2180,B05,DR_20221209_143805,258.0,-0.04506506
2181,B05,DR_20221209_143805,259.0,0.001996456
2182,B05,DR_20221209_143805,260.0,0.029023226
2183,B05,DR_20221209_143805,261.0,0.008166427
2184,B06,DR_20221209_143805,262.0,-0.00508576
2185,B06,DR_20221209_143805,263.0,-0.032647677
2186,B06,DR_20221209_143805,264.0,-0.019660212
2187,B06,DR_20221209_143805,265.0,-0.0012392168
2188,B06,DR_20221209_143805,266.0,0.0007810505
2189,B06,DR_20221209_143805,267.0,-5.4418728e-05
2190,B06,DR_20221209_143805,268.0,-0.053814467
2191,B06,DR_20221209_143805,269.0,0.014716444
2192,B06,DR_20221209_143805,270.0,-0.006940441
2193,B07,DR_20221209_143805,271.0,-0.007724373
2194,B07,DR_20221209_143805,272.0,-0.0074415826
2195,B07,DR_20221209_143805,273.0,0.0013342144
2196,B07,DR_20221209_143805,274.0,-0.02500117
2197,B07,DR_20221209_143805,275.0,-0.061536603
2198,B07,DR_20221209_143805,276.0,-0.00018406278
2199,B07,DR_20221209_143805,277.0,-0.019205535
2200,B07,DR_20221209_143805,278.0,-0.02157542
2201,B07,DR_20221209_143805,279.0,-0.0038669044
2202,B08,DR_20221209_143805,280.0,0.078625485
2203,B08,DR_20221209_143805,281.0,0.07517405
2204,B08,DR_20221209_143805,282.0,-0.031593185
2205,B08,DR_20221209_143805,283.0,0.0065222834
2206,B08,DR_20221209_143805,284.0,-0.002136637
2207,B08,DR_20221209_143805,285.0,0.00749545
2208,B08,DR_20221209_143805,286.0,-0.002126853
2209,B08,DR_20221209_143805,287.0,-0.0008565969
2210,B08,DR_20221209_143805,288.0,-0.02799675
2211,B09,DR_20221209_143805,289.0,0.002666876
2212,B09,DR_20221209_143805,290.0,-0.030769676
2213,B09,DR_20221209_143805,291.0,0.0003474445
2214,B09,DR_20221209_143805,292.0,0.005515189
2215,B09,DR_20221209_143805,293.0,-0.04250563
2216,B09,DR_20221209_143805,294.0,0.002655652
2217,B09,DR_20221209_143805,295.0,-0.038817365
2218,B09,DR_20221209_143805,296.0,-0.047939315
2219,B09,DR_20221209_143805,297.0,0.0049313367
2220,B10,DR_20221209_143805,298.0,0.032376695
2221,B10,DR_20221209_143805,299.0,-0.05322812
2222,B10,DR_20221209_143805,300.0,-0.06566529
2223,B10,DR_20221209_143805,301.0,-0.07223564
2224,B10,DR_20221209_143805,302.0,-0.085278355
2225,B10,DR_20221209_143805,303.0,-0.06767602
2226,B10,DR_20221209_143805,304.0,0.031796474
2227,B10,DR_20221209_143805,305.0,-0.016757227
2228,B10,DR_20221209_143805,306.0,0.004587904
2229,B11,DR_20221209_143805,307.0,-0.030920168
2230,B11,DR_20221209_143805,308.0,0.004474883
2231,B11,DR_20221209_143805,309.0,-0.046822652
2232,B11,DR_20221209_143805,310.0,0.02709109
2233,B11,DR_20221209_143805,311.0,0.013518818
2234,B11,DR_20221209_143805,312.0,0.025087517
2235,B11,DR_20221209_143805,313.0,0.009110973
2236,B11,DR_20221209_143805,314.0,-0.022419829
2237,B11,DR_20221209_143805,315.0,-0.020922055
2238,B12,DR_20221209_143805,316.0,-0.004562749
2239,B12,DR_20221209_143805,317.0,-0.0033157426
2240,B12,DR_20221209_143805,318.0,0.016273953
2241,B12,DR_20221209_143805,319.0,-0.0043921787
2242,B12,DR_20221209_143805,320.0,-0.020549297
2243,B12,DR_20221209_143805,321.0,0.0063521974
2244,B12,DR_20221209_143805,322.0,-0.01346149
2245,B12,DR_20221209_143805,323.0,-0.019892173
2246,B12,DR_20221209_143805,324.0,0.015794137
2247,B13,DR_20221209_143805,325.0,0.06287789
2248,B13,DR_20221209_143805,326.0,-0.008125889
2249,B13,DR_20221209_143805,327.0,0.002203364
2250,B13,DR_20221209_143805,328.0,0.00436095
2251,B13,DR_20221209_143805,329.0,-0.03325675
2252,B13,DR_20221209_143805,330.0,0.031984307
2253,B13,DR_20221209_143805,331.0,-0.013574011
2254,B13,DR_20221209_143805,332.0,-0.015734097
2255,B13,DR_20221209_143805,333.0,0.034874294
2256,B14,DR_20221209_143805,334.0,-0.0064727776
2257,B14,DR_20221209_143805,335.0,-0.039013784
2258,B14,DR_20221209_143805,336.0,-0.029355297
2259,B14,DR_20221209_143805,337.0,-0.06813514
2260,B14,DR_20221209_143805,338.0,-0.08077255
2261,B14,DR_20221209_143805,339.0,-0.06135207
2262,B14,DR_20221209_143805,340.0,-0.02911319
2263,B14,DR_20221209_143805,341.0,-0.05601854
2264,B14,DR_20221209_143805,342.0,-0.022511406
2265,B15,DR_20221209_143805,343.0,-0.051421903
2266,B15,DR_20221209_143805,344.0,0.0007130388
2267,B15,DR_20221209_143805,345.0,0.005696205
2268,B15,DR_20221209_143805,346.0,-0.079703204
2269,B15,DR_20221209_143805,347.0,-0.039448332
2270,B15,DR_20221209_143805,348.0,-0.034349427
2271,B15,DR_20221209_143805,349.0,-0.0064521367
2272,B15,DR_20221209_143805,350.0,0.03203791
2273,B15,DR_20221209_143805,351.0,-0.0008053383
2274,B16,DR_20221209_143805,352.0,0.0013064751
2275,B16,DR_20221209_143805,353.0,0.0028846632
2276,B16,DR_20221209_143805,354.0,0.011655896
2277,B16,DR_20221209_143805,355.0,0.023650432
2278,B16,DR_20221209_143805,356.0,-0.0036956859
2279,B16,DR_20221209_143805,357.0,-0.016510492
2280,B16,DR_20221209_143805,358.0,-0.0016781901
2281,B16,DR_20221209_143805,359.0,-0.006610387
2282,B16,DR_20221209_143805,360.0,-0.008316603
2283,B17,DR_20221209_143805,361.0,-0.12774354
2284,B17,DR_20221209_143805,362.0,-0.0094746305
2285,B17,DR_20221209_143805,363.0,0.0029509028
2286,B17,DR_20221209_143805,364.0,-0.009832472
2287,B17,DR_20221209_143805,365.0,-0.034782875
2288,B17,DR_20221209_143805,366.0,0.008442275
2289,B17,DR_20221209_143805,367.0,0.0576898
2290,B17,DR_20221209_143805,368.0,-0.04076682
2291,B17,DR_20221209_143805,369.0,0.036389314
2292,B18,DR_20221209_143805,370.0,-0.027001552
2293,B18,DR_20221209_143805,371.0,0.001314851
2294,B18,DR_20221209_143805,372.0,0.004127935
2295,B18,DR_20221209_143805,373.0,-0.007304664
2296,B18,DR_20221209_143805,374.0,-0.045603488
2297,B18,DR_20221209_143805,375.0,-0.056722414
2298,B18,DR_20221209_143805,376.0,-0.014378092
2299,B18,DR_20221209_143805,377.0,-0.04130179
2300,B18,DR_20221209_143805,378.0,0.009095048
2301,B19,DR_20221209_143805,379.0,-0.0035114512
2302,B19,DR_20221209_143805,380.0,-0.008382021
2303,B19,DR_20221209_143805,381.0,-0.023886973
2304,B19,DR_20221209_143805,382.0,-0.015527136
2305,B19,DR_20221209_143805,383.0,0.019644583
2306,B19,DR_20221209_143805,384.0,0.0072200643
2307,B19,DR_20221209_143805,385.0,0.01088428
2308,B19,DR_20221209_143805,386.0,-0.0038895127
2309,B19,DR_20221209_143805,387.0,-0.013123537
2310,B20,DR_20221209_143805,388.0,0.0068276366
2311,B20,DR_20221209_143805,389.0,-0.0013342631
2312,B20,DR_20221209_143805,390.0,-0.017745903
2313,B20,DR_20221209_143805,391.0,0.009321659
2314,B20,DR_20221209_143805,392.0,-0.04247178
2315,B20,DR_20221209_143805,393.0,0.03972764
2316,B20,DR_20221209_143805,394.0,0.019326773
2317,B20,DR_20221209_143805,395.0,-0.035261296
2318,B20,DR_20221209_143805,396.0,-0.033245914
2319,B21,DR_20221209_143805,397.0,0.004805295
2320,B21,DR_20221209_143805,398.0,-0.0011826141
2321,B21,DR_20221209_143805,399.0,-0.017466394
2322,B21,DR_20221209_143805,400.0,0.03042489
2323,B21,DR_20221209_143805,401.0,-0.039563943
2324,B21,DR_20221209_143805,402.0,0.0019562715
2325,B21,DR_20221209_143805,403.0,-0.007025777
2326,B21,DR_20221209_143805,404.0,0.0065566003
2327,B21,DR_20221209_143805,405.0,-0.022961242
2328,B22,DR_20221209_143805,406.0,-0.02280746
2329,B22,DR_20221209_143805,407.0,-0.0008755821
2330,B22,DR_20221209_143805,408.0,-0.014140494
2331,B22,DR_20221209_143805,409.0,-0.0066378047
2332,B22,DR_20221209_143805,410.0,-0.022411779
2333,B22,DR_20221209_143805,411.0,0.01436491
2334,B22,DR_20221209_143805,412.0,0.16995476
2335,B22,DR_20221209_143805,413.0,-0.020902138
2336,B22,DR_20221209_143805,414.0,0.09111944
2373,C03,DR_20221209_143805,451.0,0.020222323
2374,C03,DR_20221209_143805,452.0,-0.017865537
2375,C03,DR_20221209_143805,453.0,0.0460743
2376,C03,DR_20221209_143805,454.0,-0.033753507
2377,C03,DR_20221209_143805,455.0,-0.012359913
2378,C03,DR_20221209_143805,456.0,-0.048855856
2379,C03,DR_20221209_143805,457.0,-0.020028261
2380,C03,DR_20221209_143805,458.0,0.009944074
2381,C03,DR_20221209_143805,459.0,0.0566983
2382,C04,DR_20221209_143805,460.0,-0.028304134
2383,C04,DR_20221209_143805,461.0,-0.07921259
2384,C04,DR_20221209_143805,462.0,0.0061167497
2385,C04,DR_20221209_143805,463.0,-0.09178532
2386,C04,DR_20221209_143805,464.0,0.092401505
2387,C04,DR_20221209_143805,465.0,-0.0503564
2388,C04,DR_20221209_143805,466.0,-0.024434004
2389,C04,DR_20221209_143805,467.0,-0.018343287
2390,C04,DR_20221209_143805,468.0,-0.11192463
2391,C05,DR_20221209_143805,469.0,0.043392997
2392,C05,DR_20221209_143805,470.0,0.43815836
2393,C05,DR_20221209_143805,471.0,0.022804284
2394,C05,DR_20221209_143805,472.0,-0.0063589136
2395,C05,DR_20221209_143805,473.0,0.16826288
2396,C05,DR_20221209_143805,474.0,0.30770078
2397,C05,DR_20221209_143805,475.0,-0.057941277
2398,C05,DR_20221209_143805,476.0,-0.081491254
2399,C05,DR_20221209_143805,477.0,0.007242132
2400,C06,DR_20221209_143805,478.0,-0.02492996
2401,C06,DR_20221209_143805,479.0,-0.0056651803
2402,C06,DR_20221209_143805,480.0,-0.003994891
2403,C06,DR_20221209_143805,481.0,0.0040905573
2404,C06,DR_20221209_143805,482.0,-0.0024519784
2405,C06,DR_20221209_143805,483.0,-0.036157947
2406,C06,DR_20221209_143805,484.0,-0.012208101
2407,C06,DR_20221209_143805,485.0,0.013808866
2408,C06,DR_20221209_143805,486.0,-0.0017653888
2409,C07,DR_20221209_143805,487.0,-0.024983672
2410,C07,DR_20221209_143805,488.0,0.02123388
2411,C07,DR_20221209_143805,489.0,0.027311588
2412,C07,DR_20221209_143805,490.0,-0.015761705
2413,C07,DR_20221209_143805,491.0,-0.038938936
2414,C07,DR_20221209_143805,492.0,-0.0069242218
2415,C07,DR_20221209_143805,493.0,0.01610376
2416,C07,DR_20221209_143805,494.0,-0.018424327
2417,C07,DR_20221209_143805,495.0,0.015375223
2418,C08,DR_20221209_143805,496.0,-0.027275035
2419,C08,DR_20221209_143805,497.0,-0.08080878
2420,C08,DR_20221209_143805,498.0,-0.018528448
2421,C08,DR_20221209_143805,499.0,-0.0031942618
2422,C08,DR_20221209_143805,500.0,-0.062370908
2423,C08,DR_20221209_143805,501.0,-0.012094876
2424,C08,DR_20221209_143805,502.0,-0.01708417
2425,C08,DR_20221209_143805,503.0,-0.01128103
2426,C08,DR_20221209_143805,504.0,-0.044323895
2427,C09,DR_20221209_143805,505.0,-0.018660452
2428,C09,DR_20221209_143805,506.0,0.011451441
2429,C09,DR_20221209_143805,507.0,-0.007934805
2430,C09,DR_20221209_143805,508.0,0.0026475815
2431,C09,DR_20221209_143805,509.0,0.0042239
2432,C09,DR_20221209_143805,510.0,-0.04857223
2433,C09,DR_20221209_143805,511.0,-0.020513322
2434,C09,DR_20221209_143805,512.0,0.02605069
2435,C09,DR_20221209_143805,513.0,-0.04781668
2436,C10,DR_20221209_143805,514.0,-0.009187254
2437,C10,DR_20221209_143805,515.0,-0.060899694
2438,C10,DR_20221209_143805,516.0,-0.0017355095
2439,C10,DR_20221209_143805,517.0,-0.010797962
2440,C10,DR_20221209_143805,518.0,-0.0455927
2441,C10,DR_20221209_143805,519.0,-0.030531287
2442,C10,DR_20221209_143805,520.0,0.0071394034
2443,C10,DR_20221209_143805,521.0,-0.025759537
2444,C10,DR_20221209_143805,522.0,-0.016150393
2445,C11,DR_20221209_143805,523.0,0.014635394
2446,C11,DR_20221209_143805,524.0,0.009340019
2447,C11,DR_20221209_143805,525.0,-0.01612109
2448,C11,DR_20221209_143805,526.0,-0.00805181
2449,C11,DR_20221209_143805,527.0,-0.04610612
2450,C11,DR_20221209_143805,528.0,0.042941142
2451,C11,DR_20221209_143805,529.0,-0.014044796
2452,C11,DR_20221209_143805,530.0,0.008594001
2453,C11,DR_20221209_143805,531.0,-0.00042793283
2454,C12,DR_20221209_143805,532.0,-0.024479704
2455,C12,DR_20221209_143805,533.0,0.0009294383
2456,C12,DR_20221209_143805,534.0,0.005891907
2457,C12,DR_20221209_143805,535.0,-0.009553389
2458,C12,DR_20221209_143805,536.0,-0.038208574
2459,C12,DR_20221209_143805,537.0,-0.018863818
2460,C12,DR_20221209_143805,538.0,-0.025891168
2461,C12,DR_20221209_143805,539.0,-0.04420265
2462,C12,DR_20221209_143805,540.0,-0.03758233
2463,C13,DR_20221209_143805,541.0,0.02080131
2464,C13,DR_20221209_143805,542.0,-0.02097851
2465,C13,DR_20221209_143805,543.0,0.08488215
2466,C13,DR_20221209_143805,544.0,0.005137369
2467,C13,DR_20221209_143805,545.0,-0.039696213
2468,C13,DR_20221209_143805,546.0,-0.022694468
2469,C13,DR_20221209_143805,547.0,-0.0047713574
2470,C13,DR_20221209_143805,548.0,0.014778788
2471,C13,DR_20221209_143805,549.0,-0.005830219
2472,C14,DR_20221209_143805,550.0,-0.037271418
2473,C14,DR_20221209_143805,551.0,0.1103072
2474,C14,DR_20221209_143805,552.0,-0.020791747
2475,C14,DR_20221209_143805,553.0,-0.003086385
2476,C14,DR_20221209_143805,554.0,-0.051804144
2477,C14,DR_20221209_143805,555.0,-0.0014166246
2478,C14,DR_20221209_143805,556.0,-0.016824216
2479,C14,DR_20221209_143805,557.0,-0.01492191
2480,C14,DR_20221209_143805,558.0,-0.010154489
2481,C15,DR_20221209_143805,559.0,-0.010749229
2482,C15,DR_20221209_143805,560.0,0.010681852
2483,C15,DR_20221209_143805,561.0,-0.0154474
2484,C15,DR_20221209_143805,562.0,0.0352695
2485,C15,DR_20221209_143805,563.0,-0.08299752
2486,C15,DR_20221209_143805,564.0,0.010399997
2487,C15,DR_20221209_143805,565.0,-0.026377117
2488,C15,DR_20221209_143805,566.0,-0.008954226
2489,C15,DR_20221209_143805,567.0,-0.018568836
2490,C16,DR_20221209_143805,568.0,-0.009732639
2491,C16,DR_20221209_143805,569.0,0.023551168
2492,C16,DR_20221209_143805,570.0,0.020505566
2493,C16,DR_20221209_143805,571.0,-0.011330243
2494,C16,DR_20221209_143805,572.0,-0.054987773
2495,C16,DR_20221209_143805,573.0,-0.015902763
2496,C16,DR_20221209_143805,574.0,-0.031778812
2497,C16,DR_20221209_143805,575.0,-0.0067725996
2498,C16,DR_20221209_143805,576.0,0.048040863
2499,C17,DR_20221209_143805,577.0,-0.018741494
2500,C17,DR_20221209_143805,578.0,-0.0070878956
2501,C17,DR_20221209_143805,579.0,-0.022276198
2502,C17,DR_20221209_143805,580.0,-0.081829906
2503,C17,DR_20221209_143805,581.0,-0.008667046
2504,C17,DR_20221209_143805,582.0,-0.06354186
2505,C17,DR_20221209_143805,583.0,0.015568271
2506,C17,DR_20221209_143805,584.0,0.02593947
2507,C17,DR_20221209_143805,585.0,-0.00968922
2508,C18,DR_20221209_143805,586.0,-0.004823747
2509,C18,DR_20221209_143805,587.0,0.0070876093
2510,C18,DR_20221209_143805,588.0,-0.006413329
2511,C18,DR_20221209_143805,589.0,-0.04326269
2512,C18,DR_20221209_143805,590.0,-0.035083227
2513,C18,DR_20221209_143805,591.0,0.034435302
2514,C18,DR_20221209_143805,592.0,-0.009150701
2515,C18,DR_20221209_143805,593.0,0.0129815275
2516,C18,DR_20221209_143805,594.0,0.008805714
2517,C19,DR_20221209_143805,595.0,-0.017541798
2518,C19,DR_20221209_143805,596.0,0.005096066
2519,C19,DR_20221209_143805,597.0,-0.024496973
2520,C19,DR_20221209_143805,598.0,0.0017653072
2521,C19,DR_20221209_143805,599.0,-0.014962287
2522,C19,DR_20221209_143805,600.0,-0.008392007
2523,C19,DR_20221209_143805,601.0,0.015442586
2524,C19,DR_20221209_143805,602.0,0.018047726
2525,C19,DR_20221209_143805,603.0,-0.008738001
2526,C20,DR_20221209_143805,604.0,-0.032338556
2527,C20,DR_20221209_143805,605.0,0.03809054
2528,C20,DR_20221209_143805,606.0,-0.042234648
2529,C20,DR_20221209_143805,607.0,0.008870779
2530,C20,DR_20221209_143805,608.0,-0.009985526
2531,C20,DR_20221209_143805,609.0,-0.006397672
2532,C20,DR_20221209_143805,610.0,0.1118007
2533,C20,DR_20221209_143805,611.0,0.012981801
2534,C20,DR_20221209_143805,612.0,-0.020965565
2535,C21,DR_20221209_143805,613.0,-0.013875859
2536,C21,DR_20221209_143805,614.0,0.026403857
2537,C21,DR_20221209_143805,615.0,-0.006812148
2538,C21,DR_20221209_143805,616.0,-0.007872633
2539,C21,DR_20221209_143805,617.0,-0.005959966
2540,C21,DR_20221209_143805,618.0,0.005983346
2541,C21,DR_20221209_143805,619.0,0.11524438
2542,C21,DR_20221209_143805,620.0,0.008332108
2543,C21,DR_20221209_143805,621.0,-0.040421154
2544,C22,DR_20221209_143805,622.0,-0.052957367
2545,C22,DR_20221209_143805,623.0,0.025708878
2546,C22,DR_20221209_143805,624.0,-0.015300757
2547,C22,DR_20221209_143805,625.0,0.072068475
2548,C22,DR_20221209_143805,626.0,0.0013030069
2549,C22,DR_20221209_143805,627.0,-0.021421392
2550,C22,DR_20221209_143805,628.0,-0.007906273
2551,C22,DR_20221209_143805,629.0,0.0026128879
2552,C22,DR_20221209_143805,630.0,0.0169109
2589,D03,DR_20221209_143805,667.0,0.07059866
2590,D03,DR_20221209_143805,668.0,-0.039244525
2591,D03,DR_20221209_143805,669.0,-0.0669184
2592,D03,DR_20221209_143805,670.0,-0.06856189
2593,D03,DR_20221209_143805,671.0,-0.087046534
2594,D03,DR_20221209_143805,672.0,0.14593992
2595,D03,DR_20221209_143805,673.0,-0.11723184
2596,D03,DR_20221209_143805,674.0,-0.045565095
2597,D03,DR_20221209_143805,675.0,-0.023559112
2598,D04,DR_20221209_143805,676.0,-0.034033034
2599,D04,DR_20221209_143805,677.0,-0.024091754
2600,D04,DR_20221209_143805,678.0,0.17798416
2601,D04,DR_20221209_143805,679.0,-0.005258454
2602,D04,DR_20221209_143805,680.0,-0.020039162
2603,D04,DR_20221209_143805,681.0,-0.002164798
2604,D04,DR_20221209_143805,682.0,0.01710537
2605,D04,DR_20221209_143805,683.0,-0.11167599
2606,D04,DR_20221209_143805,684.0,-0.0006874616
2607,D05,DR_20221209_143805,685.0,-0.021648431
2608,D05,DR_20221209_143805,686.0,0.0338084
2609,D05,DR_20221209_143805,687.0,-0.023523139
2610,D05,DR_20221209_143805,688.0,0.13217336
2611,D05,DR_20221209_143805,689.0,-0.035710473
2612,D05,DR_20221209_143805,690.0,-0.011608965
2613,D05,DR_20221209_143805,691.0,-0.0007392742
2614,D05,DR_20221209_143805,692.0,0.0049788454
2615,D05,DR_20221209_143805,693.0,-0.0050063473
2616,D06,DR_20221209_143805,694.0,0.21026452
2617,D06,DR_20221209_143805,695.0,-0.009424776
2618,D06,DR_20221209_143805,696.0,-0.032355625
2619,D06,DR_20221209_143805,697.0,-0.054655638
2620,D06,DR_20221209_143805,698.0,-0.017558532
2621,D06,DR_20221209_143805,699.0,0.027962442
2622,D06,DR_20221209_143805,700.0,0.007740537
2623,D06,DR_20221209_143805,701.0,-0.087714404
2624,D06,DR_20221209_143805,702.0,-0.10120667
2625,D07,DR_20221209_143805,703.0,0.11236116
2626,D07,DR_20221209_143805,704.0,0.02576932
2627,D07,DR_20221209_143805,705.0,-0.011187052
2628,D07,DR_20221209_143805,706.0,-0.019165497
2629,D07,DR_20221209_143805,707.0,0.11077397
2630,D07,DR_20221209_143805,708.0,0.0710952
2631,D07,DR_20221209_143805,709.0,-0.017553354
2632,D07,DR_20221209_143805,710.0,-0.028644498
2633,D07,DR_20221209_143805,711.0,-0.009811005
2634,D09,DR_20221209_143805,721.0,-0.005437052
2635,D09,DR_20221209_143805,722.0,-0.008676168
2636,D09,DR_20221209_143805,723.0,0.008075923
2637,D09,DR_20221209_143805,724.0,-0.10790183
2638,D09,DR_20221209_143805,725.0,-0.05710521
2639,D09,DR_20221209_143805,726.0,-0.09304562
2640,D09,DR_20221209_143805,727.0,0.14330219
2641,D09,DR_20221209_143805,728.0,-0.03637074
2642,D09,DR_20221209_143805,729.0,-0.010734691
2643,D10,DR_20221209_143805,730.0,-0.017820735
2644,D10,DR_20221209_143805,731.0,-0.004991007
2645,D10,DR_20221209_143805,732.0,-0.045267962
2646,D10,DR_20221209_143805,733.0,-0.0054232907
2647,D10,DR_20221209_143805,734.0,-0.028025305
2648,D10,DR_20221209_143805,735.0,0.0069295964
2649,D10,DR_20221209_143805,736.0,0.2782536
2650,D10,DR_20221209_143805,737.0,0.0268074
2651,D10,DR_20221209_143805,738.0,-0.01095834
2652,D11,DR_20221209_143805,739.0,-0.0029452834
2653,D11,DR_20221209_143805,740.0,-0.024223635
2654,D11,DR_20221209_143805,741.0,0.0004883071
2655,D11,DR_20221209_143805,742.0,-0.010952824
2656,D11,DR_20221209_143805,743.0,-0.058228426
2657,D11,DR_20221209_143805,744.0,-0.008125514
2658,D11,DR_20221209_143805,745.0,0.06468385
2659,D11,DR_20221209_143805,746.0,-0.002410212
2660,D11,DR_20221209_143805,747.0,0.009846828
2661,D12,DR_20221209_143805,748.0,-0.0037250305
2662,D12,DR_20221209_143805,749.0,-0.021942649
2663,D12,DR_20221209_143805,750.0,0.03888986
2664,D12,DR_20221209_143805,751.0,0.009618469
2665,D12,DR_20221209_143805,752.0,-0.08775664
2666,D12,DR_20221209_143805,753.0,-0.04333542
2667,D12,DR_20221209_143805,754.0,0.04218887
2668,D12,DR_20221209_143805,755.0,-0.027529135
2669,D12,DR_20221209_143805,756.0,-0.011459061
2670,D13,DR_20221209_143805,757.0,-0.053808466
2671,D13,DR_20221209_143805,758.0,0.03325772
2672,D13,DR_20221209_143805,759.0,-0.039847072
2673,D13,DR_20221209_143805,760.0,0.021637484
2674,D13,DR_20221209_143805,761.0,-0.028956223
2675,D13,DR_20221209_143805,762.0,-0.058582503
2676,D13,DR_20221209_143805,763.0,0.10061532
2677,D13,DR_20221209_143805,764.0,0.014190863
2678,D13,DR_20221209_143805,765.0,0.013508103
2679,D14,DR_20221209_143805,766.0,-0.07608556
2680,D14,DR_20221209_143805,767.0,-0.053184863
2681,D14,DR_20221209_143805,768.0,-0.07155727
2682,D14,DR_20221209_143805,769.0,-0.006659019
2683,D14,DR_20221209_143805,770.0,0.026905376
2684,D14,DR_20221209_143805,771.0,-0.0565899
2685,D14,DR_20221209_143805,772.0,0.10040784
2686,D14,DR_20221209_143805,773.0,0.17379265
2687,D14,DR_20221209_143805,774.0,-0.003988606
2688,D15,DR_20221209_143805,775.0,-0.014467952
2689,D15,DR_20221209_143805,776.0,-0.05826332
2690,D15,DR_20221209_143805,777.0,-0.01131287
2691,D15,DR_20221209_143805,778.0,0.013316868
2692,D15,DR_20221209_143805,779.0,0.28234372
2693,D15,DR_20221209_143805,780.0,0.025670731
2694,D15,DR_20221209_143805,781.0,-0.015026531
2695,D15,DR_20221209_143805,782.0,-0.021317367
2696,D15,DR_20221209_143805,783.0,0.004376923
2697,D16,DR_20221209_143805,784.0,-0.0073290896
2698,D16,DR_20221209_143805,785.0,0.048631668
2699,D16,DR_20221209_143805,786.0,0.021065973
2700,D16,DR_20221209_143805,787.0,-0.001366829
2701,D16,DR_20221209_143805,788.0,-0.06536945
2702,D16,DR_20221209_143805,789.0,-0.052606843
2703,D16,DR_20221209_143805,790.0,-0.0023859236
2704,D16,DR_20221209_143805,791.0,0.016809031
2705,D16,DR_20221209_143805,792.0,-0.080851644
2706,D17,DR_20221209_143805,793.0,0.019757451
2707,D17,DR_20221209_143805,794.0,-0.04128432
2708,D17,DR_20221209_143805,795.0,-0.030830244
2709,D17,DR_20221209_143805,796.0,0.0020329733
2710,D17,DR_20221209_143805,797.0,-0.036317438
2711,D17,DR_20221209_143805,798.0,-0.021186166
2712,D17,DR_20221209_143805,799.0,-0.027800078
2713,D17,DR_20221209_143805,800.0,-0.024524515
2714,D17,DR_20221209_143805,801.0,-0.040852766
2715,D18,DR_20221209_143805,802.0,-0.015573877
2716,D18,DR_20221209_143805,803.0,-0.00087630586
2717,D18,DR_20221209_143805,804.0,-0.0010769247
2718,D18,DR_20221209_143805,805.0,-0.007660888
2719,D18,DR_20221209_143805,806.0,-0.0055695167
2720,D18,DR_20221209_143805,807.0,0.030078048
2721,D18,DR_20221209_143805,808.0,0.017583612
2722,D18,DR_20221209_143805,809.0,0.02705274
2723,D18,DR_20221209_143805,810.0,-0.010064986
2724,D19,DR_20221209_143805,811.0,0.00043190087
2725,D19,DR_20221209_143805,812.0,0.02125808
2726,D19,DR_20221209_143805,813.0,0.010485167
2727,D19,DR_20221209_143805,814.0,-0.029050648
2728,D19,DR_20221209_143805,815.0,-0.033266664
2729,D19,DR_20221209_143805,816.0,0.0012022324
2730,D19,DR_20221209_143805,817.0,0.13170007
2731,D19,DR_20221209_143805,818.0,-0.025949178
2732,D19,DR_20221209_143805,819.0,-0.0130849825
2733,D20,DR_20221209_143805,820.0,-0.011336766
2734,D20,DR_20221209_143805,821.0,-0.00058645837
2735,D20,DR_20221209_143805,822.0,0.00019793573
2736,D20,DR_20221209_143805,823.0,-0.014299467
2737,D20,DR_20221209_143805,824.0,-0.04723945
2738,D20,DR_20221209_143805,825.0,0.0056409314
2739,D20,DR_20221209_143805,826.0,-0.00800328
2740,D20,DR_20221209_143805,827.0,-0.009495372
2741,D20,DR_20221209_143805,828.0,0.0018545022
2742,D21,DR_20221209_143805,829.0,-0.011154529
2743,D21,DR_20221209_143805,830.0,0.006636555
2744,D21,DR_20221209_143805,831.0,0.02340425
2745,D21,DR_20221209_143805,832.0,0.018355928
2746,D21,DR_20221209_143805,833.0,-0.0070893373
2747,D21,DR_20221209_143805,834.0,-0.012242696
2748,D21,DR_20221209_143805,835.0,0.014672513
2749,D21,DR_20221209_143805,836.0,-0.0123736225
2750,D21,DR_20221209_143805,837.0,-0.0035336388
2751,D22,DR_20221209_143805,838.0,-0.006036832
2752,D22,DR_20221209_143805,839.0,-0.0068920963
2753,D22,DR_20221209_143805,840.0,0.014722489
2754,D22,DR_20221209_143805,841.0,0.07356215
2755,D22,DR_20221209_143805,842.0,-0.04306919
2756,D22,DR_20221209_143805,843.0,-0.004670465
2757,D22,DR_20221209_143805,844.0,0.067704104
2758,D22,DR_20221209_143805,845.0,-0.011110877
2759,D22,DR_20221209_143805,846.0,0.024002142
2796,E03,DR_20221209_143805,883.0,0.020578885
2797,E03,DR_20221209_143805,884.0,-0.017380908
2798,E03,DR_20221209_143805,885.0,-0.016869757
2799,E03,DR_20221209_143805,886.0,-0.0037811683
2800,E03,DR_20221209_143805,887.0,-0.01975011
2801,E03,DR_20221209_143805,888.0,-0.011044728
2802,E03,DR_20221209_143805,889.0,-5.2272204e-05
2803,E03,DR_20221209_143805,890.0,-0.032968167
2804,E03,DR_20221209_143805,891.0,-0.01395476
2805,E04,DR_20221209_143805,892.0,-0.04240388
2806,E04,DR_20221209_143805,893.0,-0.041030254
2807,E04,DR_20221209_143805,894.0,-0.027770711
2808,E04,DR_20221209_143805,895.0,-0.0012757529
2809,E04,DR_20221209_143805,896.0,0.027210314
2810,E04,DR_20221209_143805,897.0,-0.03414275
2811,E04,DR_20221209_143805,898.0,-0.010489753
2812,E04,DR_20221209_143805,899.0,-0.081427515
2813,E04,DR_20221209_143805,900.0,0.122560725
2814,E05,DR_20221209_143805,901.0,0.07279825
2815,E05,DR_20221209_143805,902.0,0.24413757
2816,E05,DR_20221209_143805,903.0,0.0050596115
2817,E05,DR_20221209_143805,904.0,-0.07978998
2818,E05,DR_20221209_143805,905.0,-0.010838949
2819,E05,DR_20221209_143805,906.0,0.11999763
2820,E05,DR_20221209_143805,907.0,-0.07286415
2821,E05,DR_20221209_143805,908.0,0.08134264
2822,E05,DR_20221209_143805,909.0,-0.09213223
2823,E06,DR_20221209_143805,910.0,0.0429027
2824,E06,DR_20221209_143805,911.0,0.06972976
2825,E06,DR_20221209_143805,912.0,-0.029385654
2826,E06,DR_20221209_143805,913.0,-0.08380103
2827,E06,DR_20221209_143805,914.0,-0.028223252
2828,E06,DR_20221209_143805,915.0,0.037290044
2829,E06,DR_20221209_143805,916.0,-0.0024790317
2830,E06,DR_20221209_143805,917.0,0.24763085
2831,E06,DR_20221209_143805,918.0,0.010872072
2832,E07,DR_20221209_143805,919.0,-0.045266777
2833,E07,DR_20221209_143805,920.0,-0.0030705058
2834,E07,DR_20221209_143805,921.0,-0.0151418755
2835,E07,DR_20221209_143805,922.0,0.04834711
2836,E07,DR_20221209_143805,923.0,-0.061009333
2837,E07,DR_20221209_143805,924.0,-0.07791188
2838,E07,DR_20221209_143805,925.0,0.020722745
2839,E07,DR_20221209_143805,926.0,-0.025395583
2840,E07,DR_20221209_143805,927.0,0.059293725
2841,E08,DR_20221209_143805,928.0,-0.058282744
2842,E08,DR_20221209_143805,929.0,0.16127414
2843,E08,DR_20221209_143805,930.0,0.08351369
2844,E08,DR_20221209_143805,931.0,0.020092335
2845,E08,DR_20221209_143805,932.0,-0.04129175
2846,E08,DR_20221209_143805,933.0,-0.037636068
2847,E08,DR_20221209_143805,934.0,-0.04552649
2848,E08,DR_20221209_143805,935.0,-0.0053110523
2849,E08,DR_20221209_143805,936.0,-0.0036100938
2850,E09,DR_20221209_143805,937.0,0.004166965
2851,E09,DR_20221209_143805,938.0,-0.004703283
2852,E09,DR_20221209_143805,939.0,-0.002988072
2853,E09,DR_20221209_143805,940.0,-0.07229556
2854,E09,DR_20221209_143805,941.0,-0.052503098
2855,E09,DR_20221209_143805,942.0,0.0032161209
2856,E09,DR_20221209_143805,943.0,-0.086687
2857,E09,DR_20221209_143805,944.0,-0.032028634
2858,E09,DR_20221209_143805,945.0,-0.06554119
2859,E10,DR_20221209_143805,946.0,0.0003624087
2860,E10,DR_20221209_143805,947.0,-0.029493298
2861,E10,DR_20221209_143805,948.0,0.0015462867
2862,E10,DR_20221209_143805,949.0,-0.008828732
2863,E10,DR_20221209_143805,950.0,-0.039804522
2864,E10,DR_20221209_143805,951.0,-0.015503791
2865,E10,DR_20221209_143805,952.0,0.055664055
2866,E10,DR_20221209_143805,953.0,-0.039212987
2867,E10,DR_20221209_143805,954.0,-0.051697414
2868,E11,DR_20221209_143805,955.0,-0.0013889087
2869,E11,DR_20221209_143805,956.0,-0.07520901
2870,E11,DR_20221209_143805,957.0,-0.0075811893
2871,E11,DR_20221209_143805,958.0,-0.0017424908
2872,E11,DR_20221209_143805,959.0,-0.10210702
2873,E11,DR_20221209_143805,960.0,0.0020846475
2874,E11,DR_20221209_143805,961.0,0.03738043
2875,E11,DR_20221209_143805,962.0,-0.01107496
2876,E11,DR_20221209_143805,963.0,-0.01876906
2877,E12,DR_20221209_143805,964.0,0.061636303
2878,E12,DR_20221209_143805,965.0,0.06928093
2879,E12,DR_20221209_143805,966.0,-0.013119922
2880,E12,DR_20221209_143805,967.0,-0.019616036
2881,E12,DR_20221209_143805,968.0,-0.0036104594
2882,E12,DR_20221209_143805,969.0,-0.010775237
2883,E12,DR_20221209_143805,970.0,-0.05569215
2884,E12,DR_20221209_143805,971.0,-0.037370745
2885,E12,DR_20221209_143805,972.0,-0.012743281
2886,E13,DR_20221209_143805,973.0,0.0087847235
2887,E13,DR_20221209_143805,974.0,0.058254074
2888,E13,DR_20221209_143805,975.0,0.08115758
2889,E13,DR_20221209_143805,976.0,-0.019248055
2890,E13,DR_20221209_143805,977.0,-0.00671161
2891,E13,DR_20221209_143805,978.0,-0.008898449
2892,E13,DR_20221209_143805,979.0,0.051856786
2893,E13,DR_20221209_143805,980.0,0.02708575
2894,E13,DR_20221209_143805,981.0,-0.02719675
2895,E14,DR_20221209_143805,982.0,-0.042384323
2896,E14,DR_20221209_143805,983.0,-0.023806218
2897,E14,DR_20221209_143805,984.0,-0.063400425
2898,E14,DR_20221209_143805,985.0,-0.027186729
2899,E14,DR_20221209_143805,986.0,-0.034746632
2900,E14,DR_20221209_143805,987.0,-0.027714098
2901,E14,DR_20221209_143805,988.0,-0.0126926275
2902,E14,DR_20221209_143805,989.0,-0.04993205
2903,E14,DR_20221209_143805,990.0,-0.0011879152
2904,E15,DR_20221209_143805,991.0,-0.0031655782
2905,E15,DR_20221209_143805,992.0,-0.012480145
2906,E15,DR_20221209_143805,993.0,-0.062036652
2907,E15,DR_20221209_143805,994.0,0.0421918
2908,E15,DR_20221209_143805,995.0,0.02181058
2909,E15,DR_20221209_143805,996.0,0.005059313
2910,E15,DR_20221209_143805,997.0,-0.051529035
2911,E15,DR_20221209_143805,998.0,-0.030919863
2912,E15,DR_20221209_143805,999.0,-0.022543779
2913,E16,DR_20221209_143805,1000.0,-0.035504777
2914,E16,DR_20221209_143805,1001.0,0.023891436
2915,E16,DR_20221209_143805,1002.0,-0.01782002
2916,E16,DR_20221209_143805,1003.0,0.04929723
2917,E16,DR_20221209_143805,1004.0,-0.059089366
2918,E16,DR_20221209_143805,1005.0,0.025964027
2919,E16,DR_20221209_143805,1006.0,0.12630908
2920,E16,DR_20221209_143805,1007.0,-0.050904404
2921,E16,DR_20221209_143805,1008.0,-0.04858072
2922,E17,DR_20221209_143805,1009.0,0.03140926
2923,E17,DR_20221209_143805,1010.0,0.06855898
2924,E17,DR_20221209_143805,1011.0,0.015918147
2925,E17,DR_20221209_143805,1012.0,-0.015048121
2926,E17,DR_20221209_143805,1013.0,-0.020913105
2927,E17,DR_20221209_143805,1014.0,0.08659871
2928,E17,DR_20221209_143805,1015.0,0.003591544
2929,E17,DR_20221209_143805,1016.0,0.057218045
2930,E17,DR_20221209_143805,1017.0,0.06566023
2931,E18,DR_20221209_143805,1018.0,-0.030775884
2932,E18,DR_20221209_143805,1019.0,-0.022943262
2933,E18,DR_20221209_143805,1020.0,0.020389466
2934,E18,DR_20221209_143805,1021.0,-0.017539086
2935,E18,DR_20221209_143805,1022.0,-0.060305025
2936,E18,DR_20221209_143805,1023.0,-0.023907438
2937,E18,DR_20221209_143805,1024.0,0.009596373
2938,E18,DR_20221209_143805,1025.0,-0.012496443
2939,E18,DR_20221209_143805,1026.0,-0.0020489527
2940,E19,DR_20221209_143805,1027.0,-0.010220988
2941,E19,DR_20221209_143805,1028.0,-0.0076751974
2942,E19,DR_20221209_143805,1029.0,0.007925263
2943,E19,DR_20221209_143805,1030.0,-0.039308563
2944,E19,DR_20221209_143805,1031.0,0.008859097
2945,E19,DR_20221209_143805,1032.0,-0.019098984
2946,E19,DR_20221209_143805,1033.0,-0.03205656
2947,E19,DR_20221209_143805,1034.0,-0.0044657774
2948,E19,DR_20221209_143805,1035.0,0.01772697
2949,E20,DR_20221209_143805,1036.0,0.00033934612
2950,E20,DR_20221209_143805,1037.0,-0.0029565697
2951,E20,DR_20221209_143805,1038.0,-0.001792595
2952,E20,DR_20221209_143805,1039.0,-0.03358561
2953,E20,DR_20221209_143805,1040.0,0.0038039004
2954,E20,DR_20221209_143805,1041.0,0.0073081967
2955,E20,DR_20221209_143805,1042.0,-0.0063643353
2956,E20,DR_20221209_143805,1043.0,-0.036118098
2957,E20,DR_20221209_143805,1044.0,0.082117565
2958,E21,DR_20221209_143805,1045.0,-0.015528117
2959,E21,DR_20221209_143805,1046.0,-0.0032073515
2960,E21,DR_20221209_143805,1047.0,0.016358608
2961,E21,DR_20221209_143805,1048.0,0.040201228
2962,E21,DR_20221209_143805,1049.0,-0.043834995
2963,E21,DR_20221209_143805,1050.0,-0.0040284377
2964,E21,DR_20221209_143805,1051.0,-0.013200939
2965,E21,DR_20221209_143805,1052.0,0.052242618
2966,E21,DR_20221209_143805,1053.0,-0.016067136
2967,E22,DR_20221209_143805,1054.0,-0.003313799
2968,E22,DR_20221209_143805,1055.0,-0.005154354
2969,E22,DR_20221209_143805,1056.0,-0.038185563
2970,E22,DR_20221209_143805,1057.0,0.0063820234
2971,E22,DR_20221209_143805,1058.0,0.0013208877
2972,E22,DR_20221209_143805,1059.0,-0.03521376
2973,E22,DR_20221209_143805,1060.0,-0.0011710998
2974,E22,DR_20221209_143805,1061.0,-0.012422945
2975,E22,DR_20221209_143805,1062.0,0.01693234
3012,F03,DR_20221209_143805,1099.0,-0.041414678
3013,F03,DR_20221209_143805,1100.0,0.109230645
3014,F03,DR_20221209_143805,1101.0,0.0050690994
3015,F03,DR_20221209_143805,1102.0,0.036773495
3016,F03,DR_20221209_143805,1103.0,0.050079428
3017,F03,DR_20221209_143805,1104.0,-0.019756237
3018,F03,DR_20221209_143805,1105.0,-0.009044986
3019,F03,DR_20221209_143805,1106.0,-0.020737872
3020,F03,DR_20221209_143805,1107.0,0.07040218
3021,F04,DR_20221209_143805,1108.0,0.20996027
3022,F04,DR_20221209_143805,1109.0,-0.011386342
3023,F04,DR_20221209_143805,1110.0,0.07436111
3024,F04,DR_20221209_143805,1111.0,-0.058320574
3025,F04,DR_20221209_143805,1112.0,-0.066106215
3026,F04,DR_20221209_143805,1113.0,-0.04381127
3027,F04,DR_20221209_143805,1114.0,-0.04780347
3028,F04,DR_20221209_143805,1115.0,-0.07251957
3029,F04,DR_20221209_143805,1116.0,-0.0020933058
3030,F05,DR_20221209_143805,1117.0,0.28705016
3031,F05,DR_20221209_143805,1118.0,0.019496731
3032,F05,DR_20221209_143805,1119.0,-0.02038579
3033,F05,DR_20221209_143805,1120.0,-0.047462393
3034,F05,DR_20221209_143805,1121.0,0.06611827
3035,F05,DR_20221209_143805,1122.0,-0.026526252
3036,F05,DR_20221209_143805,1123.0,-0.01213227
3037,F05,DR_20221209_143805,1124.0,-0.014464102
3038,F05,DR_20221209_143805,1125.0,-0.015323678
3039,F06,DR_20221209_143805,1126.0,-0.06481478
3040,F06,DR_20221209_143805,1127.0,-0.02941057
3041,F06,DR_20221209_143805,1128.0,-0.008620463
3042,F06,DR_20221209_143805,1129.0,-0.020308392
3043,F06,DR_20221209_143805,1130.0,-0.011809075
3044,F06,DR_20221209_143805,1131.0,-0.018543117
3045,F06,DR_20221209_143805,1132.0,-0.044783752
3046,F06,DR_20221209_143805,1133.0,-0.0301172
3047,F06,DR_20221209_143805,1134.0,0.020669084
3048,F07,DR_20221209_143805,1135.0,-0.06494427
3049,F07,DR_20221209_143805,1136.0,-0.059935506
3050,F07,DR_20221209_143805,1137.0,0.0070945066
3051,F07,DR_20221209_143805,1138.0,0.0605614
3052,F07,DR_20221209_143805,1139.0,-0.03400631
3053,F07,DR_20221209_143805,1140.0,-0.029926399
3054,F07,DR_20221209_143805,1141.0,0.022703843
3055,F07,DR_20221209_143805,1142.0,-0.027979076
3056,F07,DR_20221209_143805,1143.0,0.10196788
3057,F08,DR_20221209_143805,1144.0,-0.02500238
3058,F08,DR_20221209_143805,1145.0,-0.04971152
3059,F08,DR_20221209_143805,1146.0,0.06455302
3060,F08,DR_20221209_143805,1147.0,0.009403483
3061,F08,DR_20221209_143805,1148.0,0.12779619
3062,F08,DR_20221209_143805,1149.0,0.0021500117
3063,F08,DR_20221209_143805,1150.0,-0.033960335
3064,F08,DR_20221209_143805,1151.0,-0.010352853
3065,F08,DR_20221209_143805,1152.0,0.1199755
3066,F09,DR_20221209_143805,1153.0,-0.020288689
3067,F09,DR_20221209_143805,1154.0,-0.0039523304
3068,F09,DR_20221209_143805,1155.0,-0.048731018
3069,F09,DR_20221209_143805,1156.0,-0.04076067
3070,F09,DR_20221209_143805,1157.0,-0.033202846
3071,F09,DR_20221209_143805,1158.0,-0.012080981
3072,F09,DR_20221209_143805,1159.0,0.017646044
3073,F09,DR_20221209_143805,1160.0,-0.06518091
3074,F09,DR_20221209_143805,1161.0,0.05777457
3075,F10,DR_20221209_143805,1162.0,0.026724761
3076,F10,DR_20221209_143805,1163.0,-0.052858055
3077,F10,DR_20221209_143805,1164.0,-0.022091504
3078,F10,DR_20221209_143805,1165.0,0.0014230342
3079,F10,DR_20221209_143805,1166.0,0.009427657
3080,F10,DR_20221209_143805,1167.0,0.061826136
3081,F10,DR_20221209_143805,1168.0,-0.001114237
3082,F10,DR_20221209_143805,1169.0,-0.0049837334
3083,F10,DR_20221209_143805,1170.0,0.048473757
3084,F11,DR_20221209_143805,1171.0,-0.006756561
3085,F11,DR_20221209_143805,1172.0,4.9163787e-05
3086,F11,DR_20221209_143805,1173.0,0.0014222882
3087,F11,DR_20221209_143805,1174.0,-0.0016884458
3088,F11,DR_20221209_143805,1175.0,-0.04037376
3089,F11,DR_20221209_143805,1176.0,0.020217666
3090,F11,DR_20221209_143805,1177.0,0.016573941
3091,F11,DR_20221209_143805,1178.0,-0.01227464
3092,F11,DR_20221209_143805,1179.0,-0.03458887
3093,F12,DR_20221209_143805,1180.0,-0.008205732
3094,F12,DR_20221209_143805,1181.0,-0.05137945
3095,F12,DR_20221209_143805,1182.0,-0.017115807
3096,F12,DR_20221209_143805,1183.0,-0.020199794
3097,F12,DR_20221209_143805,1184.0,-0.047045212
3098,F12,DR_20221209_143805,1185.0,-0.008177486
3099,F12,DR_20221209_143805,1186.0,0.039782062
3100,F12,DR_20221209_143805,1187.0,-0.034742195
3101,F12,DR_20221209_143805,1188.0,-0.040387128
3102,F13,DR_20221209_143805,1189.0,0.06613456
3103,F13,DR_20221209_143805,1190.0,-0.015663438
3104,F13,DR_20221209_143805,1191.0,-0.023715988
3105,F13,DR_20221209_143805,1192.0,-0.04460807
3106,F13,DR_20221209_143805,1193.0,-0.061301615
3107,F13,DR_20221209_143805,1194.0,-0.07189369
3108,F13,DR_20221209_143805,1195.0,-0.024234347
3109,F13,DR_20221209_143805,1196.0,-0.01860127
3110,F13,DR_20221209_143805,1197.0,-0.01729598
3111,F14,DR_20221209_143805,1198.0,-0.006722172
3112,F14,DR_20221209_143805,1199.0,-0.042228144
3113,F14,DR_20221209_143805,1200.0,0.03822616
3114,F14,DR_20221209_143805,1201.0,-0.007206633
3115,F14,DR_20221209_143805,1202.0,-0.046676744
3116,F14,DR_20221209_143805,1203.0,-0.047927327
3117,F14,DR_20221209_143805,1204.0,-0.010568792
3118,F14,DR_20221209_143805,1205.0,-0.03924099
3119,F14,DR_20221209_143805,1206.0,-0.0815454
3120,F15,DR_20221209_143805,1207.0,-0.02080866
3121,F15,DR_20221209_143805,1208.0,0.0712529
3122,F15,DR_20221209_143805,1209.0,-0.012877058
3123,F15,DR_20221209_143805,1210.0,-0.04420764
3124,F15,DR_20221209_143805,1211.0,0.22881083
3125,F15,DR_20221209_143805,1212.0,-0.010648618
3126,F15,DR_20221209_143805,1213.0,-0.0070795137
3127,F15,DR_20221209_143805,1214.0,0.004620799
3128,F15,DR_20221209_143805,1215.0,-0.021671299
3129,F16,DR_20221209_143805,1216.0,0.0254367
3130,F16,DR_20221209_143805,1217.0,-0.015559127
3131,F16,DR_20221209_143805,1218.0,-0.0015098486
3132,F16,DR_20221209_143805,1219.0,-0.04749662
3133,F16,DR_20221209_143805,1220.0,0.008481093
3134,F16,DR_20221209_143805,1221.0,0.0024709392
3135,F16,DR_20221209_143805,1222.0,-0.014833615
3136,F16,DR_20221209_143805,1223.0,-0.022273345
3137,F16,DR_20221209_143805,1224.0,0.076117255
3138,F17,DR_20221209_143805,1225.0,-0.008281078
3139,F17,DR_20221209_143805,1226.0,-0.020521395
3140,F17,DR_20221209_143805,1227.0,-0.017874328
3141,F17,DR_20221209_143805,1228.0,-0.05375209
3142,F17,DR_20221209_143805,1229.0,-0.055845156
3143,F17,DR_20221209_143805,1230.0,0.15052758
3144,F17,DR_20221209_143805,1231.0,0.029393528
3145,F17,DR_20221209_143805,1232.0,0.1694327
3146,F17,DR_20221209_143805,1233.0,-0.01993933
3147,F18,DR_20221209_143805,1234.0,-0.020134306
3148,F18,DR_20221209_143805,1235.0,-0.083132505
3149,F18,DR_20221209_143805,1236.0,0.0013093086
3150,F18,DR_20221209_143805,1237.0,-0.01754496
3151,F18,DR_20221209_143805,1238.0,0.109758094
3152,F18,DR_20221209_143805,1239.0,-0.05944911
3153,F18,DR_20221209_143805,1240.0,0.10471532
3154,F18,DR_20221209_143805,1241.0,-0.0047946167
3155,F18,DR_20221209_143805,1242.0,0.029145086
3156,F19,DR_20221209_143805,1243.0,-0.027449736
3157,F19,DR_20221209_143805,1244.0,-0.008354285
3158,F19,DR_20221209_143805,1245.0,-0.06927637
3159,F19,DR_20221209_143805,1246.0,0.012323683
3160,F19,DR_20221209_143805,1247.0,-0.055486202
3161,F19,DR_20221209_143805,1248.0,0.0015450271
3162,F19,DR_20221209_143805,1249.0,0.0126304915
3163,F19,DR_20221209_143805,1250.0,-0.0025427253
3164,F19,DR_20221209_143805,1251.0,-0.014879323
3165,F20,DR_20221209_143805,1252.0,-0.027760943
3166,F20,DR_20221209_143805,1253.0,-0.016480407
3167,F20,DR_20221209_143805,1254.0,0.046559267
3168,F20,DR_20221209_143805,1255.0,-0.021730635
3169,F20,DR_20221209_143805,1256.0,-0.012130219
3170,F20,DR_20221209_143805,1257.0,-0.00020019285
3171,F20,DR_20221209_143805,1258.0,0.0020963266
3172,F20,DR_20221209_143805,1259.0,0.15387377
3173,F20,DR_20221209_143805,1260.0,-0.005522452
3174,F21,DR_20221209_143805,1261.0,0.013310623
3175,F21,DR_20221209_143805,1262.0,0.019648645
3176,F21,DR_20221209_143805,1263.0,-0.017993893
3177,F21,DR_20221209_143805,1264.0,0.050538212
3178,F21,DR_20221209_143805,1265.0,-0.04529603
3179,F21,DR_20221209_143805,1266.0,-0.06572375
3180,F21,DR_20221209_143805,1267.0,0.016409975
3181,F21,DR_20221209_143805,1268.0,-0.013160631
3182,F21,DR_20221209_143805,1269.0,-0.008657657
3183,F22,DR_20221209_143805,1270.0,-0.018348757
3184,F22,DR_20221209_143805,1271.0,-0.0064395797
3185,F22,DR_20221209_143805,1272.0,-0.0004392343
3186,F22,DR_20221209_143805,1273.0,-0.051963564
3187,F22,DR_20221209_143805,1274.0,0.004124644
3188,F22,DR_20221209_143805,1275.0,0.0060376585
3189,F22,DR_20221209_143805,1276.0,0.025723767
3190,F22,DR_20221209_143805,1277.0,-0.010245947
3191,F22,DR_20221209_143805,1278.0,-0.010076812
3228,G03,DR_20221209_143805,1315.0,-0.0021794336
3229,G03,DR_20221209_143805,1316.0,-0.010195009
3230,G03,DR_20221209_143805,1317.0,0.009055363
3231,G03,DR_20221209_143805,1318.0,0.01373581
3232,G03,DR_20221209_143805,1319.0,-0.045289114
3233,G03,DR_20221209_143805,1320.0,-0.012387425
3234,G03,DR_20221209_143805,1321.0,0.016157672
3235,G03,DR_20221209_143805,1322.0,0.074105896
3236,G03,DR_20221209_143805,1323.0,0.014281022
3237,G04,DR_20221209_143805,1324.0,-0.01891389
3238,G04,DR_20221209_143805,1325.0,-0.01217533
3239,G04,DR_20221209_143805,1326.0,0.004630484
3240,G04,DR_20221209_143805,1327.0,-0.038088854
3241,G04,DR_20221209_143805,1328.0,-0.033865772
3242,G04,DR_20221209_143805,1329.0,-0.015755229
3243,G04,DR_20221209_143805,1330.0,0.0006687114
3244,G04,DR_20221209_143805,1331.0,-0.03712209
3245,G04,DR_20221209_143805,1332.0,-0.002150614
3246,G05,DR_20221209_143805,1333.0,-0.01390279
3247,G05,DR_20221209_143805,1334.0,0.00124964
3248,G05,DR_20221209_143805,1335.0,0.036678094
3249,G05,DR_20221209_143805,1336.0,-0.005677921
3250,G05,DR_20221209_143805,1337.0,-0.0051947553
3251,G05,DR_20221209_143805,1338.0,-0.009349242
3252,G05,DR_20221209_143805,1339.0,-0.0006295788
3253,G05,DR_20221209_143805,1340.0,0.00029604847
3254,G05,DR_20221209_143805,1341.0,-0.00024589518
3255,G06,DR_20221209_143805,1342.0,0.0037408222
3256,G06,DR_20221209_143805,1343.0,0.035364356
3257,G06,DR_20221209_143805,1344.0,-0.005944611
3258,G06,DR_20221209_143805,1345.0,-0.044848174
3259,G06,DR_20221209_143805,1346.0,-0.039802704
3260,G06,DR_20221209_143805,1347.0,0.026401374
3261,G06,DR_20221209_143805,1348.0,-0.015410354
3262,G06,DR_20221209_143805,1349.0,-0.017580712
3263,G06,DR_20221209_143805,1350.0,0.009430337
3264,G07,DR_20221209_143805,1351.0,-0.0102872895
3265,G07,DR_20221209_143805,1352.0,-0.0031977023
3266,G07,DR_20221209_143805,1353.0,-0.010250833
3267,G07,DR_20221209_143805,1354.0,0.06450784
3268,G07,DR_20221209_143805,1355.0,-0.033464253
3269,G07,DR_20221209_143805,1356.0,0.0718633
3270,G07,DR_20221209_143805,1357.0,0.021967016
3271,G07,DR_20221209_143805,1358.0,0.08023692
3272,G07,DR_20221209_143805,1359.0,-0.01657748
3273,G08,DR_20221209_143805,1360.0,-0.0049494174
3274,G08,DR_20221209_143805,1361.0,-0.004654419
3275,G08,DR_20221209_143805,1362.0,-0.039096534
3276,G08,DR_20221209_143805,1363.0,-0.042985346
3277,G08,DR_20221209_143805,1364.0,-0.08866717
3278,G08,DR_20221209_143805,1365.0,0.0065435423
3279,G08,DR_20221209_143805,1366.0,-0.034033064
3280,G08,DR_20221209_143805,1367.0,-0.01655854
3281,G08,DR_20221209_143805,1368.0,-0.002576376
3282,G09,DR_20221209_143805,1369.0,-0.042941056
3283,G09,DR_20221209_143805,1370.0,-0.0022936368
3284,G09,DR_20221209_143805,1371.0,-0.013223749
3285,G09,DR_20221209_143805,1372.0,0.024901655
3286,G09,DR_20221209_143805,1373.0,-0.0843806
3287,G09,DR_20221209_143805,1374.0,-0.045959137
3288,G09,DR_20221209_143805,1375.0,-0.0039052463
3289,G09,DR_20221209_143805,1376.0,0.032340508
3290,G09,DR_20221209_143805,1377.0,-0.010870875
3291,G10,DR_20221209_143805,1378.0,-0.017431956
3292,G10,DR_20221209_143805,1379.0,-0.0039583626
3293,G10,DR_20221209_143805,1380.0,0.044151906
3294,G10,DR_20221209_143805,1381.0,0.20858869
3295,G10,DR_20221209_143805,1382.0,0.0099276295
3296,G10,DR_20221209_143805,1383.0,0.011829627
3297,G10,DR_20221209_143805,1384.0,0.090913266
3298,G10,DR_20221209_143805,1385.0,0.067843735
3299,G10,DR_20221209_143805,1386.0,0.059335485
3300,G11,DR_20221209_143805,1387.0,-0.008718845
3301,G11,DR_20221209_143805,1388.0,-0.038738333
3302,G11,DR_20221209_143805,1389.0,-0.0002905819
3303,G11,DR_20221209_143805,1390.0,0.009368227
3304,G11,DR_20221209_143805,1391.0,-0.075470105
3305,G11,DR_20221209_143805,1392.0,-5.1785646e-05
3306,G11,DR_20221209_143805,1393.0,-0.01363819
3307,G11,DR_20221209_143805,1394.0,-0.01938081
3308,G11,DR_20221209_143805,1395.0,0.01075605
3309,G12,DR_20221209_143805,1396.0,0.007130472
3310,G12,DR_20221209_143805,1397.0,0.013909046
3311,G12,DR_20221209_143805,1398.0,-0.012152547
3312,G12,DR_20221209_143805,1399.0,-0.022323025
3313,G12,DR_20221209_143805,1400.0,-0.046436116
3314,G12,DR_20221209_143805,1401.0,0.0026413307
3315,G12,DR_20221209_143805,1402.0,0.027067069
3316,G12,DR_20221209_143805,1403.0,-0.0061197067
3317,G12,DR_20221209_143805,1404.0,-0.0026324778
3318,G13,DR_20221209_143805,1405.0,0.0033196826
3319,G13,DR_20221209_143805,1406.0,-0.022262905
3320,G13,DR_20221209_143805,1407.0,-0.013082269
3321,G13,DR_20221209_143805,1408.0,0.0029987297
3322,G13,DR_20221209_143805,1409.0,-0.014813772
3323,G13,DR_20221209_143805,1410.0,-0.031075472
3324,G13,DR_20221209_143805,1411.0,-0.02226473
3325,G13,DR_20221209_143805,1412.0,-0.015848573
3326,G13,DR_20221209_143805,1413.0,-0.014347571
3327,G14,DR_20221209_143805,1414.0,0.11772131
3328,G14,DR_20221209_143805,1415.0,-0.021415101
3329,G14,DR_20221209_143805,1416.0,-0.0014535231
3330,G14,DR_20221209_143805,1417.0,0.0029172422
3331,G14,DR_20221209_143805,1418.0,-0.053280458
3332,G14,DR_20221209_143805,1419.0,-0.058660448
3333,G14,DR_20221209_143805,1420.0,0.022523604
3334,G14,DR_20221209_143805,1421.0,0.027219657
3335,G14,DR_20221209_143805,1422.0,0.14281559
3336,G15,DR_20221209_143805,1423.0,-0.019198595
3337,G15,DR_20221209_143805,1424.0,0.026641218
3338,G15,DR_20221209_143805,1425.0,0.017291663
3339,G15,DR_20221209_143805,1426.0,-0.04977882
3340,G15,DR_20221209_143805,1427.0,-0.041915335
3341,G15,DR_20221209_143805,1428.0,-0.004471135
3342,G15,DR_20221209_143805,1429.0,0.024538193
3343,G15,DR_20221209_143805,1430.0,-0.013251749
3344,G15,DR_20221209_143805,1431.0,-0.0108443275
3345,G16,DR_20221209_143805,1432.0,-0.026213378
3346,G16,DR_20221209_143805,1433.0,-0.014358231
3347,G16,DR_20221209_143805,1434.0,0.024973165
3348,G16,DR_20221209_143805,1435.0,-0.015564194
3349,G16,DR_20221209_143805,1436.0,-0.06597647
3350,G16,DR_20221209_143805,1437.0,-0.06687785
3351,G16,DR_20221209_143805,1438.0,0.0026098194
3352,G16,DR_20221209_143805,1439.0,-0.0026454988
3353,G16,DR_20221209_143805,1440.0,-0.010105001
3354,G17,DR_20221209_143805,1441.0,-0.021331994
3355,G17,DR_20221209_143805,1442.0,-0.02210648
3356,G17,DR_20221209_143805,1443.0,0.02085682
3357,G17,DR_20221209_143805,1444.0,0.047541626
3358,G17,DR_20221209_143805,1445.0,-0.04522612
3359,G17,DR_20221209_143805,1446.0,-0.05191832
3360,G17,DR_20221209_143805,1447.0,1.7841936e-05
3361,G17,DR_20221209_143805,1448.0,-0.0029224197
3362,G17,DR_20221209_143805,1449.0,0.09018744
3363,G18,DR_20221209_143805,1450.0,0.12244659
3364,G18,DR_20221209_143805,1451.0,-0.01690869
3365,G18,DR_20221209_143805,1452.0,-0.043830965
3366,G18,DR_20221209_143805,1453.0,-0.00916409
3367,G18,DR_20221209_143805,1454.0,-0.057927772
3368,G18,DR_20221209_143805,1455.0,-0.016229492
3369,G18,DR_20221209_143805,1456.0,-0.023118524
3370,G18,DR_20221209_143805,1457.0,-0.017791772
3371,G18,DR_20221209_143805,1458.0,-0.0057085454
3372,G19,DR_20221209_143805,1459.0,-0.0072787353
3373,G19,DR_20221209_143805,1460.0,0.0638918
3374,G19,DR_20221209_143805,1461.0,0.06984399
3375,G19,DR_20221209_143805,1462.0,0.0009798682
3376,G19,DR_20221209_143805,1463.0,-0.016186683
3377,G19,DR_20221209_143805,1464.0,0.0010482592
3378,G19,DR_20221209_143805,1465.0,-0.0076850466
3379,G19,DR_20221209_143805,1466.0,0.06605125
3380,G19,DR_20221209_143805,1467.0,-0.0045810114
3381,G20,DR_20221209_143805,1468.0,0.124191955
3382,G20,DR_20221209_143805,1469.0,0.012673125
3383,G20,DR_20221209_143805,1470.0,0.012638926
3384,G20,DR_20221209_143805,1471.0,-0.0005785813
3385,G20,DR_20221209_143805,1472.0,-0.0011197928
3386,G20,DR_20221209_143805,1473.0,-0.021870362
3387,G20,DR_20221209_143805,1474.0,0.018759338
3388,G20,DR_20221209_143805,1475.0,0.06548351
3389,G20,DR_20221209_143805,1476.0,0.003259282
3390,G21,DR_20221209_143805,1477.0,-0.003406866
3391,G21,DR_20221209_143805,1478.0,0.018658625
3392,G21,DR_20221209_143805,1479.0,-0.0029574137
3393,G21,DR_20221209_143805,1480.0,-0.044852152
3394,G21,DR_20221209_143805,1481.0,-0.0051765684
3395,G21,DR_20221209_143805,1482.0,0.02309285
3396,G21,DR_20221209_143805,1483.0,0.024005104
3397,G21,DR_20221209_143805,1484.0,0.0052982103
3398,G21,DR_20221209_143805,1485.0,-0.0024036271
3399,G22,DR_20221209_143805,1486.0,0.019636743
3400,G22,DR_20221209_143805,1487.0,0.013583617
3401,G22,DR_20221209_143805,1488.0,0.02792369
3402,G22,DR_20221209_143805,1489.0,-0.013290414
3403,G22,DR_20221209_143805,1490.0,-0.03868426
3404,G22,DR_20221209_143805,1491.0,0.0069557065
3405,G22,DR_20221209_143805,1492.0,0.0004982319
3406,G22,DR_20221209_143805,1493.0,0.0018923397
3407,G22,DR_20221209_143805,1494.0,-0.061696604
3444,H03,DR_20221209_143805,1531.0,0.010501463
3445,H03,DR_20221209_143805,1532.0,0.021579903
3446,H03,DR_20221209_143805,1533.0,0.023185704
3447,H03,DR_20221209_143805,1534.0,-0.029163372
3448,H03,DR_20221209_143805,1535.0,-0.0025150492
3449,H03,DR_20221209_143805,1536.0,0.008542545
3450,H03,DR_20221209_143805,1537.0,0.008835725
3451,H03,DR_20221209_143805,1538.0,0.05010075
3452,H03,DR_20221209_143805,1539.0,0.010161734
3453,H04,DR_20221209_143805,1540.0,0.19129084
3454,H04,DR_20221209_143805,1541.0,-0.038098942
3455,H04,DR_20221209_143805,1542.0,0.01943177
3456,H04,DR_20221209_143805,1543.0,-0.0018392483
3457,H04,DR_20221209_143805,1544.0,-0.03594978
3458,H04,DR_20221209_143805,1545.0,0.03146851
3459,H04,DR_20221209_143805,1546.0,-0.010760693
3460,H04,DR_20221209_143805,1547.0,0.0016871311
3461,H04,DR_20221209_143805,1548.0,-0.00715444
3462,H05,DR_20221209_143805,1549.0,-0.037265938
3463,H05,DR_20221209_143805,1550.0,-0.06843289
3464,H05,DR_20221209_143805,1551.0,0.029259222
3465,H05,DR_20221209_143805,1552.0,0.03246009
3466,H05,DR_20221209_143805,1553.0,0.0075886683
3467,H05,DR_20221209_143805,1554.0,0.008398614
3468,H05,DR_20221209_143805,1555.0,-0.027016778
3469,H05,DR_20221209_143805,1556.0,0.021271968
3470,H05,DR_20221209_143805,1557.0,0.010894057
3471,H06,DR_20221209_143805,1558.0,0.011685016
3472,H06,DR_20221209_143805,1559.0,-0.004607068
3473,H06,DR_20221209_143805,1560.0,-0.027678613
3474,H06,DR_20221209_143805,1561.0,-0.018745987
3475,H06,DR_20221209_143805,1562.0,-0.023516415
3476,H06,DR_20221209_143805,1563.0,-0.00083284714
3477,H06,DR_20221209_143805,1564.0,-0.012545864
3478,H06,DR_20221209_143805,1565.0,0.08063168
3479,H06,DR_20221209_143805,1566.0,-0.02610766
3480,H07,DR_20221209_143805,1567.0,-0.0009411708
3481,H07,DR_20221209_143805,1568.0,0.0044593085
3482,H07,DR_20221209_143805,1569.0,0.014665364
3483,H07,DR_20221209_143805,1570.0,0.0055712177
3484,H07,DR_20221209_143805,1571.0,-0.01248427
3485,H07,DR_20221209_143805,1572.0,-0.01341901
3486,H07,DR_20221209_143805,1573.0,-0.017808847
3487,H07,DR_20221209_143805,1574.0,0.018265637
3488,H07,DR_20221209_143805,1575.0,0.0113111185
3489,H08,DR_20221209_143805,1576.0,-0.022340937
3490,H08,DR_20221209_143805,1577.0,0.0015129558
3491,H08,DR_20221209_143805,1578.0,0.011565079
3492,H08,DR_20221209_143805,1579.0,0.014003272
3493,H08,DR_20221209_143805,1580.0,-0.032335658
3494,H08,DR_20221209_143805,1581.0,0.039600976
3495,H08,DR_20221209_143805,1582.0,0.038904764
3496,H08,DR_20221209_143805,1583.0,0.01667751
3497,H08,DR_20221209_143805,1584.0,0.0015189556
3498,H09,DR_20221209_143805,1585.0,0.0040764157
3499,H09,DR_20221209_143805,1586.0,-0.05858804
3500,H09,DR_20221209_143805,1587.0,-0.005345393
3501,H09,DR_20221209_143805,1588.0,0.003730954
3502,H09,DR_20221209_143805,1589.0,-0.07073377
3503,H09,DR_20221209_143805,1590.0,-0.049187697
3504,H09,DR_20221209_143805,1591.0,-0.018961536
3505,H09,DR_20221209_143805,1592.0,-0.0035995808
3506,H09,DR_20221209_143805,1593.0,0.00546971
3507,H10,DR_20221209_143805,1594.0,-0.026843341
3508,H10,DR_20221209_143805,1595.0,-0.04831891
3509,H10,DR_20221209_143805,1596.0,-0.0023275746
3510,H10,DR_20221209_143805,1597.0,0.0509631
3511,H10,DR_20221209_143805,1598.0,0.015848741
3512,H10,DR_20221209_143805,1599.0,0.0026844228
3513,H10,DR_20221209_143805,1600.0,-0.006490099
3514,H10,DR_20221209_143805,1601.0,-0.054101646
3515,H10,DR_20221209_143805,1602.0,0.020940645
3516,H11,DR_20221209_143805,1603.0,-0.008468651
3517,H11,DR_20221209_143805,1604.0,-0.0042089866
3518,H11,DR_20221209_143805,1605.0,-0.022115432
3519,H11,DR_20221209_143805,1606.0,-0.058410324
3520,H11,DR_20221209_143805,1607.0,-0.016879382
3521,H11,DR_20221209_143805,1608.0,0.0021849482
3522,H11,DR_20221209_143805,1609.0,0.0020093604
3523,H11,DR_20221209_143805,1610.0,0.021346865
3524,H11,DR_20221209_143805,1611.0,-0.033034932
3525,H12,DR_20221209_143805,1612.0,-0.0071209297
3526,H12,DR_20221209_143805,1613.0,-0.00038890063
3527,H12,DR_20221209_143805,1614.0,-0.020464033
3528,H12,DR_20221209_143805,1615.0,-0.0020721043
3529,H12,DR_20221209_143805,1616.0,-0.070016384
3530,H12,DR_20221209_143805,1617.0,-0.016994296
3531,H12,DR_20221209_143805,1618.0,0.010701545
3532,H12,DR_20221209_143805,1619.0,0.012459445
3533,H12,DR_20221209_143805,1620.0,-0.015945591
3534,H13,DR_20221209_143805,1621.0,-0.026531173
3535,H13,DR_20221209_143805,1622.0,-0.035286292
3536,H13,DR_20221209_143805,1623.0,-0.006353018
3537,H13,DR_20221209_143805,1624.0,-0.034834195
3538,H13,DR_20221209_143805,1625.0,-0.06600395
3539,H13,DR_20221209_143805,1626.0,-0.055944283
3540,H13,DR_20221209_143805,1627.0,-0.015556693
3541,H13,DR_20221209_143805,1628.0,-0.013493761
3542,H13,DR_20221209_143805,1629.0,-0.02009575
3543,H14,DR_20221209_143805,1630.0,-0.05712298
3544,H14,DR_20221209_143805,1631.0,-0.05726654
3545,H14,DR_20221209_143805,1632.0,0.007832236
3546,H14,DR_20221209_143805,1633.0,0.021162208
3547,H14,DR_20221209_143805,1634.0,-0.05434721
3548,H14,DR_20221209_143805,1635.0,-0.02171922
3549,H14,DR_20221209_143805,1636.0,0.010068025
3550,H14,DR_20221209_143805,1637.0,-0.0042875316
3551,H14,DR_20221209_143805,1638.0,-0.01469584
3552,H15,DR_20221209_143805,1639.0,-0.01783538
3553,H15,DR_20221209_143805,1640.0,-0.008492258
3554,H15,DR_20221209_143805,1641.0,0.0066776676
3555,H15,DR_20221209_143805,1642.0,-0.012363961
3556,H15,DR_20221209_143805,1643.0,-0.09133501
3557,H15,DR_20221209_143805,1644.0,-0.060125258
3558,H15,DR_20221209_143805,1645.0,-0.02709636
3559,H15,DR_20221209_143805,1646.0,-0.008876942
3560,H15,DR_20221209_143805,1647.0,0.13919105
3561,H16,DR_20221209_143805,1648.0,0.039173003
3562,H16,DR_20221209_143805,1649.0,0.010037305
3563,H16,DR_20221209_143805,1650.0,0.026490418
3564,H16,DR_20221209_143805,1651.0,0.0020543523
3565,H16,DR_20221209_143805,1652.0,-0.043625332
3566,H16,DR_20221209_143805,1653.0,0.00075536815
3567,H16,DR_20221209_143805,1654.0,0.0142086595
3568,H16,DR_20221209_143805,1655.0,0.2137234
3569,H16,DR_20221209_143805,1656.0,-0.011396525
3570,H17,DR_20221209_143805,1657.0,-0.0036336442
3571,H17,DR_20221209_143805,1658.0,-0.008034829
3572,H17,DR_20221209_143805,1659.0,-0.010659742
3573,H17,DR_20221209_143805,1660.0,-0.019375859
3574,H17,DR_20221209_143805,1661.0,-0.05763657
3575,H17,DR_20221209_143805,1662.0,0.060443673
3576,H17,DR_20221209_143805,1663.0,0.009909033
3577,H17,DR_20221209_143805,1664.0,0.0968173
3578,H17,DR_20221209_143805,1665.0,0.04795836
3579,H18,DR_20221209_143805,1666.0,0.011640711
3580,H18,DR_20221209_143805,1667.0,-0.0031255677
3581,H18,DR_20221209_143805,1668.0,0.05131742
3582,H18,DR_20221209_143805,1669.0,-0.019439554
3583,H18,DR_20221209_143805,1670.0,-0.02962642
3584,H18,DR_20221209_143805,1671.0,-0.022398
3585,H18,DR_20221209_143805,1672.0,0.0346682
3586,H18,DR_20221209_143805,1673.0,-0.028709216
3587,H18,DR_20221209_143805,1674.0,-0.010619704
3588,H19,DR_20221209_143805,1675.0,0.012193419
3589,H19,DR_20221209_143805,1676.0,0.0031292278
3590,H19,DR_20221209_143805,1677.0,-0.011890315
3591,H19,DR_20221209_143805,1678.0,0.00038646176
3592,H19,DR_20221209_143805,1679.0,-0.049887072
3593,H19,DR_20221209_143805,1680.0,0.023410065
3594,H19,DR_20221209_143805,1681.0,0.15504521
3595,H19,DR_20221209_143805,1682.0,-0.13606858
3596,H19,DR_20221209_143805,1683.0,0.006569763
3597,H20,DR_20221209_143805,1684.0,-0.013891153
3598,H20,DR_20221209_143805,1685.0,0.0101048285
3599,H20,DR_20221209_143805,1686.0,0.1137898
3600,H20,DR_20221209_143805,1687.0,-0.00808108
3601,H20,DR_20221209_143805,1688.0,-0.010265478
3602,H20,DR_20221209_143805,1689.0,0.003659333
3603,H20,DR_20221209_143805,1690.0,0.00953049
3604,H20,DR_20221209_143805,1691.0,-0.015977014
3605,H20,DR_20221209_143805,1692.0,-0.0048129214
3606,H21,DR_20221209_143805,1693.0,-0.025669575
3607,H21,DR_20221209_143805,1694.0,-0.010004469
3608,H21,DR_20221209_143805,1695.0,-0.016164701
3609,H21,DR_20221209_143805,1696.0,0.04611711
3610,H21,DR_20221209_143805,1697.0,0.002448672
3611,H21,DR_20221209_143805,1698.0,0.0075331186
3612,H21,DR_20221209_143805,1699.0,-0.012574517
3613,H21,DR_20221209_143805,1700.0,0.024162946
3614,H21,DR_20221209_143805,1701.0,0.009569165
3615,H22,DR_20221209_143805,1702.0,0.003051971
3616,H22,DR_20221209_143805,1703.0,0.0720619
3617,H22,DR_20221209_143805,1704.0,-0.043349545
3618,H22,DR_20221209_143805,1705.0,-0.00010988731
3619,H22,DR_20221209_143805,1706.0,-0.017633071
3620,H22,DR_20221209_143805,1707.0,-0.025587115
3621,H22,DR_20221209_143805,1708.0,-0.0140076
3622,H22,DR_20221209_143805,1709.0,-0.011505142
3623,H22,DR_20221209_143805,1710.0,-0.033152595
3660,I03,DR_20221209_143805,1747.0,-0.011691292
3661,I03,DR_20221209_143805,1748.0,0.027772002
3662,I03,DR_20221209_143805,1749.0,0.018412756
3663,I03,DR_20221209_143805,1750.0,-0.0085315015
3664,I03,DR_20221209_143805,1751.0,-0.021531075
3665,I03,DR_20221209_143805,1752.0,0.0016604201
3666,I03,DR_20221209_143805,1753.0,-0.029768068
3667,I03,DR_20221209_143805,1754.0,-0.028722495
3668,I03,DR_20221209_143805,1755.0,-0.01479934
3669,I04,DR_20221209_143805,1756.0,-0.010605423
3670,I04,DR_20221209_143805,1757.0,-0.008631987
3671,I04,DR_20221209_143805,1758.0,-0.012344752
3672,I04,DR_20221209_143805,1759.0,-0.013281637
3673,I04,DR_20221209_143805,1760.0,-0.00694062
3674,I04,DR_20221209_143805,1761.0,0.00046911865
3675,I04,DR_20221209_143805,1762.0,0.042427216
3676,I04,DR_20221209_143805,1763.0,0.19820496
3677,I04,DR_20221209_143805,1764.0,0.009195249
3678,I05,DR_20221209_143805,1765.0,-0.005972657
3679,I05,DR_20221209_143805,1766.0,0.0072796363
3680,I05,DR_20221209_143805,1767.0,0.0022159265
3681,I05,DR_20221209_143805,1768.0,0.010575816
3682,I05,DR_20221209_143805,1769.0,-0.00078355096
3683,I05,DR_20221209_143805,1770.0,-0.012575538
3684,I05,DR_20221209_143805,1771.0,-0.012346922
3685,I05,DR_20221209_143805,1772.0,0.010131724
3686,I05,DR_20221209_143805,1773.0,-0.0023164607
3687,I06,DR_20221209_143805,1774.0,-0.002205645
3688,I06,DR_20221209_143805,1775.0,-0.0025621091
3689,I06,DR_20221209_143805,1776.0,0.013604184
3690,I06,DR_20221209_143805,1777.0,-0.0017471173
3691,I06,DR_20221209_143805,1778.0,0.086317234
3692,I06,DR_20221209_143805,1779.0,0.015813852
3693,I06,DR_20221209_143805,1780.0,0.17434141
3694,I06,DR_20221209_143805,1781.0,-0.015365557
3695,I06,DR_20221209_143805,1782.0,-0.020605218
3696,I07,DR_20221209_143805,1783.0,-0.0015942808
3697,I07,DR_20221209_143805,1784.0,-0.0026917139
3698,I07,DR_20221209_143805,1785.0,-0.0060011675
3699,I07,DR_20221209_143805,1786.0,-0.044366486
3700,I07,DR_20221209_143805,1787.0,-0.015744243
3701,I07,DR_20221209_143805,1788.0,0.0147846
3702,I07,DR_20221209_143805,1789.0,-0.007951006
3703,I07,DR_20221209_143805,1790.0,0.0024195644
3704,I07,DR_20221209_143805,1791.0,-0.0040001385
3705,I08,DR_20221209_143805,1792.0,0.0048093726
3706,I08,DR_20221209_143805,1793.0,0.023764271
3707,I08,DR_20221209_143805,1794.0,-0.0037478087
3708,I08,DR_20221209_143805,1795.0,-0.0034600287
3709,I08,DR_20221209_143805,1796.0,-0.06522331
3710,I08,DR_20221209_143805,1797.0,-0.011205146
3711,I08,DR_20221209_143805,1798.0,-0.018674849
3712,I08,DR_20221209_143805,1799.0,-0.008344024
3713,I08,DR_20221209_143805,1800.0,0.039556265
3714,I09,DR_20221209_143805,1801.0,0.022735912
3715,I09,DR_20221209_143805,1802.0,-0.010391394
3716,I09,DR_20221209_143805,1803.0,0.013920899
3717,I09,DR_20221209_143805,1804.0,-0.046016753
3718,I09,DR_20221209_143805,1805.0,0.0023634897
3719,I09,DR_20221209_143805,1806.0,-0.06525758
3720,I09,DR_20221209_143805,1807.0,0.023145912
3721,I09,DR_20221209_143805,1808.0,-0.0076157474
3722,I09,DR_20221209_143805,1809.0,-0.13760152
3723,I10,DR_20221209_143805,1810.0,-0.07477894
3724,I10,DR_20221209_143805,1811.0,-0.15409842
3725,I10,DR_20221209_143805,1812.0,-0.03208097
3726,I10,DR_20221209_143805,1813.0,0.08804877
3727,I10,DR_20221209_143805,1814.0,-0.036569767
3728,I10,DR_20221209_143805,1815.0,-0.022621395
3729,I10,DR_20221209_143805,1816.0,0.07521126
3730,I10,DR_20221209_143805,1817.0,0.04331337
3731,I10,DR_20221209_143805,1818.0,-0.024895566
3732,I11,DR_20221209_143805,1819.0,-0.017881993
3733,I11,DR_20221209_143805,1820.0,-0.045585368
3734,I11,DR_20221209_143805,1821.0,-0.007442037
3735,I11,DR_20221209_143805,1822.0,-0.010087404
3736,I11,DR_20221209_143805,1823.0,-0.031465176
3737,I11,DR_20221209_143805,1824.0,0.0074954377
3738,I11,DR_20221209_143805,1825.0,4.2435797e-05
3739,I11,DR_20221209_143805,1826.0,-0.04951348
3740,I11,DR_20221209_143805,1827.0,-0.004626576
3741,I12,DR_20221209_143805,1828.0,-0.02889942
3742,I12,DR_20221209_143805,1829.0,0.08573768
3743,I12,DR_20221209_143805,1830.0,-0.009830835
3744,I12,DR_20221209_143805,1831.0,-0.0107963
3745,I12,DR_20221209_143805,1832.0,-0.022945406
3746,I12,DR_20221209_143805,1833.0,-0.004677791
3747,I12,DR_20221209_143805,1834.0,0.02031407
3748,I12,DR_20221209_143805,1835.0,0.027792213
3749,I12,DR_20221209_143805,1836.0,-0.016885314
3750,I13,DR_20221209_143805,1837.0,-0.05967348
3751,I13,DR_20221209_143805,1838.0,-0.014296565
3752,I13,DR_20221209_143805,1839.0,-0.010864781
3753,I13,DR_20221209_143805,1840.0,-0.0378928
3754,I13,DR_20221209_143805,1841.0,-0.05468752
3755,I13,DR_20221209_143805,1842.0,-0.052698717
3756,I13,DR_20221209_143805,1843.0,0.012125288
3757,I13,DR_20221209_143805,1844.0,0.0955272
3758,I13,DR_20221209_143805,1845.0,0.008864981
3759,I14,DR_20221209_143805,1846.0,-0.0483901
3760,I14,DR_20221209_143805,1847.0,0.002332163
3761,I14,DR_20221209_143805,1848.0,-0.02603938
3762,I14,DR_20221209_143805,1849.0,0.08159076
3763,I14,DR_20221209_143805,1850.0,-0.06369395
3764,I14,DR_20221209_143805,1851.0,-0.06666408
3765,I14,DR_20221209_143805,1852.0,0.129792
3766,I14,DR_20221209_143805,1853.0,0.0035866762
3767,I14,DR_20221209_143805,1854.0,-0.054173287
3768,I15,DR_20221209_143805,1855.0,-0.003932725
3769,I15,DR_20221209_143805,1856.0,-0.0018853616
3770,I15,DR_20221209_143805,1857.0,0.057198793
3771,I15,DR_20221209_143805,1858.0,-0.0792882
3772,I15,DR_20221209_143805,1859.0,-0.051967006
3773,I15,DR_20221209_143805,1860.0,-0.009869098
3774,I15,DR_20221209_143805,1861.0,0.11349133
3775,I15,DR_20221209_143805,1862.0,-0.05583684
3776,I15,DR_20221209_143805,1863.0,0.1301911
3777,I16,DR_20221209_143805,1864.0,-0.03554597
3778,I16,DR_20221209_143805,1865.0,0.02136291
3779,I16,DR_20221209_143805,1866.0,0.0012539155
3780,I16,DR_20221209_143805,1867.0,0.034820348
3781,I16,DR_20221209_143805,1868.0,-0.011942103
3782,I16,DR_20221209_143805,1869.0,0.03769067
3783,I16,DR_20221209_143805,1870.0,0.072864465
3784,I16,DR_20221209_143805,1871.0,0.0036285748
3785,I16,DR_20221209_143805,1872.0,0.10075592
3786,I17,DR_20221209_143805,1873.0,-0.0059656915
3787,I17,DR_20221209_143805,1874.0,-0.002123134
3788,I17,DR_20221209_143805,1875.0,0.014774671
3789,I17,DR_20221209_143805,1876.0,-0.025725821
3790,I17,DR_20221209_143805,1877.0,-0.047471613
3791,I17,DR_20221209_143805,1878.0,-0.015630811
3792,I17,DR_20221209_143805,1879.0,-0.019075617
3793,I17,DR_20221209_143805,1880.0,0.0706708
3794,I17,DR_20221209_143805,1881.0,0.0112392
3795,I18,DR_20221209_143805,1882.0,-0.0114493705
3796,I18,DR_20221209_143805,1883.0,-0.036702733
3797,I18,DR_20221209_143805,1884.0,0.101107895
3798,I18,DR_20221209_143805,1885.0,-0.0021072535
3799,I18,DR_20221209_143805,1886.0,-0.06804288
3800,I18,DR_20221209_143805,1887.0,-0.0025011257
3801,I18,DR_20221209_143805,1888.0,-0.0046507167
3802,I18,DR_20221209_143805,1889.0,-0.018841684
3803,I18,DR_20221209_143805,1890.0,-0.022175167
3804,I19,DR_20221209_143805,1891.0,-0.016861778
3805,I19,DR_20221209_143805,1892.0,-0.006335217
3806,I19,DR_20221209_143805,1893.0,-0.019146498
3807,I19,DR_20221209_143805,1894.0,-0.00049186905
3808,I19,DR_20221209_143805,1895.0,-0.052850932
3809,I19,DR_20221209_143805,1896.0,-0.0055849026
3810,I19,DR_20221209_143805,1897.0,0.014351383
3811,I19,DR_20221209_143805,1898.0,0.011469331
3812,I19,DR_20221209_143805,1899.0,0.06269698
3813,I20,DR_20221209_143805,1900.0,-0.007969025
3814,I20,DR_20221209_143805,1901.0,-0.053695437
3815,I20,DR_20221209_143805,1902.0,0.0009881814
3816,I20,DR_20221209_143805,1903.0,0.022693831
3817,I20,DR_20221209_143805,1904.0,0.0007857272
3818,I20,DR_20221209_143805,1905.0,-0.0041095796
3819,I20,DR_20221209_143805,1906.0,-0.013532807
3820,I20,DR_20221209_143805,1907.0,-0.024659531
3821,I20,DR_20221209_143805,1908.0,-0.030711511
3822,I21,DR_20221209_143805,1909.0,0.0029296733
3823,I21,DR_20221209_143805,1910.0,0.038435772
3824,I21,DR_20221209_143805,1911.0,0.0069968654
3825,I21,DR_20221209_143805,1912.0,0.07488607
3826,I21,DR_20221209_143805,1913.0,-0.046658743
3827,I21,DR_20221209_143805,1914.0,0.013913976
3828,I21,DR_20221209_143805,1915.0,0.019049462
3829,I21,DR_20221209_143805,1916.0,0.025128035
3830,I21,DR_20221209_143805,1917.0,0.056961644
3831,I22,DR_20221209_143805,1918.0,-0.018396793
3832,I22,DR_20221209_143805,1919.0,-0.022225307
3833,I22,DR_20221209_143805,1920.0,0.02882334
3834,I22,DR_20221209_143805,1921.0,-0.0014434117
3835,I22,DR_20221209_143805,1922.0,-0.043107137
3836,I22,DR_20221209_143805,1923.0,-0.002825433
3837,I22,DR_20221209_143805,1924.0,0.012842054
3838,I22,DR_20221209_143805,1925.0,-0.016427983
3839,I22,DR_20221209_143805,1926.0,-0.024115037
3876,J03,DR_20221209_143805,1963.0,-0.023286453
3877,J03,DR_20221209_143805,1964.0,0.042989556
3878,J03,DR_20221209_143805,1965.0,-0.023477659
3879,J03,DR_20221209_143805,1966.0,0.107999496
3880,J03,DR_20221209_143805,1967.0,-0.019291837
3881,J03,DR_20221209_143805,1968.0,-0.0081990035
3882,J03,DR_20221209_143805,1969.0,0.15448411
3883,J03,DR_20221209_143805,1970.0,0.043746717
3884,J04,DR_20221209_143805,1971.0,-0.04066437
3885,J04,DR_20221209_143805,1972.0,0.0031636558
3886,J04,DR_20221209_143805,1973.0,-0.012242448
3887,J04,DR_20221209_143805,1974.0,-0.0030260587
3888,J04,DR_20221209_143805,1975.0,-0.020773929
3889,J04,DR_20221209_143805,1976.0,0.05115538
3890,J04,DR_20221209_143805,1977.0,0.0028512669
3891,J04,DR_20221209_143805,1978.0,0.048846994
3892,J04,DR_20221209_143805,1979.0,-0.0048205624
3893,J05,DR_20221209_143805,1980.0,-0.0040420475
3894,J05,DR_20221209_143805,1981.0,0.011778271
3895,J05,DR_20221209_143805,1982.0,-0.0037198104
3896,J05,DR_20221209_143805,1983.0,-0.013776757
3897,J05,DR_20221209_143805,1984.0,-0.010645965
3898,J05,DR_20221209_143805,1985.0,0.009257807
3899,J05,DR_20221209_143805,1986.0,-0.018045438
3900,J05,DR_20221209_143805,1987.0,0.02449979
3901,J05,DR_20221209_143805,1988.0,-0.0031040432
3902,J06,DR_20221209_143805,1989.0,0.047331814
3903,J06,DR_20221209_143805,1990.0,0.029045463
3904,J06,DR_20221209_143805,1991.0,-0.016632082
3905,J06,DR_20221209_143805,1992.0,-0.014033679
3906,J06,DR_20221209_143805,1993.0,-0.0036619334
3907,J06,DR_20221209_143805,1994.0,0.038227513
3908,J06,DR_20221209_143805,1995.0,-0.01752159
3909,J06,DR_20221209_143805,1996.0,0.029566888
3910,J06,DR_20221209_143805,1997.0,0.005166144
3911,J07,DR_20221209_143805,1998.0,-0.008752726
3912,J07,DR_20221209_143805,1999.0,0.016359663
3913,J07,DR_20221209_143805,2000.0,-0.025163976
3914,J07,DR_20221209_143805,2001.0,0.0067496267
3915,J07,DR_20221209_143805,2002.0,0.00076117134
3916,J07,DR_20221209_143805,2003.0,0.059800874
3917,J07,DR_20221209_143805,2004.0,-0.018953932
3918,J07,DR_20221209_143805,2005.0,0.1640484
3919,J07,DR_20221209_143805,2006.0,-0.017957117
3920,J08,DR_20221209_143805,2007.0,-0.020915829
3921,J08,DR_20221209_143805,2008.0,0.0028558013
3922,J08,DR_20221209_143805,2009.0,0.049532045
3923,J08,DR_20221209_143805,2010.0,-0.017051663
3924,J08,DR_20221209_143805,2011.0,0.09809665
3925,J08,DR_20221209_143805,2012.0,0.029376956
3926,J08,DR_20221209_143805,2013.0,0.03397607
3927,J08,DR_20221209_143805,2014.0,0.01401282
3928,J08,DR_20221209_143805,2015.0,0.02555866
3929,J09,DR_20221209_143805,2016.0,0.020692397
3930,J09,DR_20221209_143805,2017.0,-0.062811494
3931,J09,DR_20221209_143805,2018.0,-0.0027081156
3932,J09,DR_20221209_143805,2019.0,-0.048762396
3933,J09,DR_20221209_143805,2020.0,-0.039277647
3934,J09,DR_20221209_143805,2021.0,0.0056686974
3935,J09,DR_20221209_143805,2022.0,0.013906245
3936,J09,DR_20221209_143805,2023.0,0.01093475
3937,J09,DR_20221209_143805,2024.0,-0.018862635
3938,J10,DR_20221209_143805,2025.0,-0.022535484
3939,J10,DR_20221209_143805,2026.0,-0.005834564
3940,J10,DR_20221209_143805,2027.0,0.011873702
3941,J10,DR_20221209_143805,2028.0,0.009542972
3942,J10,DR_20221209_143805,2029.0,-0.0016585042
3943,J10,DR_20221209_143805,2030.0,0.06881425
3944,J10,DR_20221209_143805,2031.0,-0.007178199
3945,J10,DR_20221209_143805,2032.0,0.19276969
3946,J10,DR_20221209_143805,2033.0,0.011384855
3947,J11,DR_20221209_143805,2034.0,-0.004978432
3948,J11,DR_20221209_143805,2035.0,-0.014372252
3949,J11,DR_20221209_143805,2036.0,0.0011763191
3950,J11,DR_20221209_143805,2037.0,-0.032662738
3951,J11,DR_20221209_143805,2038.0,-0.084732056
3952,J11,DR_20221209_143805,2039.0,0.021595864
3953,J11,DR_20221209_143805,2040.0,-0.016197618
3954,J11,DR_20221209_143805,2041.0,-0.01213161
3955,J11,DR_20221209_143805,2042.0,0.025355762
3956,J12,DR_20221209_143805,2043.0,0.006141836
3957,J12,DR_20221209_143805,2044.0,0.14930697
3958,J12,DR_20221209_143805,2045.0,0.07932318
3959,J12,DR_20221209_143805,2046.0,0.012301893
3960,J12,DR_20221209_143805,2047.0,-0.009912338
3961,J12,DR_20221209_143805,2048.0,-0.05415802
3962,J12,DR_20221209_143805,2049.0,0.01801169
3963,J12,DR_20221209_143805,2050.0,0.02186879
3964,J12,DR_20221209_143805,2051.0,0.046943627
3965,J13,DR_20221209_143805,2052.0,-0.0030567406
3966,J13,DR_20221209_143805,2053.0,0.0011616572
3967,J13,DR_20221209_143805,2054.0,-0.03387244
3968,J13,DR_20221209_143805,2055.0,-0.03464538
3969,J13,DR_20221209_143805,2056.0,-0.0047194296
3970,J13,DR_20221209_143805,2057.0,-0.025529329
3971,J13,DR_20221209_143805,2058.0,0.07591686
3972,J13,DR_20221209_143805,2059.0,0.057610072
3973,J13,DR_20221209_143805,2060.0,0.011061591
3974,J14,DR_20221209_143805,2061.0,0.014003714
3975,J14,DR_20221209_143805,2062.0,0.29383597
3976,J14,DR_20221209_143805,2063.0,0.021517612
3977,J14,DR_20221209_143805,2064.0,-0.037523385
3978,J14,DR_20221209_143805,2065.0,-0.04335358
3979,J14,DR_20221209_143805,2066.0,-0.024206512
3980,J14,DR_20221209_143805,2067.0,-0.005095447
3981,J14,DR_20221209_143805,2068.0,0.022288233
3982,J14,DR_20221209_143805,2069.0,-0.018362492
3983,J15,DR_20221209_143805,2070.0,-0.0041376264
3984,J15,DR_20221209_143805,2071.0,0.23580116
3985,J15,DR_20221209_143805,2072.0,-0.019498486
3986,J15,DR_20221209_143805,2073.0,0.017375287
3987,J15,DR_20221209_143805,2074.0,-0.14142707
3988,J15,DR_20221209_143805,2075.0,-0.04891772
3989,J15,DR_20221209_143805,2076.0,0.0147719765
3990,J15,DR_20221209_143805,2077.0,0.020742267
3991,J15,DR_20221209_143805,2078.0,-0.01608413
3992,J16,DR_20221209_143805,2079.0,-0.009230772
3993,J16,DR_20221209_143805,2080.0,0.047783803
3994,J16,DR_20221209_143805,2081.0,0.028709026
3995,J16,DR_20221209_143805,2082.0,-0.024648039
3996,J16,DR_20221209_143805,2083.0,-0.019683488
3997,J16,DR_20221209_143805,2084.0,0.004074185
3998,J16,DR_20221209_143805,2085.0,-0.0052138297
3999,J16,DR_20221209_143805,2086.0,0.09074213
4000,J16,DR_20221209_143805,2087.0,-0.02192425
4001,J17,DR_20221209_143805,2088.0,-0.04262631
4002,J17,DR_20221209_143805,2089.0,-0.010136541
4003,J17,DR_20221209_143805,2090.0,-0.0011331878
4004,J17,DR_20221209_143805,2091.0,0.06980107
4005,J17,DR_20221209_143805,2092.0,-0.027606942
4006,J17,DR_20221209_143805,2093.0,-0.00038677058
4007,J17,DR_20221209_143805,2094.0,0.025364598
4008,J17,DR_20221209_143805,2095.0,0.054081365
4009,J17,DR_20221209_143805,2096.0,0.11471585
4010,J18,DR_20221209_143805,2097.0,-0.021477563
4011,J18,DR_20221209_143805,2098.0,-0.030093387
4012,J18,DR_20221209_143805,2099.0,0.005822444
4013,J18,DR_20221209_143805,2100.0,0.0055493745
4014,J18,DR_20221209_143805,2101.0,0.016268605
4015,J18,DR_20221209_143805,2102.0,0.002497214
4016,J18,DR_20221209_143805,2103.0,-0.0066076904
4017,J18,DR_20221209_143805,2104.0,0.018382689
4018,J18,DR_20221209_143805,2105.0,-0.013084371
4019,J19,DR_20221209_143805,2106.0,-0.009079978
4020,J19,DR_20221209_143805,2107.0,0.040316336
4021,J19,DR_20221209_143805,2108.0,0.0119720325
4022,J19,DR_20221209_143805,2109.0,-0.02142866
4023,J19,DR_20221209_143805,2110.0,-0.0059598507
4024,J19,DR_20221209_143805,2111.0,-0.011639842
4025,J19,DR_20221209_143805,2112.0,0.099984996
4026,J19,DR_20221209_143805,2113.0,-0.01697323
4027,J19,DR_20221209_143805,2114.0,-0.01338636
4028,J20,DR_20221209_143805,2115.0,0.03904193
4029,J20,DR_20221209_143805,2116.0,-0.0047414866
4030,J20,DR_20221209_143805,2117.0,0.038320918
4031,J20,DR_20221209_143805,2118.0,0.018445028
4032,J20,DR_20221209_143805,2119.0,-0.0067889336
4033,J20,DR_20221209_143805,2120.0,0.05738581
4034,J20,DR_20221209_143805,2121.0,0.020418588
4035,J20,DR_20221209_143805,2122.0,0.0260516
4036,J20,DR_20221209_143805,2123.0,-0.0008653294
4037,J21,DR_20221209_143805,2124.0,0.03728909
4038,J21,DR_20221209_143805,2125.0,-0.016968137
4039,J21,DR_20221209_143805,2126.0,0.0027449422
4040,J21,DR_20221209_143805,2127.0,-0.017779777
4041,J21,DR_20221209_143805,2128.0,-0.009766458
4042,J21,DR_20221209_143805,2129.0,0.0095429355
4043,J21,DR_20221209_143805,2130.0,0.026104447
4044,J21,DR_20221209_143805,2131.0,0.06363649
4045,J21,DR_20221209_143805,2132.0,0.14936939
4046,J22,DR_20221209_143805,2133.0,0.028888104
4047,J22,DR_20221209_143805,2134.0,-0.009567564
4048,J22,DR_20221209_143805,2135.0,-0.01987763
4049,J22,DR_20221209_143805,2136.0,0.0011828894
4050,J22,DR_20221209_143805,2137.0,-0.0071912752
4051,J22,DR_20221209_143805,2138.0,0.00051170256
4052,J22,DR_20221209_143805,2139.0,-0.019410156
4053,J22,DR_20221209_143805,2140.0,-0.0011572844
4054,J22,DR_20221209_143805,2141.0,-0.0042966376
4091,K04,DR_20221209_143805,2187.0,0.00839568
4092,K04,DR_20221209_143805,2188.0,0.0026756297
4093,K04,DR_20221209_143805,2189.0,-0.019362178
4094,K04,DR_20221209_143805,2190.0,0.016964255
4095,K04,DR_20221209_143805,2191.0,-0.0048347823
4096,K04,DR_20221209_143805,2192.0,-0.0043769036
4097,K04,DR_20221209_143805,2193.0,0.118297696
4098,K04,DR_20221209_143805,2194.0,-0.030741615
4099,K04,DR_20221209_143805,2195.0,-0.0059658783
4100,K05,DR_20221209_143805,2196.0,0.009535904
4101,K05,DR_20221209_143805,2197.0,0.012303397
4102,K05,DR_20221209_143805,2198.0,0.048451927
4103,K05,DR_20221209_143805,2199.0,-0.034678116
4104,K05,DR_20221209_143805,2200.0,0.011532891
4105,K05,DR_20221209_143805,2201.0,-0.010376575
4106,K05,DR_20221209_143805,2202.0,0.020692976
4107,K05,DR_20221209_143805,2203.0,-0.01568207
4108,K05,DR_20221209_143805,2204.0,-0.019468972
4109,K06,DR_20221209_143805,2205.0,0.026359068
4110,K06,DR_20221209_143805,2206.0,-0.013880347
4111,K06,DR_20221209_143805,2207.0,0.00815124
4112,K06,DR_20221209_143805,2208.0,-0.020346886
4113,K06,DR_20221209_143805,2209.0,-0.030600501
4114,K06,DR_20221209_143805,2210.0,0.027714312
4115,K06,DR_20221209_143805,2211.0,-0.01813902
4116,K06,DR_20221209_143805,2212.0,-0.0100288205
4117,K06,DR_20221209_143805,2213.0,-0.0038697468
4118,K07,DR_20221209_143805,2214.0,0.014576403
4119,K07,DR_20221209_143805,2215.0,-0.010655613
4120,K07,DR_20221209_143805,2216.0,0.011568994
4121,K07,DR_20221209_143805,2217.0,-0.011541421
4122,K07,DR_20221209_143805,2218.0,-0.03584669
4123,K07,DR_20221209_143805,2219.0,0.044453118
4124,K07,DR_20221209_143805,2220.0,-0.01297041
4125,K07,DR_20221209_143805,2221.0,0.015308172
4126,K07,DR_20221209_143805,2222.0,-0.007514517
4127,K08,DR_20221209_143805,2223.0,-0.05651447
4128,K08,DR_20221209_143805,2224.0,-0.0059366277
4129,K08,DR_20221209_143805,2225.0,-0.0016957845
4130,K08,DR_20221209_143805,2226.0,-0.0017460752
4131,K08,DR_20221209_143805,2227.0,-0.051855743
4132,K08,DR_20221209_143805,2228.0,0.015532996
4133,K08,DR_20221209_143805,2229.0,0.057136822
4134,K08,DR_20221209_143805,2230.0,0.026443742
4135,K08,DR_20221209_143805,2231.0,-0.024329621
4136,K09,DR_20221209_143805,2232.0,0.0030313262
4137,K09,DR_20221209_143805,2233.0,-0.05988097
4138,K09,DR_20221209_143805,2234.0,0.03845726
4139,K09,DR_20221209_143805,2235.0,-0.03751991
4140,K09,DR_20221209_143805,2236.0,-0.082179844
4141,K09,DR_20221209_143805,2237.0,-0.025946718
4142,K09,DR_20221209_143805,2238.0,-0.0028289298
4143,K09,DR_20221209_143805,2239.0,0.025907857
4144,K09,DR_20221209_143805,2240.0,0.0050120554
4145,K10,DR_20221209_143805,2241.0,-0.026665851
4146,K10,DR_20221209_143805,2242.0,-0.03442459
4147,K10,DR_20221209_143805,2243.0,-0.0073837014
4148,K10,DR_20221209_143805,2244.0,0.048826218
4149,K10,DR_20221209_143805,2245.0,-0.00916904
4150,K10,DR_20221209_143805,2246.0,0.0031417978
4151,K10,DR_20221209_143805,2247.0,0.009020514
4152,K10,DR_20221209_143805,2248.0,0.031207295
4153,K10,DR_20221209_143805,2249.0,0.01674422
4154,K11,DR_20221209_143805,2250.0,0.037508752
4155,K11,DR_20221209_143805,2251.0,0.00050400174
4156,K11,DR_20221209_143805,2252.0,-0.0030626769
4157,K11,DR_20221209_143805,2253.0,0.015535013
4158,K11,DR_20221209_143805,2254.0,-0.014142634
4159,K11,DR_20221209_143805,2255.0,-0.031561546
4160,K11,DR_20221209_143805,2256.0,0.055428658
4161,K11,DR_20221209_143805,2257.0,0.03002386
4162,K11,DR_20221209_143805,2258.0,0.16898766
4163,K12,DR_20221209_143805,2259.0,-0.0050290534
4164,K12,DR_20221209_143805,2260.0,0.23922914
4165,K12,DR_20221209_143805,2261.0,0.038589265
4166,K12,DR_20221209_143805,2262.0,-0.0030043821
4167,K12,DR_20221209_143805,2263.0,-0.06005937
4168,K12,DR_20221209_143805,2264.0,-0.034018464
4169,K12,DR_20221209_143805,2265.0,0.13738649
4170,K12,DR_20221209_143805,2266.0,-0.0008742457
4171,K12,DR_20221209_143805,2267.0,-0.014145442
4172,K14,DR_20221209_143805,2277.0,-0.007161191
4173,K14,DR_20221209_143805,2278.0,-0.016683929
4174,K14,DR_20221209_143805,2279.0,0.006383576
4175,K14,DR_20221209_143805,2280.0,-0.060851745
4176,K14,DR_20221209_143805,2281.0,-0.010810847
4177,K14,DR_20221209_143805,2282.0,-0.0032783775
4178,K14,DR_20221209_143805,2283.0,-0.0058835465
4179,K14,DR_20221209_143805,2284.0,-0.020768048
4180,K14,DR_20221209_143805,2285.0,-0.000546874
4181,K18,DR_20221209_143805,2313.0,-0.028731447
4182,K18,DR_20221209_143805,2314.0,-0.0020723906
4183,K18,DR_20221209_143805,2315.0,-0.037892707
4184,K18,DR_20221209_143805,2316.0,-0.05160148
4185,K18,DR_20221209_143805,2317.0,-0.058098234
4186,K18,DR_20221209_143805,2318.0,0.058844194
4187,K18,DR_20221209_143805,2319.0,-0.04576566
4188,K18,DR_20221209_143805,2320.0,-0.029854244
4189,K18,DR_20221209_143805,2321.0,-0.036427855
4190,K19,DR_20221209_143805,2322.0,-0.0142531805
4191,K19,DR_20221209_143805,2323.0,-0.0060979733
4192,K19,DR_20221209_143805,2324.0,-0.018518765
4193,K19,DR_20221209_143805,2325.0,0.0022425007
4194,K19,DR_20221209_143805,2326.0,-0.0017895203
4195,K19,DR_20221209_143805,2327.0,0.029684355
4196,K19,DR_20221209_143805,2328.0,-0.02176244
4197,K19,DR_20221209_143805,2329.0,-0.005904731
4198,K19,DR_20221209_143805,2330.0,-0.018139226
4199,K20,DR_20221209_143805,2331.0,-0.0066665336
4200,K20,DR_20221209_143805,2332.0,-0.00616276
4201,K20,DR_20221209_143805,2333.0,0.0042946306
4202,K20,DR_20221209_143805,2334.0,-0.015589331
4203,K20,DR_20221209_143805,2335.0,0.07934295
4204,K20,DR_20221209_143805,2336.0,-0.05927978
4205,K20,DR_20221209_143805,2337.0,-0.0165497
4206,K20,DR_20221209_143805,2338.0,0.019171812
4207,K20,DR_20221209_143805,2339.0,-0.0077883992
4208,K21,DR_20221209_143805,2340.0,0.0073512634
4209,K21,DR_20221209_143805,2341.0,-0.011787944
4210,K21,DR_20221209_143805,2342.0,-0.009771828
4211,K21,DR_20221209_143805,2343.0,-0.0054448047
4212,K21,DR_20221209_143805,2344.0,0.008594171
4213,K21,DR_20221209_143805,2345.0,0.0046821507
4214,K21,DR_20221209_143805,2346.0,0.0031844126
4215,K21,DR_20221209_143805,2347.0,0.039459772
4216,K21,DR_20221209_143805,2348.0,0.0783033
4217,K22,DR_20221209_143805,2349.0,0.36875153
4218,K22,DR_20221209_143805,2350.0,-0.023841754
4219,K22,DR_20221209_143805,2351.0,0.00033357786
4220,K22,DR_20221209_143805,2352.0,-0.0078076515
4221,K22,DR_20221209_143805,2353.0,-0.06850047
4222,K22,DR_20221209_143805,2354.0,-0.023386087
4223,K22,DR_20221209_143805,2355.0,-0.0039378274
4224,K22,DR_20221209_143805,2356.0,-0.013778898
4225,K22,DR_20221209_143805,2357.0,-0.047536824
4262,L04,DR_20221209_143805,2403.0,0.013384335
4263,L04,DR_20221209_143805,2404.0,-0.012274187
4264,L04,DR_20221209_143805,2405.0,0.00558189
4265,L04,DR_20221209_143805,2406.0,-0.010404116
4266,L04,DR_20221209_143805,2407.0,-0.0121762995
4267,L04,DR_20221209_143805,2408.0,0.07124095
4268,L04,DR_20221209_143805,2409.0,-0.008881626
4269,L04,DR_20221209_143805,2410.0,-0.029111193
4270,L04,DR_20221209_143805,2411.0,-0.011547615
4271,L05,DR_20221209_143805,2412.0,-0.020647079
4272,L05,DR_20221209_143805,2413.0,-0.019324908
4273,L05,DR_20221209_143805,2414.0,0.0078077684
4274,L05,DR_20221209_143805,2415.0,0.041366037
4275,L05,DR_20221209_143805,2416.0,0.013953888
4276,L05,DR_20221209_143805,2417.0,0.00583739
4277,L05,DR_20221209_143805,2418.0,-0.019678716
4278,L05,DR_20221209_143805,2419.0,-0.018043742
4279,L05,DR_20221209_143805,2420.0,-0.0082639605
4280,L06,DR_20221209_143805,2421.0,-0.0037889732
4281,L06,DR_20221209_143805,2422.0,-0.038093228
4282,L06,DR_20221209_143805,2423.0,0.01332573
4283,L06,DR_20221209_143805,2424.0,-0.017297832
4284,L06,DR_20221209_143805,2425.0,-0.0033291674
4285,L06,DR_20221209_143805,2426.0,-0.03408464
4286,L06,DR_20221209_143805,2427.0,0.0022723225
4287,L06,DR_20221209_143805,2428.0,-0.016866546
4288,L06,DR_20221209_143805,2429.0,-0.004151207
4289,L07,DR_20221209_143805,2430.0,0.0077958354
4290,L07,DR_20221209_143805,2431.0,-0.03170499
4291,L07,DR_20221209_143805,2432.0,0.22945999
4292,L07,DR_20221209_143805,2433.0,-0.004506865
4293,L07,DR_20221209_143805,2434.0,-0.037996348
4294,L07,DR_20221209_143805,2435.0,-0.051577557
4295,L07,DR_20221209_143805,2436.0,-0.002490723
4296,L07,DR_20221209_143805,2437.0,-0.043044012
4297,L07,DR_20221209_143805,2438.0,0.03981992
4298,L08,DR_20221209_143805,2439.0,0.020476865
4299,L08,DR_20221209_143805,2440.0,-0.029382622
4300,L08,DR_20221209_143805,2441.0,0.025019333
4301,L08,DR_20221209_143805,2442.0,-0.028531697
4302,L08,DR_20221209_143805,2443.0,-0.04699985
4303,L08,DR_20221209_143805,2444.0,0.014073242
4304,L08,DR_20221209_143805,2445.0,-0.014427058
4305,L08,DR_20221209_143805,2446.0,-0.018291585
4306,L08,DR_20221209_143805,2447.0,-0.0029317078
4307,L09,DR_20221209_143805,2448.0,0.13740228
4308,L09,DR_20221209_143805,2449.0,0.006569644
4309,L09,DR_20221209_143805,2450.0,0.10746358
4310,L09,DR_20221209_143805,2451.0,-0.005495677
4311,L09,DR_20221209_143805,2452.0,0.0004506179
4312,L09,DR_20221209_143805,2453.0,0.011226051
4313,L09,DR_20221209_143805,2454.0,0.012781328
4314,L09,DR_20221209_143805,2455.0,0.0014367697
4315,L09,DR_20221209_143805,2456.0,-0.0014175299
4316,L10,DR_20221209_143805,2457.0,0.010535794
4317,L10,DR_20221209_143805,2458.0,0.08979913
4318,L10,DR_20221209_143805,2459.0,0.02187398
4319,L10,DR_20221209_143805,2460.0,0.08181397
4320,L10,DR_20221209_143805,2461.0,0.022301458
4321,L10,DR_20221209_143805,2462.0,0.033812307
4322,L10,DR_20221209_143805,2463.0,0.106515154
4323,L10,DR_20221209_143805,2464.0,0.061218735
4324,L10,DR_20221209_143805,2465.0,-0.02022846
4325,L11,DR_20221209_143805,2466.0,0.029914338
4326,L11,DR_20221209_143805,2467.0,0.03147875
4327,L11,DR_20221209_143805,2468.0,0.0061364793
4328,L11,DR_20221209_143805,2469.0,0.01945137
4329,L11,DR_20221209_143805,2470.0,-0.023326183
4330,L11,DR_20221209_143805,2471.0,0.004602939
4331,L11,DR_20221209_143805,2472.0,0.015523965
4332,L11,DR_20221209_143805,2473.0,0.010699971
4333,L11,DR_20221209_143805,2474.0,-0.022440664
4334,L12,DR_20221209_143805,2475.0,-0.03961431
4335,L12,DR_20221209_143805,2476.0,0.010626737
4336,L12,DR_20221209_143805,2477.0,0.04318715
4337,L12,DR_20221209_143805,2478.0,0.044197634
4338,L12,DR_20221209_143805,2479.0,-0.07602932
4339,L12,DR_20221209_143805,2480.0,0.059084162
4340,L12,DR_20221209_143805,2481.0,0.11034558
4341,L12,DR_20221209_143805,2482.0,0.114227794
4342,L12,DR_20221209_143805,2483.0,0.06300171
4343,L13,DR_20221209_143805,2484.0,-0.008295004
4344,L13,DR_20221209_143805,2485.0,-0.031077337
4345,L13,DR_20221209_143805,2486.0,0.0076153013
4346,L13,DR_20221209_143805,2487.0,-0.007989445
4347,L13,DR_20221209_143805,2488.0,-7.750144e-05
4348,L13,DR_20221209_143805,2489.0,0.0027289584
4349,L13,DR_20221209_143805,2490.0,-0.0025509906
4350,L13,DR_20221209_143805,2491.0,-0.0024327324
4351,L13,DR_20221209_143805,2492.0,0.019666374
4352,L18,DR_20221209_143805,2529.0,-0.03083433
4353,L18,DR_20221209_143805,2530.0,-0.014862859
4354,L18,DR_20221209_143805,2531.0,0.20395122
4355,L18,DR_20221209_143805,2532.0,0.011518664
4356,L18,DR_20221209_143805,2533.0,-0.052269578
4357,L18,DR_20221209_143805,2534.0,0.023634661
4358,L18,DR_20221209_143805,2535.0,-0.027652431
4359,L18,DR_20221209_143805,2536.0,0.0053900834
4360,L18,DR_20221209_143805,2537.0,-0.0058217915
4361,L19,DR_20221209_143805,2538.0,0.04497382
4362,L19,DR_20221209_143805,2539.0,-0.01144765
4363,L19,DR_20221209_143805,2540.0,-0.012398229
4364,L19,DR_20221209_143805,2541.0,0.012682262
4365,L19,DR_20221209_143805,2542.0,-0.00925856
4366,L19,DR_20221209_143805,2543.0,-0.0042681047
4367,L19,DR_20221209_143805,2544.0,0.023467373
4368,L19,DR_20221209_143805,2545.0,-0.015262733
4369,L19,DR_20221209_143805,2546.0,-0.0039715166
4370,L22,DR_20221209_143805,2565.0,0.1477138
4371,L22,DR_20221209_143805,2566.0,-0.0150051555
4372,L22,DR_20221209_143805,2567.0,0.30689758
4373,L22,DR_20221209_143805,2568.0,0.0018584116
4374,L22,DR_20221209_143805,2569.0,0.012481392
4375,L22,DR_20221209_143805,2570.0,-0.0091474
4376,L22,DR_20221209_143805,2571.0,0.061129767
4377,L22,DR_20221209_143805,2572.0,0.0032215093
4378,L22,DR_20221209_143805,2573.0,0.0047022672
4415,M03,DR_20221209_143805,2610.0,0.054744434
4416,M03,DR_20221209_143805,2611.0,0.14687364
4417,M03,DR_20221209_143805,2612.0,0.11838679
4418,M03,DR_20221209_143805,2613.0,-0.07222412
4419,M03,DR_20221209_143805,2614.0,0.21618147
4420,M03,DR_20221209_143805,2615.0,0.14011073
4421,M03,DR_20221209_143805,2616.0,0.07551699
4422,M03,DR_20221209_143805,2617.0,-0.012118445
4423,M03,DR_20221209_143805,2618.0,-0.067859955
4424,M04,DR_20221209_143805,2619.0,-0.007171991
4425,M04,DR_20221209_143805,2620.0,0.061782707
4426,M04,DR_20221209_143805,2621.0,0.09287486
4427,M04,DR_20221209_143805,2622.0,0.13388754
4428,M04,DR_20221209_143805,2623.0,0.5459426
4429,M04,DR_20221209_143805,2624.0,0.50146854
4430,M04,DR_20221209_143805,2625.0,0.5416877
4431,M04,DR_20221209_143805,2626.0,0.33512756
4432,M04,DR_20221209_143805,2627.0,-0.036273792
4433,M05,DR_20221209_143805,2628.0,0.09286339
4434,M05,DR_20221209_143805,2629.0,0.05024561
4435,M05,DR_20221209_143805,2630.0,-0.020090345
4436,M05,DR_20221209_143805,2631.0,-0.027440295
4437,M05,DR_20221209_143805,2632.0,-0.045700546
4438,M05,DR_20221209_143805,2633.0,0.39127156
4439,M05,DR_20221209_143805,2634.0,0.15145557
4440,M05,DR_20221209_143805,2635.0,0.13788596
4441,M05,DR_20221209_143805,2636.0,0.016427698
4442,M06,DR_20221209_143805,2637.0,0.24869446
4443,M06,DR_20221209_143805,2638.0,-0.12915802
4444,M06,DR_20221209_143805,2639.0,-0.036149256
4445,M06,DR_20221209_143805,2640.0,0.1063961
4446,M06,DR_20221209_143805,2641.0,0.06838069
4447,M06,DR_20221209_143805,2642.0,-0.03858313
4448,M06,DR_20221209_143805,2643.0,0.022612905
4449,M06,DR_20221209_143805,2644.0,-0.023130802
4450,M06,DR_20221209_143805,2645.0,0.0001417447
4451,M07,DR_20221209_143805,2646.0,-0.037903007
4452,M07,DR_20221209_143805,2647.0,-0.01590211
4453,M07,DR_20221209_143805,2648.0,0.08637956
4454,M07,DR_20221209_143805,2649.0,0.054859348
4455,M07,DR_20221209_143805,2650.0,0.029315079
4456,M07,DR_20221209_143805,2651.0,-0.07788117
4457,M07,DR_20221209_143805,2652.0,-0.08866567
4458,M07,DR_20221209_143805,2653.0,0.1389648
4459,M07,DR_20221209_143805,2654.0,0.032371692
4460,M08,DR_20221209_143805,2655.0,0.09879109
4461,M08,DR_20221209_143805,2656.0,0.030892335
4462,M08,DR_20221209_143805,2657.0,0.016604006
4463,M08,DR_20221209_143805,2658.0,-0.050786108
4464,M08,DR_20221209_143805,2659.0,-0.03739778
4465,M08,DR_20221209_143805,2660.0,-0.0034435475
4466,M08,DR_20221209_143805,2661.0,0.052431207
4467,M08,DR_20221209_143805,2662.0,-0.027736232
4468,M08,DR_20221209_143805,2663.0,0.08127663
4469,M09,DR_20221209_143805,2664.0,0.11649689
4470,M09,DR_20221209_143805,2665.0,0.008632479
4471,M09,DR_20221209_143805,2666.0,0.004819443
4472,M09,DR_20221209_143805,2667.0,0.0037879464
4473,M09,DR_20221209_143805,2668.0,-0.03826162
4474,M09,DR_20221209_143805,2669.0,-0.00473826
4475,M09,DR_20221209_143805,2670.0,-0.000245834
4476,M09,DR_20221209_143805,2671.0,0.14058197
4477,M09,DR_20221209_143805,2672.0,0.0015421023
4478,M10,DR_20221209_143805,2673.0,-0.016256556
4479,M10,DR_20221209_143805,2674.0,-0.0913314
4480,M10,DR_20221209_143805,2675.0,0.0033711845
4481,M10,DR_20221209_143805,2676.0,0.0021059825
4482,M10,DR_20221209_143805,2677.0,-0.07223277
4483,M10,DR_20221209_143805,2678.0,0.0021577955
4484,M10,DR_20221209_143805,2679.0,-0.030319901
4485,M10,DR_20221209_143805,2680.0,0.016580733
4486,M10,DR_20221209_143805,2681.0,0.12559135
4487,M11,DR_20221209_143805,2682.0,-0.0015767938
4488,M11,DR_20221209_143805,2683.0,0.046301987
4489,M11,DR_20221209_143805,2684.0,-0.008950725
4490,M11,DR_20221209_143805,2685.0,0.020086495
4491,M11,DR_20221209_143805,2686.0,-0.099308275
4492,M11,DR_20221209_143805,2687.0,0.030871755
4493,M11,DR_20221209_143805,2688.0,0.014093858
4494,M11,DR_20221209_143805,2689.0,-0.0036267117
4495,M11,DR_20221209_143805,2690.0,-0.013366733
4496,M12,DR_20221209_143805,2691.0,0.0076141283
4497,M12,DR_20221209_143805,2692.0,0.1473545
4498,M12,DR_20221209_143805,2693.0,0.02973362
4499,M12,DR_20221209_143805,2694.0,0.0882288
4500,M12,DR_20221209_143805,2695.0,-0.026620667
4501,M12,DR_20221209_143805,2696.0,0.018076222
4502,M12,DR_20221209_143805,2697.0,-0.008403858
4503,M12,DR_20221209_143805,2698.0,-0.016124802
4504,M12,DR_20221209_143805,2699.0,0.0287527
4514,N03,DR_20221209_143805,2718.0,-0.0086753145
4515,N03,DR_20221209_143805,2719.0,-0.068399645
4516,N03,DR_20221209_143805,2720.0,0.029181642
4517,N03,DR_20221209_143805,2721.0,0.06086891
4518,N03,DR_20221209_143805,2722.0,-0.10059994
4519,N03,DR_20221209_143805,2723.0,0.12460313
4520,N03,DR_20221209_143805,2724.0,-0.0045857914
4521,N03,DR_20221209_143805,2725.0,-0.03695265
4522,N03,DR_20221209_143805,2726.0,0.055233292
4523,N04,DR_20221209_143805,2727.0,0.12959404
4524,N04,DR_20221209_143805,2728.0,0.088989325
4525,N04,DR_20221209_143805,2729.0,0.29503903
4526,N04,DR_20221209_143805,2730.0,0.10250071
4527,N04,DR_20221209_143805,2731.0,-0.12783189
4528,N04,DR_20221209_143805,2732.0,0.28320003
4529,N04,DR_20221209_143805,2733.0,-0.01937189
4530,N04,DR_20221209_143805,2734.0,-0.00878841
4531,N04,DR_20221209_143805,2735.0,-0.009752479
4532,N05,DR_20221209_143805,2736.0,0.037283722
4533,N05,DR_20221209_143805,2737.0,0.010720426
4534,N05,DR_20221209_143805,2738.0,0.02931396
4535,N05,DR_20221209_143805,2739.0,-0.0012193666
4536,N05,DR_20221209_143805,2740.0,0.53967917
4537,N05,DR_20221209_143805,2741.0,0.25165445
4538,N05,DR_20221209_143805,2742.0,-0.03308146
4539,N05,DR_20221209_143805,2743.0,0.068672925
4540,N05,DR_20221209_143805,2744.0,-0.01160569
4541,N06,DR_20221209_143805,2745.0,0.03534388
4542,N06,DR_20221209_143805,2746.0,0.056515485
4543,N06,DR_20221209_143805,2747.0,0.033485852
4544,N06,DR_20221209_143805,2748.0,-0.01663913
4545,N06,DR_20221209_143805,2749.0,0.17815094
4546,N06,DR_20221209_143805,2750.0,0.037402093
4547,N06,DR_20221209_143805,2751.0,0.24832833
4548,N06,DR_20221209_143805,2752.0,0.15551439
4549,N06,DR_20221209_143805,2753.0,0.057123687
4550,N07,DR_20221209_143805,2754.0,-0.0692241
4551,N07,DR_20221209_143805,2755.0,0.052475188
4552,N07,DR_20221209_143805,2756.0,0.047654945
4553,N07,DR_20221209_143805,2757.0,-0.016315106
4554,N07,DR_20221209_143805,2758.0,0.020817688
4555,N07,DR_20221209_143805,2759.0,-0.022532865
4556,N07,DR_20221209_143805,2760.0,0.010505766
4557,N07,DR_20221209_143805,2761.0,-0.0031040048
4558,N07,DR_20221209_143805,2762.0,0.15649344
4559,N08,DR_20221209_143805,2763.0,-0.010072628
4560,N08,DR_20221209_143805,2764.0,0.027392114
4561,N08,DR_20221209_143805,2765.0,0.09862362
4562,N08,DR_20221209_143805,2766.0,-0.01941075
4563,N08,DR_20221209_143805,2767.0,-0.039445892
4564,N08,DR_20221209_143805,2768.0,0.07028735
4565,N08,DR_20221209_143805,2769.0,-0.025167607
4566,N08,DR_20221209_143805,2770.0,0.017634016
4567,N08,DR_20221209_143805,2771.0,0.013985126
4568,N09,DR_20221209_143805,2772.0,-0.04234987
4569,N09,DR_20221209_143805,2773.0,-0.042640578
4570,N09,DR_20221209_143805,2774.0,0.04625403
4571,N09,DR_20221209_143805,2775.0,0.14022075
4572,N09,DR_20221209_143805,2776.0,-0.06388465
4573,N09,DR_20221209_143805,2777.0,-0.015613328
4574,N09,DR_20221209_143805,2778.0,0.069472246
4575,N09,DR_20221209_143805,2779.0,-0.060227565
4576,N09,DR_20221209_143805,2780.0,0.050063387
4577,N10,DR_20221209_143805,2781.0,0.06641858
4578,N10,DR_20221209_143805,2782.0,0.24808313
4579,N10,DR_20221209_143805,2783.0,0.014880286
4580,N10,DR_20221209_143805,2784.0,0.0094494615
4581,N10,DR_20221209_143805,2785.0,-0.00255087
4582,N10,DR_20221209_143805,2786.0,-0.013660289
4583,N10,DR_20221209_143805,2787.0,0.11520262
4584,N10,DR_20221209_143805,2788.0,0.026416937
4585,N10,DR_20221209_143805,2789.0,0.015181925
4586,N11,DR_20221209_143805,2790.0,0.1103549
4587,N11,DR_20221209_143805,2791.0,0.42894197
4588,N11,DR_20221209_143805,2792.0,-0.012103394
4589,N11,DR_20221209_143805,2793.0,0.0683648
4590,N11,DR_20221209_143805,2794.0,-0.04807051
4591,N11,DR_20221209_143805,2795.0,0.06365205
4592,N11,DR_20221209_143805,2796.0,0.008602134
4593,N11,DR_20221209_143805,2797.0,0.15079693
4594,N11,DR_20221209_143805,2798.0,0.083676174
4595,N12,DR_20221209_143805,2799.0,-0.026097864
4596,N12,DR_20221209_143805,2800.0,0.03942707
4597,N12,DR_20221209_143805,2801.0,0.008274394
4598,N12,DR_20221209_143805,2802.0,-0.0061747255
4599,N12,DR_20221209_143805,2803.0,-0.043926746
4600,N12,DR_20221209_143805,2804.0,0.010667214
4601,N12,DR_20221209_143805,2805.0,-0.001570969
4602,N12,DR_20221209_143805,2806.0,0.037086498
4603,N12,DR_20221209_143805,2807.0,-0.008801009
4622,O04,DR_20221209_143805,2835.0,0.033530623
4623,O04,DR_20221209_143805,2836.0,0.02787978
4624,O04,DR_20221209_143805,2837.0,-0.017431358
4625,O04,DR_20221209_143805,2838.0,0.124922596
4626,O04,DR_20221209_143805,2839.0,0.090628475
4627,O04,DR_20221209_143805,2840.0,-0.0074187266
4628,O04,DR_20221209_143805,2841.0,0.21633412
4629,O04,DR_20221209_143805,2842.0,0.24980843
4630,O04,DR_20221209_143805,2843.0,0.50566393
4631,O05,DR_20221209_143805,2844.0,0.20479025
4632,O05,DR_20221209_143805,2845.0,0.16618784
4633,O05,DR_20221209_143805,2846.0,0.060891036
4634,O05,DR_20221209_143805,2847.0,-0.09275318
4635,O05,DR_20221209_143805,2848.0,0.063058995
4636,O05,DR_20221209_143805,2849.0,0.06439583
4637,O05,DR_20221209_143805,2850.0,-0.016263401
4638,O05,DR_20221209_143805,2851.0,0.095783405
4639,O05,DR_20221209_143805,2852.0,0.013528691
4640,O06,DR_20221209_143805,2853.0,0.022694565
4641,O06,DR_20221209_143805,2854.0,-0.029849574
4642,O06,DR_20221209_143805,2855.0,0.05662068
4643,O06,DR_20221209_143805,2856.0,-0.039964132
4644,O06,DR_20221209_143805,2857.0,0.014053663
4645,O06,DR_20221209_143805,2858.0,0.60226095
4646,O06,DR_20221209_143805,2859.0,0.06303569
4647,O06,DR_20221209_143805,2860.0,0.0071783294
4648,O06,DR_20221209_143805,2861.0,0.024051877
4649,O07,DR_20221209_143805,2862.0,-0.017421791
4650,O07,DR_20221209_143805,2863.0,-0.016204637
4651,O07,DR_20221209_143805,2864.0,0.18441626
4652,O07,DR_20221209_143805,2865.0,0.047767155
4653,O07,DR_20221209_143805,2866.0,0.05260246
4654,O07,DR_20221209_143805,2867.0,0.03961011
4655,O07,DR_20221209_143805,2868.0,0.027259966
4656,O07,DR_20221209_143805,2869.0,0.05591396
4657,O07,DR_20221209_143805,2870.0,0.124133095
4658,O08,DR_20221209_143805,2871.0,0.03234763
4659,O08,DR_20221209_143805,2872.0,-0.00096439914
4660,O08,DR_20221209_143805,2873.0,0.020288566
4661,O08,DR_20221209_143805,2874.0,0.013724592
4662,O08,DR_20221209_143805,2875.0,-0.012149809
4663,O08,DR_20221209_143805,2876.0,-0.0013785181
4664,O08,DR_20221209_143805,2877.0,0.05396619
4665,O08,DR_20221209_143805,2878.0,-0.004029568
4666,O08,DR_20221209_143805,2879.0,-0.00024113656
4667,O09,DR_20221209_143805,2880.0,0.009014564
4668,O09,DR_20221209_143805,2881.0,0.026905788
4669,O09,DR_20221209_143805,2882.0,0.2624541
4670,O09,DR_20221209_143805,2883.0,-0.0058374926
4671,O09,DR_20221209_143805,2884.0,0.05770812
4672,O09,DR_20221209_143805,2885.0,-0.029781077
4673,O09,DR_20221209_143805,2886.0,0.0213781
4674,O09,DR_20221209_143805,2887.0,-0.053122368
4675,O09,DR_20221209_143805,2888.0,-0.015254505
4676,O12,DR_20221209_143805,2907.0,-0.023990298
4677,O12,DR_20221209_143805,2908.0,-0.08172497
4678,O12,DR_20221209_143805,2909.0,0.02790853
4679,O12,DR_20221209_143805,2910.0,-0.009216498
4680,O12,DR_20221209_143805,2911.0,-0.009856537
4681,O12,DR_20221209_143805,2912.0,-0.0073205493
4682,O12,DR_20221209_143805,2913.0,0.047452047
4683,O12,DR_20221209_143805,2914.0,0.0035594038
4684,O12,DR_20221209_143805,2915.0,-0.03313245
