,Image_Metadata_WellID,Image_Metadata_PlateID,ImageNumber,score
1941,A03,DR_20221209_143805,19.0,-1.702103e-05
1942,A03,DR_20221209_143805,20.0,1.7284334e-05
1943,A03,DR_20221209_143805,21.0,0.00013545193
1944,A03,DR_20221209_143805,22.0,0.57332504
1945,A03,DR_20221209_143805,23.0,1.7284334e-05
1946,A03,DR_20221209_143805,24.0,0.000101146565
1947,A03,DR_20221209_143805,25.0,0.02332259
1948,A03,DR_20221209_143805,26.0,0.38500875
1949,A03,DR_20221209_143805,27.0,0.6488166
1950,A04,DR_20221209_143805,28.0,0.59323156
1951,A04,DR_20221209_143805,29.0,0.46970487
1952,A04,DR_20221209_143805,30.0,0.37811303
1953,A04,DR_20221209_143805,31.0,0.6886185
1954,A04,DR_20221209_143805,32.0,0.72458607
1955,A04,DR_20221209_143805,33.0,0.3437908
1956,A04,DR_20221209_143805,34.0,0.7519799
1957,A04,DR_20221209_143805,35.0,0.96297723
1958,A04,DR_20221209_143805,36.0,0.97337645
1959,A05,DR_20221209_143805,37.0,0.44776604
1960,A05,DR_20221209_143805,38.0,0.91078687
1961,A05,DR_20221209_143805,39.0,0.87937933
1962,A05,DR_20221209_143805,40.0,0.9312685
1963,A05,DR_20221209_143805,41.0,0.9235369
1964,A05,DR_20221209_143805,42.0,1.0428461
1965,A05,DR_20221209_143805,43.0,0.3018041
1966,A05,DR_20221209_143805,44.0,1.0083907
1967,A05,DR_20221209_143805,45.0,0.93389046
1968,A06,DR_20221209_143805,46.0,0.6926645
1969,A06,DR_20221209_143805,47.0,0.7375536
1970,A06,DR_20221209_143805,48.0,0.9246508
1971,A06,DR_20221209_143805,49.0,0.9431483
1972,A06,DR_20221209_143805,50.0,0.9246508
1973,A06,DR_20221209_143805,51.0,1.0755141
1974,A06,DR_20221209_143805,52.0,0.5747387
1975,A06,DR_20221209_143805,53.0,0.41675714
1976,A06,DR_20221209_143805,54.0,0.9799743
1977,A07,DR_20221209_143805,55.0,0.96686816
1978,A07,DR_20221209_143805,56.0,1.0197524
1979,A07,DR_20221209_143805,57.0,0.9246317
1980,A07,DR_20221209_143805,58.0,1.0086586
1981,A07,DR_20221209_143805,59.0,0.9241143
1982,A07,DR_20221209_143805,60.0,0.91090506
1983,A07,DR_20221209_143805,61.0,0.9704653
1984,A07,DR_20221209_143805,62.0,0.8788019
1985,A07,DR_20221209_143805,63.0,1.0074995
1986,A08,DR_20221209_143805,64.0,1.0695812
1987,A08,DR_20221209_143805,65.0,0.93163437
1988,A08,DR_20221209_143805,66.0,0.37450954
1989,A08,DR_20221209_143805,67.0,1.0079315
1990,A08,DR_20221209_143805,68.0,0.9312685
1991,A08,DR_20221209_143805,69.0,0.9312685
1992,A08,DR_20221209_143805,70.0,0.9717814
1993,A08,DR_20221209_143805,71.0,1.0175765
1994,A08,DR_20221209_143805,72.0,0.55534595
1995,A09,DR_20221209_143805,73.0,0.9999596
1996,A09,DR_20221209_143805,74.0,0.9999596
1997,A09,DR_20221209_143805,75.0,0.99795645
1998,A09,DR_20221209_143805,76.0,0.97893846
1999,A09,DR_20221209_143805,77.0,0.92898977
2000,A09,DR_20221209_143805,78.0,1.0082161
2001,A09,DR_20221209_143805,79.0,1.0081995
2002,A09,DR_20221209_143805,80.0,0.8225559
2003,A09,DR_20221209_143805,81.0,1.0086586
2004,A10,DR_20221209_143805,82.0,0.4445168
2005,A10,DR_20221209_143805,83.0,0.9121461
2006,A10,DR_20221209_143805,84.0,0.8066718
2007,A10,DR_20221209_143805,85.0,1.0078133
2008,A10,DR_20221209_143805,86.0,0.9970275
2009,A10,DR_20221209_143805,87.0,0.87937933
2010,A10,DR_20221209_143805,88.0,0.9999596
2011,A10,DR_20221209_143805,89.0,0.9235369
2012,A10,DR_20221209_143805,90.0,0.71354616
2013,A11,DR_20221209_143805,91.0,0.3437493
2014,A11,DR_20221209_143805,92.0,0.91078687
2015,A11,DR_20221209_143805,93.0,1.0184277
2016,A11,DR_20221209_143805,94.0,0.9984019
2017,A11,DR_20221209_143805,95.0,0.9297911
2018,A11,DR_20221209_143805,96.0,1.0037416
2019,A11,DR_20221209_143805,97.0,0.78333646
2020,A11,DR_20221209_143805,98.0,1.0795832
2021,A11,DR_20221209_143805,99.0,1.0086586
2022,A12,DR_20221209_143805,100.0,1.0164006
2023,A12,DR_20221209_143805,101.0,0.9970429
2024,A12,DR_20221209_143805,102.0,0.9816037
2025,A12,DR_20221209_143805,103.0,0.9807569
2026,A12,DR_20221209_143805,104.0,0.99847484
2027,A12,DR_20221209_143805,105.0,0.93112457
2028,A12,DR_20221209_143805,106.0,0.28742564
2029,A12,DR_20221209_143805,107.0,1.008202
2030,A12,DR_20221209_143805,108.0,1.0086586
2031,A13,DR_20221209_143805,109.0,0.969735
2032,A13,DR_20221209_143805,110.0,1.0007809
2033,A13,DR_20221209_143805,111.0,0.93398625
2034,A13,DR_20221209_143805,112.0,1.0006791
2035,A13,DR_20221209_143805,113.0,0.93025017
2036,A13,DR_20221209_143805,114.0,0.98082995
2037,A13,DR_20221209_143805,115.0,1.0036043
2038,A13,DR_20221209_143805,116.0,1.0002201
2039,A13,DR_20221209_143805,117.0,1.0086586
2040,A14,DR_20221209_143805,118.0,0.96129656
2041,A14,DR_20221209_143805,119.0,0.9805207
2042,A14,DR_20221209_143805,120.0,1.030664
2043,A14,DR_20221209_143805,121.0,0.9633466
2044,A14,DR_20221209_143805,122.0,0.99886096
2045,A14,DR_20221209_143805,123.0,0.6690037
2046,A14,DR_20221209_143805,124.0,0.9717814
2047,A14,DR_20221209_143805,125.0,0.9998342
2048,A14,DR_20221209_143805,126.0,1.0086586
2049,A15,DR_20221209_143805,127.0,0.5912957
2050,A15,DR_20221209_143805,128.0,0.76528424
2051,A15,DR_20221209_143805,129.0,0.53022504
2052,A15,DR_20221209_143805,130.0,0.9322992
2053,A15,DR_20221209_143805,131.0,0.9235369
2054,A15,DR_20221209_143805,132.0,0.9312685
2055,A15,DR_20221209_143805,133.0,0.98527646
2056,A15,DR_20221209_143805,134.0,1.008202
2057,A15,DR_20221209_143805,135.0,0.9209007
2058,A16,DR_20221209_143805,136.0,0.5564062
2059,A16,DR_20221209_143805,137.0,0.8786837
2060,A16,DR_20221209_143805,138.0,0.8786837
2061,A16,DR_20221209_143805,139.0,1.002001
2062,A16,DR_20221209_143805,140.0,0.66379255
2063,A16,DR_20221209_143805,141.0,0.96227354
2064,A16,DR_20221209_143805,142.0,1.0078158
2065,A16,DR_20221209_143805,143.0,1.0082725
2066,A16,DR_20221209_143805,144.0,0.9328688
2067,A17,DR_20221209_143805,145.0,1.0002201
2068,A17,DR_20221209_143805,146.0,0.9439353
2069,A17,DR_20221209_143805,147.0,0.9319327
2070,A17,DR_20221209_143805,148.0,0.9633466
2071,A17,DR_20221209_143805,149.0,0.9121461
2072,A17,DR_20221209_143805,150.0,0.9312685
2073,A17,DR_20221209_143805,151.0,0.8788019
2074,A17,DR_20221209_143805,152.0,0.2872582
2075,A17,DR_20221209_143805,153.0,0.3133596
2076,A18,DR_20221209_143805,154.0,0.98037076
2077,A18,DR_20221209_143805,155.0,1.008202
2078,A18,DR_20221209_143805,156.0,0.9315997
2079,A18,DR_20221209_143805,157.0,0.9633466
2080,A18,DR_20221209_143805,158.0,0.9235369
2081,A18,DR_20221209_143805,159.0,0.9241143
2082,A18,DR_20221209_143805,160.0,1.0793008
2083,A18,DR_20221209_143805,161.0,0.29010475
2084,A18,DR_20221209_143805,162.0,1.0641794
2085,A19,DR_20221209_143805,163.0,0.50038123
2086,A19,DR_20221209_143805,164.0,0.9235369
2087,A19,DR_20221209_143805,165.0,0.7711056
2088,A19,DR_20221209_143805,166.0,0.75222224
2089,A19,DR_20221209_143805,167.0,0.91285145
2090,A19,DR_20221209_143805,168.0,0.4479003
2091,A19,DR_20221209_143805,169.0,0.39154178
2092,A19,DR_20221209_143805,170.0,0.25979906
2093,A19,DR_20221209_143805,171.0,0.9235369
2094,A20,DR_20221209_143805,172.0,0.9241143
2095,A20,DR_20221209_143805,173.0,0.9247609
2096,A20,DR_20221209_143805,174.0,0.92355365
2097,A20,DR_20221209_143805,175.0,0.48889738
2098,A20,DR_20221209_143805,176.0,0.9302112
2099,A20,DR_20221209_143805,177.0,0.9629605
2100,A20,DR_20221209_143805,178.0,0.9829368
2101,A20,DR_20221209_143805,179.0,0.61225045
2102,A20,DR_20221209_143805,180.0,0.9063366
2103,A21,DR_20221209_143805,181.0,0.9672543
2104,A21,DR_20221209_143805,182.0,0.99920934
2105,A21,DR_20221209_143805,183.0,0.9515159
2106,A21,DR_20221209_143805,184.0,1.0081995
2107,A21,DR_20221209_143805,185.0,0.98037076
2108,A21,DR_20221209_143805,186.0,0.76566035
2109,A21,DR_20221209_143805,187.0,0.34659615
2110,A21,DR_20221209_143805,188.0,0.52899474
2111,A21,DR_20221209_143805,189.0,0.93192214
2112,A22,DR_20221209_143805,190.0,0.49138805
2113,A22,DR_20221209_143805,191.0,0.7742434
2114,A22,DR_20221209_143805,192.0,0.32344893
2115,A22,DR_20221209_143805,193.0,0.9225284
2116,A22,DR_20221209_143805,194.0,0.6903476
2117,A22,DR_20221209_143805,195.0,0.74348193
2118,A22,DR_20221209_143805,196.0,0.7771935
2119,A22,DR_20221209_143805,197.0,0.77099484
2120,A22,DR_20221209_143805,198.0,0.48889738
2157,B03,DR_20221209_143805,235.0,0.13350768
2158,B03,DR_20221209_143805,236.0,0.36001888
2159,B03,DR_20221209_143805,237.0,0.14922129
2160,B03,DR_20221209_143805,238.0,0.6414286
2161,B03,DR_20221209_143805,239.0,0.16138794
2162,B03,DR_20221209_143805,240.0,0.21933481
2163,B03,DR_20221209_143805,241.0,0.64048725
2164,B03,DR_20221209_143805,242.0,-0.00018492619
2165,B03,DR_20221209_143805,243.0,0.6491424
2166,B04,DR_20221209_143805,244.0,0.023897467
2167,B04,DR_20221209_143805,245.0,0.0008524145
2168,B04,DR_20221209_143805,246.0,0.1404165
2169,B04,DR_20221209_143805,247.0,0.5500209
2170,B04,DR_20221209_143805,248.0,0.14039975
2171,B04,DR_20221209_143805,249.0,0.011303441
2172,B04,DR_20221209_143805,250.0,-4.186184e-05
2173,B04,DR_20221209_143805,251.0,0.14101277
2174,B04,DR_20221209_143805,252.0,0.5727901
2175,B05,DR_20221209_143805,253.0,0.50038123
2176,B05,DR_20221209_143805,254.0,0.31644726
2177,B05,DR_20221209_143805,255.0,0.444701
2178,B05,DR_20221209_143805,256.0,0.92355365
2179,B05,DR_20221209_143805,257.0,0.90643805
2180,B05,DR_20221209_143805,258.0,1.0952938
2181,B05,DR_20221209_143805,259.0,0.9418146
2182,B05,DR_20221209_143805,260.0,1.0394543
2183,B05,DR_20221209_143805,261.0,0.9803875
2184,B06,DR_20221209_143805,262.0,0.13065611
2185,B06,DR_20221209_143805,263.0,0.923635
2186,B06,DR_20221209_143805,264.0,0.9337341
2187,B06,DR_20221209_143805,265.0,0.9316095
2188,B06,DR_20221209_143805,266.0,0.9236551
2189,B06,DR_20221209_143805,267.0,0.5252554
2190,B06,DR_20221209_143805,268.0,1.0735881
2191,B06,DR_20221209_143805,269.0,0.46877074
2192,B06,DR_20221209_143805,270.0,0.9122643
2193,B07,DR_20221209_143805,271.0,0.9236551
2194,B07,DR_20221209_143805,272.0,0.9236551
2195,B07,DR_20221209_143805,273.0,0.99971807
2196,B07,DR_20221209_143805,274.0,0.92355365
2197,B07,DR_20221209_143805,275.0,0.6310279
2198,B07,DR_20221209_143805,276.0,0.7408028
2199,B07,DR_20221209_143805,277.0,0.31998307
2200,B07,DR_20221209_143805,278.0,0.503757
2201,B07,DR_20221209_143805,279.0,0.98037076
2202,B08,DR_20221209_143805,280.0,0.8263475
2203,B08,DR_20221209_143805,281.0,0.9312685
2204,B08,DR_20221209_143805,282.0,1.0321779
2205,B08,DR_20221209_143805,283.0,1.0002226
2206,B08,DR_20221209_143805,284.0,0.9121461
2207,B08,DR_20221209_143805,285.0,1.0415028
2208,B08,DR_20221209_143805,286.0,1.0094965
2209,B08,DR_20221209_143805,287.0,1.0082725
2210,B08,DR_20221209_143805,288.0,1.0083907
2211,B09,DR_20221209_143805,289.0,0.92407334
2212,B09,DR_20221209_143805,290.0,1.1726265
2213,B09,DR_20221209_143805,291.0,0.9998342
2214,B09,DR_20221209_143805,292.0,0.9984019
2215,B09,DR_20221209_143805,293.0,0.9316095
2216,B09,DR_20221209_143805,294.0,0.99991864
2217,B09,DR_20221209_143805,295.0,0.9316095
2218,B09,DR_20221209_143805,296.0,0.9316095
2219,B09,DR_20221209_143805,297.0,0.9998509
2220,B10,DR_20221209_143805,298.0,0.92328906
2221,B10,DR_20221209_143805,299.0,0.9235369
2222,B10,DR_20221209_143805,300.0,0.91134477
2223,B10,DR_20221209_143805,301.0,0.9323149
2224,B10,DR_20221209_143805,302.0,0.9297911
2225,B10,DR_20221209_143805,303.0,0.9297911
2226,B10,DR_20221209_143805,304.0,0.9999596
2227,B10,DR_20221209_143805,305.0,0.9250436
2228,B10,DR_20221209_143805,306.0,1.0078133
2229,B11,DR_20221209_143805,307.0,0.34102148
2230,B11,DR_20221209_143805,308.0,0.299045
2231,B11,DR_20221209_143805,309.0,0.9505886
2232,B11,DR_20221209_143805,310.0,1.0078133
2233,B11,DR_20221209_143805,311.0,0.9103277
2234,B11,DR_20221209_143805,312.0,0.6595855
2235,B11,DR_20221209_143805,313.0,1.0818558
2236,B11,DR_20221209_143805,314.0,1.008202
2237,B11,DR_20221209_143805,315.0,1.0082725
2238,B12,DR_20221209_143805,316.0,0.49136797
2239,B12,DR_20221209_143805,317.0,0.50657386
2240,B12,DR_20221209_143805,318.0,0.2900302
2241,B12,DR_20221209_143805,319.0,1.0083907
2242,B12,DR_20221209_143805,320.0,0.6870984
2243,B12,DR_20221209_143805,321.0,0.3437493
2244,B12,DR_20221209_143805,322.0,1.008275
2245,B12,DR_20221209_143805,323.0,1.008202
2246,B12,DR_20221209_143805,324.0,1.0818558
2247,B13,DR_20221209_143805,325.0,0.923976
2248,B13,DR_20221209_143805,326.0,0.91090506
2249,B13,DR_20221209_143805,327.0,0.9683449
2250,B13,DR_20221209_143805,328.0,1.0002367
2251,B13,DR_20221209_143805,329.0,0.93025017
2252,B13,DR_20221209_143805,330.0,0.9808467
2253,B13,DR_20221209_143805,331.0,1.0194403
2254,B13,DR_20221209_143805,332.0,0.92753047
2255,B13,DR_20221209_143805,333.0,0.9213598
2256,B14,DR_20221209_143805,334.0,1.0086586
2257,B14,DR_20221209_143805,335.0,0.97012115
2258,B14,DR_20221209_143805,336.0,0.9807593
2259,B14,DR_20221209_143805,337.0,0.9981657
2260,B14,DR_20221209_143805,338.0,0.9987069
2261,B14,DR_20221209_143805,339.0,1.0521353
2262,B14,DR_20221209_143805,340.0,1.0818558
2263,B14,DR_20221209_143805,341.0,0.9984019
2264,B14,DR_20221209_143805,342.0,0.9994214
2265,B15,DR_20221209_143805,343.0,0.6364924
2266,B15,DR_20221209_143805,344.0,0.36710122
2267,B15,DR_20221209_143805,345.0,0.5531569
2268,B15,DR_20221209_143805,346.0,0.5291622
2269,B15,DR_20221209_143805,347.0,0.91044587
2270,B15,DR_20221209_143805,348.0,0.44468424
2271,B15,DR_20221209_143805,349.0,1.008202
2272,B15,DR_20221209_143805,350.0,1.0083907
2273,B15,DR_20221209_143805,351.0,0.93190783
2274,B16,DR_20221209_143805,352.0,0.34102148
2275,B16,DR_20221209_143805,353.0,0.6741785
2276,B16,DR_20221209_143805,354.0,0.3410014
2277,B16,DR_20221209_143805,355.0,0.68477273
2278,B16,DR_20221209_143805,356.0,0.9103277
2279,B16,DR_20221209_143805,357.0,0.9239961
2280,B16,DR_20221209_143805,358.0,1.0813967
2281,B16,DR_20221209_143805,359.0,1.0804415
2282,B16,DR_20221209_143805,360.0,1.0078133
2283,B17,DR_20221209_143805,361.0,0.9121461
2284,B17,DR_20221209_143805,362.0,1.0818558
2285,B17,DR_20221209_143805,363.0,0.8460241
2286,B17,DR_20221209_143805,364.0,1.0600057
2287,B17,DR_20221209_143805,365.0,0.9235369
2288,B17,DR_20221209_143805,366.0,0.92330915
2289,B17,DR_20221209_143805,367.0,0.3134057
2290,B17,DR_20221209_143805,368.0,0.52087206
2291,B17,DR_20221209_143805,369.0,0.8259069
2292,B18,DR_20221209_143805,370.0,1.0078133
2293,B18,DR_20221209_143805,371.0,0.9807569
2294,B18,DR_20221209_143805,372.0,1.008202
2295,B18,DR_20221209_143805,373.0,0.9625013
2296,B18,DR_20221209_143805,374.0,0.9235369
2297,B18,DR_20221209_143805,375.0,0.6344833
2298,B18,DR_20221209_143805,376.0,0.50363046
2299,B18,DR_20221209_143805,377.0,0.50657386
2300,B18,DR_20221209_143805,378.0,0.8786837
2301,B19,DR_20221209_143805,379.0,0.9241143
2302,B19,DR_20221209_143805,380.0,0.9121461
2303,B19,DR_20221209_143805,381.0,1.0078133
2304,B19,DR_20221209_143805,382.0,0.9998342
2305,B19,DR_20221209_143805,383.0,0.9768074
2306,B19,DR_20221209_143805,384.0,0.7068931
2307,B19,DR_20221209_143805,385.0,1.0083907
2308,B19,DR_20221209_143805,386.0,0.9991926
2309,B19,DR_20221209_143805,387.0,1.0139303
2310,B20,DR_20221209_143805,388.0,0.5257294
2311,B20,DR_20221209_143805,389.0,1.0078133
2312,B20,DR_20221209_143805,390.0,1.0046877
2313,B20,DR_20221209_143805,391.0,1.0090373
2314,B20,DR_20221209_143805,392.0,0.9241143
2315,B20,DR_20221209_143805,393.0,0.50479174
2316,B20,DR_20221209_143805,394.0,0.9480678
2317,B20,DR_20221209_143805,395.0,0.50645566
2318,B20,DR_20221209_143805,396.0,1.0813967
2319,B21,DR_20221209_143805,397.0,0.93447256
2320,B21,DR_20221209_143805,398.0,0.4994845
2321,B21,DR_20221209_143805,399.0,0.320024
2322,B21,DR_20221209_143805,400.0,0.34092006
2323,B21,DR_20221209_143805,401.0,0.9235369
2324,B21,DR_20221209_143805,402.0,0.5820025
2325,B21,DR_20221209_143805,403.0,1.0818558
2326,B21,DR_20221209_143805,404.0,0.7818136
2327,B21,DR_20221209_143805,405.0,0.83924353
2328,B22,DR_20221209_143805,406.0,0.9239961
2329,B22,DR_20221209_143805,407.0,0.9803875
2330,B22,DR_20221209_143805,408.0,1.073334
2331,B22,DR_20221209_143805,409.0,0.9236551
2332,B22,DR_20221209_143805,410.0,0.92469174
2333,B22,DR_20221209_143805,411.0,0.97901154
2334,B22,DR_20221209_143805,412.0,0.2952571
2335,B22,DR_20221209_143805,413.0,0.96129656
2336,B22,DR_20221209_143805,414.0,1.0086586
2373,C03,DR_20221209_143805,451.0,0.026561154
2374,C03,DR_20221209_143805,452.0,0.30323115
2375,C03,DR_20221209_143805,453.0,0.81871426
2376,C03,DR_20221209_143805,454.0,0.5912352
2377,C03,DR_20221209_143805,455.0,0.5500954
2378,C03,DR_20221209_143805,456.0,0.13388458
2379,C03,DR_20221209_143805,457.0,0.7672067
2380,C03,DR_20221209_143805,458.0,0.76285803
2381,C03,DR_20221209_143805,459.0,0.69642866
2382,C04,DR_20221209_143805,460.0,0.4809088
2383,C04,DR_20221209_143805,461.0,0.0008807439
2384,C04,DR_20221209_143805,462.0,0.19828846
2385,C04,DR_20221209_143805,463.0,-0.00018492619
2386,C04,DR_20221209_143805,464.0,-0.00015981657
2387,C04,DR_20221209_143805,465.0,0.21937667
2388,C04,DR_20221209_143805,466.0,0.19831356
2389,C04,DR_20221209_143805,467.0,0.13416256
2390,C04,DR_20221209_143805,468.0,-2.5115349e-05
2391,C05,DR_20221209_143805,469.0,-4.186184e-05
2392,C05,DR_20221209_143805,470.0,-4.186184e-05
2393,C05,DR_20221209_143805,471.0,-2.5115349e-05
2394,C05,DR_20221209_143805,472.0,-2.5115349e-05
2395,C05,DR_20221209_143805,473.0,-4.186184e-05
2396,C05,DR_20221209_143805,474.0,-0.00010940992
2397,C05,DR_20221209_143805,475.0,0.05057796
2398,C05,DR_20221209_143805,476.0,-2.5115349e-05
2399,C05,DR_20221209_143805,477.0,-2.5115349e-05
2400,C06,DR_20221209_143805,478.0,0.8788019
2401,C06,DR_20221209_143805,479.0,0.93112457
2402,C06,DR_20221209_143805,480.0,0.94310737
2403,C06,DR_20221209_143805,481.0,0.9316095
2404,C06,DR_20221209_143805,482.0,0.9126053
2405,C06,DR_20221209_143805,483.0,0.60226566
2406,C06,DR_20221209_143805,484.0,0.86383975
2407,C06,DR_20221209_143805,485.0,1.1010653
2408,C06,DR_20221209_143805,486.0,1.0090373
2409,C07,DR_20221209_143805,487.0,0.9966568
2410,C07,DR_20221209_143805,488.0,1.0002393
2411,C07,DR_20221209_143805,489.0,0.9431483
2412,C07,DR_20221209_143805,490.0,0.9998509
2413,C07,DR_20221209_143805,491.0,0.87937933
2414,C07,DR_20221209_143805,492.0,1.0722649
2415,C07,DR_20221209_143805,493.0,0.44793347
2416,C07,DR_20221209_143805,494.0,1.0734408
2417,C07,DR_20221209_143805,495.0,1.0303978
2418,C08,DR_20221209_143805,496.0,0.9316095
2419,C08,DR_20221209_143805,497.0,0.9297911
2420,C08,DR_20221209_143805,498.0,0.9998342
2421,C08,DR_20221209_143805,499.0,0.9297911
2422,C08,DR_20221209_143805,500.0,0.9312978
2423,C08,DR_20221209_143805,501.0,0.9121461
2424,C08,DR_20221209_143805,502.0,0.9999596
2425,C08,DR_20221209_143805,503.0,0.9121461
2426,C08,DR_20221209_143805,504.0,1.0097792
2427,C09,DR_20221209_143805,505.0,0.12454981
2428,C09,DR_20221209_143805,506.0,0.8783428
2429,C09,DR_20221209_143805,507.0,0.98037076
2430,C09,DR_20221209_143805,508.0,0.9998342
2431,C09,DR_20221209_143805,509.0,0.9103277
2432,C09,DR_20221209_143805,510.0,0.9103277
2433,C09,DR_20221209_143805,511.0,1.0736082
2434,C09,DR_20221209_143805,512.0,0.9235369
2435,C09,DR_20221209_143805,513.0,0.9121461
2436,C10,DR_20221209_143805,514.0,0.99801576
2437,C10,DR_20221209_143805,515.0,0.9297911
2438,C10,DR_20221209_143805,516.0,0.9121461
2439,C10,DR_20221209_143805,517.0,0.9807569
2440,C10,DR_20221209_143805,518.0,0.9297911
2441,C10,DR_20221209_143805,519.0,0.91090506
2442,C10,DR_20221209_143805,520.0,0.9312685
2443,C10,DR_20221209_143805,521.0,0.9999596
2444,C10,DR_20221209_143805,522.0,0.328392
2445,C11,DR_20221209_143805,523.0,0.93112457
2446,C11,DR_20221209_143805,524.0,1.0078133
2447,C11,DR_20221209_143805,525.0,1.0556635
2448,C11,DR_20221209_143805,526.0,0.9807736
2449,C11,DR_20221209_143805,527.0,0.9121461
2450,C11,DR_20221209_143805,528.0,0.34992075
2451,C11,DR_20221209_143805,529.0,0.26037133
2452,C11,DR_20221209_143805,530.0,0.3497878
2453,C11,DR_20221209_143805,531.0,1.0086586
2454,C12,DR_20221209_143805,532.0,0.9239961
2455,C12,DR_20221209_143805,533.0,0.6241186
2456,C12,DR_20221209_143805,534.0,0.93999964
2457,C12,DR_20221209_143805,535.0,1.0002201
2458,C12,DR_20221209_143805,536.0,0.9297911
2459,C12,DR_20221209_143805,537.0,0.9320686
2460,C12,DR_20221209_143805,538.0,0.37505904
2461,C12,DR_20221209_143805,539.0,0.912126
2462,C12,DR_20221209_143805,540.0,0.9807593
2463,C13,DR_20221209_143805,541.0,0.92407334
2464,C13,DR_20221209_143805,542.0,0.82576615
2465,C13,DR_20221209_143805,543.0,0.9233719
2466,C13,DR_20221209_143805,544.0,0.99847484
2467,C13,DR_20221209_143805,545.0,0.9297911
2468,C13,DR_20221209_143805,546.0,0.9126053
2469,C13,DR_20221209_143805,547.0,0.7408028
2470,C13,DR_20221209_143805,548.0,0.9121653
2471,C13,DR_20221209_143805,549.0,0.98037076
2472,C14,DR_20221209_143805,550.0,1.0082725
2473,C14,DR_20221209_143805,551.0,0.6870984
2474,C14,DR_20221209_143805,552.0,1.0078158
2475,C14,DR_20221209_143805,553.0,0.9984019
2476,C14,DR_20221209_143805,554.0,0.9315894
2477,C14,DR_20221209_143805,555.0,0.9127235
2478,C14,DR_20221209_143805,556.0,0.34747297
2479,C14,DR_20221209_143805,557.0,0.33150873
2480,C14,DR_20221209_143805,558.0,1.0032157
2481,C15,DR_20221209_143805,559.0,0.9241143
2482,C15,DR_20221209_143805,560.0,0.44468424
2483,C15,DR_20221209_143805,561.0,1.0081995
2484,C15,DR_20221209_143805,562.0,0.7911449
2485,C15,DR_20221209_143805,563.0,0.9312978
2486,C15,DR_20221209_143805,564.0,0.9103277
2487,C15,DR_20221209_143805,565.0,0.53046656
2488,C15,DR_20221209_143805,566.0,0.99801576
2489,C15,DR_20221209_143805,567.0,1.00783
2490,C16,DR_20221209_143805,568.0,0.50657386
2491,C16,DR_20221209_143805,569.0,1.0701916
2492,C16,DR_20221209_143805,570.0,0.34386802
2493,C16,DR_20221209_143805,571.0,0.9629605
2494,C16,DR_20221209_143805,572.0,0.9235369
2495,C16,DR_20221209_143805,573.0,0.5476025
2496,C16,DR_20221209_143805,574.0,1.0078158
2497,C16,DR_20221209_143805,575.0,1.0078133
2498,C16,DR_20221209_143805,576.0,0.31049696
2499,C17,DR_20221209_143805,577.0,0.9807569
2500,C17,DR_20221209_143805,578.0,1.0078133
2501,C17,DR_20221209_143805,579.0,1.016924
2502,C17,DR_20221209_143805,580.0,0.9998342
2503,C17,DR_20221209_143805,581.0,0.9235369
2504,C17,DR_20221209_143805,582.0,0.50379795
2505,C17,DR_20221209_143805,583.0,0.9113313
2506,C17,DR_20221209_143805,584.0,1.0701916
2507,C17,DR_20221209_143805,585.0,1.0081995
2508,C18,DR_20221209_143805,586.0,0.9121461
2509,C18,DR_20221209_143805,587.0,0.9235561
2510,C18,DR_20221209_143805,588.0,1.02658
2511,C18,DR_20221209_143805,589.0,1.0818558
2512,C18,DR_20221209_143805,590.0,0.9235369
2513,C18,DR_20221209_143805,591.0,0.9235369
2514,C18,DR_20221209_143805,592.0,0.35996082
2515,C18,DR_20221209_143805,593.0,0.50363046
2516,C18,DR_20221209_143805,594.0,0.98037076
2517,C19,DR_20221209_143805,595.0,0.9235369
2518,C19,DR_20221209_143805,596.0,0.9235369
2519,C19,DR_20221209_143805,597.0,0.8253244
2520,C19,DR_20221209_143805,598.0,0.97997475
2521,C19,DR_20221209_143805,599.0,0.9103277
2522,C19,DR_20221209_143805,600.0,0.5005487
2523,C19,DR_20221209_143805,601.0,0.34661624
2524,C19,DR_20221209_143805,602.0,0.4591169
2525,C19,DR_20221209_143805,603.0,1.0078133
2526,C20,DR_20221209_143805,604.0,0.60226566
2527,C20,DR_20221209_143805,605.0,0.9063971
2528,C20,DR_20221209_143805,606.0,0.50924265
2529,C20,DR_20221209_143805,607.0,0.9235561
2530,C20,DR_20221209_143805,608.0,0.9976975
2531,C20,DR_20221209_143805,609.0,0.8786837
2532,C20,DR_20221209_143805,610.0,0.9873554
2533,C20,DR_20221209_143805,611.0,1.0734408
2534,C20,DR_20221209_143805,612.0,0.96450895
2535,C21,DR_20221209_143805,613.0,1.0083907
2536,C21,DR_20221209_143805,614.0,0.9805057
2537,C21,DR_20221209_143805,615.0,0.9287439
2538,C21,DR_20221209_143805,616.0,1.008202
2539,C21,DR_20221209_143805,617.0,0.9228501
2540,C21,DR_20221209_143805,618.0,0.9228501
2541,C21,DR_20221209_143805,619.0,0.29007718
2542,C21,DR_20221209_143805,620.0,0.42230392
2543,C21,DR_20221209_143805,621.0,1.0818583
2544,C22,DR_20221209_143805,622.0,1.0086586
2545,C22,DR_20221209_143805,623.0,1.0081995
2546,C22,DR_20221209_143805,624.0,1.008202
2547,C22,DR_20221209_143805,625.0,0.9628874
2548,C22,DR_20221209_143805,626.0,0.9316095
2549,C22,DR_20221209_143805,627.0,0.98037076
2550,C22,DR_20221209_143805,628.0,1.0007809
2551,C22,DR_20221209_143805,629.0,0.63123405
2552,C22,DR_20221209_143805,630.0,1.0054908
2589,D03,DR_20221209_143805,667.0,0.16414694
2590,D03,DR_20221209_143805,668.0,7.6305754e-05
2591,D03,DR_20221209_143805,669.0,-0.00014307006
2592,D03,DR_20221209_143805,670.0,-4.066107e-06
2593,D03,DR_20221209_143805,671.0,-0.00027798422
2594,D03,DR_20221209_143805,672.0,7.6305754e-05
2595,D03,DR_20221209_143805,673.0,-0.00015981657
2596,D03,DR_20221209_143805,674.0,0.00047707531
2597,D03,DR_20221209_143805,675.0,-6.697148e-05
2598,D04,DR_20221209_143805,676.0,0.000585067
2599,D04,DR_20221209_143805,677.0,0.28243592
2600,D04,DR_20221209_143805,678.0,0.62633455
2601,D04,DR_20221209_143805,679.0,5.119616e-05
2602,D04,DR_20221209_143805,680.0,7.6305754e-05
2603,D04,DR_20221209_143805,681.0,0.6493703
2604,D04,DR_20221209_143805,682.0,-1.5297035e-05
2605,D04,DR_20221209_143805,683.0,7.6305754e-05
2606,D04,DR_20221209_143805,684.0,0.7367306
2607,D05,DR_20221209_143805,685.0,0.19645144
2608,D05,DR_20221209_143805,686.0,7.6305754e-05
2609,D05,DR_20221209_143805,687.0,0.00056832057
2610,D05,DR_20221209_143805,688.0,0.4018451
2611,D05,DR_20221209_143805,689.0,0.0003618067
2612,D05,DR_20221209_143805,690.0,0.13327156
2613,D05,DR_20221209_143805,691.0,0.8211956
2614,D05,DR_20221209_143805,692.0,0.81931937
2615,D05,DR_20221209_143805,693.0,0.77882296
2616,D06,DR_20221209_143805,694.0,0.024154635
2617,D06,DR_20221209_143805,695.0,0.13357438
2618,D06,DR_20221209_143805,696.0,0.19833031
2619,D06,DR_20221209_143805,697.0,0.011278331
2620,D06,DR_20221209_143805,698.0,-4.7728427e-05
2621,D06,DR_20221209_143805,699.0,7.6305754e-05
2622,D06,DR_20221209_143805,700.0,-8.3717976e-05
2623,D06,DR_20221209_143805,701.0,-0.00027798422
2624,D06,DR_20221209_143805,702.0,0.113003425
2625,D07,DR_20221209_143805,703.0,0.023773434
2626,D07,DR_20221209_143805,704.0,0.13434698
2627,D07,DR_20221209_143805,705.0,0.7606831
2628,D07,DR_20221209_143805,706.0,0.000873765
2629,D07,DR_20221209_143805,707.0,0.14042078
2630,D07,DR_20221209_143805,708.0,7.6305754e-05
2631,D07,DR_20221209_143805,709.0,-4.186184e-05
2632,D07,DR_20221209_143805,710.0,-4.186184e-05
2633,D07,DR_20221209_143805,711.0,0.0119460225
2634,D09,DR_20221209_143805,721.0,0.97511446
2635,D09,DR_20221209_143805,722.0,0.9241143
2636,D09,DR_20221209_143805,723.0,0.9812161
2637,D09,DR_20221209_143805,724.0,0.99801576
2638,D09,DR_20221209_143805,725.0,0.9297911
2639,D09,DR_20221209_143805,726.0,0.9103277
2640,D09,DR_20221209_143805,727.0,1.0426787
2641,D09,DR_20221209_143805,728.0,0.9297911
2642,D09,DR_20221209_143805,729.0,1.0059474
2643,D10,DR_20221209_143805,730.0,0.320024
2644,D10,DR_20221209_143805,731.0,0.98164284
2645,D10,DR_20221209_143805,732.0,1.0912998
2646,D10,DR_20221209_143805,733.0,0.50363046
2647,D10,DR_20221209_143805,734.0,0.9345135
2648,D10,DR_20221209_143805,735.0,0.3485208
2649,D10,DR_20221209_143805,736.0,0.25641462
2650,D10,DR_20221209_143805,737.0,0.3015564
2651,D10,DR_20221209_143805,738.0,0.34661624
2652,D11,DR_20221209_143805,739.0,1.0078133
2653,D11,DR_20221209_143805,740.0,0.9949906
2654,D11,DR_20221209_143805,741.0,1.0276619
2655,D11,DR_20221209_143805,742.0,1.0002201
2656,D11,DR_20221209_143805,743.0,0.9970275
2657,D11,DR_20221209_143805,744.0,0.9312685
2658,D11,DR_20221209_143805,745.0,1.0083907
2659,D11,DR_20221209_143805,746.0,1.0086586
2660,D11,DR_20221209_143805,747.0,0.9966462
2661,D12,DR_20221209_143805,748.0,0.9241143
2662,D12,DR_20221209_143805,749.0,0.9103277
2663,D12,DR_20221209_143805,750.0,0.9807569
2664,D12,DR_20221209_143805,751.0,0.99801576
2665,D12,DR_20221209_143805,752.0,0.9297911
2666,D12,DR_20221209_143805,753.0,0.9103277
2667,D12,DR_20221209_143805,754.0,0.87937933
2668,D12,DR_20221209_143805,755.0,0.9121461
2669,D12,DR_20221209_143805,756.0,1.0054908
2670,D13,DR_20221209_143805,757.0,0.5035895
2671,D13,DR_20221209_143805,758.0,0.5788549
2672,D13,DR_20221209_143805,759.0,0.4989592
2673,D13,DR_20221209_143805,760.0,0.93300533
2674,D13,DR_20221209_143805,761.0,0.9235369
2675,D13,DR_20221209_143805,762.0,0.9236551
2676,D13,DR_20221209_143805,763.0,1.0701916
2677,D13,DR_20221209_143805,764.0,0.9803732
2678,D13,DR_20221209_143805,765.0,1.0078325
2679,D14,DR_20221209_143805,766.0,0.91134477
2680,D14,DR_20221209_143805,767.0,0.91080666
2681,D14,DR_20221209_143805,768.0,0.6203613
2682,D14,DR_20221209_143805,769.0,0.9991926
2683,D14,DR_20221209_143805,770.0,0.3154574
2684,D14,DR_20221209_143805,771.0,0.44579178
2685,D14,DR_20221209_143805,772.0,0.41677722
2686,D14,DR_20221209_143805,773.0,0.32241797
2687,D14,DR_20221209_143805,774.0,0.9625013
2688,D15,DR_20221209_143805,775.0,0.12454981
2689,D15,DR_20221209_143805,776.0,0.9250436
2690,D15,DR_20221209_143805,777.0,0.4902884
2691,D15,DR_20221209_143805,778.0,0.9250628
2692,D15,DR_20221209_143805,779.0,0.8573232
2693,D15,DR_20221209_143805,780.0,0.43661702
2694,D15,DR_20221209_143805,781.0,0.50657386
2695,D15,DR_20221209_143805,782.0,1.00932
2696,D15,DR_20221209_143805,783.0,0.9235561
2697,D16,DR_20221209_143805,784.0,0.9239961
2698,D16,DR_20221209_143805,785.0,0.349559
2699,D16,DR_20221209_143805,786.0,0.29000744
2700,D16,DR_20221209_143805,787.0,1.015013
2701,D16,DR_20221209_143805,788.0,0.91183436
2702,D16,DR_20221209_143805,789.0,0.48889738
2703,D16,DR_20221209_143805,790.0,0.31641358
2704,D16,DR_20221209_143805,791.0,0.91183436
2705,D16,DR_20221209_143805,792.0,0.92827773
2706,D17,DR_20221209_143805,793.0,0.93159187
2707,D17,DR_20221209_143805,794.0,0.9316095
2708,D17,DR_20221209_143805,795.0,0.5064147
2709,D17,DR_20221209_143805,796.0,0.98037076
2710,D17,DR_20221209_143805,797.0,0.92349595
2711,D17,DR_20221209_143805,798.0,0.50379795
2712,D17,DR_20221209_143805,799.0,0.32846883
2713,D17,DR_20221209_143805,800.0,0.42553306
2714,D17,DR_20221209_143805,801.0,0.5801569
2715,D18,DR_20221209_143805,802.0,0.9235369
2716,D18,DR_20221209_143805,803.0,0.9893362
2717,D18,DR_20221209_143805,804.0,0.31347775
2718,D18,DR_20221209_143805,805.0,0.97855234
2719,D18,DR_20221209_143805,806.0,0.9241143
2720,D18,DR_20221209_143805,807.0,0.50363046
2721,D18,DR_20221209_143805,808.0,1.0191048
2722,D18,DR_20221209_143805,809.0,0.30176315
2723,D18,DR_20221209_143805,810.0,1.0600057
2724,D19,DR_20221209_143805,811.0,0.99903286
2725,D19,DR_20221209_143805,812.0,0.9235369
2726,D19,DR_20221209_143805,813.0,0.9940119
2727,D19,DR_20221209_143805,814.0,0.7598372
2728,D19,DR_20221209_143805,815.0,0.9235369
2729,D19,DR_20221209_143805,816.0,0.46978644
2730,D19,DR_20221209_143805,817.0,0.3435926
2731,D19,DR_20221209_143805,818.0,1.0075676
2732,D19,DR_20221209_143805,819.0,1.0078133
2733,D20,DR_20221209_143805,820.0,0.6366491
2734,D20,DR_20221209_143805,821.0,0.93162626
2735,D20,DR_20221209_143805,822.0,0.48877922
2736,D20,DR_20221209_143805,823.0,0.98037076
2737,D20,DR_20221209_143805,824.0,0.9316095
2738,D20,DR_20221209_143805,825.0,0.9312685
2739,D20,DR_20221209_143805,826.0,0.49479562
2740,D20,DR_20221209_143805,827.0,0.9999596
2741,D20,DR_20221209_143805,828.0,1.0078325
2742,D21,DR_20221209_143805,829.0,0.9998509
2743,D21,DR_20221209_143805,830.0,1.008202
2744,D21,DR_20221209_143805,831.0,1.0423318
2745,D21,DR_20221209_143805,832.0,0.96194315
2746,D21,DR_20221209_143805,833.0,0.9121461
2747,D21,DR_20221209_143805,834.0,0.9239961
2748,D21,DR_20221209_143805,835.0,0.29089049
2749,D21,DR_20221209_143805,836.0,0.4445168
2750,D21,DR_20221209_143805,837.0,0.93433654
2751,D22,DR_20221209_143805,838.0,1.008275
2752,D22,DR_20221209_143805,839.0,1.0078133
2753,D22,DR_20221209_143805,840.0,0.85669726
2754,D22,DR_20221209_143805,841.0,0.9629605
2755,D22,DR_20221209_143805,842.0,0.9103277
2756,D22,DR_20221209_143805,843.0,0.9239961
2757,D22,DR_20221209_143805,844.0,0.58427775
2758,D22,DR_20221209_143805,845.0,1.0083907
2759,D22,DR_20221209_143805,846.0,1.0813967
2796,E03,DR_20221209_143805,883.0,0.42230392
2797,E03,DR_20221209_143805,884.0,0.13350768
2798,E03,DR_20221209_143805,885.0,0.13303025
2799,E03,DR_20221209_143805,886.0,0.64709
2800,E03,DR_20221209_143805,887.0,0.21933481
2801,E03,DR_20221209_143805,888.0,-0.00020167268
2802,E03,DR_20221209_143805,889.0,0.0004912141
2803,E03,DR_20221209_143805,890.0,0.00047707531
2804,E03,DR_20221209_143805,891.0,-2.5115349e-05
2805,E04,DR_20221209_143805,892.0,0.21937667
2806,E04,DR_20221209_143805,893.0,0.011067318
2807,E04,DR_20221209_143805,894.0,0.13356629
2808,E04,DR_20221209_143805,895.0,0.22688134
2809,E04,DR_20221209_143805,896.0,0.023897467
2810,E04,DR_20221209_143805,897.0,-0.00015981657
2811,E04,DR_20221209_143805,898.0,0.14077665
2812,E04,DR_20221209_143805,899.0,-2.5115349e-05
2813,E04,DR_20221209_143805,900.0,0.4941166
2814,E05,DR_20221209_143805,901.0,7.6305754e-05
2815,E05,DR_20221209_143805,902.0,-4.186184e-05
2816,E05,DR_20221209_143805,903.0,-2.5115349e-05
2817,E05,DR_20221209_143805,904.0,-4.066107e-06
2818,E05,DR_20221209_143805,905.0,7.6305754e-05
2819,E05,DR_20221209_143805,906.0,7.6305754e-05
2820,E05,DR_20221209_143805,907.0,0.00047707531
2821,E05,DR_20221209_143805,908.0,0.00047707531
2822,E05,DR_20221209_143805,909.0,0.02415843
2823,E06,DR_20221209_143805,910.0,0.33650663
2824,E06,DR_20221209_143805,911.0,-0.00015981657
2825,E06,DR_20221209_143805,912.0,-2.5115349e-05
2826,E06,DR_20221209_143805,913.0,-0.00026123773
2827,E06,DR_20221209_143805,914.0,0.01099977
2828,E06,DR_20221209_143805,915.0,-4.186184e-05
2829,E06,DR_20221209_143805,916.0,0.45965147
2830,E06,DR_20221209_143805,917.0,0.011067318
2831,E06,DR_20221209_143805,918.0,-0.00026123773
2832,E07,DR_20221209_143805,919.0,0.635751
2833,E07,DR_20221209_143805,920.0,0.5789471
2834,E07,DR_20221209_143805,921.0,0.65893656
2835,E07,DR_20221209_143805,922.0,0.6552327
2836,E07,DR_20221209_143805,923.0,0.00012568438
2837,E07,DR_20221209_143805,924.0,0.011025461
2838,E07,DR_20221209_143805,925.0,0.01702856
2839,E07,DR_20221209_143805,926.0,0.7589082
2840,E07,DR_20221209_143805,927.0,0.2941702
2841,E08,DR_20221209_143805,928.0,0.19831356
2842,E08,DR_20221209_143805,929.0,-2.0812598e-05
2843,E08,DR_20221209_143805,930.0,0.5626968
2844,E08,DR_20221209_143805,931.0,0.14523396
2845,E08,DR_20221209_143805,932.0,0.0007342469
2846,E08,DR_20221209_143805,933.0,0.02413359
2847,E08,DR_20221209_143805,934.0,-0.00020167268
2848,E08,DR_20221209_143805,935.0,0.0007131977
2849,E08,DR_20221209_143805,936.0,0.06074552
2850,E09,DR_20221209_143805,937.0,0.9312484
2851,E09,DR_20221209_143805,938.0,0.77099484
2852,E09,DR_20221209_143805,939.0,0.9122643
2853,E09,DR_20221209_143805,940.0,0.9297911
2854,E09,DR_20221209_143805,941.0,0.91134477
2855,E09,DR_20221209_143805,942.0,0.93112457
2856,E09,DR_20221209_143805,943.0,0.9998342
2857,E09,DR_20221209_143805,944.0,0.9308082
2858,E09,DR_20221209_143805,945.0,1.0011321
2859,E10,DR_20221209_143805,946.0,0.5065329
2860,E10,DR_20221209_143805,947.0,0.9235561
2861,E10,DR_20221209_143805,948.0,0.5990164
2862,E10,DR_20221209_143805,949.0,0.36108035
2863,E10,DR_20221209_143805,950.0,0.9241143
2864,E10,DR_20221209_143805,951.0,0.50363046
2865,E10,DR_20221209_143805,952.0,0.3046737
2866,E10,DR_20221209_143805,953.0,0.5005487
2867,E10,DR_20221209_143805,954.0,0.30176315
2868,E11,DR_20221209_143805,955.0,0.92469174
2869,E11,DR_20221209_143805,956.0,0.9807569
2870,E11,DR_20221209_143805,957.0,1.0081995
2871,E11,DR_20221209_143805,958.0,0.99886096
2872,E11,DR_20221209_143805,959.0,0.9297911
2873,E11,DR_20221209_143805,960.0,0.97855234
2874,E11,DR_20221209_143805,961.0,0.3437493
2875,E11,DR_20221209_143805,962.0,1.0081995
2876,E11,DR_20221209_143805,963.0,0.94206053
2877,E12,DR_20221209_143805,964.0,0.9519217
2878,E12,DR_20221209_143805,965.0,1.0701916
2879,E12,DR_20221209_143805,966.0,0.620361
2880,E12,DR_20221209_143805,967.0,0.9812161
2881,E12,DR_20221209_143805,968.0,0.9316095
2882,E12,DR_20221209_143805,969.0,0.7408028
2883,E12,DR_20221209_143805,970.0,0.35101748
2884,E12,DR_20221209_143805,971.0,0.9316095
2885,E12,DR_20221209_143805,972.0,0.933274
2886,E13,DR_20221209_143805,973.0,0.3552787
2887,E13,DR_20221209_143805,974.0,0.6366787
2888,E13,DR_20221209_143805,975.0,0.4640868
2889,E13,DR_20221209_143805,976.0,0.9235369
2890,E13,DR_20221209_143805,977.0,0.90643805
2891,E13,DR_20221209_143805,978.0,0.6034945
2892,E13,DR_20221209_143805,979.0,1.0071263
2893,E13,DR_20221209_143805,980.0,0.9121461
2894,E13,DR_20221209_143805,981.0,0.92712796
2895,E14,DR_20221209_143805,982.0,0.43522847
2896,E14,DR_20221209_143805,983.0,0.9235369
2897,E14,DR_20221209_143805,984.0,0.20975661
2898,E14,DR_20221209_143805,985.0,1.0093367
2899,E14,DR_20221209_143805,986.0,0.91103303
2900,E14,DR_20221209_143805,987.0,0.75651586
2901,E14,DR_20221209_143805,988.0,0.50038123
2902,E14,DR_20221209_143805,989.0,0.92467076
2903,E14,DR_20221209_143805,990.0,0.3176679
2904,E15,DR_20221209_143805,991.0,0.7211155
2905,E15,DR_20221209_143805,992.0,0.5497846
2906,E15,DR_20221209_143805,993.0,1.0082725
2907,E15,DR_20221209_143805,994.0,0.92355365
2908,E15,DR_20221209_143805,995.0,0.111357264
2909,E15,DR_20221209_143805,996.0,0.77424407
2910,E15,DR_20221209_143805,997.0,0.30234778
2911,E15,DR_20221209_143805,998.0,0.31063122
2912,E15,DR_20221209_143805,999.0,0.48892224
2913,E16,DR_20221209_143805,1000.0,0.93370837
2914,E16,DR_20221209_143805,1001.0,0.31063122
2915,E16,DR_20221209_143805,1002.0,0.61885464
2916,E16,DR_20221209_143805,1003.0,0.9235369
2917,E16,DR_20221209_143805,1004.0,0.10985053
2918,E16,DR_20221209_143805,1005.0,0.31063122
2919,E16,DR_20221209_143805,1006.0,0.29039702
2920,E16,DR_20221209_143805,1007.0,0.92329836
2921,E16,DR_20221209_143805,1008.0,0.49489623
2922,E17,DR_20221209_143805,1009.0,0.5224802
2923,E17,DR_20221209_143805,1010.0,0.9236551
2924,E17,DR_20221209_143805,1011.0,0.5076468
2925,E17,DR_20221209_143805,1012.0,0.91212845
2926,E17,DR_20221209_143805,1013.0,0.07821537
2927,E17,DR_20221209_143805,1014.0,0.34374985
2928,E17,DR_20221209_143805,1015.0,0.76520467
2929,E17,DR_20221209_143805,1016.0,0.35531965
2930,E17,DR_20221209_143805,1017.0,0.9239961
2931,E18,DR_20221209_143805,1018.0,0.9121461
2932,E18,DR_20221209_143805,1019.0,0.30234778
2933,E18,DR_20221209_143805,1020.0,0.34375232
2934,E18,DR_20221209_143805,1021.0,0.9998342
2935,E18,DR_20221209_143805,1022.0,0.9103277
2936,E18,DR_20221209_143805,1023.0,0.50645566
2937,E18,DR_20221209_143805,1024.0,0.3465753
2938,E18,DR_20221209_143805,1025.0,0.35548708
2939,E18,DR_20221209_143805,1026.0,0.95635056
2940,E19,DR_20221209_143805,1027.0,0.9239961
2941,E19,DR_20221209_143805,1028.0,0.9235369
2942,E19,DR_20221209_143805,1029.0,0.7771935
2943,E19,DR_20221209_143805,1030.0,0.93712974
2944,E19,DR_20221209_143805,1031.0,0.50657386
2945,E19,DR_20221209_143805,1032.0,0.9122643
2946,E19,DR_20221209_143805,1033.0,0.50645566
2947,E19,DR_20221209_143805,1034.0,0.99071485
2948,E19,DR_20221209_143805,1035.0,1.0081995
2949,E20,DR_20221209_143805,1036.0,1.0736082
2950,E20,DR_20221209_143805,1037.0,0.91216284
2951,E20,DR_20221209_143805,1038.0,0.609038
2952,E20,DR_20221209_143805,1039.0,0.9250399
2953,E20,DR_20221209_143805,1040.0,0.9235369
2954,E20,DR_20221209_143805,1041.0,0.9999596
2955,E20,DR_20221209_143805,1042.0,1.0060366
2956,E20,DR_20221209_143805,1043.0,0.44793347
2957,E20,DR_20221209_143805,1044.0,0.91216284
2958,E21,DR_20221209_143805,1045.0,0.98037076
2959,E21,DR_20221209_143805,1046.0,0.97936225
2960,E21,DR_20221209_143805,1047.0,0.9909852
2961,E21,DR_20221209_143805,1048.0,0.48877922
2962,E21,DR_20221209_143805,1049.0,0.9235369
2963,E21,DR_20221209_143805,1050.0,0.9241143
2964,E21,DR_20221209_143805,1051.0,0.37601772
2965,E21,DR_20221209_143805,1052.0,0.50363046
2966,E21,DR_20221209_143805,1053.0,0.5624807
2967,E22,DR_20221209_143805,1054.0,0.98037076
2968,E22,DR_20221209_143805,1055.0,0.98037076
2969,E22,DR_20221209_143805,1056.0,0.30850342
2970,E22,DR_20221209_143805,1057.0,1.0081995
2971,E22,DR_20221209_143805,1058.0,0.9236551
2972,E22,DR_20221209_143805,1059.0,0.91078687
2973,E22,DR_20221209_143805,1060.0,0.92401284
2974,E22,DR_20221209_143805,1061.0,1.0818558
2975,E22,DR_20221209_143805,1062.0,1.0086586
3012,F03,DR_20221209_143805,1099.0,0.027382847
3013,F03,DR_20221209_143805,1100.0,0.14016363
3014,F03,DR_20221209_143805,1101.0,0.3437493
3015,F03,DR_20221209_143805,1102.0,0.00038664753
3016,F03,DR_20221209_143805,1103.0,9.7355e-05
3017,F03,DR_20221209_143805,1104.0,0.02413359
3018,F03,DR_20221209_143805,1105.0,0.81662124
3019,F03,DR_20221209_143805,1106.0,0.21845496
3020,F03,DR_20221209_143805,1107.0,0.34124666
3021,F04,DR_20221209_143805,1108.0,7.6305754e-05
3022,F04,DR_20221209_143805,1109.0,7.6305754e-05
3023,F04,DR_20221209_143805,1110.0,-1.702103e-05
3024,F04,DR_20221209_143805,1111.0,-0.00026123773
3025,F04,DR_20221209_143805,1112.0,-4.186184e-05
3026,F04,DR_20221209_143805,1113.0,-0.00015981657
3027,F04,DR_20221209_143805,1114.0,0.13333017
3028,F04,DR_20221209_143805,1115.0,-0.0002531434
3029,F04,DR_20221209_143805,1116.0,0.18298198
3030,F05,DR_20221209_143805,1117.0,7.6305754e-05
3031,F05,DR_20221209_143805,1118.0,7.6305754e-05
3032,F05,DR_20221209_143805,1119.0,-0.00014307006
3033,F05,DR_20221209_143805,1120.0,-1.702103e-05
3034,F05,DR_20221209_143805,1121.0,-0.00013159068
3035,F05,DR_20221209_143805,1122.0,0.14077665
3036,F05,DR_20221209_143805,1123.0,0.625693
3037,F05,DR_20221209_143805,1124.0,0.30254534
3038,F05,DR_20221209_143805,1125.0,0.11367112
3039,F06,DR_20221209_143805,1126.0,0.21937667
3040,F06,DR_20221209_143805,1127.0,0.14039975
3041,F06,DR_20221209_143805,1128.0,0.65893656
3042,F06,DR_20221209_143805,1129.0,0.12580822
3043,F06,DR_20221209_143805,1130.0,0.00066669885
3044,F06,DR_20221209_143805,1131.0,7.6305754e-05
3045,F06,DR_20221209_143805,1132.0,-0.00026123773
3046,F06,DR_20221209_143805,1133.0,0.00059524295
3047,F06,DR_20221209_143805,1134.0,-1.702103e-05
3048,F07,DR_20221209_143805,1135.0,0.011213711
3049,F07,DR_20221209_143805,1136.0,0.011213711
3050,F07,DR_20221209_143805,1137.0,9.305225e-05
3051,F07,DR_20221209_143805,1138.0,0.6611911
3052,F07,DR_20221209_143805,1139.0,-4.186184e-05
3053,F07,DR_20221209_143805,1140.0,0.14426203
3054,F07,DR_20221209_143805,1141.0,-4.186184e-05
3055,F07,DR_20221209_143805,1142.0,-4.186184e-05
3056,F07,DR_20221209_143805,1143.0,0.6488166
3057,F08,DR_20221209_143805,1144.0,7.6305754e-05
3058,F08,DR_20221209_143805,1145.0,-4.066107e-06
3059,F08,DR_20221209_143805,1146.0,0.5727901
3060,F08,DR_20221209_143805,1147.0,0.1487544
3061,F08,DR_20221209_143805,1148.0,0.31762803
3062,F08,DR_20221209_143805,1149.0,0.011067318
3063,F08,DR_20221209_143805,1150.0,0.6589198
3064,F08,DR_20221209_143805,1151.0,0.372482
3065,F08,DR_20221209_143805,1152.0,0.11328141
3066,F09,DR_20221209_143805,1153.0,0.9312685
3067,F09,DR_20221209_143805,1154.0,0.9999596
3068,F09,DR_20221209_143805,1155.0,0.99884593
3069,F09,DR_20221209_143805,1156.0,0.9297911
3070,F09,DR_20221209_143805,1157.0,0.93062127
3071,F09,DR_20221209_143805,1158.0,0.93112457
3072,F09,DR_20221209_143805,1159.0,0.9807569
3073,F09,DR_20221209_143805,1160.0,0.99680114
3074,F09,DR_20221209_143805,1161.0,1.0078133
3075,F10,DR_20221209_143805,1162.0,0.30162725
3076,F10,DR_20221209_143805,1163.0,0.99801576
3077,F10,DR_20221209_143805,1164.0,1.0078133
3078,F10,DR_20221209_143805,1165.0,1.0356523
3079,F10,DR_20221209_143805,1166.0,0.9287634
3080,F10,DR_20221209_143805,1167.0,0.97855234
3081,F10,DR_20221209_143805,1168.0,0.30176315
3082,F10,DR_20221209_143805,1169.0,0.3190499
3083,F10,DR_20221209_143805,1170.0,0.7477764
3084,F11,DR_20221209_143805,1171.0,1.0175765
3085,F11,DR_20221209_143805,1172.0,0.61897284
3086,F11,DR_20221209_143805,1173.0,1.0067123
3087,F11,DR_20221209_143805,1174.0,0.9121461
3088,F11,DR_20221209_143805,1175.0,0.9297911
3089,F11,DR_20221209_143805,1176.0,0.9297911
3090,F11,DR_20221209_143805,1177.0,0.320024
3091,F11,DR_20221209_143805,1178.0,0.9998366
3092,F11,DR_20221209_143805,1179.0,0.9807593
3093,F12,DR_20221209_143805,1180.0,1.0734408
3094,F12,DR_20221209_143805,1181.0,0.50379795
3095,F12,DR_20221209_143805,1182.0,0.9343953
3096,F12,DR_20221209_143805,1183.0,0.9316095
3097,F12,DR_20221209_143805,1184.0,0.9305818
3098,F12,DR_20221209_143805,1185.0,1.0999985
3099,F12,DR_20221209_143805,1186.0,0.9235369
3100,F12,DR_20221209_143805,1187.0,0.9235369
3101,F12,DR_20221209_143805,1188.0,0.9103277
3102,F13,DR_20221209_143805,1189.0,0.41675714
3103,F13,DR_20221209_143805,1190.0,1.0659032
3104,F13,DR_20221209_143805,1191.0,0.3022296
3105,F13,DR_20221209_143805,1192.0,0.9235369
3106,F13,DR_20221209_143805,1193.0,0.61885464
3107,F13,DR_20221209_143805,1194.0,0.50379795
3108,F13,DR_20221209_143805,1195.0,0.92355365
3109,F13,DR_20221209_143805,1196.0,1.0086586
3110,F13,DR_20221209_143805,1197.0,1.0078158
3111,F14,DR_20221209_143805,1198.0,0.92469174
3112,F14,DR_20221209_143805,1199.0,0.9316095
3113,F14,DR_20221209_143805,1200.0,1.0745786
3114,F14,DR_20221209_143805,1201.0,0.9250436
3115,F14,DR_20221209_143805,1202.0,0.93071836
3116,F14,DR_20221209_143805,1203.0,0.9111184
3117,F14,DR_20221209_143805,1204.0,1.0082725
3118,F14,DR_20221209_143805,1205.0,0.9305818
3119,F14,DR_20221209_143805,1206.0,0.96439934
3120,F15,DR_20221209_143805,1207.0,0.32888237
3121,F15,DR_20221209_143805,1208.0,0.41677722
3122,F15,DR_20221209_143805,1209.0,0.8606557
3123,F15,DR_20221209_143805,1210.0,0.9103277
3124,F15,DR_20221209_143805,1211.0,0.097471505
3125,F15,DR_20221209_143805,1212.0,0.11642667
3126,F15,DR_20221209_143805,1213.0,0.9121461
3127,F15,DR_20221209_143805,1214.0,0.9235369
3128,F15,DR_20221209_143805,1215.0,0.9323893
3129,F16,DR_20221209_143805,1216.0,0.46608186
3130,F16,DR_20221209_143805,1217.0,0.9345135
3131,F16,DR_20221209_143805,1218.0,0.32183564
3132,F16,DR_20221209_143805,1219.0,0.8610076
3133,F16,DR_20221209_143805,1220.0,0.93017954
3134,F16,DR_20221209_143805,1221.0,0.9235369
3135,F16,DR_20221209_143805,1222.0,1.0724499
3136,F16,DR_20221209_143805,1223.0,0.49028593
3137,F16,DR_20221209_143805,1224.0,1.0804111
3138,F17,DR_20221209_143805,1225.0,0.9316095
3139,F17,DR_20221209_143805,1226.0,0.9981778
3140,F17,DR_20221209_143805,1227.0,0.79381293
3141,F17,DR_20221209_143805,1228.0,0.9235369
3142,F17,DR_20221209_143805,1229.0,0.9250436
3143,F17,DR_20221209_143805,1230.0,0.9241143
3144,F17,DR_20221209_143805,1231.0,0.34390897
3145,F17,DR_20221209_143805,1232.0,0.2901457
3146,F17,DR_20221209_143805,1233.0,0.9971201
3147,F18,DR_20221209_143805,1234.0,0.9239961
3148,F18,DR_20221209_143805,1235.0,0.995875
3149,F18,DR_20221209_143805,1236.0,0.3134502
3150,F18,DR_20221209_143805,1237.0,0.8810917
3151,F18,DR_20221209_143805,1238.0,0.93030953
3152,F18,DR_20221209_143805,1239.0,0.9103277
3153,F18,DR_20221209_143805,1240.0,0.5284134
3154,F18,DR_20221209_143805,1241.0,0.99210334
3155,F18,DR_20221209_143805,1242.0,1.0813967
3156,F19,DR_20221209_143805,1243.0,0.6095154
3157,F19,DR_20221209_143805,1244.0,0.9235369
3158,F19,DR_20221209_143805,1245.0,0.79134685
3159,F19,DR_20221209_143805,1246.0,0.31051305
3160,F19,DR_20221209_143805,1247.0,0.8797313
3161,F19,DR_20221209_143805,1248.0,0.31068048
3162,F19,DR_20221209_143805,1249.0,0.3669338
3163,F19,DR_20221209_143805,1250.0,0.50796235
3164,F19,DR_20221209_143805,1251.0,1.0002201
3165,F20,DR_20221209_143805,1252.0,0.92395514
3166,F20,DR_20221209_143805,1253.0,0.92355365
3167,F20,DR_20221209_143805,1254.0,0.34329844
3168,F20,DR_20221209_143805,1255.0,1.00783
3169,F20,DR_20221209_143805,1256.0,0.9513116
3170,F20,DR_20221209_143805,1257.0,0.49479562
3171,F20,DR_20221209_143805,1258.0,1.0554961
3172,F20,DR_20221209_143805,1259.0,0.422778
3173,F20,DR_20221209_143805,1260.0,0.9998534
3174,F21,DR_20221209_143805,1261.0,0.9998342
3175,F21,DR_20221209_143805,1262.0,0.9235369
3176,F21,DR_20221209_143805,1263.0,0.94917303
3177,F21,DR_20221209_143805,1264.0,1.0364041
3178,F21,DR_20221209_143805,1265.0,0.9103277
3179,F21,DR_20221209_143805,1266.0,0.9126053
3180,F21,DR_20221209_143805,1267.0,0.339219
3181,F21,DR_20221209_143805,1268.0,0.92353934
3182,F21,DR_20221209_143805,1269.0,0.92355365
3183,F22,DR_20221209_143805,1270.0,0.92353934
3184,F22,DR_20221209_143805,1271.0,0.9998509
3185,F22,DR_20221209_143805,1272.0,1.008202
3186,F22,DR_20221209_143805,1273.0,0.9998342
3187,F22,DR_20221209_143805,1274.0,0.9236551
3188,F22,DR_20221209_143805,1275.0,0.5110292
3189,F22,DR_20221209_143805,1276.0,0.9849718
3190,F22,DR_20221209_143805,1277.0,0.96686816
3191,F22,DR_20221209_143805,1278.0,1.0943013
3228,G03,DR_20221209_143805,1315.0,0.12364593
3229,G03,DR_20221209_143805,1316.0,0.99686044
3230,G03,DR_20221209_143805,1317.0,0.9999596
3231,G03,DR_20221209_143805,1318.0,0.9986363
3232,G03,DR_20221209_143805,1319.0,0.9241143
3233,G03,DR_20221209_143805,1320.0,0.60226566
3234,G03,DR_20221209_143805,1321.0,1.0656905
3235,G03,DR_20221209_143805,1322.0,0.98037076
3236,G03,DR_20221209_143805,1323.0,0.9228668
3237,G04,DR_20221209_143805,1324.0,0.18912491
3238,G04,DR_20221209_143805,1325.0,0.9971201
3239,G04,DR_20221209_143805,1326.0,0.91216284
3240,G04,DR_20221209_143805,1327.0,0.9297911
3241,G04,DR_20221209_143805,1328.0,0.9297911
3242,G04,DR_20221209_143805,1329.0,0.93112457
3243,G04,DR_20221209_143805,1330.0,0.50038123
3244,G04,DR_20221209_143805,1331.0,0.9235369
3245,G04,DR_20221209_143805,1332.0,0.9998509
3246,G05,DR_20221209_143805,1333.0,0.078333534
3247,G05,DR_20221209_143805,1334.0,0.42304215
3248,G05,DR_20221209_143805,1335.0,0.60902125
3249,G05,DR_20221209_143805,1336.0,0.91228104
3250,G05,DR_20221209_143805,1337.0,0.93112457
3251,G05,DR_20221209_143805,1338.0,0.54859674
3252,G05,DR_20221209_143805,1339.0,0.9121461
3253,G05,DR_20221209_143805,1340.0,0.9236551
3254,G05,DR_20221209_143805,1341.0,0.9121461
3255,G06,DR_20221209_143805,1342.0,0.48525757
3256,G06,DR_20221209_143805,1343.0,0.98391086
3257,G06,DR_20221209_143805,1344.0,0.92367184
3258,G06,DR_20221209_143805,1345.0,0.9316095
3259,G06,DR_20221209_143805,1346.0,0.9235168
3260,G06,DR_20221209_143805,1347.0,0.82576615
3261,G06,DR_20221209_143805,1348.0,1.0722649
3262,G06,DR_20221209_143805,1349.0,0.9121461
3263,G06,DR_20221209_143805,1350.0,0.9812161
3264,G07,DR_20221209_143805,1351.0,1.0082725
3265,G07,DR_20221209_143805,1352.0,1.0082186
3266,G07,DR_20221209_143805,1353.0,0.75234044
3267,G07,DR_20221209_143805,1354.0,0.9998509
3268,G07,DR_20221209_143805,1355.0,0.9982749
3269,G07,DR_20221209_143805,1356.0,0.5254834
3270,G07,DR_20221209_143805,1357.0,0.50363046
3271,G07,DR_20221209_143805,1358.0,0.76520467
3272,G07,DR_20221209_143805,1359.0,1.0082725
3273,G08,DR_20221209_143805,1360.0,1.0078133
3274,G08,DR_20221209_143805,1361.0,1.0187899
3275,G08,DR_20221209_143805,1362.0,0.9633466
3276,G08,DR_20221209_143805,1363.0,0.9798229
3277,G08,DR_20221209_143805,1364.0,0.92857647
3278,G08,DR_20221209_143805,1365.0,0.9312685
3279,G08,DR_20221209_143805,1366.0,0.63037044
3280,G08,DR_20221209_143805,1367.0,1.0078133
3281,G08,DR_20221209_143805,1368.0,1.0146931
3282,G09,DR_20221209_143805,1369.0,0.5990164
3283,G09,DR_20221209_143805,1370.0,1.0954611
3284,G09,DR_20221209_143805,1371.0,0.7839667
3285,G09,DR_20221209_143805,1372.0,0.6630221
3286,G09,DR_20221209_143805,1373.0,0.9302953
3287,G09,DR_20221209_143805,1374.0,0.9235369
3288,G09,DR_20221209_143805,1375.0,0.913383
3289,G09,DR_20221209_143805,1376.0,0.964008
3290,G09,DR_20221209_143805,1377.0,1.0813967
3291,G10,DR_20221209_143805,1378.0,0.9905991
3292,G10,DR_20221209_143805,1379.0,0.61887383
3293,G10,DR_20221209_143805,1380.0,0.3149715
3294,G10,DR_20221209_143805,1381.0,0.34390897
3295,G10,DR_20221209_143805,1382.0,0.50657386
3296,G10,DR_20221209_143805,1383.0,0.41677722
3297,G10,DR_20221209_143805,1384.0,0.343502
3298,G10,DR_20221209_143805,1385.0,0.50038123
3299,G10,DR_20221209_143805,1386.0,0.26221895
3300,G11,DR_20221209_143805,1387.0,1.0081995
3301,G11,DR_20221209_143805,1388.0,0.99801576
3302,G11,DR_20221209_143805,1389.0,1.0086586
3303,G11,DR_20221209_143805,1390.0,1.0006816
3304,G11,DR_20221209_143805,1391.0,0.9312978
3305,G11,DR_20221209_143805,1392.0,1.0078133
3306,G11,DR_20221209_143805,1393.0,1.0944195
3307,G11,DR_20221209_143805,1394.0,1.0097792
3308,G11,DR_20221209_143805,1395.0,1.0813967
3309,G12,DR_20221209_143805,1396.0,0.92469174
3310,G12,DR_20221209_143805,1397.0,1.0078325
3311,G12,DR_20221209_143805,1398.0,0.9812161
3312,G12,DR_20221209_143805,1399.0,0.9812161
3313,G12,DR_20221209_143805,1400.0,0.9312978
3314,G12,DR_20221209_143805,1401.0,0.9998342
3315,G12,DR_20221209_143805,1402.0,0.3018041
3316,G12,DR_20221209_143805,1403.0,1.0081995
3317,G12,DR_20221209_143805,1404.0,0.97939765
3318,G13,DR_20221209_143805,1405.0,0.5064356
3319,G13,DR_20221209_143805,1406.0,0.51762277
3320,G13,DR_20221209_143805,1407.0,1.008202
3321,G13,DR_20221209_143805,1408.0,1.00932
3322,G13,DR_20221209_143805,1409.0,0.99884593
3323,G13,DR_20221209_143805,1410.0,0.9807761
3324,G13,DR_20221209_143805,1411.0,1.021942
3325,G13,DR_20221209_143805,1412.0,1.00932
3326,G13,DR_20221209_143805,1413.0,1.0423318
3327,G14,DR_20221209_143805,1414.0,0.3133596
3328,G14,DR_20221209_143805,1415.0,0.9807569
3329,G14,DR_20221209_143805,1416.0,1.0766275
3330,G14,DR_20221209_143805,1417.0,0.7188126
3331,G14,DR_20221209_143805,1418.0,0.97855234
3332,G14,DR_20221209_143805,1419.0,0.9235369
3333,G14,DR_20221209_143805,1420.0,0.34086484
3334,G14,DR_20221209_143805,1421.0,0.3133596
3335,G14,DR_20221209_143805,1422.0,1.0819739
3336,G15,DR_20221209_143805,1423.0,0.5154732
3337,G15,DR_20221209_143805,1424.0,0.22352296
3338,G15,DR_20221209_143805,1425.0,0.9242851
3339,G15,DR_20221209_143805,1426.0,0.4626665
3340,G15,DR_20221209_143805,1427.0,0.88028145
3341,G15,DR_20221209_143805,1428.0,1.0078133
3342,G15,DR_20221209_143805,1429.0,0.3461604
3343,G15,DR_20221209_143805,1430.0,0.7703859
3344,G15,DR_20221209_143805,1431.0,1.00783
3345,G16,DR_20221209_143805,1432.0,0.9235369
3346,G16,DR_20221209_143805,1433.0,0.92423254
3347,G16,DR_20221209_143805,1434.0,0.89226264
3348,G16,DR_20221209_143805,1435.0,0.3135187
3349,G16,DR_20221209_143805,1436.0,0.9235369
3350,G16,DR_20221209_143805,1437.0,0.7522055
3351,G16,DR_20221209_143805,1438.0,1.0081995
3352,G16,DR_20221209_143805,1439.0,0.9807569
3353,G16,DR_20221209_143805,1440.0,0.8257887
3354,G17,DR_20221209_143805,1441.0,1.0539563
3355,G17,DR_20221209_143805,1442.0,0.99801576
3356,G17,DR_20221209_143805,1443.0,1.0095128
3357,G17,DR_20221209_143805,1444.0,1.0813967
3358,G17,DR_20221209_143805,1445.0,0.9103277
3359,G17,DR_20221209_143805,1446.0,0.95238507
3360,G17,DR_20221209_143805,1447.0,1.021942
3361,G17,DR_20221209_143805,1448.0,0.50657386
3362,G17,DR_20221209_143805,1449.0,1.0825306
3363,G18,DR_20221209_143805,1450.0,0.26114398
3364,G18,DR_20221209_143805,1451.0,0.9625013
3365,G18,DR_20221209_143805,1452.0,0.9691351
3366,G18,DR_20221209_143805,1453.0,0.98037076
3367,G18,DR_20221209_143805,1454.0,0.9235369
3368,G18,DR_20221209_143805,1455.0,0.9239961
3369,G18,DR_20221209_143805,1456.0,0.9239961
3370,G18,DR_20221209_143805,1457.0,0.93509096
3371,G18,DR_20221209_143805,1458.0,0.7877738
3372,G19,DR_20221209_143805,1459.0,1.0078158
3373,G19,DR_20221209_143805,1460.0,0.9236551
3374,G19,DR_20221209_143805,1461.0,0.31090507
3375,G19,DR_20221209_143805,1462.0,0.9803875
3376,G19,DR_20221209_143805,1463.0,0.9297911
3377,G19,DR_20221209_143805,1464.0,0.63123405
3378,G19,DR_20221209_143805,1465.0,0.3409033
3379,G19,DR_20221209_143805,1466.0,0.34390897
3380,G19,DR_20221209_143805,1467.0,1.0818558
3381,G20,DR_20221209_143805,1468.0,0.42555314
3382,G20,DR_20221209_143805,1469.0,0.3135187
3383,G20,DR_20221209_143805,1470.0,0.30829066
3384,G20,DR_20221209_143805,1471.0,0.9235369
3385,G20,DR_20221209_143805,1472.0,0.8786837
3386,G20,DR_20221209_143805,1473.0,0.50657386
3387,G20,DR_20221209_143805,1474.0,0.32922336
3388,G20,DR_20221209_143805,1475.0,0.34384292
3389,G20,DR_20221209_143805,1476.0,0.50645566
3390,G21,DR_20221209_143805,1477.0,0.50657386
3391,G21,DR_20221209_143805,1478.0,0.91216284
3392,G21,DR_20221209_143805,1479.0,1.0086052
3393,G21,DR_20221209_143805,1480.0,0.9998509
3394,G21,DR_20221209_143805,1481.0,0.6451109
3395,G21,DR_20221209_143805,1482.0,0.9241143
3396,G21,DR_20221209_143805,1483.0,0.32922336
3397,G21,DR_20221209_143805,1484.0,0.6870984
3398,G21,DR_20221209_143805,1485.0,1.0081995
3399,G22,DR_20221209_143805,1486.0,1.0078158
3400,G22,DR_20221209_143805,1487.0,1.0079315
3401,G22,DR_20221209_143805,1488.0,1.029185
3402,G22,DR_20221209_143805,1489.0,1.0002201
3403,G22,DR_20221209_143805,1490.0,0.9103277
3404,G22,DR_20221209_143805,1491.0,0.9241143
3405,G22,DR_20221209_143805,1492.0,0.9447508
3406,G22,DR_20221209_143805,1493.0,0.92469174
3407,G22,DR_20221209_143805,1494.0,1.0818558
3444,H03,DR_20221209_143805,1531.0,0.47378653
3445,H03,DR_20221209_143805,1532.0,0.93112457
3446,H03,DR_20221209_143805,1533.0,1.0145113
3447,H03,DR_20221209_143805,1534.0,1.0078325
3448,H03,DR_20221209_143805,1535.0,0.61276466
3449,H03,DR_20221209_143805,1536.0,0.5252554
3450,H03,DR_20221209_143805,1537.0,0.50038123
3451,H03,DR_20221209_143805,1538.0,0.68607235
3452,H03,DR_20221209_143805,1539.0,0.3922034
3453,H04,DR_20221209_143805,1540.0,0.6870984
3454,H04,DR_20221209_143805,1541.0,0.9103277
3455,H04,DR_20221209_143805,1542.0,0.93162626
3456,H04,DR_20221209_143805,1543.0,0.9121461
3457,H04,DR_20221209_143805,1544.0,0.9297911
3458,H04,DR_20221209_143805,1545.0,1.0048515
3459,H04,DR_20221209_143805,1546.0,0.7337523
3460,H04,DR_20221209_143805,1547.0,0.5990164
3461,H04,DR_20221209_143805,1548.0,0.9998342
3462,H05,DR_20221209_143805,1549.0,0.071155205
3463,H05,DR_20221209_143805,1550.0,0.5182925
3464,H05,DR_20221209_143805,1551.0,0.90633905
3465,H05,DR_20221209_143805,1552.0,0.9121461
3466,H05,DR_20221209_143805,1553.0,0.7346207
3467,H05,DR_20221209_143805,1554.0,1.0736082
3468,H05,DR_20221209_143805,1555.0,0.92367184
3469,H05,DR_20221209_143805,1556.0,0.93112457
3470,H05,DR_20221209_143805,1557.0,0.98037076
3471,H06,DR_20221209_143805,1558.0,0.8788019
3472,H06,DR_20221209_143805,1559.0,0.9998342
3473,H06,DR_20221209_143805,1560.0,0.9998509
3474,H06,DR_20221209_143805,1561.0,0.9306204
3475,H06,DR_20221209_143805,1562.0,0.9302313
3476,H06,DR_20221209_143805,1563.0,0.56404656
3477,H06,DR_20221209_143805,1564.0,0.5005487
3478,H06,DR_20221209_143805,1565.0,0.5951282
3479,H06,DR_20221209_143805,1566.0,0.9998509
3480,H07,DR_20221209_143805,1567.0,0.9297911
3481,H07,DR_20221209_143805,1568.0,0.9297911
3482,H07,DR_20221209_143805,1569.0,1.0002201
3483,H07,DR_20221209_143805,1570.0,0.9984019
3484,H07,DR_20221209_143805,1571.0,0.9235369
3485,H07,DR_20221209_143805,1572.0,0.60226566
3486,H07,DR_20221209_143805,1573.0,0.93509096
3487,H07,DR_20221209_143805,1574.0,0.76393074
3488,H07,DR_20221209_143805,1575.0,1.0002201
3489,H08,DR_20221209_143805,1576.0,1.067832
3490,H08,DR_20221209_143805,1577.0,0.9807761
3491,H08,DR_20221209_143805,1578.0,0.73132503
3492,H08,DR_20221209_143805,1579.0,1.0002201
3493,H08,DR_20221209_143805,1580.0,0.91090506
3494,H08,DR_20221209_143805,1581.0,0.34354296
3495,H08,DR_20221209_143805,1582.0,0.34375232
3496,H08,DR_20221209_143805,1583.0,0.4445168
3497,H08,DR_20221209_143805,1584.0,1.0002201
3498,H09,DR_20221209_143805,1585.0,1.0735424
3499,H09,DR_20221209_143805,1586.0,0.9103277
3500,H09,DR_20221209_143805,1587.0,0.9969993
3501,H09,DR_20221209_143805,1588.0,0.9984019
3502,H09,DR_20221209_143805,1589.0,0.99801576
3503,H09,DR_20221209_143805,1590.0,0.9297911
3504,H09,DR_20221209_143805,1591.0,0.98418325
3505,H09,DR_20221209_143805,1592.0,0.9984019
3506,H09,DR_20221209_143805,1593.0,0.9807569
3507,H10,DR_20221209_143805,1594.0,0.9122643
3508,H10,DR_20221209_143805,1595.0,0.9235369
3509,H10,DR_20221209_143805,1596.0,0.9236551
3510,H10,DR_20221209_143805,1597.0,0.4950889
3511,H10,DR_20221209_143805,1598.0,1.0080965
3512,H10,DR_20221209_143805,1599.0,0.50379795
3513,H10,DR_20221209_143805,1600.0,1.0722649
3514,H10,DR_20221209_143805,1601.0,0.7565655
3515,H10,DR_20221209_143805,1602.0,1.0701916
3516,H11,DR_20221209_143805,1603.0,1.0090373
3517,H11,DR_20221209_143805,1604.0,1.008202
3518,H11,DR_20221209_143805,1605.0,1.0086612
3519,H11,DR_20221209_143805,1606.0,1.0086586
3520,H11,DR_20221209_143805,1607.0,1.0002201
3521,H11,DR_20221209_143805,1608.0,0.3922034
3522,H11,DR_20221209_143805,1609.0,0.96686816
3523,H11,DR_20221209_143805,1610.0,1.0083907
3524,H11,DR_20221209_143805,1611.0,1.0539538
3525,H12,DR_20221209_143805,1612.0,1.0006958
3526,H12,DR_20221209_143805,1613.0,1.0081995
3527,H12,DR_20221209_143805,1614.0,1.0086586
3528,H12,DR_20221209_143805,1615.0,1.0086586
3529,H12,DR_20221209_143805,1616.0,0.9312978
3530,H12,DR_20221209_143805,1617.0,1.0079633
3531,H12,DR_20221209_143805,1618.0,0.5072041
3532,H12,DR_20221209_143805,1619.0,0.9316095
3533,H12,DR_20221209_143805,1620.0,1.0086586
3534,H13,DR_20221209_143805,1621.0,0.92395514
3535,H13,DR_20221209_143805,1622.0,0.9121461
3536,H13,DR_20221209_143805,1623.0,1.0059878
3537,H13,DR_20221209_143805,1624.0,0.9988065
3538,H13,DR_20221209_143805,1625.0,0.9121461
3539,H13,DR_20221209_143805,1626.0,0.9316095
3540,H13,DR_20221209_143805,1627.0,0.92397845
3541,H13,DR_20221209_143805,1628.0,1.0002201
3542,H13,DR_20221209_143805,1629.0,1.0082725
3543,H14,DR_20221209_143805,1630.0,0.91183436
3544,H14,DR_20221209_143805,1631.0,0.99059665
3545,H14,DR_20221209_143805,1632.0,0.75259405
3546,H14,DR_20221209_143805,1633.0,1.0081995
3547,H14,DR_20221209_143805,1634.0,0.9312978
3548,H14,DR_20221209_143805,1635.0,0.9235561
3549,H14,DR_20221209_143805,1636.0,1.0207206
3550,H14,DR_20221209_143805,1637.0,0.95631266
3551,H14,DR_20221209_143805,1638.0,1.0813967
3552,H15,DR_20221209_143805,1639.0,1.0086586
3553,H15,DR_20221209_143805,1640.0,0.9807569
3554,H15,DR_20221209_143805,1641.0,1.0086612
3555,H15,DR_20221209_143805,1642.0,1.0365434
3556,H15,DR_20221209_143805,1643.0,0.99801576
3557,H15,DR_20221209_143805,1644.0,1.0081995
3558,H15,DR_20221209_143805,1645.0,1.0344988
3559,H15,DR_20221209_143805,1646.0,1.0472624
3560,H15,DR_20221209_143805,1647.0,0.8259069
3561,H16,DR_20221209_143805,1648.0,0.92401284
3562,H16,DR_20221209_143805,1649.0,0.37733623
3563,H16,DR_20221209_143805,1650.0,0.3134502
3564,H16,DR_20221209_143805,1651.0,0.76554215
3565,H16,DR_20221209_143805,1652.0,0.91093147
3566,H16,DR_20221209_143805,1653.0,0.9343953
3567,H16,DR_20221209_143805,1654.0,0.9030057
3568,H16,DR_20221209_143805,1655.0,0.3134502
3569,H16,DR_20221209_143805,1656.0,1.0078325
3570,H17,DR_20221209_143805,1657.0,1.0081995
3571,H17,DR_20221209_143805,1658.0,1.0078133
3572,H17,DR_20221209_143805,1659.0,1.0818558
3573,H17,DR_20221209_143805,1660.0,1.0190579
3574,H17,DR_20221209_143805,1661.0,0.9121461
3575,H17,DR_20221209_143805,1662.0,0.34102148
3576,H17,DR_20221209_143805,1663.0,0.50657386
3577,H17,DR_20221209_143805,1664.0,0.33216003
3578,H17,DR_20221209_143805,1665.0,1.0745786
3579,H18,DR_20221209_143805,1666.0,1.0082725
3580,H18,DR_20221209_143805,1667.0,1.00783
3581,H18,DR_20221209_143805,1668.0,0.31338292
3582,H18,DR_20221209_143805,1669.0,0.9807569
3583,H18,DR_20221209_143805,1670.0,0.8782246
3584,H18,DR_20221209_143805,1671.0,0.50657386
3585,H18,DR_20221209_143805,1672.0,0.34465617
3586,H18,DR_20221209_143805,1673.0,0.64583415
3587,H18,DR_20221209_143805,1674.0,1.0813992
3588,H19,DR_20221209_143805,1675.0,0.98037076
3589,H19,DR_20221209_143805,1676.0,0.9807736
3590,H19,DR_20221209_143805,1677.0,1.0206981
3591,H19,DR_20221209_143805,1678.0,1.0078133
3592,H19,DR_20221209_143805,1679.0,0.91644466
3593,H19,DR_20221209_143805,1680.0,0.34667152
3594,H19,DR_20221209_143805,1681.0,0.35368323
3595,H19,DR_20221209_143805,1682.0,1.008275
3596,H19,DR_20221209_143805,1683.0,1.0082725
3597,H20,DR_20221209_143805,1684.0,0.9121461
3598,H20,DR_20221209_143805,1685.0,1.0063931
3599,H20,DR_20221209_143805,1686.0,0.9519086
3600,H20,DR_20221209_143805,1687.0,1.0002201
3601,H20,DR_20221209_143805,1688.0,0.9235369
3602,H20,DR_20221209_143805,1689.0,0.9236551
3603,H20,DR_20221209_143805,1690.0,0.37597677
3604,H20,DR_20221209_143805,1691.0,0.5569003
3605,H20,DR_20221209_143805,1692.0,1.0078133
3606,H21,DR_20221209_143805,1693.0,1.008202
3607,H21,DR_20221209_143805,1694.0,1.0078133
3608,H21,DR_20221209_143805,1695.0,1.008202
3609,H21,DR_20221209_143805,1696.0,0.98037076
3610,H21,DR_20221209_143805,1697.0,0.9121461
3611,H21,DR_20221209_143805,1698.0,0.6479604
3612,H21,DR_20221209_143805,1699.0,0.50767964
3613,H21,DR_20221209_143805,1700.0,0.5990164
3614,H21,DR_20221209_143805,1701.0,1.0813967
3615,H22,DR_20221209_143805,1702.0,1.0002201
3616,H22,DR_20221209_143805,1703.0,0.9998342
3617,H22,DR_20221209_143805,1704.0,1.0813992
3618,H22,DR_20221209_143805,1705.0,1.0081995
3619,H22,DR_20221209_143805,1706.0,0.9121461
3620,H22,DR_20221209_143805,1707.0,1.0078133
3621,H22,DR_20221209_143805,1708.0,0.4943201
3622,H22,DR_20221209_143805,1709.0,0.4445168
3623,H22,DR_20221209_143805,1710.0,0.9812161
3660,I03,DR_20221209_143805,1747.0,0.6903476
3661,I03,DR_20221209_143805,1748.0,1.0952938
3662,I03,DR_20221209_143805,1749.0,1.028766
3663,I03,DR_20221209_143805,1750.0,0.98133427
3664,I03,DR_20221209_143805,1751.0,0.9236551
3665,I03,DR_20221209_143805,1752.0,0.7122006
3666,I03,DR_20221209_143805,1753.0,1.0025018
3667,I03,DR_20221209_143805,1754.0,0.9984019
3668,I03,DR_20221209_143805,1755.0,1.0086586
3669,I04,DR_20221209_143805,1756.0,0.45286375
3670,I04,DR_20221209_143805,1757.0,0.9126053
3671,I04,DR_20221209_143805,1758.0,0.9235561
3672,I04,DR_20221209_143805,1759.0,0.91216284
3673,I04,DR_20221209_143805,1760.0,0.103652656
3674,I04,DR_20221209_143805,1761.0,0.93112457
3675,I04,DR_20221209_143805,1762.0,0.34390897
3676,I04,DR_20221209_143805,1763.0,0.76393074
3677,I04,DR_20221209_143805,1764.0,0.92355365
3678,I05,DR_20221209_143805,1765.0,0.9999596
3679,I05,DR_20221209_143805,1766.0,0.8246993
3680,I05,DR_20221209_143805,1767.0,0.9999596
3681,I05,DR_20221209_143805,1768.0,0.9998342
3682,I05,DR_20221209_143805,1769.0,0.9235369
3683,I05,DR_20221209_143805,1770.0,1.1642488
3684,I05,DR_20221209_143805,1771.0,0.9807569
3685,I05,DR_20221209_143805,1772.0,0.9317277
3686,I05,DR_20221209_143805,1773.0,0.9241143
3687,I06,DR_20221209_143805,1774.0,0.5730961
3688,I06,DR_20221209_143805,1775.0,1.0048515
3689,I06,DR_20221209_143805,1776.0,1.1000233
3690,I06,DR_20221209_143805,1777.0,0.9121461
3691,I06,DR_20221209_143805,1778.0,0.9967422
3692,I06,DR_20221209_143805,1779.0,1.0999985
3693,I06,DR_20221209_143805,1780.0,1.0701916
3694,I06,DR_20221209_143805,1781.0,0.9236551
3695,I06,DR_20221209_143805,1782.0,0.93162626
3696,I07,DR_20221209_143805,1783.0,0.93025017
3697,I07,DR_20221209_143805,1784.0,0.9998509
3698,I07,DR_20221209_143805,1785.0,0.9998509
3699,I07,DR_20221209_143805,1786.0,0.9316095
3700,I07,DR_20221209_143805,1787.0,0.91078687
3701,I07,DR_20221209_143805,1788.0,1.0999985
3702,I07,DR_20221209_143805,1789.0,1.044752
3703,I07,DR_20221209_143805,1790.0,0.687229
3704,I07,DR_20221209_143805,1791.0,1.0002367
3705,I08,DR_20221209_143805,1792.0,0.9316095
3706,I08,DR_20221209_143805,1793.0,0.9998509
3707,I08,DR_20221209_143805,1794.0,0.9121461
3708,I08,DR_20221209_143805,1795.0,0.93162626
3709,I08,DR_20221209_143805,1796.0,0.95238507
3710,I08,DR_20221209_143805,1797.0,0.60226566
3711,I08,DR_20221209_143805,1798.0,1.0736082
3712,I08,DR_20221209_143805,1799.0,0.6870984
3713,I08,DR_20221209_143805,1800.0,0.97867054
3714,I09,DR_20221209_143805,1801.0,0.814386
3715,I09,DR_20221209_143805,1802.0,0.91044587
3716,I09,DR_20221209_143805,1803.0,0.9807569
3717,I09,DR_20221209_143805,1804.0,0.9103277
3718,I09,DR_20221209_143805,1805.0,0.93030953
3719,I09,DR_20221209_143805,1806.0,0.9103277
3720,I09,DR_20221209_143805,1807.0,0.7402327
3721,I09,DR_20221209_143805,1808.0,1.00932
3722,I09,DR_20221209_143805,1809.0,0.9235369
3723,I10,DR_20221209_143805,1810.0,0.9121461
3724,I10,DR_20221209_143805,1811.0,0.9971201
3725,I10,DR_20221209_143805,1812.0,0.9236551
3726,I10,DR_20221209_143805,1813.0,0.31201977
3727,I10,DR_20221209_143805,1814.0,0.5623625
3728,I10,DR_20221209_143805,1815.0,0.8436227
3729,I10,DR_20221209_143805,1816.0,0.42296553
3730,I10,DR_20221209_143805,1817.0,0.57892406
3731,I10,DR_20221209_143805,1818.0,0.6188571
3732,I11,DR_20221209_143805,1819.0,0.9241143
3733,I11,DR_20221209_143805,1820.0,0.9297911
3734,I11,DR_20221209_143805,1821.0,1.0002201
3735,I11,DR_20221209_143805,1822.0,0.9316095
3736,I11,DR_20221209_143805,1823.0,0.9103277
3737,I11,DR_20221209_143805,1824.0,0.9236551
3738,I11,DR_20221209_143805,1825.0,0.687229
3739,I11,DR_20221209_143805,1826.0,0.9316095
3740,I11,DR_20221209_143805,1827.0,0.9998342
3741,I12,DR_20221209_143805,1828.0,0.31356835
3742,I12,DR_20221209_143805,1829.0,0.5254834
3743,I12,DR_20221209_143805,1830.0,0.31347775
3744,I12,DR_20221209_143805,1831.0,1.00783
3745,I12,DR_20221209_143805,1832.0,0.9136528
3746,I12,DR_20221209_143805,1833.0,0.7839667
3747,I12,DR_20221209_143805,1834.0,0.34386802
3748,I12,DR_20221209_143805,1835.0,0.49028593
3749,I12,DR_20221209_143805,1836.0,0.9906134
3750,I13,DR_20221209_143805,1837.0,0.9953066
3751,I13,DR_20221209_143805,1838.0,0.99802524
3752,I13,DR_20221209_143805,1839.0,0.97939765
3753,I13,DR_20221209_143805,1840.0,0.99952245
3754,I13,DR_20221209_143805,1841.0,0.9121461
3755,I13,DR_20221209_143805,1842.0,0.9305818
3756,I13,DR_20221209_143805,1843.0,0.9808467
3757,I13,DR_20221209_143805,1844.0,1.0817165
3758,I13,DR_20221209_143805,1845.0,0.9812161
3759,I14,DR_20221209_143805,1846.0,1.0081995
3760,I14,DR_20221209_143805,1847.0,0.99544966
3761,I14,DR_20221209_143805,1848.0,1.0413741
3762,I14,DR_20221209_143805,1849.0,0.9629944
3763,I14,DR_20221209_143805,1850.0,0.91183436
3764,I14,DR_20221209_143805,1851.0,0.50657386
3765,I14,DR_20221209_143805,1852.0,0.3447443
3766,I14,DR_20221209_143805,1853.0,1.0078158
3767,I14,DR_20221209_143805,1854.0,0.8257887
3768,I15,DR_20221209_143805,1855.0,0.98037076
3769,I15,DR_20221209_143805,1856.0,1.008202
3770,I15,DR_20221209_143805,1857.0,0.7771935
3771,I15,DR_20221209_143805,1858.0,1.0423293
3772,I15,DR_20221209_143805,1859.0,0.93008316
3773,I15,DR_20221209_143805,1860.0,1.0813967
3774,I15,DR_20221209_143805,1861.0,1.0566015
3775,I15,DR_20221209_143805,1862.0,0.980149
3776,I15,DR_20221209_143805,1863.0,0.763352
3777,I16,DR_20221209_143805,1864.0,1.0818558
3778,I16,DR_20221209_143805,1865.0,0.34084463
3779,I16,DR_20221209_143805,1866.0,1.0800095
3780,I16,DR_20221209_143805,1867.0,1.0681874
3781,I16,DR_20221209_143805,1868.0,0.99737984
3782,I16,DR_20221209_143805,1869.0,1.0011137
3783,I16,DR_20221209_143805,1870.0,0.9877115
3784,I16,DR_20221209_143805,1871.0,1.00932
3785,I16,DR_20221209_143805,1872.0,1.0745786
3786,I17,DR_20221209_143805,1873.0,1.0078133
3787,I17,DR_20221209_143805,1874.0,0.9807569
3788,I17,DR_20221209_143805,1875.0,0.9453617
3789,I17,DR_20221209_143805,1876.0,0.9629605
3790,I17,DR_20221209_143805,1877.0,0.8782246
3791,I17,DR_20221209_143805,1878.0,0.9239961
3792,I17,DR_20221209_143805,1879.0,0.50647485
3793,I17,DR_20221209_143805,1880.0,0.35207042
3794,I17,DR_20221209_143805,1881.0,0.9807593
3795,I18,DR_20221209_143805,1882.0,0.9235369
3796,I18,DR_20221209_143805,1883.0,0.8782246
3797,I18,DR_20221209_143805,1884.0,0.87060505
3798,I18,DR_20221209_143805,1885.0,1.0009955
3799,I18,DR_20221209_143805,1886.0,0.9297911
3800,I18,DR_20221209_143805,1887.0,0.9235369
3801,I18,DR_20221209_143805,1888.0,1.0810828
3802,I18,DR_20221209_143805,1889.0,0.6365309
3803,I18,DR_20221209_143805,1890.0,0.9611944
3804,I19,DR_20221209_143805,1891.0,0.97893846
3805,I19,DR_20221209_143805,1892.0,0.98037076
3806,I19,DR_20221209_143805,1893.0,0.91391534
3807,I19,DR_20221209_143805,1894.0,0.9628711
3808,I19,DR_20221209_143805,1895.0,0.9103277
3809,I19,DR_20221209_143805,1896.0,0.9239961
3810,I19,DR_20221209_143805,1897.0,0.3669338
3811,I19,DR_20221209_143805,1898.0,0.5122239
3812,I19,DR_20221209_143805,1899.0,1.0813967
3813,I20,DR_20221209_143805,1900.0,1.0078325
3814,I20,DR_20221209_143805,1901.0,0.92355365
3815,I20,DR_20221209_143805,1902.0,1.0198063
3816,I20,DR_20221209_143805,1903.0,0.7173059
3817,I20,DR_20221209_143805,1904.0,0.9971201
3818,I20,DR_20221209_143805,1905.0,0.93509096
3819,I20,DR_20221209_143805,1906.0,0.7315942
3820,I20,DR_20221209_143805,1907.0,1.0048515
3821,I20,DR_20221209_143805,1908.0,0.9998509
3822,I21,DR_20221209_143805,1909.0,1.008202
3823,I21,DR_20221209_143805,1910.0,0.9121461
3824,I21,DR_20221209_143805,1911.0,0.84063166
3825,I21,DR_20221209_143805,1912.0,0.35207042
3826,I21,DR_20221209_143805,1913.0,0.9103277
3827,I21,DR_20221209_143805,1914.0,0.91078687
3828,I21,DR_20221209_143805,1915.0,0.9106494
3829,I21,DR_20221209_143805,1916.0,1.0434916
3830,I21,DR_20221209_143805,1917.0,0.96796155
3831,I22,DR_20221209_143805,1918.0,1.0199423
3832,I22,DR_20221209_143805,1919.0,1.0360843
3833,I22,DR_20221209_143805,1920.0,0.32027757
3834,I22,DR_20221209_143805,1921.0,0.97893846
3835,I22,DR_20221209_143805,1922.0,0.9297911
3836,I22,DR_20221209_143805,1923.0,1.0003097
3837,I22,DR_20221209_143805,1924.0,0.7648087
3838,I22,DR_20221209_143805,1925.0,1.0082892
3839,I22,DR_20221209_143805,1926.0,0.9807569
3876,J03,DR_20221209_143805,1963.0,0.0004912141
3877,J03,DR_20221209_143805,1964.0,0.2117489
3878,J03,DR_20221209_143805,1965.0,0.14113358
3879,J03,DR_20221209_143805,1966.0,0.21762778
3880,J03,DR_20221209_143805,1967.0,0.22258407
3881,J03,DR_20221209_143805,1968.0,0.00044935796
3882,J03,DR_20221209_143805,1969.0,0.14221302
3883,J03,DR_20221209_143805,1970.0,0.16061668
3884,J04,DR_20221209_143805,1971.0,1.1010653
3885,J04,DR_20221209_143805,1972.0,1.0999985
3886,J04,DR_20221209_143805,1973.0,1.0341573
3887,J04,DR_20221209_143805,1974.0,0.92355365
3888,J04,DR_20221209_143805,1975.0,0.93112457
3889,J04,DR_20221209_143805,1976.0,0.49501204
3890,J04,DR_20221209_143805,1977.0,1.0701916
3891,J04,DR_20221209_143805,1978.0,0.49494156
3892,J04,DR_20221209_143805,1979.0,0.4474061
3893,J05,DR_20221209_143805,1980.0,1.1010653
3894,J05,DR_20221209_143805,1981.0,0.93112457
3895,J05,DR_20221209_143805,1982.0,0.98108315
3896,J05,DR_20221209_143805,1983.0,1.0002201
3897,J05,DR_20221209_143805,1984.0,0.9114825
3898,J05,DR_20221209_143805,1985.0,1.0735424
3899,J05,DR_20221209_143805,1986.0,1.0002201
3900,J05,DR_20221209_143805,1987.0,1.0002201
3901,J05,DR_20221209_143805,1988.0,1.0002201
3902,J06,DR_20221209_143805,1989.0,0.5990164
3903,J06,DR_20221209_143805,1990.0,0.93112457
3904,J06,DR_20221209_143805,1991.0,0.3750697
3905,J06,DR_20221209_143805,1992.0,1.0078133
3906,J06,DR_20221209_143805,1993.0,0.61227053
3907,J06,DR_20221209_143805,1994.0,0.6964646
3908,J06,DR_20221209_143805,1995.0,0.37584087
3909,J06,DR_20221209_143805,1996.0,0.50363046
3910,J06,DR_20221209_143805,1997.0,1.0037416
3911,J07,DR_20221209_143805,1998.0,1.0155447
3912,J07,DR_20221209_143805,1999.0,1.0078133
3913,J07,DR_20221209_143805,2000.0,0.9235561
3914,J07,DR_20221209_143805,2001.0,0.98038995
3915,J07,DR_20221209_143805,2002.0,0.4379212
3916,J07,DR_20221209_143805,2003.0,1.0701916
3917,J07,DR_20221209_143805,2004.0,0.349559
3918,J07,DR_20221209_143805,2005.0,0.50038123
3919,J07,DR_20221209_143805,2006.0,1.0345721
3920,J08,DR_20221209_143805,2007.0,0.31142893
3921,J08,DR_20221209_143805,2008.0,0.3216969
3922,J08,DR_20221209_143805,2009.0,0.33404353
3923,J08,DR_20221209_143805,2010.0,0.33606437
3924,J08,DR_20221209_143805,2011.0,0.3224552
3925,J08,DR_20221209_143805,2012.0,0.34383497
3926,J08,DR_20221209_143805,2013.0,0.3290371
3927,J08,DR_20221209_143805,2014.0,0.50038123
3928,J08,DR_20221209_143805,2015.0,0.9791127
3929,J09,DR_20221209_143805,2016.0,0.60532355
3930,J09,DR_20221209_143805,2017.0,0.9998342
3931,J09,DR_20221209_143805,2018.0,1.0093197
3932,J09,DR_20221209_143805,2019.0,1.0002201
3933,J09,DR_20221209_143805,2020.0,0.9297911
3934,J09,DR_20221209_143805,2021.0,0.9312685
3935,J09,DR_20221209_143805,2022.0,0.9384393
3936,J09,DR_20221209_143805,2023.0,0.3620998
3937,J09,DR_20221209_143805,2024.0,1.0929495
3938,J10,DR_20221209_143805,2025.0,1.0262116
3939,J10,DR_20221209_143805,2026.0,1.0078325
3940,J10,DR_20221209_143805,2027.0,0.9817277
3941,J10,DR_20221209_143805,2028.0,0.320024
3942,J10,DR_20221209_143805,2029.0,0.9975793
3943,J10,DR_20221209_143805,2030.0,0.4445168
3944,J10,DR_20221209_143805,2031.0,0.30176315
3945,J10,DR_20221209_143805,2032.0,0.50038123
3946,J10,DR_20221209_143805,2033.0,0.34361643
3947,J11,DR_20221209_143805,2034.0,1.0813967
3948,J11,DR_20221209_143805,2035.0,1.0075772
3949,J11,DR_20221209_143805,2036.0,1.0647947
3950,J11,DR_20221209_143805,2037.0,0.99886096
3951,J11,DR_20221209_143805,2038.0,0.9297911
3952,J11,DR_20221209_143805,2039.0,0.92355365
3953,J11,DR_20221209_143805,2040.0,0.48852113
3954,J11,DR_20221209_143805,2041.0,1.0809221
3955,J11,DR_20221209_143805,2042.0,1.0818558
3956,J12,DR_20221209_143805,2043.0,0.50363046
3957,J12,DR_20221209_143805,2044.0,0.31175378
3958,J12,DR_20221209_143805,2045.0,0.31341976
3959,J12,DR_20221209_143805,2046.0,0.9239961
3960,J12,DR_20221209_143805,2047.0,0.9235369
3961,J12,DR_20221209_143805,2048.0,0.25481704
3962,J12,DR_20221209_143805,2049.0,0.91335356
3963,J12,DR_20221209_143805,2050.0,0.744434
3964,J12,DR_20221209_143805,2051.0,1.0389689
3965,J13,DR_20221209_143805,2052.0,0.9345135
3966,J13,DR_20221209_143805,2053.0,0.21313459
3967,J13,DR_20221209_143805,2054.0,1.0632908
3968,J13,DR_20221209_143805,2055.0,1.0813967
3969,J13,DR_20221209_143805,2056.0,0.9235369
3970,J13,DR_20221209_143805,2057.0,0.9235369
3971,J13,DR_20221209_143805,2058.0,0.31336206
3972,J13,DR_20221209_143805,2059.0,1.0674375
3973,J13,DR_20221209_143805,2060.0,1.008202
3974,J14,DR_20221209_143805,2061.0,0.97939765
3975,J14,DR_20221209_143805,2062.0,1.0915998
3976,J14,DR_20221209_143805,2063.0,1.0813967
3977,J14,DR_20221209_143805,2064.0,0.99544966
3978,J14,DR_20221209_143805,2065.0,0.9783162
3979,J14,DR_20221209_143805,2066.0,1.0081995
3980,J14,DR_20221209_143805,2067.0,0.9239961
3981,J14,DR_20221209_143805,2068.0,1.0086586
3982,J14,DR_20221209_143805,2069.0,1.0813967
3983,J15,DR_20221209_143805,2070.0,0.9998342
3984,J15,DR_20221209_143805,2071.0,1.0412546
3985,J15,DR_20221209_143805,2072.0,1.0124205
3986,J15,DR_20221209_143805,2073.0,0.7780635
3987,J15,DR_20221209_143805,2074.0,0.9965762
3988,J15,DR_20221209_143805,2075.0,1.0817165
3989,J15,DR_20221209_143805,2076.0,1.0078133
3990,J15,DR_20221209_143805,2077.0,0.7851107
3991,J15,DR_20221209_143805,2078.0,0.31767946
3992,J16,DR_20221209_143805,2079.0,0.9241143
3993,J16,DR_20221209_143805,2080.0,0.7767024
3994,J16,DR_20221209_143805,2081.0,0.25665218
3995,J16,DR_20221209_143805,2082.0,1.0188671
3996,J16,DR_20221209_143805,2083.0,0.99801576
3997,J16,DR_20221209_143805,2084.0,0.76528424
3998,J16,DR_20221209_143805,2085.0,1.0081995
3999,J16,DR_20221209_143805,2086.0,1.0813967
4000,J16,DR_20221209_143805,2087.0,0.98037076
4001,J17,DR_20221209_143805,2088.0,1.0365434
4002,J17,DR_20221209_143805,2089.0,0.964231
4003,J17,DR_20221209_143805,2090.0,1.076625
4004,J17,DR_20221209_143805,2091.0,0.6434554
4005,J17,DR_20221209_143805,2092.0,0.8786837
4006,J17,DR_20221209_143805,2093.0,0.5912185
4007,J17,DR_20221209_143805,2094.0,0.42555314
4008,J17,DR_20221209_143805,2095.0,0.3465753
4009,J17,DR_20221209_143805,2096.0,0.30173478
4010,J18,DR_20221209_143805,2097.0,1.0423318
4011,J18,DR_20221209_143805,2098.0,1.008202
4012,J18,DR_20221209_143805,2099.0,0.34485468
4013,J18,DR_20221209_143805,2100.0,1.0082725
4014,J18,DR_20221209_143805,2101.0,0.92469174
4015,J18,DR_20221209_143805,2102.0,0.3290666
4016,J18,DR_20221209_143805,2103.0,0.58444524
4017,J18,DR_20221209_143805,2104.0,0.4227981
4018,J18,DR_20221209_143805,2105.0,1.0539538
4019,J19,DR_20221209_143805,2106.0,0.98037076
4020,J19,DR_20221209_143805,2107.0,0.9316095
4021,J19,DR_20221209_143805,2108.0,0.31347775
4022,J19,DR_20221209_143805,2109.0,1.0086612
4023,J19,DR_20221209_143805,2110.0,0.9235369
4024,J19,DR_20221209_143805,2111.0,0.31990832
4025,J19,DR_20221209_143805,2112.0,0.30472067
4026,J19,DR_20221209_143805,2113.0,0.36289686
4027,J19,DR_20221209_143805,2114.0,0.92355365
4028,J20,DR_20221209_143805,2115.0,0.9239961
4029,J20,DR_20221209_143805,2116.0,0.91216284
4030,J20,DR_20221209_143805,2117.0,0.29881224
4031,J20,DR_20221209_143805,2118.0,0.36411837
4032,J20,DR_20221209_143805,2119.0,0.6449927
4033,J20,DR_20221209_143805,2120.0,1.0952938
4034,J20,DR_20221209_143805,2121.0,0.3421992
4035,J20,DR_20221209_143805,2122.0,0.34383497
4036,J20,DR_20221209_143805,2123.0,0.9235561
4037,J21,DR_20221209_143805,2124.0,0.3017301
4038,J21,DR_20221209_143805,2125.0,0.9235561
4039,J21,DR_20221209_143805,2126.0,0.31347775
4040,J21,DR_20221209_143805,2127.0,0.7522247
4041,J21,DR_20221209_143805,2128.0,0.92330915
4042,J21,DR_20221209_143805,2129.0,0.63123405
4043,J21,DR_20221209_143805,2130.0,0.30463007
4044,J21,DR_20221209_143805,2131.0,0.3432738
4045,J21,DR_20221209_143805,2132.0,0.3133596
4046,J22,DR_20221209_143805,2133.0,0.84298515
4047,J22,DR_20221209_143805,2134.0,1.0086612
4048,J22,DR_20221209_143805,2135.0,0.837266
4049,J22,DR_20221209_143805,2136.0,1.0086612
4050,J22,DR_20221209_143805,2137.0,1.0075855
4051,J22,DR_20221209_143805,2138.0,1.0083907
4052,J22,DR_20221209_143805,2139.0,1.0063808
4053,J22,DR_20221209_143805,2140.0,0.7309389
4054,J22,DR_20221209_143805,2141.0,0.93156856
4091,K04,DR_20221209_143805,2187.0,0.67259955
4092,K04,DR_20221209_143805,2188.0,0.9228501
4093,K04,DR_20221209_143805,2189.0,0.9206495
4094,K04,DR_20221209_143805,2190.0,1.0002367
4095,K04,DR_20221209_143805,2191.0,0.9998342
4096,K04,DR_20221209_143805,2192.0,0.93112457
4097,K04,DR_20221209_143805,2193.0,1.0701916
4098,K04,DR_20221209_143805,2194.0,0.98418325
4099,K04,DR_20221209_143805,2195.0,1.0082186
4100,K05,DR_20221209_143805,2196.0,0.9499942
4101,K05,DR_20221209_143805,2197.0,1.0048515
4102,K05,DR_20221209_143805,2198.0,0.91149926
4103,K05,DR_20221209_143805,2199.0,0.9984186
4104,K05,DR_20221209_143805,2200.0,0.91078687
4105,K05,DR_20221209_143805,2201.0,1.0047075
4106,K05,DR_20221209_143805,2202.0,1.0002367
4107,K05,DR_20221209_143805,2203.0,0.9988777
4108,K05,DR_20221209_143805,2204.0,1.0002367
4109,K06,DR_20221209_143805,2205.0,0.50363046
4110,K06,DR_20221209_143805,2206.0,0.6903476
4111,K06,DR_20221209_143805,2207.0,0.6273358
4112,K06,DR_20221209_143805,2208.0,0.9803875
4113,K06,DR_20221209_143805,2209.0,0.91044587
4114,K06,DR_20221209_143805,2210.0,0.5254834
4115,K06,DR_20221209_143805,2211.0,0.37597677
4116,K06,DR_20221209_143805,2212.0,0.9239961
4117,K06,DR_20221209_143805,2213.0,1.0087768
4118,K07,DR_20221209_143805,2214.0,0.9236551
4119,K07,DR_20221209_143805,2215.0,0.97956145
4120,K07,DR_20221209_143805,2216.0,0.32924
4121,K07,DR_20221209_143805,2217.0,0.9807569
4122,K07,DR_20221209_143805,2218.0,0.8883961
4123,K07,DR_20221209_143805,2219.0,1.0985429
4124,K07,DR_20221209_143805,2220.0,0.34352288
4125,K07,DR_20221209_143805,2221.0,0.50363046
4126,K07,DR_20221209_143805,2222.0,0.51552266
4127,K08,DR_20221209_143805,2223.0,0.7702135
4128,K08,DR_20221209_143805,2224.0,1.0078133
4129,K08,DR_20221209_143805,2225.0,1.0082725
4130,K08,DR_20221209_143805,2226.0,0.97893846
4131,K08,DR_20221209_143805,2227.0,0.9103277
4132,K08,DR_20221209_143805,2228.0,0.3432738
4133,K08,DR_20221209_143805,2229.0,0.30536032
4134,K08,DR_20221209_143805,2230.0,0.30536032
4135,K08,DR_20221209_143805,2231.0,0.78482836
4136,K09,DR_20221209_143805,2232.0,1.0735424
4137,K09,DR_20221209_143805,2233.0,0.58786154
4138,K09,DR_20221209_143805,2234.0,1.0079482
4139,K09,DR_20221209_143805,2235.0,0.97855234
4140,K09,DR_20221209_143805,2236.0,0.9297911
4141,K09,DR_20221209_143805,2237.0,0.8782246
4142,K09,DR_20221209_143805,2238.0,0.5569003
4143,K09,DR_20221209_143805,2239.0,1.0817165
4144,K09,DR_20221209_143805,2240.0,0.9807569
4145,K10,DR_20221209_143805,2241.0,1.019187
4146,K10,DR_20221209_143805,2242.0,0.9103277
4147,K10,DR_20221209_143805,2243.0,0.9628711
4148,K10,DR_20221209_143805,2244.0,0.9069517
4149,K10,DR_20221209_143805,2245.0,0.9805207
4150,K10,DR_20221209_143805,2246.0,0.5787533
4151,K10,DR_20221209_143805,2247.0,1.0734408
4152,K10,DR_20221209_143805,2248.0,0.47286823
4153,K10,DR_20221209_143805,2249.0,0.8257911
4154,K11,DR_20221209_143805,2250.0,0.50363046
4155,K11,DR_20221209_143805,2251.0,1.0078133
4156,K11,DR_20221209_143805,2252.0,1.0819739
4157,K11,DR_20221209_143805,2253.0,1.0081831
4158,K11,DR_20221209_143805,2254.0,0.9998342
4159,K11,DR_20221209_143805,2255.0,0.91078687
4160,K11,DR_20221209_143805,2256.0,1.0143273
4161,K11,DR_20221209_143805,2257.0,0.9807569
4162,K11,DR_20221209_143805,2258.0,0.83893406
4163,K12,DR_20221209_143805,2259.0,0.5848591
4164,K12,DR_20221209_143805,2260.0,0.5254834
4165,K12,DR_20221209_143805,2261.0,0.36289686
4166,K12,DR_20221209_143805,2262.0,1.0086586
4167,K12,DR_20221209_143805,2263.0,0.9103277
4168,K12,DR_20221209_143805,2264.0,0.9235369
4169,K12,DR_20221209_143805,2265.0,0.587527
4170,K12,DR_20221209_143805,2266.0,1.0082725
4171,K12,DR_20221209_143805,2267.0,0.7702677
4172,K14,DR_20221209_143805,2277.0,1.0282143
4173,K14,DR_20221209_143805,2278.0,1.0084225
4174,K14,DR_20221209_143805,2279.0,1.0081831
4175,K14,DR_20221209_143805,2280.0,1.0818558
4176,K14,DR_20221209_143805,2281.0,0.9981657
4177,K14,DR_20221209_143805,2282.0,0.9152032
4178,K14,DR_20221209_143805,2283.0,0.5124918
4179,K14,DR_20221209_143805,2284.0,0.72213167
4180,K14,DR_20221209_143805,2285.0,1.0002201
4181,K18,DR_20221209_143805,2313.0,1.0681874
4182,K18,DR_20221209_143805,2314.0,1.0079633
4183,K18,DR_20221209_143805,2315.0,1.0818558
4184,K18,DR_20221209_143805,2316.0,0.94956154
4185,K18,DR_20221209_143805,2317.0,0.9981657
4186,K18,DR_20221209_143805,2318.0,0.9984019
4187,K18,DR_20221209_143805,2319.0,0.97855234
4188,K18,DR_20221209_143805,2320.0,0.98037076
4189,K18,DR_20221209_143805,2321.0,0.9983946
4190,K19,DR_20221209_143805,2322.0,1.0189399
4191,K19,DR_20221209_143805,2323.0,1.0079633
4192,K19,DR_20221209_143805,2324.0,1.0922575
4193,K19,DR_20221209_143805,2325.0,1.0081831
4194,K19,DR_20221209_143805,2326.0,1.0002201
4195,K19,DR_20221209_143805,2327.0,0.9241143
4196,K19,DR_20221209_143805,2328.0,0.31079865
4197,K19,DR_20221209_143805,2329.0,0.92423254
4198,K19,DR_20221209_143805,2330.0,0.98037076
4199,K20,DR_20221209_143805,2331.0,1.0314234
4200,K20,DR_20221209_143805,2332.0,1.0814159
4201,K20,DR_20221209_143805,2333.0,0.91819525
4202,K20,DR_20221209_143805,2334.0,1.0082725
4203,K20,DR_20221209_143805,2335.0,0.93112457
4204,K20,DR_20221209_143805,2336.0,1.0952938
4205,K20,DR_20221209_143805,2337.0,0.64956635
4206,K20,DR_20221209_143805,2338.0,1.0701916
4207,K20,DR_20221209_143805,2339.0,0.91216284
4208,K21,DR_20221209_143805,2340.0,0.7648087
4209,K21,DR_20221209_143805,2341.0,0.97204596
4210,K21,DR_20221209_143805,2342.0,0.96789116
4211,K21,DR_20221209_143805,2343.0,0.30176315
4212,K21,DR_20221209_143805,2344.0,1.1010653
4213,K21,DR_20221209_143805,2345.0,0.70908195
4214,K21,DR_20221209_143805,2346.0,1.0090581
4215,K21,DR_20221209_143805,2347.0,0.23876403
4216,K21,DR_20221209_143805,2348.0,0.31458357
4217,K22,DR_20221209_143805,2349.0,0.9583117
4218,K22,DR_20221209_143805,2350.0,1.0084225
4219,K22,DR_20221209_143805,2351.0,0.80482966
4220,K22,DR_20221209_143805,2352.0,1.0086586
4221,K22,DR_20221209_143805,2353.0,0.99801576
4222,K22,DR_20221209_143805,2354.0,1.0081831
4223,K22,DR_20221209_143805,2355.0,0.7942226
4224,K22,DR_20221209_143805,2356.0,0.9156769
4225,K22,DR_20221209_143805,2357.0,0.9998342
4262,L04,DR_20221209_143805,2403.0,1.0722649
4263,L04,DR_20221209_143805,2404.0,0.9999596
4264,L04,DR_20221209_143805,2405.0,1.0179852
4265,L04,DR_20221209_143805,2406.0,0.92367184
4266,L04,DR_20221209_143805,2407.0,0.67259955
4267,L04,DR_20221209_143805,2408.0,1.0279622
4268,L04,DR_20221209_143805,2409.0,0.91351897
4269,L04,DR_20221209_143805,2410.0,0.58444524
4270,L04,DR_20221209_143805,2411.0,0.96686816
4271,L05,DR_20221209_143805,2412.0,0.60226566
4272,L05,DR_20221209_143805,2413.0,0.5990164
4273,L05,DR_20221209_143805,2414.0,0.62123007
4274,L05,DR_20221209_143805,2415.0,0.9998509
4275,L05,DR_20221209_143805,2416.0,0.9235369
4276,L05,DR_20221209_143805,2417.0,0.9241143
4277,L05,DR_20221209_143805,2418.0,1.0143273
4278,L05,DR_20221209_143805,2419.0,0.9236551
4279,L05,DR_20221209_143805,2420.0,1.0032661
4280,L06,DR_20221209_143805,2421.0,0.9122643
4281,L06,DR_20221209_143805,2422.0,0.9972383
4282,L06,DR_20221209_143805,2423.0,1.0079482
4283,L06,DR_20221209_143805,2424.0,0.9236551
4284,L06,DR_20221209_143805,2425.0,0.6188571
4285,L06,DR_20221209_143805,2426.0,0.76537216
4286,L06,DR_20221209_143805,2427.0,0.54859674
4287,L06,DR_20221209_143805,2428.0,0.4529047
4288,L06,DR_20221209_143805,2429.0,0.9998342
4289,L07,DR_20221209_143805,2430.0,1.0086586
4290,L07,DR_20221209_143805,2431.0,0.9807569
4291,L07,DR_20221209_143805,2432.0,0.7771935
4292,L07,DR_20221209_143805,2433.0,1.0818558
4293,L07,DR_20221209_143805,2434.0,0.8783428
4294,L07,DR_20221209_143805,2435.0,0.79030687
4295,L07,DR_20221209_143805,2436.0,0.91287804
4296,L07,DR_20221209_143805,2437.0,0.52873266
4297,L07,DR_20221209_143805,2438.0,1.0092847
4298,L08,DR_20221209_143805,2439.0,0.9316095
4299,L08,DR_20221209_143805,2440.0,0.9316095
4300,L08,DR_20221209_143805,2441.0,0.9998342
4301,L08,DR_20221209_143805,2442.0,0.9984019
4302,L08,DR_20221209_143805,2443.0,0.9121461
4303,L08,DR_20221209_143805,2444.0,0.9982749
4304,L08,DR_20221209_143805,2445.0,0.92469174
4305,L08,DR_20221209_143805,2446.0,0.9999596
4306,L08,DR_20221209_143805,2447.0,1.0078133
4307,L09,DR_20221209_143805,2448.0,1.0701916
4308,L09,DR_20221209_143805,2449.0,0.20391867
4309,L09,DR_20221209_143805,2450.0,0.50968045
4310,L09,DR_20221209_143805,2451.0,0.9921197
4311,L09,DR_20221209_143805,2452.0,0.6903476
4312,L09,DR_20221209_143805,2453.0,0.42230392
4313,L09,DR_20221209_143805,2454.0,0.2654381
4314,L09,DR_20221209_143805,2455.0,0.50379795
4315,L09,DR_20221209_143805,2456.0,0.76274425
4316,L10,DR_20221209_143805,2457.0,0.63123405
4317,L10,DR_20221209_143805,2458.0,0.31347775
4318,L10,DR_20221209_143805,2459.0,0.32899615
4319,L10,DR_20221209_143805,2460.0,1.0701916
4320,L10,DR_20221209_143805,2461.0,0.4416646
4321,L10,DR_20221209_143805,2462.0,0.75745445
4322,L10,DR_20221209_143805,2463.0,0.58427775
4323,L10,DR_20221209_143805,2464.0,0.41679442
4324,L10,DR_20221209_143805,2465.0,0.3086224
4325,L11,DR_20221209_143805,2466.0,0.9943683
4326,L11,DR_20221209_143805,2467.0,0.8225059
4327,L11,DR_20221209_143805,2468.0,0.8225059
4328,L11,DR_20221209_143805,2469.0,0.8786837
4329,L11,DR_20221209_143805,2470.0,0.9103277
4330,L11,DR_20221209_143805,2471.0,1.0952938
4331,L11,DR_20221209_143805,2472.0,0.44776604
4332,L11,DR_20221209_143805,2473.0,0.9821623
4333,L11,DR_20221209_143805,2474.0,1.0081995
4334,L12,DR_20221209_143805,2475.0,1.0666274
4335,L12,DR_20221209_143805,2476.0,0.7311933
4336,L12,DR_20221209_143805,2477.0,0.1419639
4337,L12,DR_20221209_143805,2478.0,0.36783472
4338,L12,DR_20221209_143805,2479.0,0.586095
4339,L12,DR_20221209_143805,2480.0,0.50363046
4340,L12,DR_20221209_143805,2481.0,0.50038123
4341,L12,DR_20221209_143805,2482.0,0.50363046
4342,L12,DR_20221209_143805,2483.0,0.98944587
4343,L13,DR_20221209_143805,2484.0,0.9812161
4344,L13,DR_20221209_143805,2485.0,0.9986248
4345,L13,DR_20221209_143805,2486.0,0.76979464
4346,L13,DR_20221209_143805,2487.0,1.0818558
4347,L13,DR_20221209_143805,2488.0,0.9809799
4348,L13,DR_20221209_143805,2489.0,0.96686816
4349,L13,DR_20221209_143805,2490.0,0.9975793
4350,L13,DR_20221209_143805,2491.0,0.9998342
4351,L13,DR_20221209_143805,2492.0,1.0002201
4352,L18,DR_20221209_143805,2529.0,0.7771935
4353,L18,DR_20221209_143805,2530.0,0.8434648
4354,L18,DR_20221209_143805,2531.0,0.95432174
4355,L18,DR_20221209_143805,2532.0,0.86841416
4356,L18,DR_20221209_143805,2533.0,0.99801576
4357,L18,DR_20221209_143805,2534.0,0.9809649
4358,L18,DR_20221209_143805,2535.0,0.53245366
4359,L18,DR_20221209_143805,2536.0,0.83365643
4360,L18,DR_20221209_143805,2537.0,1.0811607
4361,L19,DR_20221209_143805,2538.0,0.9435997
4362,L19,DR_20221209_143805,2539.0,1.0150691
4363,L19,DR_20221209_143805,2540.0,0.98600674
4364,L19,DR_20221209_143805,2541.0,1.0281249
4365,L19,DR_20221209_143805,2542.0,0.9783162
4366,L19,DR_20221209_143805,2543.0,0.91946536
4367,L19,DR_20221209_143805,2544.0,0.6870984
4368,L19,DR_20221209_143805,2545.0,0.6044331
4369,L19,DR_20221209_143805,2546.0,1.0090209
4370,L22,DR_20221209_143805,2565.0,0.7507323
4371,L22,DR_20221209_143805,2566.0,1.0086586
4372,L22,DR_20221209_143805,2567.0,0.79866725
4373,L22,DR_20221209_143805,2568.0,1.0086586
4374,L22,DR_20221209_143805,2569.0,1.0084074
4375,L22,DR_20221209_143805,2570.0,0.9630787
4376,L22,DR_20221209_143805,2571.0,0.3024094
4377,L22,DR_20221209_143805,2572.0,0.5257495
4378,L22,DR_20221209_143805,2573.0,0.9316062
4415,M03,DR_20221209_143805,2610.0,-4.186184e-05
4416,M03,DR_20221209_143805,2611.0,7.6907876e-05
4417,M03,DR_20221209_143805,2612.0,7.6907876e-05
4418,M03,DR_20221209_143805,2613.0,0.00010174868
4419,M03,DR_20221209_143805,2614.0,7.6907876e-05
4420,M03,DR_20221209_143805,2615.0,-0.024480714
4421,M03,DR_20221209_143805,2616.0,-0.000545083
4422,M03,DR_20221209_143805,2617.0,-1.702103e-05
4423,M03,DR_20221209_143805,2618.0,-2.5115349e-05
4424,M04,DR_20221209_143805,2619.0,5.6829387e-05
4425,M04,DR_20221209_143805,2620.0,-4.186184e-05
4426,M04,DR_20221209_143805,2621.0,-2.5115349e-05
4427,M04,DR_20221209_143805,2622.0,-2.5115349e-05
4428,M04,DR_20221209_143805,2623.0,9.7957134e-05
4429,M04,DR_20221209_143805,2624.0,7.6907876e-05
4430,M04,DR_20221209_143805,2625.0,7.6907876e-05
4431,M04,DR_20221209_143805,2626.0,0.00013605408
4432,M04,DR_20221209_143805,2627.0,-2.5115349e-05
4433,M05,DR_20221209_143805,2628.0,0.0012983911
4434,M05,DR_20221209_143805,2629.0,7.6907876e-05
4435,M05,DR_20221209_143805,2630.0,9.3654366e-05
4436,M05,DR_20221209_143805,2631.0,-2.0812598e-05
4437,M05,DR_20221209_143805,2632.0,7.6907876e-05
4438,M05,DR_20221209_143805,2633.0,-4.712632e-05
4439,M05,DR_20221209_143805,2634.0,0.00011410149
4440,M05,DR_20221209_143805,2635.0,-4.066107e-06
4441,M05,DR_20221209_143805,2636.0,0.047978245
4442,M06,DR_20221209_143805,2637.0,0.79750586
4443,M06,DR_20221209_143805,2638.0,7.6907876e-05
4444,M06,DR_20221209_143805,2639.0,-0.0013825462
4445,M06,DR_20221209_143805,2640.0,7.6907876e-05
4446,M06,DR_20221209_143805,2641.0,-2.0812598e-05
4447,M06,DR_20221209_143805,2642.0,-0.00022175621
4448,M06,DR_20221209_143805,2643.0,0.40769485
4449,M06,DR_20221209_143805,2644.0,-4.186184e-05
4450,M06,DR_20221209_143805,2645.0,-6.194035e-05
4451,M07,DR_20221209_143805,2646.0,0.23145723
4452,M07,DR_20221209_143805,2647.0,0.028334213
4453,M07,DR_20221209_143805,2648.0,0.94224966
4454,M07,DR_20221209_143805,2649.0,0.19124258
4455,M07,DR_20221209_143805,2650.0,3.505179e-05
4456,M07,DR_20221209_143805,2651.0,0.09964519
4457,M07,DR_20221209_143805,2652.0,0.007263991
4458,M07,DR_20221209_143805,2653.0,0.014552699
4459,M07,DR_20221209_143805,2654.0,0.0002724986
4460,M08,DR_20221209_143805,2655.0,0.9164764
4461,M08,DR_20221209_143805,2656.0,0.3291041
4462,M08,DR_20221209_143805,2657.0,0.9260076
4463,M08,DR_20221209_143805,2658.0,1.0002201
4464,M08,DR_20221209_143805,2659.0,0.9121461
4465,M08,DR_20221209_143805,2660.0,0.48889738
4466,M08,DR_20221209_143805,2661.0,0.31004
4467,M08,DR_20221209_143805,2662.0,1.040605
4468,M08,DR_20221209_143805,2663.0,1.0745811
4469,M09,DR_20221209_143805,2664.0,0.50038123
4470,M09,DR_20221209_143805,2665.0,0.5254834
4471,M09,DR_20221209_143805,2666.0,0.30164418
4472,M09,DR_20221209_143805,2667.0,1.0078325
4473,M09,DR_20221209_143805,2668.0,0.50657386
4474,M09,DR_20221209_143805,2669.0,0.3291041
4475,M09,DR_20221209_143805,2670.0,1.0423318
4476,M09,DR_20221209_143805,2671.0,0.85691965
4477,M09,DR_20221209_143805,2672.0,0.7694085
4478,M10,DR_20221209_143805,2673.0,0.9239961
4479,M10,DR_20221209_143805,2674.0,0.9998342
4480,M10,DR_20221209_143805,2675.0,1.0818558
4481,M10,DR_20221209_143805,2676.0,0.97939765
4482,M10,DR_20221209_143805,2677.0,0.99801576
4483,M10,DR_20221209_143805,2678.0,0.5305101
4484,M10,DR_20221209_143805,2679.0,0.37490228
4485,M10,DR_20221209_143805,2680.0,1.0944195
4486,M10,DR_20221209_143805,2681.0,0.9592228
4487,M11,DR_20221209_143805,2682.0,0.50363046
4488,M11,DR_20221209_143805,2683.0,0.394791
4489,M11,DR_20221209_143805,2684.0,0.8225059
4490,M11,DR_20221209_143805,2685.0,0.9359519
4491,M11,DR_20221209_143805,2686.0,0.91183436
4492,M11,DR_20221209_143805,2687.0,0.76359344
4493,M11,DR_20221209_143805,2688.0,1.0745786
4494,M11,DR_20221209_143805,2689.0,1.0817165
4495,M11,DR_20221209_143805,2690.0,0.83924353
4496,M12,DR_20221209_143805,2691.0,0.50363046
4497,M12,DR_20221209_143805,2692.0,0.50038123
4498,M12,DR_20221209_143805,2693.0,0.37490228
4499,M12,DR_20221209_143805,2694.0,0.50038123
4500,M12,DR_20221209_143805,2695.0,0.9103277
4501,M12,DR_20221209_143805,2696.0,0.44433996
4502,M12,DR_20221209_143805,2697.0,0.5166853
4503,M12,DR_20221209_143805,2698.0,1.0094965
4504,M12,DR_20221209_143805,2699.0,0.98037076
4514,N03,DR_20221209_143805,2718.0,-4.186184e-05
4515,N03,DR_20221209_143805,2719.0,-4.186184e-05
4516,N03,DR_20221209_143805,2720.0,-4.245596e-05
4517,N03,DR_20221209_143805,2721.0,-2.5115349e-05
4518,N03,DR_20221209_143805,2722.0,-4.186184e-05
4519,N03,DR_20221209_143805,2723.0,-4.186184e-05
4520,N03,DR_20221209_143805,2724.0,9.305225e-05
4521,N03,DR_20221209_143805,2725.0,-0.0012427157
4522,N03,DR_20221209_143805,2726.0,-8.27958e-05
4523,N04,DR_20221209_143805,2727.0,-4.186184e-05
4524,N04,DR_20221209_143805,2728.0,-0.00042045012
4525,N04,DR_20221209_143805,2729.0,-4.186184e-05
4526,N04,DR_20221209_143805,2730.0,0.00025158623
4527,N04,DR_20221209_143805,2731.0,-4.186184e-05
4528,N04,DR_20221209_143805,2732.0,-4.186184e-05
4529,N04,DR_20221209_143805,2733.0,-0.00043143774
4530,N04,DR_20221209_143805,2734.0,-2.5115349e-05
4531,N04,DR_20221209_143805,2735.0,0.006925263
4532,N05,DR_20221209_143805,2736.0,-0.0005175253
4533,N05,DR_20221209_143805,2737.0,-4.186184e-05
4534,N05,DR_20221209_143805,2738.0,0.0039373455
4535,N05,DR_20221209_143805,2739.0,-4.186184e-05
4536,N05,DR_20221209_143805,2740.0,0.0015807597
4537,N05,DR_20221209_143805,2741.0,-4.186184e-05
4538,N05,DR_20221209_143805,2742.0,-0.00042691542
4539,N05,DR_20221209_143805,2743.0,-2.5115349e-05
4540,N05,DR_20221209_143805,2744.0,-8.380709e-05
4541,N06,DR_20221209_143805,2745.0,-4.186184e-05
4542,N06,DR_20221209_143805,2746.0,0.15293722
4543,N06,DR_20221209_143805,2747.0,0.036326606
4544,N06,DR_20221209_143805,2748.0,-6.697148e-05
4545,N06,DR_20221209_143805,2749.0,-2.0812598e-05
4546,N06,DR_20221209_143805,2750.0,0.011303441
4547,N06,DR_20221209_143805,2751.0,0.26188844
4548,N06,DR_20221209_143805,2752.0,-2.5115349e-05
4549,N06,DR_20221209_143805,2753.0,0.2068936
4550,N07,DR_20221209_143805,2754.0,0.02849105
4551,N07,DR_20221209_143805,2755.0,0.047557034
4552,N07,DR_20221209_143805,2756.0,0.14045168
4553,N07,DR_20221209_143805,2757.0,0.3203862
4554,N07,DR_20221209_143805,2758.0,0.0013194404
4555,N07,DR_20221209_143805,2759.0,0.2620653
4556,N07,DR_20221209_143805,2760.0,0.79832196
4557,N07,DR_20221209_143805,2761.0,-5.6230976e-05
4558,N07,DR_20221209_143805,2762.0,0.2176077
4559,N08,DR_20221209_143805,2763.0,0.34370837
4560,N08,DR_20221209_143805,2764.0,0.37490228
4561,N08,DR_20221209_143805,2765.0,0.262714
4562,N08,DR_20221209_143805,2766.0,1.0093033
4563,N08,DR_20221209_143805,2767.0,0.9233008
4564,N08,DR_20221209_143805,2768.0,0.37597677
4565,N08,DR_20221209_143805,2769.0,1.0818558
4566,N08,DR_20221209_143805,2770.0,0.30224884
4567,N08,DR_20221209_143805,2771.0,1.0086612
4568,N09,DR_20221209_143805,2772.0,1.0228931
4569,N09,DR_20221209_143805,2773.0,0.96446717
4570,N09,DR_20221209_143805,2774.0,0.9538934
4571,N09,DR_20221209_143805,2775.0,0.9008759
4572,N09,DR_20221209_143805,2776.0,0.9969021
4573,N09,DR_20221209_143805,2777.0,1.0827258
4574,N09,DR_20221209_143805,2778.0,1.0827258
4575,N09,DR_20221209_143805,2779.0,1.0357386
4576,N09,DR_20221209_143805,2780.0,1.0792102
4577,N10,DR_20221209_143805,2781.0,0.30463007
4578,N10,DR_20221209_143805,2782.0,0.31916875
4579,N10,DR_20221209_143805,2783.0,1.0915998
4580,N10,DR_20221209_143805,2784.0,1.0818558
4581,N10,DR_20221209_143805,2785.0,0.9316095
4582,N10,DR_20221209_143805,2786.0,1.0813967
4583,N10,DR_20221209_143805,2787.0,0.3283014
4584,N10,DR_20221209_143805,2788.0,1.0905911
4585,N10,DR_20221209_143805,2789.0,1.0819739
4586,N11,DR_20221209_143805,2790.0,0.5875069
4587,N11,DR_20221209_143805,2791.0,0.34966162
4588,N11,DR_20221209_143805,2792.0,0.8723339
4589,N11,DR_20221209_143805,2793.0,1.0339782
4590,N11,DR_20221209_143805,2794.0,0.91078687
4591,N11,DR_20221209_143805,2795.0,1.0346674
4592,N11,DR_20221209_143805,2796.0,1.008202
4593,N11,DR_20221209_143805,2797.0,1.0819739
4594,N11,DR_20221209_143805,2798.0,1.0082725
4595,N12,DR_20221209_143805,2799.0,0.9343953
4596,N12,DR_20221209_143805,2800.0,1.0394295
4597,N12,DR_20221209_143805,2801.0,1.0081856
4598,N12,DR_20221209_143805,2802.0,1.0086586
4599,N12,DR_20221209_143805,2803.0,0.9103277
4600,N12,DR_20221209_143805,2804.0,0.5303332
4601,N12,DR_20221209_143805,2805.0,1.00783
4602,N12,DR_20221209_143805,2806.0,1.0078133
4603,N12,DR_20221209_143805,2807.0,1.0641819
4622,O04,DR_20221209_143805,2835.0,-0.000101464735
4623,O04,DR_20221209_143805,2836.0,-0.00046257494
4624,O04,DR_20221209_143805,2837.0,9.305225e-05
4625,O04,DR_20221209_143805,2838.0,-6.60493e-05
4626,O04,DR_20221209_143805,2839.0,-0.00020197472
4627,O04,DR_20221209_143805,2840.0,-8.380709e-05
4628,O04,DR_20221209_143805,2841.0,0.032397736
4629,O04,DR_20221209_143805,2842.0,-0.00019388042
4630,O04,DR_20221209_143805,2843.0,-0.00042045012
4631,O05,DR_20221209_143805,2844.0,0.000287552
4632,O05,DR_20221209_143805,2845.0,-4.229306e-05
4633,O05,DR_20221209_143805,2846.0,-4.186184e-05
4634,O05,DR_20221209_143805,2847.0,0.011303441
4635,O05,DR_20221209_143805,2848.0,0.0015807597
4636,O05,DR_20221209_143805,2849.0,7.6305754e-05
4637,O05,DR_20221209_143805,2850.0,-2.5115349e-05
4638,O05,DR_20221209_143805,2851.0,0.00012661169
4639,O05,DR_20221209_143805,2852.0,0.0038432828
4640,O06,DR_20221209_143805,2853.0,0.0008511634
4641,O06,DR_20221209_143805,2854.0,-4.712632e-05
4642,O06,DR_20221209_143805,2855.0,-0.000101464735
4643,O06,DR_20221209_143805,2856.0,7.6305754e-05
4644,O06,DR_20221209_143805,2857.0,7.6907876e-05
4645,O06,DR_20221209_143805,2858.0,0.0015807597
4646,O06,DR_20221209_143805,2859.0,0.00045028012
4647,O06,DR_20221209_143805,2860.0,0.7981433
4648,O06,DR_20221209_143805,2861.0,-8.27958e-05
4649,O07,DR_20221209_143805,2862.0,-0.0009829627
4650,O07,DR_20221209_143805,2863.0,0.0015807597
4651,O07,DR_20221209_143805,2864.0,0.062655084
4652,O07,DR_20221209_143805,2865.0,0.2208843
4653,O07,DR_20221209_143805,2866.0,9.7355e-05
4654,O07,DR_20221209_143805,2867.0,0.13354954
4655,O07,DR_20221209_143805,2868.0,-0.000100553596
4656,O07,DR_20221209_143805,2869.0,0.3524007
4657,O07,DR_20221209_143805,2870.0,0.07095867
4658,O08,DR_20221209_143805,2871.0,0.3281655
4659,O08,DR_20221209_143805,2872.0,1.0813992
4660,O08,DR_20221209_143805,2873.0,0.98849744
4661,O08,DR_20221209_143805,2874.0,0.85802543
4662,O08,DR_20221209_143805,2875.0,0.5122239
4663,O08,DR_20221209_143805,2876.0,0.21856555
4664,O08,DR_20221209_143805,2877.0,0.3015568
4665,O08,DR_20221209_143805,2878.0,0.34114796
4666,O08,DR_20221209_143805,2879.0,0.79279524
4667,O09,DR_20221209_143805,2880.0,0.24184889
4668,O09,DR_20221209_143805,2881.0,1.0194572
4669,O09,DR_20221209_143805,2882.0,1.0147637
4670,O09,DR_20221209_143805,2883.0,1.0491071
4671,O09,DR_20221209_143805,2884.0,1.00783
4672,O09,DR_20221209_143805,2885.0,1.045026
4673,O09,DR_20221209_143805,2886.0,0.5800387
4674,O09,DR_20221209_143805,2887.0,1.0821756
4675,O09,DR_20221209_143805,2888.0,1.0813992
4676,O12,DR_20221209_143805,2907.0,1.0036522
4677,O12,DR_20221209_143805,2908.0,0.140777
4678,O12,DR_20221209_143805,2909.0,0.5288371
4679,O12,DR_20221209_143805,2910.0,1.0086586
4680,O12,DR_20221209_143805,2911.0,0.980059
4681,O12,DR_20221209_143805,2912.0,1.0082725
4682,O12,DR_20221209_143805,2913.0,0.9928223
4683,O12,DR_20221209_143805,2914.0,0.8225059
4684,O12,DR_20221209_143805,2915.0,0.9807569
