,Image_Metadata_WellID,Image_Metadata_PlateID,ImageNumber,score
1941,A03,DR_20221209_143805,19.0,0.011737474
1942,A03,DR_20221209_143805,20.0,0.42051846
1943,A03,DR_20221209_143805,21.0,0.007869455
1944,A03,DR_20221209_143805,22.0,0.3669914
1945,A03,DR_20221209_143805,23.0,0.8945574
1946,A03,DR_20221209_143805,24.0,0.846175
1947,A03,DR_20221209_143805,25.0,0.6253805
1948,A03,DR_20221209_143805,26.0,0.38185364
1949,A03,DR_20221209_143805,27.0,0.4225972
1950,A04,DR_20221209_143805,28.0,0.50237966
1951,A04,DR_20221209_143805,29.0,0.9728896
1952,A04,DR_20221209_143805,30.0,0.7427148
1953,A04,DR_20221209_143805,31.0,0.3386286
1954,A04,DR_20221209_143805,32.0,0.8352726
1955,A04,DR_20221209_143805,33.0,0.67153376
1956,A04,DR_20221209_143805,34.0,0.66279453
1957,A04,DR_20221209_143805,35.0,0.77343005
1958,A04,DR_20221209_143805,36.0,0.4754058
1959,A05,DR_20221209_143805,37.0,0.96909374
1960,A05,DR_20221209_143805,38.0,0.7247753
1961,A05,DR_20221209_143805,39.0,0.62789655
1962,A05,DR_20221209_143805,40.0,0.56439775
1963,A05,DR_20221209_143805,41.0,1.055466
1964,A05,DR_20221209_143805,42.0,0.8681144
1965,A05,DR_20221209_143805,43.0,0.53064376
1966,A05,DR_20221209_143805,44.0,0.724132
1967,A05,DR_20221209_143805,45.0,0.6183387
1968,A06,DR_20221209_143805,46.0,1.0305277
1969,A06,DR_20221209_143805,47.0,0.94033724
1970,A06,DR_20221209_143805,48.0,0.76218796
1971,A06,DR_20221209_143805,49.0,0.20895736
1972,A06,DR_20221209_143805,50.0,1.0800956
1973,A06,DR_20221209_143805,51.0,1.0349733
1974,A06,DR_20221209_143805,52.0,1.1594962
1975,A06,DR_20221209_143805,53.0,0.7450665
1976,A06,DR_20221209_143805,54.0,0.5250025
1977,A07,DR_20221209_143805,55.0,0.9305813
1978,A07,DR_20221209_143805,56.0,0.8113964
1979,A07,DR_20221209_143805,57.0,0.7698553
1980,A07,DR_20221209_143805,58.0,0.61041254
1981,A07,DR_20221209_143805,59.0,1.0400847
1982,A07,DR_20221209_143805,60.0,0.9212875
1983,A07,DR_20221209_143805,61.0,0.75166947
1984,A07,DR_20221209_143805,62.0,1.0293887
1985,A07,DR_20221209_143805,63.0,0.8005888
1986,A08,DR_20221209_143805,64.0,0.7581027
1987,A08,DR_20221209_143805,65.0,0.3937613
1988,A08,DR_20221209_143805,66.0,0.8311121
1989,A08,DR_20221209_143805,67.0,0.8141643
1990,A08,DR_20221209_143805,68.0,0.9443438
1991,A08,DR_20221209_143805,69.0,0.7447034
1992,A08,DR_20221209_143805,70.0,0.535869
1993,A08,DR_20221209_143805,71.0,0.9291677
1994,A08,DR_20221209_143805,72.0,0.96710867
1995,A09,DR_20221209_143805,73.0,0.69165945
1996,A09,DR_20221209_143805,74.0,0.6996879
1997,A09,DR_20221209_143805,75.0,0.7453093
1998,A09,DR_20221209_143805,76.0,0.7411935
1999,A09,DR_20221209_143805,77.0,0.5075323
2000,A09,DR_20221209_143805,78.0,0.5965905
2001,A09,DR_20221209_143805,79.0,0.5380018
2002,A09,DR_20221209_143805,80.0,0.65306437
2003,A09,DR_20221209_143805,81.0,0.70788723
2004,A10,DR_20221209_143805,82.0,0.6742265
2005,A10,DR_20221209_143805,83.0,0.9601539
2006,A10,DR_20221209_143805,84.0,0.3866837
2007,A10,DR_20221209_143805,85.0,0.55215216
2008,A10,DR_20221209_143805,86.0,0.84824985
2009,A10,DR_20221209_143805,87.0,1.0284919
2010,A10,DR_20221209_143805,88.0,0.9593879
2011,A10,DR_20221209_143805,89.0,1.0153259
2012,A10,DR_20221209_143805,90.0,0.25153008
2013,A11,DR_20221209_143805,91.0,0.7338076
2014,A11,DR_20221209_143805,92.0,0.7253639
2015,A11,DR_20221209_143805,93.0,0.7328066
2016,A11,DR_20221209_143805,94.0,0.5952186
2017,A11,DR_20221209_143805,95.0,0.7825765
2018,A11,DR_20221209_143805,96.0,0.7586237
2019,A11,DR_20221209_143805,97.0,0.71912706
2020,A11,DR_20221209_143805,98.0,0.36078545
2021,A11,DR_20221209_143805,99.0,0.39155212
2022,A12,DR_20221209_143805,100.0,0.3040804
2023,A12,DR_20221209_143805,101.0,0.74987346
2024,A12,DR_20221209_143805,102.0,0.6220932
2025,A12,DR_20221209_143805,103.0,0.7388314
2026,A12,DR_20221209_143805,104.0,0.6698294
2027,A12,DR_20221209_143805,105.0,0.88768333
2028,A12,DR_20221209_143805,106.0,0.5699982
2029,A12,DR_20221209_143805,107.0,0.70251536
2030,A12,DR_20221209_143805,108.0,0.8187435
2031,A13,DR_20221209_143805,109.0,0.7642178
2032,A13,DR_20221209_143805,110.0,0.796762
2033,A13,DR_20221209_143805,111.0,0.45965785
2034,A13,DR_20221209_143805,112.0,0.7102493
2035,A13,DR_20221209_143805,113.0,0.8174648
2036,A13,DR_20221209_143805,114.0,0.57304174
2037,A13,DR_20221209_143805,115.0,0.78103244
2038,A13,DR_20221209_143805,116.0,0.86740655
2039,A13,DR_20221209_143805,117.0,0.69805473
2040,A14,DR_20221209_143805,118.0,0.71491253
2041,A14,DR_20221209_143805,119.0,0.6286022
2042,A14,DR_20221209_143805,120.0,0.9038099
2043,A14,DR_20221209_143805,121.0,0.7819632
2044,A14,DR_20221209_143805,122.0,0.5687246
2045,A14,DR_20221209_143805,123.0,0.802642
2046,A14,DR_20221209_143805,124.0,0.90241754
2047,A14,DR_20221209_143805,125.0,0.95712304
2048,A14,DR_20221209_143805,126.0,0.67910105
2049,A15,DR_20221209_143805,127.0,1.1084725
2050,A15,DR_20221209_143805,128.0,0.49432862
2051,A15,DR_20221209_143805,129.0,0.8021472
2052,A15,DR_20221209_143805,130.0,0.7434968
2053,A15,DR_20221209_143805,131.0,1.0264473
2054,A15,DR_20221209_143805,132.0,0.8968584
2055,A15,DR_20221209_143805,133.0,0.4475856
2056,A15,DR_20221209_143805,134.0,0.7818715
2057,A15,DR_20221209_143805,135.0,0.7476184
2058,A16,DR_20221209_143805,136.0,0.2552488
2059,A16,DR_20221209_143805,137.0,1.1288534
2060,A16,DR_20221209_143805,138.0,0.7068684
2061,A16,DR_20221209_143805,139.0,0.6208228
2062,A16,DR_20221209_143805,140.0,1.1567498
2063,A16,DR_20221209_143805,141.0,0.83747613
2064,A16,DR_20221209_143805,142.0,0.69084233
2065,A16,DR_20221209_143805,143.0,0.79468024
2066,A16,DR_20221209_143805,144.0,0.69690865
2067,A17,DR_20221209_143805,145.0,0.65519935
2068,A17,DR_20221209_143805,146.0,0.7625564
2069,A17,DR_20221209_143805,147.0,0.60677606
2070,A17,DR_20221209_143805,148.0,0.7614814
2071,A17,DR_20221209_143805,149.0,0.9325293
2072,A17,DR_20221209_143805,150.0,0.9066975
2073,A17,DR_20221209_143805,151.0,1.0566317
2074,A17,DR_20221209_143805,152.0,1.1505086
2075,A17,DR_20221209_143805,153.0,1.1444861
2076,A18,DR_20221209_143805,154.0,0.7729788
2077,A18,DR_20221209_143805,155.0,0.6582726
2078,A18,DR_20221209_143805,156.0,0.67310303
2079,A18,DR_20221209_143805,157.0,0.7492748
2080,A18,DR_20221209_143805,158.0,1.0310897
2081,A18,DR_20221209_143805,159.0,1.14999
2082,A18,DR_20221209_143805,160.0,0.6045446
2083,A18,DR_20221209_143805,161.0,1.099936
2084,A18,DR_20221209_143805,162.0,0.7129361
2085,A19,DR_20221209_143805,163.0,1.0882316
2086,A19,DR_20221209_143805,164.0,0.41409558
2087,A19,DR_20221209_143805,165.0,0.8285768
2088,A19,DR_20221209_143805,166.0,0.45965177
2089,A19,DR_20221209_143805,167.0,1.0204004
2090,A19,DR_20221209_143805,168.0,1.0823528
2091,A19,DR_20221209_143805,169.0,1.1906002
2092,A19,DR_20221209_143805,170.0,0.5484817
2093,A19,DR_20221209_143805,171.0,0.67667145
2094,A20,DR_20221209_143805,172.0,0.5485358
2095,A20,DR_20221209_143805,173.0,0.56788266
2096,A20,DR_20221209_143805,174.0,0.6572544
2097,A20,DR_20221209_143805,175.0,0.6434454
2098,A20,DR_20221209_143805,176.0,1.1252068
2099,A20,DR_20221209_143805,177.0,0.8148399
2100,A20,DR_20221209_143805,178.0,0.7363947
2101,A20,DR_20221209_143805,179.0,1.0426161
2102,A20,DR_20221209_143805,180.0,0.63286376
2103,A21,DR_20221209_143805,181.0,0.7643298
2104,A21,DR_20221209_143805,182.0,0.5075723
2105,A21,DR_20221209_143805,183.0,0.25769562
2106,A21,DR_20221209_143805,184.0,0.7745104
2107,A21,DR_20221209_143805,185.0,0.6493596
2108,A21,DR_20221209_143805,186.0,0.9617323
2109,A21,DR_20221209_143805,187.0,1.0079892
2110,A21,DR_20221209_143805,188.0,0.92872083
2111,A21,DR_20221209_143805,189.0,0.60000366
2112,A22,DR_20221209_143805,190.0,0.706317
2113,A22,DR_20221209_143805,191.0,0.8309188
2114,A22,DR_20221209_143805,192.0,0.91325986
2115,A22,DR_20221209_143805,193.0,0.66527426
2116,A22,DR_20221209_143805,194.0,0.97947526
2117,A22,DR_20221209_143805,195.0,0.9025648
2118,A22,DR_20221209_143805,196.0,0.5708474
2119,A22,DR_20221209_143805,197.0,0.92130876
2120,A22,DR_20221209_143805,198.0,0.9438688
2157,B03,DR_20221209_143805,235.0,0.881566
2158,B03,DR_20221209_143805,236.0,0.8103765
2159,B03,DR_20221209_143805,237.0,0.44308397
2160,B03,DR_20221209_143805,238.0,0.5022778
2161,B03,DR_20221209_143805,239.0,0.8646774
2162,B03,DR_20221209_143805,240.0,0.9331939
2163,B03,DR_20221209_143805,241.0,0.3522915
2164,B03,DR_20221209_143805,242.0,0.35725442
2165,B03,DR_20221209_143805,243.0,0.4504064
2166,B04,DR_20221209_143805,244.0,0.9107048
2167,B04,DR_20221209_143805,245.0,0.86966026
2168,B04,DR_20221209_143805,246.0,0.5740778
2169,B04,DR_20221209_143805,247.0,0.2862384
2170,B04,DR_20221209_143805,248.0,0.7988465
2171,B04,DR_20221209_143805,249.0,0.45338577
2172,B04,DR_20221209_143805,250.0,0.4968309
2173,B04,DR_20221209_143805,251.0,0.89772284
2174,B04,DR_20221209_143805,252.0,0.4584873
2175,B05,DR_20221209_143805,253.0,1.1316388
2176,B05,DR_20221209_143805,254.0,0.739822
2177,B05,DR_20221209_143805,255.0,0.5583035
2178,B05,DR_20221209_143805,256.0,0.46532163
2179,B05,DR_20221209_143805,257.0,1.0830806
2180,B05,DR_20221209_143805,258.0,0.86930346
2181,B05,DR_20221209_143805,259.0,0.38905388
2182,B05,DR_20221209_143805,260.0,1.0984613
2183,B05,DR_20221209_143805,261.0,0.37355834
2184,B06,DR_20221209_143805,262.0,1.0723631
2185,B06,DR_20221209_143805,263.0,1.1459332
2186,B06,DR_20221209_143805,264.0,0.6184049
2187,B06,DR_20221209_143805,265.0,0.67685086
2188,B06,DR_20221209_143805,266.0,1.0683345
2189,B06,DR_20221209_143805,267.0,0.966206
2190,B06,DR_20221209_143805,268.0,0.72113603
2191,B06,DR_20221209_143805,269.0,0.5466757
2192,B06,DR_20221209_143805,270.0,0.6853902
2193,B07,DR_20221209_143805,271.0,0.2585833
2194,B07,DR_20221209_143805,272.0,0.6740228
2195,B07,DR_20221209_143805,273.0,0.75132966
2196,B07,DR_20221209_143805,274.0,0.6494767
2197,B07,DR_20221209_143805,275.0,1.0063107
2198,B07,DR_20221209_143805,276.0,1.0929769
2199,B07,DR_20221209_143805,277.0,0.49328306
2200,B07,DR_20221209_143805,278.0,0.1859761
2201,B07,DR_20221209_143805,279.0,0.62434804
2202,B08,DR_20221209_143805,280.0,1.0612968
2203,B08,DR_20221209_143805,281.0,0.71991515
2204,B08,DR_20221209_143805,282.0,0.60475063
2205,B08,DR_20221209_143805,283.0,0.7070765
2206,B08,DR_20221209_143805,284.0,0.93366814
2207,B08,DR_20221209_143805,285.0,1.0618907
2208,B08,DR_20221209_143805,286.0,0.7528913
2209,B08,DR_20221209_143805,287.0,0.56724405
2210,B08,DR_20221209_143805,288.0,0.7347582
2211,B09,DR_20221209_143805,289.0,0.8957696
2212,B09,DR_20221209_143805,290.0,1.15647
2213,B09,DR_20221209_143805,291.0,0.7409783
2214,B09,DR_20221209_143805,292.0,1.0524358
2215,B09,DR_20221209_143805,293.0,1.0963889
2216,B09,DR_20221209_143805,294.0,1.0099998
2217,B09,DR_20221209_143805,295.0,0.5963259
2218,B09,DR_20221209_143805,296.0,0.622814
2219,B09,DR_20221209_143805,297.0,1.0751694
2220,B10,DR_20221209_143805,298.0,1.1354771
2221,B10,DR_20221209_143805,299.0,1.1107459
2222,B10,DR_20221209_143805,300.0,0.59502566
2223,B10,DR_20221209_143805,301.0,0.57307106
2224,B10,DR_20221209_143805,302.0,0.31470367
2225,B10,DR_20221209_143805,303.0,0.4240868
2226,B10,DR_20221209_143805,304.0,0.56446683
2227,B10,DR_20221209_143805,305.0,0.625527
2228,B10,DR_20221209_143805,306.0,0.53470266
2229,B11,DR_20221209_143805,307.0,1.04723
2230,B11,DR_20221209_143805,308.0,1.0689312
2231,B11,DR_20221209_143805,309.0,0.35434082
2232,B11,DR_20221209_143805,310.0,0.72349
2233,B11,DR_20221209_143805,311.0,0.56494397
2234,B11,DR_20221209_143805,312.0,0.7832765
2235,B11,DR_20221209_143805,313.0,0.7390414
2236,B11,DR_20221209_143805,314.0,0.68317884
2237,B11,DR_20221209_143805,315.0,0.81482154
2238,B12,DR_20221209_143805,316.0,1.074797
2239,B12,DR_20221209_143805,317.0,1.071466
2240,B12,DR_20221209_143805,318.0,0.9185518
2241,B12,DR_20221209_143805,319.0,0.8072364
2242,B12,DR_20221209_143805,320.0,1.0491878
2243,B12,DR_20221209_143805,321.0,1.1349175
2244,B12,DR_20221209_143805,322.0,0.8132167
2245,B12,DR_20221209_143805,323.0,0.54623884
2246,B12,DR_20221209_143805,324.0,0.8265979
2247,B13,DR_20221209_143805,325.0,0.6579543
2248,B13,DR_20221209_143805,326.0,0.5549562
2249,B13,DR_20221209_143805,327.0,0.65015763
2250,B13,DR_20221209_143805,328.0,0.51843065
2251,B13,DR_20221209_143805,329.0,1.0138747
2252,B13,DR_20221209_143805,330.0,0.71559775
2253,B13,DR_20221209_143805,331.0,0.7212523
2254,B13,DR_20221209_143805,332.0,0.36363244
2255,B13,DR_20221209_143805,333.0,0.6755564
2256,B14,DR_20221209_143805,334.0,0.8325441
2257,B14,DR_20221209_143805,335.0,0.76712745
2258,B14,DR_20221209_143805,336.0,0.54422706
2259,B14,DR_20221209_143805,337.0,0.97659165
2260,B14,DR_20221209_143805,338.0,0.84491307
2261,B14,DR_20221209_143805,339.0,0.6536393
2262,B14,DR_20221209_143805,340.0,0.7863773
2263,B14,DR_20221209_143805,341.0,0.91588235
2264,B14,DR_20221209_143805,342.0,0.66038847
2265,B15,DR_20221209_143805,343.0,1.1948574
2266,B15,DR_20221209_143805,344.0,0.9120259
2267,B15,DR_20221209_143805,345.0,0.16869242
2268,B15,DR_20221209_143805,346.0,0.2883368
2269,B15,DR_20221209_143805,347.0,1.0928558
2270,B15,DR_20221209_143805,348.0,1.0935153
2271,B15,DR_20221209_143805,349.0,0.74873495
2272,B15,DR_20221209_143805,350.0,0.6535465
2273,B15,DR_20221209_143805,351.0,0.6608227
2274,B16,DR_20221209_143805,352.0,1.0223073
2275,B16,DR_20221209_143805,353.0,0.8526137
2276,B16,DR_20221209_143805,354.0,0.89065236
2277,B16,DR_20221209_143805,355.0,0.49856293
2278,B16,DR_20221209_143805,356.0,0.48754483
2279,B16,DR_20221209_143805,357.0,0.30210137
2280,B16,DR_20221209_143805,358.0,0.29408723
2281,B16,DR_20221209_143805,359.0,0.6750713
2282,B16,DR_20221209_143805,360.0,0.82070106
2283,B17,DR_20221209_143805,361.0,0.33498415
2284,B17,DR_20221209_143805,362.0,0.6765554
2285,B17,DR_20221209_143805,363.0,0.4141359
2286,B17,DR_20221209_143805,364.0,0.4283331
2287,B17,DR_20221209_143805,365.0,1.1539824
2288,B17,DR_20221209_143805,366.0,1.057521
2289,B17,DR_20221209_143805,367.0,1.1183968
2290,B17,DR_20221209_143805,368.0,1.1027437
2291,B17,DR_20221209_143805,369.0,0.6922023
2292,B18,DR_20221209_143805,370.0,0.6969007
2293,B18,DR_20221209_143805,371.0,0.7218358
2294,B18,DR_20221209_143805,372.0,0.72861814
2295,B18,DR_20221209_143805,373.0,0.56325275
2296,B18,DR_20221209_143805,374.0,1.1078959
2297,B18,DR_20221209_143805,375.0,1.0125635
2298,B18,DR_20221209_143805,376.0,1.045206
2299,B18,DR_20221209_143805,377.0,0.97056067
2300,B18,DR_20221209_143805,378.0,0.7633249
2301,B19,DR_20221209_143805,379.0,0.36821374
2302,B19,DR_20221209_143805,380.0,0.95844376
2303,B19,DR_20221209_143805,381.0,0.7397906
2304,B19,DR_20221209_143805,382.0,0.74441916
2305,B19,DR_20221209_143805,383.0,0.8613427
2306,B19,DR_20221209_143805,384.0,0.77377623
2307,B19,DR_20221209_143805,385.0,0.8413132
2308,B19,DR_20221209_143805,386.0,0.8235062
2309,B19,DR_20221209_143805,387.0,0.5065546
2310,B20,DR_20221209_143805,388.0,1.106262
2311,B20,DR_20221209_143805,389.0,0.8856676
2312,B20,DR_20221209_143805,390.0,0.7297875
2313,B20,DR_20221209_143805,391.0,0.6488676
2314,B20,DR_20221209_143805,392.0,1.0937551
2315,B20,DR_20221209_143805,393.0,1.0386068
2316,B20,DR_20221209_143805,394.0,0.8464779
2317,B20,DR_20221209_143805,395.0,1.0697323
2318,B20,DR_20221209_143805,396.0,0.73348296
2319,B21,DR_20221209_143805,397.0,0.2732735
2320,B21,DR_20221209_143805,398.0,0.96166897
2321,B21,DR_20221209_143805,399.0,0.86254597
2322,B21,DR_20221209_143805,400.0,1.1146215
2323,B21,DR_20221209_143805,401.0,1.0153747
2324,B21,DR_20221209_143805,402.0,1.1000062
2325,B21,DR_20221209_143805,403.0,0.87653726
2326,B21,DR_20221209_143805,404.0,0.7078638
2327,B21,DR_20221209_143805,405.0,0.52233046
2328,B22,DR_20221209_143805,406.0,0.41067564
2329,B22,DR_20221209_143805,407.0,0.731953
2330,B22,DR_20221209_143805,408.0,0.7433425
2331,B22,DR_20221209_143805,409.0,0.5695821
2332,B22,DR_20221209_143805,410.0,1.1391559
2333,B22,DR_20221209_143805,411.0,0.817597
2334,B22,DR_20221209_143805,412.0,0.5479683
2335,B22,DR_20221209_143805,413.0,0.6044784
2336,B22,DR_20221209_143805,414.0,0.80291426
2373,C03,DR_20221209_143805,451.0,0.7188686
2374,C03,DR_20221209_143805,452.0,0.35173213
2375,C03,DR_20221209_143805,453.0,0.54189354
2376,C03,DR_20221209_143805,454.0,0.9736222
2377,C03,DR_20221209_143805,455.0,0.2945237
2378,C03,DR_20221209_143805,456.0,0.25537747
2379,C03,DR_20221209_143805,457.0,0.6476326
2380,C03,DR_20221209_143805,458.0,0.6075943
2381,C03,DR_20221209_143805,459.0,0.32462752
2382,C04,DR_20221209_143805,460.0,0.4344491
2383,C04,DR_20221209_143805,461.0,0.645257
2384,C04,DR_20221209_143805,462.0,0.68446016
2385,C04,DR_20221209_143805,463.0,0.35357708
2386,C04,DR_20221209_143805,464.0,0.921433
2387,C04,DR_20221209_143805,465.0,0.83647776
2388,C04,DR_20221209_143805,466.0,0.9200456
2389,C04,DR_20221209_143805,467.0,0.8815884
2390,C04,DR_20221209_143805,468.0,0.41078562
2391,C05,DR_20221209_143805,469.0,0.9414106
2392,C05,DR_20221209_143805,470.0,0.879271
2393,C05,DR_20221209_143805,471.0,0.4160763
2394,C05,DR_20221209_143805,472.0,0.33836767
2395,C05,DR_20221209_143805,473.0,0.9672707
2396,C05,DR_20221209_143805,474.0,0.53278196
2397,C05,DR_20221209_143805,475.0,0.852462
2398,C05,DR_20221209_143805,476.0,0.90767133
2399,C05,DR_20221209_143805,477.0,0.55105925
2400,C06,DR_20221209_143805,478.0,0.99330497
2401,C06,DR_20221209_143805,479.0,0.56624955
2402,C06,DR_20221209_143805,480.0,0.6973153
2403,C06,DR_20221209_143805,481.0,0.6776496
2404,C06,DR_20221209_143805,482.0,0.9400522
2405,C06,DR_20221209_143805,483.0,0.96430594
2406,C06,DR_20221209_143805,484.0,0.8854204
2407,C06,DR_20221209_143805,485.0,0.9715715
2408,C06,DR_20221209_143805,486.0,0.7727216
2409,C07,DR_20221209_143805,487.0,0.7684792
2410,C07,DR_20221209_143805,488.0,0.71996635
2411,C07,DR_20221209_143805,489.0,0.67478776
2412,C07,DR_20221209_143805,490.0,0.9023876
2413,C07,DR_20221209_143805,491.0,1.0931718
2414,C07,DR_20221209_143805,492.0,0.94725555
2415,C07,DR_20221209_143805,493.0,1.0547432
2416,C07,DR_20221209_143805,494.0,0.93004
2417,C07,DR_20221209_143805,495.0,0.51627475
2418,C08,DR_20221209_143805,496.0,0.7592288
2419,C08,DR_20221209_143805,497.0,0.73163706
2420,C08,DR_20221209_143805,498.0,1.0583761
2421,C08,DR_20221209_143805,499.0,0.87416655
2422,C08,DR_20221209_143805,500.0,0.9829869
2423,C08,DR_20221209_143805,501.0,1.0131841
2424,C08,DR_20221209_143805,502.0,0.569901
2425,C08,DR_20221209_143805,503.0,0.4355306
2426,C08,DR_20221209_143805,504.0,0.79709077
2427,C09,DR_20221209_143805,505.0,1.050523
2428,C09,DR_20221209_143805,506.0,1.1033088
2429,C09,DR_20221209_143805,507.0,0.7888605
2430,C09,DR_20221209_143805,508.0,1.0519757
2431,C09,DR_20221209_143805,509.0,0.9899641
2432,C09,DR_20221209_143805,510.0,1.096269
2433,C09,DR_20221209_143805,511.0,0.4920605
2434,C09,DR_20221209_143805,512.0,0.64845604
2435,C09,DR_20221209_143805,513.0,0.7381447
2436,C10,DR_20221209_143805,514.0,1.0265217
2437,C10,DR_20221209_143805,515.0,0.9093118
2438,C10,DR_20221209_143805,516.0,0.24751356
2439,C10,DR_20221209_143805,517.0,0.55890864
2440,C10,DR_20221209_143805,518.0,1.0393633
2441,C10,DR_20221209_143805,519.0,0.97107095
2442,C10,DR_20221209_143805,520.0,0.6253399
2443,C10,DR_20221209_143805,521.0,0.9687108
2444,C10,DR_20221209_143805,522.0,0.8694077
2445,C11,DR_20221209_143805,523.0,0.8290518
2446,C11,DR_20221209_143805,524.0,0.6734628
2447,C11,DR_20221209_143805,525.0,0.70566815
2448,C11,DR_20221209_143805,526.0,0.78127795
2449,C11,DR_20221209_143805,527.0,1.0302411
2450,C11,DR_20221209_143805,528.0,1.0789629
2451,C11,DR_20221209_143805,529.0,0.9715632
2452,C11,DR_20221209_143805,530.0,0.33376208
2453,C11,DR_20221209_143805,531.0,0.79434973
2454,C12,DR_20221209_143805,532.0,0.6897964
2455,C12,DR_20221209_143805,533.0,1.0509827
2456,C12,DR_20221209_143805,534.0,0.566851
2457,C12,DR_20221209_143805,535.0,0.84048915
2458,C12,DR_20221209_143805,536.0,1.028038
2459,C12,DR_20221209_143805,537.0,1.0577474
2460,C12,DR_20221209_143805,538.0,0.9269504
2461,C12,DR_20221209_143805,539.0,0.24383211
2462,C12,DR_20221209_143805,540.0,0.72722334
2463,C13,DR_20221209_143805,541.0,0.57515204
2464,C13,DR_20221209_143805,542.0,0.954164
2465,C13,DR_20221209_143805,543.0,0.67489
2466,C13,DR_20221209_143805,544.0,0.71838707
2467,C13,DR_20221209_143805,545.0,0.85253924
2468,C13,DR_20221209_143805,546.0,0.5425868
2469,C13,DR_20221209_143805,547.0,0.5195985
2470,C13,DR_20221209_143805,548.0,0.5415905
2471,C13,DR_20221209_143805,549.0,0.8774793
2472,C14,DR_20221209_143805,550.0,0.50534683
2473,C14,DR_20221209_143805,551.0,1.1268278
2474,C14,DR_20221209_143805,552.0,0.8344416
2475,C14,DR_20221209_143805,553.0,0.87626064
2476,C14,DR_20221209_143805,554.0,1.0296967
2477,C14,DR_20221209_143805,555.0,0.40624207
2478,C14,DR_20221209_143805,556.0,0.9841449
2479,C14,DR_20221209_143805,557.0,1.0439783
2480,C14,DR_20221209_143805,558.0,0.6500486
2481,C15,DR_20221209_143805,559.0,0.3853583
2482,C15,DR_20221209_143805,560.0,0.9013212
2483,C15,DR_20221209_143805,561.0,0.7527154
2484,C15,DR_20221209_143805,562.0,0.5834994
2485,C15,DR_20221209_143805,563.0,0.36985612
2486,C15,DR_20221209_143805,564.0,0.63973606
2487,C15,DR_20221209_143805,565.0,0.7318884
2488,C15,DR_20221209_143805,566.0,0.54555637
2489,C15,DR_20221209_143805,567.0,0.6659552
2490,C16,DR_20221209_143805,568.0,1.0177952
2491,C16,DR_20221209_143805,569.0,0.84930676
2492,C16,DR_20221209_143805,570.0,0.67438096
2493,C16,DR_20221209_143805,571.0,0.7410382
2494,C16,DR_20221209_143805,572.0,0.6445943
2495,C16,DR_20221209_143805,573.0,0.8015887
2496,C16,DR_20221209_143805,574.0,0.71971875
2497,C16,DR_20221209_143805,575.0,0.7898086
2498,C16,DR_20221209_143805,576.0,0.5448188
2499,C17,DR_20221209_143805,577.0,0.757637
2500,C17,DR_20221209_143805,578.0,0.8523991
2501,C17,DR_20221209_143805,579.0,0.88470495
2502,C17,DR_20221209_143805,580.0,0.6425272
2503,C17,DR_20221209_143805,581.0,1.0679199
2504,C17,DR_20221209_143805,582.0,0.9735498
2505,C17,DR_20221209_143805,583.0,0.8320037
2506,C17,DR_20221209_143805,584.0,0.89492583
2507,C17,DR_20221209_143805,585.0,0.81644243
2508,C18,DR_20221209_143805,586.0,0.50856996
2509,C18,DR_20221209_143805,587.0,0.68703735
2510,C18,DR_20221209_143805,588.0,0.3557048
2511,C18,DR_20221209_143805,589.0,0.684971
2512,C18,DR_20221209_143805,590.0,1.1411898
2513,C18,DR_20221209_143805,591.0,0.72486335
2514,C18,DR_20221209_143805,592.0,0.8520112
2515,C18,DR_20221209_143805,593.0,1.0479584
2516,C18,DR_20221209_143805,594.0,0.72472674
2517,C19,DR_20221209_143805,595.0,0.619771
2518,C19,DR_20221209_143805,596.0,1.0752276
2519,C19,DR_20221209_143805,597.0,0.90166765
2520,C19,DR_20221209_143805,598.0,0.6773681
2521,C19,DR_20221209_143805,599.0,1.0983403
2522,C19,DR_20221209_143805,600.0,1.032565
2523,C19,DR_20221209_143805,601.0,0.6751617
2524,C19,DR_20221209_143805,602.0,1.1244651
2525,C19,DR_20221209_143805,603.0,0.7486797
2526,C20,DR_20221209_143805,604.0,1.0896039
2527,C20,DR_20221209_143805,605.0,1.1036154
2528,C20,DR_20221209_143805,606.0,0.27979636
2529,C20,DR_20221209_143805,607.0,0.301464
2530,C20,DR_20221209_143805,608.0,1.1208556
2531,C20,DR_20221209_143805,609.0,1.0820606
2532,C20,DR_20221209_143805,610.0,0.9157154
2533,C20,DR_20221209_143805,611.0,0.91249645
2534,C20,DR_20221209_143805,612.0,0.44286835
2535,C21,DR_20221209_143805,613.0,0.82121116
2536,C21,DR_20221209_143805,614.0,0.777734
2537,C21,DR_20221209_143805,615.0,0.6634101
2538,C21,DR_20221209_143805,616.0,0.92571014
2539,C21,DR_20221209_143805,617.0,1.0577642
2540,C21,DR_20221209_143805,618.0,1.0751497
2541,C21,DR_20221209_143805,619.0,0.86713034
2542,C21,DR_20221209_143805,620.0,1.0053163
2543,C21,DR_20221209_143805,621.0,0.809774
2544,C22,DR_20221209_143805,622.0,0.77867067
2545,C22,DR_20221209_143805,623.0,0.59266263
2546,C22,DR_20221209_143805,624.0,0.5313323
2547,C22,DR_20221209_143805,625.0,0.60291374
2548,C22,DR_20221209_143805,626.0,0.6921173
2549,C22,DR_20221209_143805,627.0,0.6397899
2550,C22,DR_20221209_143805,628.0,0.7644153
2551,C22,DR_20221209_143805,629.0,0.5077722
2552,C22,DR_20221209_143805,630.0,0.32323876
2589,D03,DR_20221209_143805,667.0,0.45265
2590,D03,DR_20221209_143805,668.0,0.50231403
2591,D03,DR_20221209_143805,669.0,0.26905385
2592,D03,DR_20221209_143805,670.0,0.21496148
2593,D03,DR_20221209_143805,671.0,0.856647
2594,D03,DR_20221209_143805,672.0,0.8384483
2595,D03,DR_20221209_143805,673.0,0.18201204
2596,D03,DR_20221209_143805,674.0,0.41881028
2597,D03,DR_20221209_143805,675.0,0.6699506
2598,D04,DR_20221209_143805,676.0,0.30575222
2599,D04,DR_20221209_143805,677.0,0.47884303
2600,D04,DR_20221209_143805,678.0,0.66753846
2601,D04,DR_20221209_143805,679.0,0.5365157
2602,D04,DR_20221209_143805,680.0,0.8870238
2603,D04,DR_20221209_143805,681.0,0.12739891
2604,D04,DR_20221209_143805,682.0,0.7639468
2605,D04,DR_20221209_143805,683.0,0.89770234
2606,D04,DR_20221209_143805,684.0,0.6380795
2607,D05,DR_20221209_143805,685.0,0.15463282
2608,D05,DR_20221209_143805,686.0,0.8278329
2609,D05,DR_20221209_143805,687.0,0.85207134
2610,D05,DR_20221209_143805,688.0,0.14002754
2611,D05,DR_20221209_143805,689.0,0.57653016
2612,D05,DR_20221209_143805,690.0,0.2210329
2613,D05,DR_20221209_143805,691.0,0.61117744
2614,D05,DR_20221209_143805,692.0,0.47445008
2615,D05,DR_20221209_143805,693.0,0.4151569
2616,D06,DR_20221209_143805,694.0,0.7352884
2617,D06,DR_20221209_143805,695.0,0.5853403
2618,D06,DR_20221209_143805,696.0,0.60257447
2619,D06,DR_20221209_143805,697.0,0.58330846
2620,D06,DR_20221209_143805,698.0,0.42914662
2621,D06,DR_20221209_143805,699.0,0.97390914
2622,D06,DR_20221209_143805,700.0,0.47863615
2623,D06,DR_20221209_143805,701.0,0.4113035
2624,D06,DR_20221209_143805,702.0,0.5006523
2625,D07,DR_20221209_143805,703.0,0.49657512
2626,D07,DR_20221209_143805,704.0,0.86670244
2627,D07,DR_20221209_143805,705.0,0.33713216
2628,D07,DR_20221209_143805,706.0,0.8502981
2629,D07,DR_20221209_143805,707.0,0.50253165
2630,D07,DR_20221209_143805,708.0,0.30166632
2631,D07,DR_20221209_143805,709.0,0.8364117
2632,D07,DR_20221209_143805,710.0,0.33593297
2633,D07,DR_20221209_143805,711.0,0.51056796
2634,D09,DR_20221209_143805,721.0,0.98626024
2635,D09,DR_20221209_143805,722.0,0.94474703
2636,D09,DR_20221209_143805,723.0,0.7078854
2637,D09,DR_20221209_143805,724.0,0.8937741
2638,D09,DR_20221209_143805,725.0,1.0517678
2639,D09,DR_20221209_143805,726.0,0.7509435
2640,D09,DR_20221209_143805,727.0,0.43518084
2641,D09,DR_20221209_143805,728.0,0.52005965
2642,D09,DR_20221209_143805,729.0,0.32988596
2643,D10,DR_20221209_143805,730.0,0.83783466
2644,D10,DR_20221209_143805,731.0,0.8493695
2645,D10,DR_20221209_143805,732.0,0.3954298
2646,D10,DR_20221209_143805,733.0,1.1364706
2647,D10,DR_20221209_143805,734.0,1.1571699
2648,D10,DR_20221209_143805,735.0,0.99278826
2649,D10,DR_20221209_143805,736.0,0.28547657
2650,D10,DR_20221209_143805,737.0,1.0365361
2651,D10,DR_20221209_143805,738.0,1.0158577
2652,D11,DR_20221209_143805,739.0,0.8629882
2653,D11,DR_20221209_143805,740.0,0.87510365
2654,D11,DR_20221209_143805,741.0,0.8895007
2655,D11,DR_20221209_143805,742.0,0.67478067
2656,D11,DR_20221209_143805,743.0,0.70233595
2657,D11,DR_20221209_143805,744.0,0.6056972
2658,D11,DR_20221209_143805,745.0,0.7966605
2659,D11,DR_20221209_143805,746.0,0.7615016
2660,D11,DR_20221209_143805,747.0,0.11276074
2661,D12,DR_20221209_143805,748.0,0.23415126
2662,D12,DR_20221209_143805,749.0,0.702919
2663,D12,DR_20221209_143805,750.0,0.594237
2664,D12,DR_20221209_143805,751.0,0.92411864
2665,D12,DR_20221209_143805,752.0,1.051369
2666,D12,DR_20221209_143805,753.0,0.2042334
2667,D12,DR_20221209_143805,754.0,0.28542355
2668,D12,DR_20221209_143805,755.0,0.74885195
2669,D12,DR_20221209_143805,756.0,0.64794147
2670,D13,DR_20221209_143805,757.0,0.8468336
2671,D13,DR_20221209_143805,758.0,1.0754974
2672,D13,DR_20221209_143805,759.0,0.21956743
2673,D13,DR_20221209_143805,760.0,0.56107694
2674,D13,DR_20221209_143805,761.0,1.1218718
2675,D13,DR_20221209_143805,762.0,1.1587496
2676,D13,DR_20221209_143805,763.0,1.032804
2677,D13,DR_20221209_143805,764.0,0.67546827
2678,D13,DR_20221209_143805,765.0,0.8136126
2679,D14,DR_20221209_143805,766.0,0.6771845
2680,D14,DR_20221209_143805,767.0,1.107291
2681,D14,DR_20221209_143805,768.0,1.0476935
2682,D14,DR_20221209_143805,769.0,1.0081325
2683,D14,DR_20221209_143805,770.0,0.933524
2684,D14,DR_20221209_143805,771.0,1.1764966
2685,D14,DR_20221209_143805,772.0,1.0244677
2686,D14,DR_20221209_143805,773.0,1.1568137
2687,D14,DR_20221209_143805,774.0,0.7498133
2688,D15,DR_20221209_143805,775.0,1.0313828
2689,D15,DR_20221209_143805,776.0,1.087041
2690,D15,DR_20221209_143805,777.0,0.43315926
2691,D15,DR_20221209_143805,778.0,0.880175
2692,D15,DR_20221209_143805,779.0,1.1309838
2693,D15,DR_20221209_143805,780.0,1.1073002
2694,D15,DR_20221209_143805,781.0,1.0895703
2695,D15,DR_20221209_143805,782.0,0.71999246
2696,D15,DR_20221209_143805,783.0,0.43355596
2697,D16,DR_20221209_143805,784.0,0.99295056
2698,D16,DR_20221209_143805,785.0,1.0233803
2699,D16,DR_20221209_143805,786.0,0.92746055
2700,D16,DR_20221209_143805,787.0,0.8023346
2701,D16,DR_20221209_143805,788.0,1.0427377
2702,D16,DR_20221209_143805,789.0,1.0854365
2703,D16,DR_20221209_143805,790.0,0.33429652
2704,D16,DR_20221209_143805,791.0,0.56074995
2705,D16,DR_20221209_143805,792.0,0.57992154
2706,D17,DR_20221209_143805,793.0,0.8367517
2707,D17,DR_20221209_143805,794.0,1.0550106
2708,D17,DR_20221209_143805,795.0,1.0241395
2709,D17,DR_20221209_143805,796.0,0.7256336
2710,D17,DR_20221209_143805,797.0,1.116243
2711,D17,DR_20221209_143805,798.0,1.0372887
2712,D17,DR_20221209_143805,799.0,0.9480312
2713,D17,DR_20221209_143805,800.0,1.0179025
2714,D17,DR_20221209_143805,801.0,0.7530855
2715,D18,DR_20221209_143805,802.0,0.28682014
2716,D18,DR_20221209_143805,803.0,0.62845737
2717,D18,DR_20221209_143805,804.0,0.8847129
2718,D18,DR_20221209_143805,805.0,0.7505634
2719,D18,DR_20221209_143805,806.0,1.1353682
2720,D18,DR_20221209_143805,807.0,0.9762731
2721,D18,DR_20221209_143805,808.0,0.6512262
2722,D18,DR_20221209_143805,809.0,1.1087033
2723,D18,DR_20221209_143805,810.0,0.3657003
2724,D19,DR_20221209_143805,811.0,0.9692324
2725,D19,DR_20221209_143805,812.0,0.74218225
2726,D19,DR_20221209_143805,813.0,0.26844594
2727,D19,DR_20221209_143805,814.0,0.65187216
2728,D19,DR_20221209_143805,815.0,1.1316746
2729,D19,DR_20221209_143805,816.0,1.0050021
2730,D19,DR_20221209_143805,817.0,0.6992539
2731,D19,DR_20221209_143805,818.0,0.6394219
2732,D19,DR_20221209_143805,819.0,0.78800607
2733,D20,DR_20221209_143805,820.0,1.1099004
2734,D20,DR_20221209_143805,821.0,0.6219123
2735,D20,DR_20221209_143805,822.0,0.5974509
2736,D20,DR_20221209_143805,823.0,0.6589204
2737,D20,DR_20221209_143805,824.0,0.996314
2738,D20,DR_20221209_143805,825.0,0.9469694
2739,D20,DR_20221209_143805,826.0,0.65280354
2740,D20,DR_20221209_143805,827.0,0.53701
2741,D20,DR_20221209_143805,828.0,0.78442174
2742,D21,DR_20221209_143805,829.0,1.0977916
2743,D21,DR_20221209_143805,830.0,0.8129947
2744,D21,DR_20221209_143805,831.0,0.6098934
2745,D21,DR_20221209_143805,832.0,0.53991055
2746,D21,DR_20221209_143805,833.0,0.52193975
2747,D21,DR_20221209_143805,834.0,1.0754058
2748,D21,DR_20221209_143805,835.0,0.57020205
2749,D21,DR_20221209_143805,836.0,0.9825606
2750,D21,DR_20221209_143805,837.0,0.43513528
2751,D22,DR_20221209_143805,838.0,0.8052094
2752,D22,DR_20221209_143805,839.0,0.80603164
2753,D22,DR_20221209_143805,840.0,0.37041983
2754,D22,DR_20221209_143805,841.0,0.7849781
2755,D22,DR_20221209_143805,842.0,1.0665535
2756,D22,DR_20221209_143805,843.0,1.0525322
2757,D22,DR_20221209_143805,844.0,0.21479581
2758,D22,DR_20221209_143805,845.0,0.6541525
2759,D22,DR_20221209_143805,846.0,0.7129542
2796,E03,DR_20221209_143805,883.0,1.1083189
2797,E03,DR_20221209_143805,884.0,0.94802386
2798,E03,DR_20221209_143805,885.0,0.7980324
2799,E03,DR_20221209_143805,886.0,0.48500133
2800,E03,DR_20221209_143805,887.0,0.83525497
2801,E03,DR_20221209_143805,888.0,0.8900921
2802,E03,DR_20221209_143805,889.0,0.80016226
2803,E03,DR_20221209_143805,890.0,0.22742505
2804,E03,DR_20221209_143805,891.0,0.9525438
2805,E04,DR_20221209_143805,892.0,0.49563265
2806,E04,DR_20221209_143805,893.0,0.83533216
2807,E04,DR_20221209_143805,894.0,0.28187308
2808,E04,DR_20221209_143805,895.0,0.3022988
2809,E04,DR_20221209_143805,896.0,0.753518
2810,E04,DR_20221209_143805,897.0,0.95385444
2811,E04,DR_20221209_143805,898.0,0.7379337
2812,E04,DR_20221209_143805,899.0,0.26797122
2813,E04,DR_20221209_143805,900.0,0.55903405
2814,E05,DR_20221209_143805,901.0,0.37292644
2815,E05,DR_20221209_143805,902.0,0.490908
2816,E05,DR_20221209_143805,903.0,0.82806224
2817,E05,DR_20221209_143805,904.0,0.8022534
2818,E05,DR_20221209_143805,905.0,0.5388271
2819,E05,DR_20221209_143805,906.0,0.4974159
2820,E05,DR_20221209_143805,907.0,0.988053
2821,E05,DR_20221209_143805,908.0,0.8153154
2822,E05,DR_20221209_143805,909.0,0.95847476
2823,E06,DR_20221209_143805,910.0,0.74509484
2824,E06,DR_20221209_143805,911.0,0.46457905
2825,E06,DR_20221209_143805,912.0,0.5473952
2826,E06,DR_20221209_143805,913.0,0.8475653
2827,E06,DR_20221209_143805,914.0,0.8763493
2828,E06,DR_20221209_143805,915.0,0.48854905
2829,E06,DR_20221209_143805,916.0,0.2513258
2830,E06,DR_20221209_143805,917.0,0.50023466
2831,E06,DR_20221209_143805,918.0,0.80115396
2832,E07,DR_20221209_143805,919.0,0.16364388
2833,E07,DR_20221209_143805,920.0,0.36827898
2834,E07,DR_20221209_143805,921.0,0.35025746
2835,E07,DR_20221209_143805,922.0,0.38780993
2836,E07,DR_20221209_143805,923.0,0.43115905
2837,E07,DR_20221209_143805,924.0,0.31301305
2838,E07,DR_20221209_143805,925.0,0.73398274
2839,E07,DR_20221209_143805,926.0,0.30581263
2840,E07,DR_20221209_143805,927.0,0.2870922
2841,E08,DR_20221209_143805,928.0,0.35240257
2842,E08,DR_20221209_143805,929.0,0.40309915
2843,E08,DR_20221209_143805,930.0,0.38477397
2844,E08,DR_20221209_143805,931.0,0.6323352
2845,E08,DR_20221209_143805,932.0,0.85176134
2846,E08,DR_20221209_143805,933.0,0.7746668
2847,E08,DR_20221209_143805,934.0,0.26530865
2848,E08,DR_20221209_143805,935.0,0.55476916
2849,E08,DR_20221209_143805,936.0,0.44352573
2850,E09,DR_20221209_143805,937.0,1.0072902
2851,E09,DR_20221209_143805,938.0,1.0337268
2852,E09,DR_20221209_143805,939.0,0.9753567
2853,E09,DR_20221209_143805,940.0,0.4567882
2854,E09,DR_20221209_143805,941.0,1.0580741
2855,E09,DR_20221209_143805,942.0,1.0902758
2856,E09,DR_20221209_143805,943.0,0.82117224
2857,E09,DR_20221209_143805,944.0,0.7307452
2858,E09,DR_20221209_143805,945.0,0.6942106
2859,E10,DR_20221209_143805,946.0,1.0040395
2860,E10,DR_20221209_143805,947.0,0.6445425
2861,E10,DR_20221209_143805,948.0,0.2140647
2862,E10,DR_20221209_143805,949.0,0.9416364
2863,E10,DR_20221209_143805,950.0,1.1100417
2864,E10,DR_20221209_143805,951.0,1.0607866
2865,E10,DR_20221209_143805,952.0,0.61168575
2866,E10,DR_20221209_143805,953.0,0.9308046
2867,E10,DR_20221209_143805,954.0,1.1446007
2868,E11,DR_20221209_143805,955.0,0.5781833
2869,E11,DR_20221209_143805,956.0,0.92850924
2870,E11,DR_20221209_143805,957.0,0.7364407
2871,E11,DR_20221209_143805,958.0,0.76415217
2872,E11,DR_20221209_143805,959.0,0.56537247
2873,E11,DR_20221209_143805,960.0,0.8263995
2874,E11,DR_20221209_143805,961.0,0.88358754
2875,E11,DR_20221209_143805,962.0,0.84619427
2876,E11,DR_20221209_143805,963.0,0.5841851
2877,E12,DR_20221209_143805,964.0,1.0450447
2878,E12,DR_20221209_143805,965.0,0.918022
2879,E12,DR_20221209_143805,966.0,0.78163457
2880,E12,DR_20221209_143805,967.0,0.8409141
2881,E12,DR_20221209_143805,968.0,1.0656714
2882,E12,DR_20221209_143805,969.0,1.0354025
2883,E12,DR_20221209_143805,970.0,1.0273445
2884,E12,DR_20221209_143805,971.0,0.5946142
2885,E12,DR_20221209_143805,972.0,0.78704935
2886,E13,DR_20221209_143805,973.0,0.9996558
2887,E13,DR_20221209_143805,974.0,1.1576335
2888,E13,DR_20221209_143805,975.0,0.27360925
2889,E13,DR_20221209_143805,976.0,0.6284053
2890,E13,DR_20221209_143805,977.0,1.1250364
2891,E13,DR_20221209_143805,978.0,0.9668441
2892,E13,DR_20221209_143805,979.0,0.82305735
2893,E13,DR_20221209_143805,980.0,0.5984242
2894,E13,DR_20221209_143805,981.0,0.4036562
2895,E14,DR_20221209_143805,982.0,1.0668466
2896,E14,DR_20221209_143805,983.0,1.2075437
2897,E14,DR_20221209_143805,984.0,0.8664277
2898,E14,DR_20221209_143805,985.0,0.67452896
2899,E14,DR_20221209_143805,986.0,1.0845903
2900,E14,DR_20221209_143805,987.0,0.9159448
2901,E14,DR_20221209_143805,988.0,0.62981707
2902,E14,DR_20221209_143805,989.0,0.37648967
2903,E14,DR_20221209_143805,990.0,0.8600701
2904,E15,DR_20221209_143805,991.0,0.54322964
2905,E15,DR_20221209_143805,992.0,1.0124683
2906,E15,DR_20221209_143805,993.0,0.77852976
2907,E15,DR_20221209_143805,994.0,0.74517536
2908,E15,DR_20221209_143805,995.0,1.1103382
2909,E15,DR_20221209_143805,996.0,1.154904
2910,E15,DR_20221209_143805,997.0,0.58896613
2911,E15,DR_20221209_143805,998.0,0.6651421
2912,E15,DR_20221209_143805,999.0,0.27783856
2913,E16,DR_20221209_143805,1000.0,0.5774631
2914,E16,DR_20221209_143805,1001.0,1.1095351
2915,E16,DR_20221209_143805,1002.0,0.6357948
2916,E16,DR_20221209_143805,1003.0,0.40072483
2917,E16,DR_20221209_143805,1004.0,1.1177504
2918,E16,DR_20221209_143805,1005.0,1.031357
2919,E16,DR_20221209_143805,1006.0,1.042402
2920,E16,DR_20221209_143805,1007.0,1.0091506
2921,E16,DR_20221209_143805,1008.0,0.7898585
2922,E17,DR_20221209_143805,1009.0,0.27970588
2923,E17,DR_20221209_143805,1010.0,0.956562
2924,E17,DR_20221209_143805,1011.0,0.28336057
2925,E17,DR_20221209_143805,1012.0,0.60626036
2926,E17,DR_20221209_143805,1013.0,1.1533462
2927,E17,DR_20221209_143805,1014.0,0.9882104
2928,E17,DR_20221209_143805,1015.0,1.1200372
2929,E17,DR_20221209_143805,1016.0,1.1333992
2930,E17,DR_20221209_143805,1017.0,0.7459871
2931,E18,DR_20221209_143805,1018.0,0.18378831
2932,E18,DR_20221209_143805,1019.0,0.77840614
2933,E18,DR_20221209_143805,1020.0,1.0503044
2934,E18,DR_20221209_143805,1021.0,0.8762341
2935,E18,DR_20221209_143805,1022.0,1.0697796
2936,E18,DR_20221209_143805,1023.0,1.0882599
2937,E18,DR_20221209_143805,1024.0,0.53145844
2938,E18,DR_20221209_143805,1025.0,1.065848
2939,E18,DR_20221209_143805,1026.0,0.47291657
2940,E19,DR_20221209_143805,1027.0,1.050754
2941,E19,DR_20221209_143805,1028.0,1.1109252
2942,E19,DR_20221209_143805,1029.0,0.7466069
2943,E19,DR_20221209_143805,1030.0,0.85467064
2944,E19,DR_20221209_143805,1031.0,1.1037699
2945,E19,DR_20221209_143805,1032.0,1.0084811
2946,E19,DR_20221209_143805,1033.0,0.87985766
2947,E19,DR_20221209_143805,1034.0,0.64065355
2948,E19,DR_20221209_143805,1035.0,0.7834713
2949,E20,DR_20221209_143805,1036.0,1.0051953
2950,E20,DR_20221209_143805,1037.0,0.56802684
2951,E20,DR_20221209_143805,1038.0,0.26397896
2952,E20,DR_20221209_143805,1039.0,1.0974143
2953,E20,DR_20221209_143805,1040.0,1.0638585
2954,E20,DR_20221209_143805,1041.0,0.531366
2955,E20,DR_20221209_143805,1042.0,0.8518677
2956,E20,DR_20221209_143805,1043.0,1.064005
2957,E20,DR_20221209_143805,1044.0,0.4858844
2958,E21,DR_20221209_143805,1045.0,0.7218357
2959,E21,DR_20221209_143805,1046.0,0.7097305
2960,E21,DR_20221209_143805,1047.0,0.824778
2961,E21,DR_20221209_143805,1048.0,0.5793467
2962,E21,DR_20221209_143805,1049.0,1.0825741
2963,E21,DR_20221209_143805,1050.0,0.99231815
2964,E21,DR_20221209_143805,1051.0,0.96824664
2965,E21,DR_20221209_143805,1052.0,0.9999505
2966,E21,DR_20221209_143805,1053.0,0.53869426
2967,E22,DR_20221209_143805,1054.0,0.73176455
2968,E22,DR_20221209_143805,1055.0,0.69105095
2969,E22,DR_20221209_143805,1056.0,0.20113347
2970,E22,DR_20221209_143805,1057.0,0.6661417
2971,E22,DR_20221209_143805,1058.0,1.0849929
2972,E22,DR_20221209_143805,1059.0,0.5409859
2973,E22,DR_20221209_143805,1060.0,0.68575776
2974,E22,DR_20221209_143805,1061.0,0.6498198
2975,E22,DR_20221209_143805,1062.0,0.81711304
3012,F03,DR_20221209_143805,1099.0,0.9176449
3013,F03,DR_20221209_143805,1100.0,0.9822064
3014,F03,DR_20221209_143805,1101.0,0.9336139
3015,F03,DR_20221209_143805,1102.0,0.49431255
3016,F03,DR_20221209_143805,1103.0,0.84105676
3017,F03,DR_20221209_143805,1104.0,0.71431893
3018,F03,DR_20221209_143805,1105.0,0.3895889
3019,F03,DR_20221209_143805,1106.0,0.51135075
3020,F03,DR_20221209_143805,1107.0,0.40435174
3021,F04,DR_20221209_143805,1108.0,0.52861995
3022,F04,DR_20221209_143805,1109.0,0.49938005
3023,F04,DR_20221209_143805,1110.0,0.838849
3024,F04,DR_20221209_143805,1111.0,0.31180742
3025,F04,DR_20221209_143805,1112.0,0.7883206
3026,F04,DR_20221209_143805,1113.0,0.8250708
3027,F04,DR_20221209_143805,1114.0,0.21051057
3028,F04,DR_20221209_143805,1115.0,0.40916413
3029,F04,DR_20221209_143805,1116.0,0.35210556
3030,F05,DR_20221209_143805,1117.0,0.5019572
3031,F05,DR_20221209_143805,1118.0,0.50103486
3032,F05,DR_20221209_143805,1119.0,0.27966246
3033,F05,DR_20221209_143805,1120.0,0.2627418
3034,F05,DR_20221209_143805,1121.0,0.5347692
3035,F05,DR_20221209_143805,1122.0,0.38860556
3036,F05,DR_20221209_143805,1123.0,0.40184665
3037,F05,DR_20221209_143805,1124.0,0.39685062
3038,F05,DR_20221209_143805,1125.0,0.6772912
3039,F06,DR_20221209_143805,1126.0,0.45824197
3040,F06,DR_20221209_143805,1127.0,0.7242138
3041,F06,DR_20221209_143805,1128.0,0.5074252
3042,F06,DR_20221209_143805,1129.0,0.51251996
3043,F06,DR_20221209_143805,1130.0,0.8197897
3044,F06,DR_20221209_143805,1131.0,0.4902829
3045,F06,DR_20221209_143805,1132.0,0.8629474
3046,F06,DR_20221209_143805,1133.0,0.852165
3047,F06,DR_20221209_143805,1134.0,0.2713159
3048,F07,DR_20221209_143805,1135.0,0.77116805
3049,F07,DR_20221209_143805,1136.0,0.25530225
3050,F07,DR_20221209_143805,1137.0,0.50333947
3051,F07,DR_20221209_143805,1138.0,0.5518264
3052,F07,DR_20221209_143805,1139.0,0.35542133
3053,F07,DR_20221209_143805,1140.0,0.7974096
3054,F07,DR_20221209_143805,1141.0,0.582626
3055,F07,DR_20221209_143805,1142.0,0.93314755
3056,F07,DR_20221209_143805,1143.0,0.59359413
3057,F08,DR_20221209_143805,1144.0,0.88067913
3058,F08,DR_20221209_143805,1145.0,0.3071139
3059,F08,DR_20221209_143805,1146.0,0.42806
3060,F08,DR_20221209_143805,1147.0,0.646479
3061,F08,DR_20221209_143805,1148.0,0.34630534
3062,F08,DR_20221209_143805,1149.0,0.75808775
3063,F08,DR_20221209_143805,1150.0,0.4051413
3064,F08,DR_20221209_143805,1151.0,0.31425068
3065,F08,DR_20221209_143805,1152.0,0.32598072
3066,F09,DR_20221209_143805,1153.0,1.0070775
3067,F09,DR_20221209_143805,1154.0,1.0499598
3068,F09,DR_20221209_143805,1155.0,0.8708012
3069,F09,DR_20221209_143805,1156.0,0.26908612
3070,F09,DR_20221209_143805,1157.0,0.44481063
3071,F09,DR_20221209_143805,1158.0,0.970881
3072,F09,DR_20221209_143805,1159.0,0.7310294
3073,F09,DR_20221209_143805,1160.0,0.90875673
3074,F09,DR_20221209_143805,1161.0,0.7688293
3075,F10,DR_20221209_143805,1162.0,1.038709
3076,F10,DR_20221209_143805,1163.0,0.6462152
3077,F10,DR_20221209_143805,1164.0,0.73406273
3078,F10,DR_20221209_143805,1165.0,0.7538718
3079,F10,DR_20221209_143805,1166.0,1.0855368
3080,F10,DR_20221209_143805,1167.0,0.9024084
3081,F10,DR_20221209_143805,1168.0,1.0075951
3082,F10,DR_20221209_143805,1169.0,0.896924
3083,F10,DR_20221209_143805,1170.0,0.765785
3084,F11,DR_20221209_143805,1171.0,0.97058356
3085,F11,DR_20221209_143805,1172.0,0.71162814
3086,F11,DR_20221209_143805,1173.0,0.6658406
3087,F11,DR_20221209_143805,1174.0,0.55758274
3088,F11,DR_20221209_143805,1175.0,0.99486613
3089,F11,DR_20221209_143805,1176.0,1.0515156
3090,F11,DR_20221209_143805,1177.0,1.1791625
3091,F11,DR_20221209_143805,1178.0,0.5757521
3092,F11,DR_20221209_143805,1179.0,0.6468698
3093,F12,DR_20221209_143805,1180.0,0.9082229
3094,F12,DR_20221209_143805,1181.0,1.0357343
3095,F12,DR_20221209_143805,1182.0,0.44693008
3096,F12,DR_20221209_143805,1183.0,0.629923
3097,F12,DR_20221209_143805,1184.0,1.0646015
3098,F12,DR_20221209_143805,1185.0,0.8502402
3099,F12,DR_20221209_143805,1186.0,0.5968775
3100,F12,DR_20221209_143805,1187.0,1.2031231
3101,F12,DR_20221209_143805,1188.0,0.31748468
3102,F13,DR_20221209_143805,1189.0,1.1360501
3103,F13,DR_20221209_143805,1190.0,0.8934062
3104,F13,DR_20221209_143805,1191.0,0.5976641
3105,F13,DR_20221209_143805,1192.0,1.1061465
3106,F13,DR_20221209_143805,1193.0,1.1086644
3107,F13,DR_20221209_143805,1194.0,1.0407292
3108,F13,DR_20221209_143805,1195.0,0.49882275
3109,F13,DR_20221209_143805,1196.0,0.81212896
3110,F13,DR_20221209_143805,1197.0,0.714208
3111,F14,DR_20221209_143805,1198.0,0.18629035
3112,F14,DR_20221209_143805,1199.0,0.4984229
3113,F14,DR_20221209_143805,1200.0,0.80737364
3114,F14,DR_20221209_143805,1201.0,1.0873175
3115,F14,DR_20221209_143805,1202.0,0.52556
3116,F14,DR_20221209_143805,1203.0,1.1525389
3117,F14,DR_20221209_143805,1204.0,0.71477973
3118,F14,DR_20221209_143805,1205.0,0.8135035
3119,F14,DR_20221209_143805,1206.0,0.7090845
3120,F15,DR_20221209_143805,1207.0,1.0313919
3121,F15,DR_20221209_143805,1208.0,1.047405
3122,F15,DR_20221209_143805,1209.0,0.8223288
3123,F15,DR_20221209_143805,1210.0,0.3277549
3124,F15,DR_20221209_143805,1211.0,1.0571544
3125,F15,DR_20221209_143805,1212.0,1.1221718
3126,F15,DR_20221209_143805,1213.0,0.66805184
3127,F15,DR_20221209_143805,1214.0,0.2747833
3128,F15,DR_20221209_143805,1215.0,0.70203924
3129,F16,DR_20221209_143805,1216.0,1.0989403
3130,F16,DR_20221209_143805,1217.0,0.59503114
3131,F16,DR_20221209_143805,1218.0,0.33529294
3132,F16,DR_20221209_143805,1219.0,1.1475382
3133,F16,DR_20221209_143805,1220.0,0.98962164
3134,F16,DR_20221209_143805,1221.0,1.0571822
3135,F16,DR_20221209_143805,1222.0,0.5430661
3136,F16,DR_20221209_143805,1223.0,0.667281
3137,F16,DR_20221209_143805,1224.0,0.7453709
3138,F17,DR_20221209_143805,1225.0,0.39309362
3139,F17,DR_20221209_143805,1226.0,0.9066655
3140,F17,DR_20221209_143805,1227.0,0.8348957
3141,F17,DR_20221209_143805,1228.0,0.82720333
3142,F17,DR_20221209_143805,1229.0,1.0464237
3143,F17,DR_20221209_143805,1230.0,0.2725844
3144,F17,DR_20221209_143805,1231.0,0.6108608
3145,F17,DR_20221209_143805,1232.0,1.1521533
3146,F17,DR_20221209_143805,1233.0,0.62634915
3147,F18,DR_20221209_143805,1234.0,0.4900923
3148,F18,DR_20221209_143805,1235.0,0.86074144
3149,F18,DR_20221209_143805,1236.0,0.196522
3150,F18,DR_20221209_143805,1237.0,0.27855322
3151,F18,DR_20221209_143805,1238.0,1.0480382
3152,F18,DR_20221209_143805,1239.0,1.096269
3153,F18,DR_20221209_143805,1240.0,1.162754
3154,F18,DR_20221209_143805,1241.0,0.6160212
3155,F18,DR_20221209_143805,1242.0,0.701106
3156,F19,DR_20221209_143805,1243.0,1.0606632
3157,F19,DR_20221209_143805,1244.0,0.6235441
3158,F19,DR_20221209_143805,1245.0,0.62245965
3159,F19,DR_20221209_143805,1246.0,1.0481267
3160,F19,DR_20221209_143805,1247.0,1.182549
3161,F19,DR_20221209_143805,1248.0,1.1158375
3162,F19,DR_20221209_143805,1249.0,0.6484968
3163,F19,DR_20221209_143805,1250.0,1.1441485
3164,F19,DR_20221209_143805,1251.0,0.7416522
3165,F20,DR_20221209_143805,1252.0,0.26176107
3166,F20,DR_20221209_143805,1253.0,0.24879421
3167,F20,DR_20221209_143805,1254.0,0.8613704
3168,F20,DR_20221209_143805,1255.0,0.6776453
3169,F20,DR_20221209_143805,1256.0,1.112475
3170,F20,DR_20221209_143805,1257.0,0.6736783
3171,F20,DR_20221209_143805,1258.0,0.80926883
3172,F20,DR_20221209_143805,1259.0,1.123636
3173,F20,DR_20221209_143805,1260.0,0.5129312
3174,F21,DR_20221209_143805,1261.0,0.81725913
3175,F21,DR_20221209_143805,1262.0,0.7395685
3176,F21,DR_20221209_143805,1263.0,0.44720855
3177,F21,DR_20221209_143805,1264.0,0.9064981
3178,F21,DR_20221209_143805,1265.0,1.043693
3179,F21,DR_20221209_143805,1266.0,1.0178248
3180,F21,DR_20221209_143805,1267.0,1.0621741
3181,F21,DR_20221209_143805,1268.0,0.8934175
3182,F21,DR_20221209_143805,1269.0,0.667107
3183,F22,DR_20221209_143805,1270.0,0.5001197
3184,F22,DR_20221209_143805,1271.0,0.5622876
3185,F22,DR_20221209_143805,1272.0,0.80607975
3186,F22,DR_20221209_143805,1273.0,0.99279654
3187,F22,DR_20221209_143805,1274.0,1.1049923
3188,F22,DR_20221209_143805,1275.0,1.04344
3189,F22,DR_20221209_143805,1276.0,0.7848889
3190,F22,DR_20221209_143805,1277.0,0.85994
3191,F22,DR_20221209_143805,1278.0,0.841937
3228,G03,DR_20221209_143805,1315.0,1.0970147
3229,G03,DR_20221209_143805,1316.0,1.1277139
3230,G03,DR_20221209_143805,1317.0,0.24527442
3231,G03,DR_20221209_143805,1318.0,0.7786643
3232,G03,DR_20221209_143805,1319.0,1.1132078
3233,G03,DR_20221209_143805,1320.0,1.0793319
3234,G03,DR_20221209_143805,1321.0,1.0275592
3235,G03,DR_20221209_143805,1322.0,0.6655653
3236,G03,DR_20221209_143805,1323.0,0.56390584
3237,G04,DR_20221209_143805,1324.0,1.0835704
3238,G04,DR_20221209_143805,1325.0,0.6580013
3239,G04,DR_20221209_143805,1326.0,0.24064426
3240,G04,DR_20221209_143805,1327.0,0.5134861
3241,G04,DR_20221209_143805,1328.0,0.52836937
3242,G04,DR_20221209_143805,1329.0,0.8983604
3243,G04,DR_20221209_143805,1330.0,1.011755
3244,G04,DR_20221209_143805,1331.0,1.1108036
3245,G04,DR_20221209_143805,1332.0,0.5719235
3246,G05,DR_20221209_143805,1333.0,1.1341187
3247,G05,DR_20221209_143805,1334.0,1.0663532
3248,G05,DR_20221209_143805,1335.0,0.65852946
3249,G05,DR_20221209_143805,1336.0,0.5869329
3250,G05,DR_20221209_143805,1337.0,1.0724902
3251,G05,DR_20221209_143805,1338.0,1.0799338
3252,G05,DR_20221209_143805,1339.0,0.5372568
3253,G05,DR_20221209_143805,1340.0,1.0737036
3254,G05,DR_20221209_143805,1341.0,0.63715124
3255,G06,DR_20221209_143805,1342.0,1.0818384
3256,G06,DR_20221209_143805,1343.0,1.0596218
3257,G06,DR_20221209_143805,1344.0,0.20404744
3258,G06,DR_20221209_143805,1345.0,0.31319833
3259,G06,DR_20221209_143805,1346.0,1.1275322
3260,G06,DR_20221209_143805,1347.0,1.1026955
3261,G06,DR_20221209_143805,1348.0,1.0225308
3262,G06,DR_20221209_143805,1349.0,0.194016
3263,G06,DR_20221209_143805,1350.0,0.8683818
3264,G07,DR_20221209_143805,1351.0,0.77241987
3265,G07,DR_20221209_143805,1352.0,0.7426919
3266,G07,DR_20221209_143805,1353.0,0.58014774
3267,G07,DR_20221209_143805,1354.0,0.6356647
3268,G07,DR_20221209_143805,1355.0,1.1210164
3269,G07,DR_20221209_143805,1356.0,1.085171
3270,G07,DR_20221209_143805,1357.0,1.0778391
3271,G07,DR_20221209_143805,1358.0,0.5536369
3272,G07,DR_20221209_143805,1359.0,0.791919
3273,G08,DR_20221209_143805,1360.0,0.7991758
3274,G08,DR_20221209_143805,1361.0,0.87255883
3275,G08,DR_20221209_143805,1362.0,0.8877957
3276,G08,DR_20221209_143805,1363.0,0.88544554
3277,G08,DR_20221209_143805,1364.0,0.38010162
3278,G08,DR_20221209_143805,1365.0,1.0480626
3279,G08,DR_20221209_143805,1366.0,0.9598491
3280,G08,DR_20221209_143805,1367.0,0.7814854
3281,G08,DR_20221209_143805,1368.0,0.3287593
3282,G09,DR_20221209_143805,1369.0,0.6261564
3283,G09,DR_20221209_143805,1370.0,0.8522974
3284,G09,DR_20221209_143805,1371.0,0.5547257
3285,G09,DR_20221209_143805,1372.0,0.77011615
3286,G09,DR_20221209_143805,1373.0,0.49887362
3287,G09,DR_20221209_143805,1374.0,0.63637704
3288,G09,DR_20221209_143805,1375.0,0.96507186
3289,G09,DR_20221209_143805,1376.0,0.9122721
3290,G09,DR_20221209_143805,1377.0,0.58091843
3291,G10,DR_20221209_143805,1378.0,0.8386087
3292,G10,DR_20221209_143805,1379.0,0.6466435
3293,G10,DR_20221209_143805,1380.0,1.1022867
3294,G10,DR_20221209_143805,1381.0,1.0259731
3295,G10,DR_20221209_143805,1382.0,1.1363397
3296,G10,DR_20221209_143805,1383.0,1.1307498
3297,G10,DR_20221209_143805,1384.0,0.97739536
3298,G10,DR_20221209_143805,1385.0,1.096952
3299,G10,DR_20221209_143805,1386.0,0.9107704
3300,G11,DR_20221209_143805,1387.0,0.6094611
3301,G11,DR_20221209_143805,1388.0,0.81151795
3302,G11,DR_20221209_143805,1389.0,0.760491
3303,G11,DR_20221209_143805,1390.0,0.38025066
3304,G11,DR_20221209_143805,1391.0,0.5086525
3305,G11,DR_20221209_143805,1392.0,0.9480237
3306,G11,DR_20221209_143805,1393.0,0.6871302
3307,G11,DR_20221209_143805,1394.0,0.51952595
3308,G11,DR_20221209_143805,1395.0,0.55814284
3309,G12,DR_20221209_143805,1396.0,0.2517091
3310,G12,DR_20221209_143805,1397.0,0.5910916
3311,G12,DR_20221209_143805,1398.0,0.8154843
3312,G12,DR_20221209_143805,1399.0,0.5439602
3313,G12,DR_20221209_143805,1400.0,0.28132436
3314,G12,DR_20221209_143805,1401.0,0.71034175
3315,G12,DR_20221209_143805,1402.0,0.79174864
3316,G12,DR_20221209_143805,1403.0,0.5145121
3317,G12,DR_20221209_143805,1404.0,0.7424694
3318,G13,DR_20221209_143805,1405.0,1.1126606
3319,G13,DR_20221209_143805,1406.0,0.9372991
3320,G13,DR_20221209_143805,1407.0,0.7524506
3321,G13,DR_20221209_143805,1408.0,0.45349118
3322,G13,DR_20221209_143805,1409.0,0.75345814
3323,G13,DR_20221209_143805,1410.0,0.6813808
3324,G13,DR_20221209_143805,1411.0,0.6628758
3325,G13,DR_20221209_143805,1412.0,0.8992049
3326,G13,DR_20221209_143805,1413.0,0.7943945
3327,G14,DR_20221209_143805,1414.0,0.96986663
3328,G14,DR_20221209_143805,1415.0,0.8467257
3329,G14,DR_20221209_143805,1416.0,0.33674628
3330,G14,DR_20221209_143805,1417.0,0.38879883
3331,G14,DR_20221209_143805,1418.0,0.9166837
3332,G14,DR_20221209_143805,1419.0,0.5667129
3333,G14,DR_20221209_143805,1420.0,0.6620032
3334,G14,DR_20221209_143805,1421.0,1.1003807
3335,G14,DR_20221209_143805,1422.0,0.8052622
3336,G15,DR_20221209_143805,1423.0,0.9837055
3337,G15,DR_20221209_143805,1424.0,0.07785604
3338,G15,DR_20221209_143805,1425.0,0.78206897
3339,G15,DR_20221209_143805,1426.0,0.9080791
3340,G15,DR_20221209_143805,1427.0,1.145207
3341,G15,DR_20221209_143805,1428.0,0.5884674
3342,G15,DR_20221209_143805,1429.0,1.0179161
3343,G15,DR_20221209_143805,1430.0,0.5296248
3344,G15,DR_20221209_143805,1431.0,0.6180795
3345,G16,DR_20221209_143805,1432.0,0.8109294
3346,G16,DR_20221209_143805,1433.0,1.0569472
3347,G16,DR_20221209_143805,1434.0,0.66684115
3348,G16,DR_20221209_143805,1435.0,0.43934366
3349,G16,DR_20221209_143805,1436.0,1.0210507
3350,G16,DR_20221209_143805,1437.0,0.61538285
3351,G16,DR_20221209_143805,1438.0,0.90307236
3352,G16,DR_20221209_143805,1439.0,0.9125007
3353,G16,DR_20221209_143805,1440.0,0.7968424
3354,G17,DR_20221209_143805,1441.0,0.4561535
3355,G17,DR_20221209_143805,1442.0,0.8046738
3356,G17,DR_20221209_143805,1443.0,0.049562477
3357,G17,DR_20221209_143805,1444.0,0.5893111
3358,G17,DR_20221209_143805,1445.0,1.0258309
3359,G17,DR_20221209_143805,1446.0,0.65780157
3360,G17,DR_20221209_143805,1447.0,0.86479235
3361,G17,DR_20221209_143805,1448.0,0.7424046
3362,G17,DR_20221209_143805,1449.0,0.6892381
3363,G18,DR_20221209_143805,1450.0,0.7347136
3364,G18,DR_20221209_143805,1451.0,0.9028483
3365,G18,DR_20221209_143805,1452.0,0.7768217
3366,G18,DR_20221209_143805,1453.0,0.6597727
3367,G18,DR_20221209_143805,1454.0,1.1027517
3368,G18,DR_20221209_143805,1455.0,1.0794438
3369,G18,DR_20221209_143805,1456.0,0.9978393
3370,G18,DR_20221209_143805,1457.0,1.0074127
3371,G18,DR_20221209_143805,1458.0,0.8595714
3372,G19,DR_20221209_143805,1459.0,0.8016784
3373,G19,DR_20221209_143805,1460.0,0.64576375
3374,G19,DR_20221209_143805,1461.0,0.26097155
3375,G19,DR_20221209_143805,1462.0,0.5086751
3376,G19,DR_20221209_143805,1463.0,1.085154
3377,G19,DR_20221209_143805,1464.0,1.0463878
3378,G19,DR_20221209_143805,1465.0,0.94361943
3379,G19,DR_20221209_143805,1466.0,1.0386633
3380,G19,DR_20221209_143805,1467.0,0.7845253
3381,G20,DR_20221209_143805,1468.0,0.9772557
3382,G20,DR_20221209_143805,1469.0,1.0133936
3383,G20,DR_20221209_143805,1470.0,0.5163113
3384,G20,DR_20221209_143805,1471.0,0.5683447
3385,G20,DR_20221209_143805,1472.0,1.1358919
3386,G20,DR_20221209_143805,1473.0,1.1020563
3387,G20,DR_20221209_143805,1474.0,0.97265184
3388,G20,DR_20221209_143805,1475.0,0.8361583
3389,G20,DR_20221209_143805,1476.0,0.9991561
3390,G21,DR_20221209_143805,1477.0,0.99210656
3391,G21,DR_20221209_143805,1478.0,0.71476287
3392,G21,DR_20221209_143805,1479.0,0.76126486
3393,G21,DR_20221209_143805,1480.0,0.4926869
3394,G21,DR_20221209_143805,1481.0,1.1401772
3395,G21,DR_20221209_143805,1482.0,1.0572017
3396,G21,DR_20221209_143805,1483.0,0.8663063
3397,G21,DR_20221209_143805,1484.0,0.5182969
3398,G21,DR_20221209_143805,1485.0,0.8200546
3399,G22,DR_20221209_143805,1486.0,0.5807939
3400,G22,DR_20221209_143805,1487.0,0.8855941
3401,G22,DR_20221209_143805,1488.0,0.5194136
3402,G22,DR_20221209_143805,1489.0,0.8529696
3403,G22,DR_20221209_143805,1490.0,1.064211
3404,G22,DR_20221209_143805,1491.0,1.1446447
3405,G22,DR_20221209_143805,1492.0,0.7453249
3406,G22,DR_20221209_143805,1493.0,0.52558786
3407,G22,DR_20221209_143805,1494.0,0.7604404
3444,H03,DR_20221209_143805,1531.0,1.1050491
3445,H03,DR_20221209_143805,1532.0,0.58947045
3446,H03,DR_20221209_143805,1533.0,0.2581899
3447,H03,DR_20221209_143805,1534.0,0.62461025
3448,H03,DR_20221209_143805,1535.0,1.0854926
3449,H03,DR_20221209_143805,1536.0,1.1289041
3450,H03,DR_20221209_143805,1537.0,1.0306543
3451,H03,DR_20221209_143805,1538.0,1.1604869
3452,H03,DR_20221209_143805,1539.0,0.23730984
3453,H04,DR_20221209_143805,1540.0,1.0084434
3454,H04,DR_20221209_143805,1541.0,0.28504488
3455,H04,DR_20221209_143805,1542.0,0.548151
3456,H04,DR_20221209_143805,1543.0,0.16478148
3457,H04,DR_20221209_143805,1544.0,0.2564816
3458,H04,DR_20221209_143805,1545.0,1.0622555
3459,H04,DR_20221209_143805,1546.0,1.0912039
3460,H04,DR_20221209_143805,1547.0,0.94772017
3461,H04,DR_20221209_143805,1548.0,1.0259255
3462,H05,DR_20221209_143805,1549.0,1.1238753
3463,H05,DR_20221209_143805,1550.0,1.1448561
3464,H05,DR_20221209_143805,1551.0,0.33678427
3465,H05,DR_20221209_143805,1552.0,0.46458176
3466,H05,DR_20221209_143805,1553.0,1.0693275
3467,H05,DR_20221209_143805,1554.0,0.87678087
3468,H05,DR_20221209_143805,1555.0,0.39378217
3469,H05,DR_20221209_143805,1556.0,0.24662371
3470,H05,DR_20221209_143805,1557.0,0.640526
3471,H06,DR_20221209_143805,1558.0,1.1034026
3472,H06,DR_20221209_143805,1559.0,0.777541
3473,H06,DR_20221209_143805,1560.0,0.6197141
3474,H06,DR_20221209_143805,1561.0,0.8946116
3475,H06,DR_20221209_143805,1562.0,1.0984977
3476,H06,DR_20221209_143805,1563.0,1.0914071
3477,H06,DR_20221209_143805,1564.0,0.53694814
3478,H06,DR_20221209_143805,1565.0,1.1933115
3479,H06,DR_20221209_143805,1566.0,0.8768314
3480,H07,DR_20221209_143805,1567.0,0.72445154
3481,H07,DR_20221209_143805,1568.0,0.80088276
3482,H07,DR_20221209_143805,1569.0,0.8009155
3483,H07,DR_20221209_143805,1570.0,1.0093269
3484,H07,DR_20221209_143805,1571.0,1.052714
3485,H07,DR_20221209_143805,1572.0,1.0719626
3486,H07,DR_20221209_143805,1573.0,0.92423606
3487,H07,DR_20221209_143805,1574.0,1.0473294
3488,H07,DR_20221209_143805,1575.0,0.9268871
3489,H08,DR_20221209_143805,1576.0,0.50271165
3490,H08,DR_20221209_143805,1577.0,0.33605936
3491,H08,DR_20221209_143805,1578.0,0.89116144
3492,H08,DR_20221209_143805,1579.0,0.67422193
3493,H08,DR_20221209_143805,1580.0,1.0934258
3494,H08,DR_20221209_143805,1581.0,1.1158835
3495,H08,DR_20221209_143805,1582.0,0.941906
3496,H08,DR_20221209_143805,1583.0,1.0339682
3497,H08,DR_20221209_143805,1584.0,0.716681
3498,H09,DR_20221209_143805,1585.0,1.0688459
3499,H09,DR_20221209_143805,1586.0,0.9431638
3500,H09,DR_20221209_143805,1587.0,0.5215634
3501,H09,DR_20221209_143805,1588.0,0.8131437
3502,H09,DR_20221209_143805,1589.0,0.6891499
3503,H09,DR_20221209_143805,1590.0,1.0614092
3504,H09,DR_20221209_143805,1591.0,0.2529239
3505,H09,DR_20221209_143805,1592.0,0.9253034
3506,H09,DR_20221209_143805,1593.0,0.71803474
3507,H10,DR_20221209_143805,1594.0,0.23849337
3508,H10,DR_20221209_143805,1595.0,1.1289718
3509,H10,DR_20221209_143805,1596.0,0.36267
3510,H10,DR_20221209_143805,1597.0,1.0878159
3511,H10,DR_20221209_143805,1598.0,1.102455
3512,H10,DR_20221209_143805,1599.0,1.1164575
3513,H10,DR_20221209_143805,1600.0,0.56989235
3514,H10,DR_20221209_143805,1601.0,1.0159982
3515,H10,DR_20221209_143805,1602.0,1.0143847
3516,H11,DR_20221209_143805,1603.0,0.7735344
3517,H11,DR_20221209_143805,1604.0,0.86042297
3518,H11,DR_20221209_143805,1605.0,0.6037462
3519,H11,DR_20221209_143805,1606.0,0.7809538
3520,H11,DR_20221209_143805,1607.0,0.98687285
3521,H11,DR_20221209_143805,1608.0,0.90580523
3522,H11,DR_20221209_143805,1609.0,0.79034907
3523,H11,DR_20221209_143805,1610.0,0.6499577
3524,H11,DR_20221209_143805,1611.0,0.29014826
3525,H12,DR_20221209_143805,1612.0,0.55476934
3526,H12,DR_20221209_143805,1613.0,0.8284334
3527,H12,DR_20221209_143805,1614.0,0.69743496
3528,H12,DR_20221209_143805,1615.0,0.72441185
3529,H12,DR_20221209_143805,1616.0,0.5496961
3530,H12,DR_20221209_143805,1617.0,0.7569593
3531,H12,DR_20221209_143805,1618.0,0.3755465
3532,H12,DR_20221209_143805,1619.0,0.56099313
3533,H12,DR_20221209_143805,1620.0,0.53125715
3534,H13,DR_20221209_143805,1621.0,0.6529695
3535,H13,DR_20221209_143805,1622.0,1.0288903
3536,H13,DR_20221209_143805,1623.0,0.6524514
3537,H13,DR_20221209_143805,1624.0,0.89796406
3538,H13,DR_20221209_143805,1625.0,1.1430917
3539,H13,DR_20221209_143805,1626.0,0.7584268
3540,H13,DR_20221209_143805,1627.0,0.5050791
3541,H13,DR_20221209_143805,1628.0,0.9135994
3542,H13,DR_20221209_143805,1629.0,0.8564314
3543,H14,DR_20221209_143805,1630.0,0.6637246
3544,H14,DR_20221209_143805,1631.0,0.8777496
3545,H14,DR_20221209_143805,1632.0,0.49625424
3546,H14,DR_20221209_143805,1633.0,0.80435103
3547,H14,DR_20221209_143805,1634.0,0.9902486
3548,H14,DR_20221209_143805,1635.0,0.51171225
3549,H14,DR_20221209_143805,1636.0,0.66465497
3550,H14,DR_20221209_143805,1637.0,0.4622181
3551,H14,DR_20221209_143805,1638.0,0.71617466
3552,H15,DR_20221209_143805,1639.0,0.5791602
3553,H15,DR_20221209_143805,1640.0,0.6241372
3554,H15,DR_20221209_143805,1641.0,0.7434331
3555,H15,DR_20221209_143805,1642.0,0.66626906
3556,H15,DR_20221209_143805,1643.0,0.73984325
3557,H15,DR_20221209_143805,1644.0,1.02102
3558,H15,DR_20221209_143805,1645.0,0.55547905
3559,H15,DR_20221209_143805,1646.0,0.8142434
3560,H15,DR_20221209_143805,1647.0,0.8213634
3561,H16,DR_20221209_143805,1648.0,0.80514425
3562,H16,DR_20221209_143805,1649.0,1.0425853
3563,H16,DR_20221209_143805,1650.0,0.26086533
3564,H16,DR_20221209_143805,1651.0,0.8808528
3565,H16,DR_20221209_143805,1652.0,0.6834765
3566,H16,DR_20221209_143805,1653.0,0.6824789
3567,H16,DR_20221209_143805,1654.0,0.6000667
3568,H16,DR_20221209_143805,1655.0,0.35081512
3569,H16,DR_20221209_143805,1656.0,0.59066194
3570,H17,DR_20221209_143805,1657.0,0.6275486
3571,H17,DR_20221209_143805,1658.0,0.62593764
3572,H17,DR_20221209_143805,1659.0,0.6250325
3573,H17,DR_20221209_143805,1660.0,0.8907581
3574,H17,DR_20221209_143805,1661.0,1.0477518
3575,H17,DR_20221209_143805,1662.0,1.0464264
3576,H17,DR_20221209_143805,1663.0,0.65089166
3577,H17,DR_20221209_143805,1664.0,0.7342265
3578,H17,DR_20221209_143805,1665.0,0.5274266
3579,H18,DR_20221209_143805,1666.0,0.8882374
3580,H18,DR_20221209_143805,1667.0,0.4565247
3581,H18,DR_20221209_143805,1668.0,0.35961652
3582,H18,DR_20221209_143805,1669.0,0.70547354
3583,H18,DR_20221209_143805,1670.0,1.0916566
3584,H18,DR_20221209_143805,1671.0,1.037768
3585,H18,DR_20221209_143805,1672.0,0.96232665
3586,H18,DR_20221209_143805,1673.0,0.98010904
3587,H18,DR_20221209_143805,1674.0,0.62564385
3588,H19,DR_20221209_143805,1675.0,0.8141734
3589,H19,DR_20221209_143805,1676.0,0.69958967
3590,H19,DR_20221209_143805,1677.0,0.83957076
3591,H19,DR_20221209_143805,1678.0,0.7334616
3592,H19,DR_20221209_143805,1679.0,1.0973176
3593,H19,DR_20221209_143805,1680.0,1.1080624
3594,H19,DR_20221209_143805,1681.0,0.8559025
3595,H19,DR_20221209_143805,1682.0,0.6875476
3596,H19,DR_20221209_143805,1683.0,0.76421285
3597,H20,DR_20221209_143805,1684.0,0.5244145
3598,H20,DR_20221209_143805,1685.0,0.76007146
3599,H20,DR_20221209_143805,1686.0,0.4588762
3600,H20,DR_20221209_143805,1687.0,0.9137601
3601,H20,DR_20221209_143805,1688.0,1.1029402
3602,H20,DR_20221209_143805,1689.0,1.0713922
3603,H20,DR_20221209_143805,1690.0,0.85170734
3604,H20,DR_20221209_143805,1691.0,1.1188061
3605,H20,DR_20221209_143805,1692.0,0.88234735
3606,H21,DR_20221209_143805,1693.0,0.7100615
3607,H21,DR_20221209_143805,1694.0,0.5460629
3608,H21,DR_20221209_143805,1695.0,0.71276623
3609,H21,DR_20221209_143805,1696.0,0.839288
3610,H21,DR_20221209_143805,1697.0,0.67499065
3611,H21,DR_20221209_143805,1698.0,0.7405723
3612,H21,DR_20221209_143805,1699.0,0.8361724
3613,H21,DR_20221209_143805,1700.0,1.0191983
3614,H21,DR_20221209_143805,1701.0,0.28229448
3615,H22,DR_20221209_143805,1702.0,0.9872629
3616,H22,DR_20221209_143805,1703.0,0.67005795
3617,H22,DR_20221209_143805,1704.0,0.45286125
3618,H22,DR_20221209_143805,1705.0,0.7709202
3619,H22,DR_20221209_143805,1706.0,0.5312456
3620,H22,DR_20221209_143805,1707.0,0.88933855
3621,H22,DR_20221209_143805,1708.0,0.44815493
3622,H22,DR_20221209_143805,1709.0,0.5975789
3623,H22,DR_20221209_143805,1710.0,0.75344634
3660,I03,DR_20221209_143805,1747.0,0.98547673
3661,I03,DR_20221209_143805,1748.0,1.0050365
3662,I03,DR_20221209_143805,1749.0,0.5255934
3663,I03,DR_20221209_143805,1750.0,0.8384172
3664,I03,DR_20221209_143805,1751.0,0.6675248
3665,I03,DR_20221209_143805,1752.0,1.0403208
3666,I03,DR_20221209_143805,1753.0,0.97627854
3667,I03,DR_20221209_143805,1754.0,0.79376656
3668,I03,DR_20221209_143805,1755.0,0.53211266
3669,I04,DR_20221209_143805,1756.0,1.0902798
3670,I04,DR_20221209_143805,1757.0,0.23144309
3671,I04,DR_20221209_143805,1758.0,0.44864142
3672,I04,DR_20221209_143805,1759.0,0.52622116
3673,I04,DR_20221209_143805,1760.0,1.0709965
3674,I04,DR_20221209_143805,1761.0,1.0744128
3675,I04,DR_20221209_143805,1762.0,1.0756365
3676,I04,DR_20221209_143805,1763.0,1.172861
3677,I04,DR_20221209_143805,1764.0,0.7384628
3678,I05,DR_20221209_143805,1765.0,1.1239327
3679,I05,DR_20221209_143805,1766.0,1.1102196
3680,I05,DR_20221209_143805,1767.0,0.5824546
3681,I05,DR_20221209_143805,1768.0,0.9829272
3682,I05,DR_20221209_143805,1769.0,1.0789744
3683,I05,DR_20221209_143805,1770.0,1.0950869
3684,I05,DR_20221209_143805,1771.0,0.6791879
3685,I05,DR_20221209_143805,1772.0,0.46484342
3686,I05,DR_20221209_143805,1773.0,0.43795693
3687,I06,DR_20221209_143805,1774.0,1.0856354
3688,I06,DR_20221209_143805,1775.0,0.6514191
3689,I06,DR_20221209_143805,1776.0,0.17159738
3690,I06,DR_20221209_143805,1777.0,0.2383469
3691,I06,DR_20221209_143805,1778.0,1.0832355
3692,I06,DR_20221209_143805,1779.0,1.0747466
3693,I06,DR_20221209_143805,1780.0,0.9901725
3694,I06,DR_20221209_143805,1781.0,0.583178
3695,I06,DR_20221209_143805,1782.0,0.6881121
3696,I07,DR_20221209_143805,1783.0,0.47410032
3697,I07,DR_20221209_143805,1784.0,1.0623857
3698,I07,DR_20221209_143805,1785.0,0.8716385
3699,I07,DR_20221209_143805,1786.0,0.9100075
3700,I07,DR_20221209_143805,1787.0,1.0701553
3701,I07,DR_20221209_143805,1788.0,0.9814171
3702,I07,DR_20221209_143805,1789.0,1.0065941
3703,I07,DR_20221209_143805,1790.0,1.0422456
3704,I07,DR_20221209_143805,1791.0,0.6819681
3705,I08,DR_20221209_143805,1792.0,0.69785273
3706,I08,DR_20221209_143805,1793.0,0.7359855
3707,I08,DR_20221209_143805,1794.0,0.70010895
3708,I08,DR_20221209_143805,1795.0,0.68380845
3709,I08,DR_20221209_143805,1796.0,1.0877699
3710,I08,DR_20221209_143805,1797.0,1.0785728
3711,I08,DR_20221209_143805,1798.0,0.53684
3712,I08,DR_20221209_143805,1799.0,0.5595972
3713,I08,DR_20221209_143805,1800.0,0.97505957
3714,I09,DR_20221209_143805,1801.0,1.1043351
3715,I09,DR_20221209_143805,1802.0,0.62006146
3716,I09,DR_20221209_143805,1803.0,0.8164225
3717,I09,DR_20221209_143805,1804.0,0.95439196
3718,I09,DR_20221209_143805,1805.0,1.0412295
3719,I09,DR_20221209_143805,1806.0,1.0274197
3720,I09,DR_20221209_143805,1807.0,1.0558993
3721,I09,DR_20221209_143805,1808.0,0.75413436
3722,I09,DR_20221209_143805,1809.0,0.63483226
3723,I10,DR_20221209_143805,1810.0,0.3439017
3724,I10,DR_20221209_143805,1811.0,1.1111871
3725,I10,DR_20221209_143805,1812.0,1.0873021
3726,I10,DR_20221209_143805,1813.0,1.0541494
3727,I10,DR_20221209_143805,1814.0,1.1027715
3728,I10,DR_20221209_143805,1815.0,1.0857319
3729,I10,DR_20221209_143805,1816.0,1.1089
3730,I10,DR_20221209_143805,1817.0,1.1167088
3731,I10,DR_20221209_143805,1818.0,0.9520808
3732,I11,DR_20221209_143805,1819.0,1.1303147
3733,I11,DR_20221209_143805,1820.0,1.0915377
3734,I11,DR_20221209_143805,1821.0,0.7937079
3735,I11,DR_20221209_143805,1822.0,0.6615851
3736,I11,DR_20221209_143805,1823.0,1.1155466
3737,I11,DR_20221209_143805,1824.0,0.5863922
3738,I11,DR_20221209_143805,1825.0,0.24376574
3739,I11,DR_20221209_143805,1826.0,1.1055657
3740,I11,DR_20221209_143805,1827.0,0.774439
3741,I12,DR_20221209_143805,1828.0,0.93699104
3742,I12,DR_20221209_143805,1829.0,1.0290425
3743,I12,DR_20221209_143805,1830.0,0.8194578
3744,I12,DR_20221209_143805,1831.0,0.6703118
3745,I12,DR_20221209_143805,1832.0,1.0945544
3746,I12,DR_20221209_143805,1833.0,0.4230354
3747,I12,DR_20221209_143805,1834.0,0.950553
3748,I12,DR_20221209_143805,1835.0,0.8042688
3749,I12,DR_20221209_143805,1836.0,0.83406246
3750,I13,DR_20221209_143805,1837.0,1.144589
3751,I13,DR_20221209_143805,1838.0,0.7062374
3752,I13,DR_20221209_143805,1839.0,0.68245
3753,I13,DR_20221209_143805,1840.0,0.69509614
3754,I13,DR_20221209_143805,1841.0,0.6227853
3755,I13,DR_20221209_143805,1842.0,0.8312397
3756,I13,DR_20221209_143805,1843.0,0.6836307
3757,I13,DR_20221209_143805,1844.0,0.7271567
3758,I13,DR_20221209_143805,1845.0,0.41774508
3759,I14,DR_20221209_143805,1846.0,0.89313054
3760,I14,DR_20221209_143805,1847.0,0.6376434
3761,I14,DR_20221209_143805,1848.0,0.31165907
3762,I14,DR_20221209_143805,1849.0,0.59427464
3763,I14,DR_20221209_143805,1850.0,0.6506529
3764,I14,DR_20221209_143805,1851.0,1.0050766
3765,I14,DR_20221209_143805,1852.0,0.6968715
3766,I14,DR_20221209_143805,1853.0,0.53134453
3767,I14,DR_20221209_143805,1854.0,0.8915026
3768,I15,DR_20221209_143805,1855.0,0.7566979
3769,I15,DR_20221209_143805,1856.0,0.56145275
3770,I15,DR_20221209_143805,1857.0,0.6233064
3771,I15,DR_20221209_143805,1858.0,0.6608753
3772,I15,DR_20221209_143805,1859.0,0.44437942
3773,I15,DR_20221209_143805,1860.0,0.7087906
3774,I15,DR_20221209_143805,1861.0,0.87271273
3775,I15,DR_20221209_143805,1862.0,0.6901671
3776,I15,DR_20221209_143805,1863.0,0.80401874
3777,I16,DR_20221209_143805,1864.0,0.6046748
3778,I16,DR_20221209_143805,1865.0,0.61742365
3779,I16,DR_20221209_143805,1866.0,0.423155
3780,I16,DR_20221209_143805,1867.0,0.8101981
3781,I16,DR_20221209_143805,1868.0,0.9919843
3782,I16,DR_20221209_143805,1869.0,0.95816994
3783,I16,DR_20221209_143805,1870.0,0.2963965
3784,I16,DR_20221209_143805,1871.0,0.46362334
3785,I16,DR_20221209_143805,1872.0,0.5030942
3786,I17,DR_20221209_143805,1873.0,0.92584544
3787,I17,DR_20221209_143805,1874.0,0.86880577
3788,I17,DR_20221209_143805,1875.0,0.32533598
3789,I17,DR_20221209_143805,1876.0,0.8654883
3790,I17,DR_20221209_143805,1877.0,1.0960988
3791,I17,DR_20221209_143805,1878.0,1.0522367
3792,I17,DR_20221209_143805,1879.0,0.87429774
3793,I17,DR_20221209_143805,1880.0,0.2906777
3794,I17,DR_20221209_143805,1881.0,0.7396495
3795,I18,DR_20221209_143805,1882.0,0.6689689
3796,I18,DR_20221209_143805,1883.0,0.33412004
3797,I18,DR_20221209_143805,1884.0,0.91322994
3798,I18,DR_20221209_143805,1885.0,0.8405225
3799,I18,DR_20221209_143805,1886.0,0.98223
3800,I18,DR_20221209_143805,1887.0,0.8254217
3801,I18,DR_20221209_143805,1888.0,0.78737336
3802,I18,DR_20221209_143805,1889.0,1.0980979
3803,I18,DR_20221209_143805,1890.0,0.8892535
3804,I19,DR_20221209_143805,1891.0,0.9005136
3805,I19,DR_20221209_143805,1892.0,0.8309208
3806,I19,DR_20221209_143805,1893.0,0.6246172
3807,I19,DR_20221209_143805,1894.0,0.82534796
3808,I19,DR_20221209_143805,1895.0,0.7654426
3809,I19,DR_20221209_143805,1896.0,0.57277125
3810,I19,DR_20221209_143805,1897.0,0.9104803
3811,I19,DR_20221209_143805,1898.0,0.58365697
3812,I19,DR_20221209_143805,1899.0,0.7897605
3813,I20,DR_20221209_143805,1900.0,0.7552721
3814,I20,DR_20221209_143805,1901.0,0.80851007
3815,I20,DR_20221209_143805,1902.0,0.7785046
3816,I20,DR_20221209_143805,1903.0,0.84028697
3817,I20,DR_20221209_143805,1904.0,1.1096812
3818,I20,DR_20221209_143805,1905.0,1.046884
3819,I20,DR_20221209_143805,1906.0,0.9402064
3820,I20,DR_20221209_143805,1907.0,1.0685073
3821,I20,DR_20221209_143805,1908.0,0.49033523
3822,I21,DR_20221209_143805,1909.0,0.8882406
3823,I21,DR_20221209_143805,1910.0,0.729721
3824,I21,DR_20221209_143805,1911.0,0.49426684
3825,I21,DR_20221209_143805,1912.0,0.9963133
3826,I21,DR_20221209_143805,1913.0,1.0661747
3827,I21,DR_20221209_143805,1914.0,0.5983408
3828,I21,DR_20221209_143805,1915.0,0.8493079
3829,I21,DR_20221209_143805,1916.0,0.706477
3830,I21,DR_20221209_143805,1917.0,0.47587815
3831,I22,DR_20221209_143805,1918.0,0.36615574
3832,I22,DR_20221209_143805,1919.0,0.7030023
3833,I22,DR_20221209_143805,1920.0,0.6287174
3834,I22,DR_20221209_143805,1921.0,0.74164575
3835,I22,DR_20221209_143805,1922.0,0.432142
3836,I22,DR_20221209_143805,1923.0,0.45362547
3837,I22,DR_20221209_143805,1924.0,0.59697515
3838,I22,DR_20221209_143805,1925.0,0.6788748
3839,I22,DR_20221209_143805,1926.0,0.6695693
3876,J03,DR_20221209_143805,1963.0,0.88367724
3877,J03,DR_20221209_143805,1964.0,0.8415943
3878,J03,DR_20221209_143805,1965.0,0.88407105
3879,J03,DR_20221209_143805,1966.0,0.84299725
3880,J03,DR_20221209_143805,1967.0,0.057609256
3881,J03,DR_20221209_143805,1968.0,0.8848143
3882,J03,DR_20221209_143805,1969.0,0.75062656
3883,J03,DR_20221209_143805,1970.0,0.8581238
3884,J04,DR_20221209_143805,1971.0,0.26320437
3885,J04,DR_20221209_143805,1972.0,0.60649085
3886,J04,DR_20221209_143805,1973.0,0.2375481
3887,J04,DR_20221209_143805,1974.0,0.54898715
3888,J04,DR_20221209_143805,1975.0,1.1170526
3889,J04,DR_20221209_143805,1976.0,1.1907634
3890,J04,DR_20221209_143805,1977.0,0.98868906
3891,J04,DR_20221209_143805,1978.0,0.61257327
3892,J04,DR_20221209_143805,1979.0,0.65001374
3893,J05,DR_20221209_143805,1980.0,1.0731579
3894,J05,DR_20221209_143805,1981.0,1.0886322
3895,J05,DR_20221209_143805,1982.0,1.0446993
3896,J05,DR_20221209_143805,1983.0,0.97190416
3897,J05,DR_20221209_143805,1984.0,1.112386
3898,J05,DR_20221209_143805,1985.0,1.1931043
3899,J05,DR_20221209_143805,1986.0,0.96299106
3900,J05,DR_20221209_143805,1987.0,1.0334215
3901,J05,DR_20221209_143805,1988.0,0.89438975
3902,J06,DR_20221209_143805,1989.0,1.1006429
3903,J06,DR_20221209_143805,1990.0,0.25141892
3904,J06,DR_20221209_143805,1991.0,0.7197748
3905,J06,DR_20221209_143805,1992.0,0.874524
3906,J06,DR_20221209_143805,1993.0,1.1190652
3907,J06,DR_20221209_143805,1994.0,1.0824312
3908,J06,DR_20221209_143805,1995.0,0.92030257
3909,J06,DR_20221209_143805,1996.0,1.0059605
3910,J06,DR_20221209_143805,1997.0,0.72579455
3911,J07,DR_20221209_143805,1998.0,0.91108924
3912,J07,DR_20221209_143805,1999.0,0.8154401
3913,J07,DR_20221209_143805,2000.0,0.63702923
3914,J07,DR_20221209_143805,2001.0,0.5580726
3915,J07,DR_20221209_143805,2002.0,1.0603982
3916,J07,DR_20221209_143805,2003.0,0.9766513
3917,J07,DR_20221209_143805,2004.0,1.1646996
3918,J07,DR_20221209_143805,2005.0,1.0398409
3919,J07,DR_20221209_143805,2006.0,0.64965284
3920,J08,DR_20221209_143805,2007.0,0.5899556
3921,J08,DR_20221209_143805,2008.0,0.98110527
3922,J08,DR_20221209_143805,2009.0,0.93742824
3923,J08,DR_20221209_143805,2010.0,0.33893836
3924,J08,DR_20221209_143805,2011.0,1.1752027
3925,J08,DR_20221209_143805,2012.0,1.0390263
3926,J08,DR_20221209_143805,2013.0,0.30736822
3927,J08,DR_20221209_143805,2014.0,1.1369053
3928,J08,DR_20221209_143805,2015.0,0.75961095
3929,J09,DR_20221209_143805,2016.0,1.0610489
3930,J09,DR_20221209_143805,2017.0,0.689485
3931,J09,DR_20221209_143805,2018.0,0.7785314
3932,J09,DR_20221209_143805,2019.0,0.67209536
3933,J09,DR_20221209_143805,2020.0,0.4184599
3934,J09,DR_20221209_143805,2021.0,1.1652395
3935,J09,DR_20221209_143805,2022.0,1.0046619
3936,J09,DR_20221209_143805,2023.0,1.0332427
3937,J09,DR_20221209_143805,2024.0,0.8086801
3938,J10,DR_20221209_143805,2025.0,0.7835652
3939,J10,DR_20221209_143805,2026.0,0.6571183
3940,J10,DR_20221209_143805,2027.0,0.72991705
3941,J10,DR_20221209_143805,2028.0,1.0008047
3942,J10,DR_20221209_143805,2029.0,1.105705
3943,J10,DR_20221209_143805,2030.0,1.1336193
3944,J10,DR_20221209_143805,2031.0,1.0437893
3945,J10,DR_20221209_143805,2032.0,1.0788934
3946,J10,DR_20221209_143805,2033.0,0.26546833
3947,J11,DR_20221209_143805,2034.0,0.6735301
3948,J11,DR_20221209_143805,2035.0,1.0131062
3949,J11,DR_20221209_143805,2036.0,0.38850227
3950,J11,DR_20221209_143805,2037.0,0.7758746
3951,J11,DR_20221209_143805,2038.0,1.0481789
3952,J11,DR_20221209_143805,2039.0,0.520846
3953,J11,DR_20221209_143805,2040.0,0.9192163
3954,J11,DR_20221209_143805,2041.0,0.8780101
3955,J11,DR_20221209_143805,2042.0,0.3263399
3956,J12,DR_20221209_143805,2043.0,1.133661
3957,J12,DR_20221209_143805,2044.0,0.9767178
3958,J12,DR_20221209_143805,2045.0,0.9438861
3959,J12,DR_20221209_143805,2046.0,0.9786018
3960,J12,DR_20221209_143805,2047.0,1.1377475
3961,J12,DR_20221209_143805,2048.0,0.6473517
3962,J12,DR_20221209_143805,2049.0,0.5239166
3963,J12,DR_20221209_143805,2050.0,0.87646246
3964,J12,DR_20221209_143805,2051.0,0.57994264
3965,J13,DR_20221209_143805,2052.0,0.5162244
3966,J13,DR_20221209_143805,2053.0,0.8076845
3967,J13,DR_20221209_143805,2054.0,0.75562686
3968,J13,DR_20221209_143805,2055.0,0.67885035
3969,J13,DR_20221209_143805,2056.0,0.67712104
3970,J13,DR_20221209_143805,2057.0,0.4662614
3971,J13,DR_20221209_143805,2058.0,1.0617131
3972,J13,DR_20221209_143805,2059.0,0.5306668
3973,J13,DR_20221209_143805,2060.0,0.73121184
3974,J14,DR_20221209_143805,2061.0,0.7857278
3975,J14,DR_20221209_143805,2062.0,0.36571467
3976,J14,DR_20221209_143805,2063.0,0.46916488
3977,J14,DR_20221209_143805,2064.0,0.5773391
3978,J14,DR_20221209_143805,2065.0,0.77599496
3979,J14,DR_20221209_143805,2066.0,0.8613497
3980,J14,DR_20221209_143805,2067.0,0.97559303
3981,J14,DR_20221209_143805,2068.0,0.5401164
3982,J14,DR_20221209_143805,2069.0,0.73512465
3983,J15,DR_20221209_143805,2070.0,0.7605462
3984,J15,DR_20221209_143805,2071.0,0.5695299
3985,J15,DR_20221209_143805,2072.0,0.3837248
3986,J15,DR_20221209_143805,2073.0,0.6533044
3987,J15,DR_20221209_143805,2074.0,0.79615676
3988,J15,DR_20221209_143805,2075.0,0.4021407
3989,J15,DR_20221209_143805,2076.0,0.92114395
3990,J15,DR_20221209_143805,2077.0,0.24123561
3991,J15,DR_20221209_143805,2078.0,0.5518585
3992,J16,DR_20221209_143805,2079.0,0.7037173
3993,J16,DR_20221209_143805,2080.0,0.6631635
3994,J16,DR_20221209_143805,2081.0,0.2635187
3995,J16,DR_20221209_143805,2082.0,0.631921
3996,J16,DR_20221209_143805,2083.0,0.61421376
3997,J16,DR_20221209_143805,2084.0,0.7038136
3998,J16,DR_20221209_143805,2085.0,0.8927383
3999,J16,DR_20221209_143805,2086.0,0.6620454
4000,J16,DR_20221209_143805,2087.0,0.86030316
4001,J17,DR_20221209_143805,2088.0,0.56326807
4002,J17,DR_20221209_143805,2089.0,0.8836624
4003,J17,DR_20221209_143805,2090.0,0.7140394
4004,J17,DR_20221209_143805,2091.0,0.5464421
4005,J17,DR_20221209_143805,2092.0,0.68554467
4006,J17,DR_20221209_143805,2093.0,1.1233433
4007,J17,DR_20221209_143805,2094.0,1.0770448
4008,J17,DR_20221209_143805,2095.0,1.0430533
4009,J17,DR_20221209_143805,2096.0,0.5239307
4010,J18,DR_20221209_143805,2097.0,0.8429097
4011,J18,DR_20221209_143805,2098.0,0.8452427
4012,J18,DR_20221209_143805,2099.0,0.90875405
4013,J18,DR_20221209_143805,2100.0,0.8508005
4014,J18,DR_20221209_143805,2101.0,1.0257181
4015,J18,DR_20221209_143805,2102.0,1.0495565
4016,J18,DR_20221209_143805,2103.0,0.57717144
4017,J18,DR_20221209_143805,2104.0,1.0110295
4018,J18,DR_20221209_143805,2105.0,0.6576084
4019,J19,DR_20221209_143805,2106.0,0.76295173
4020,J19,DR_20221209_143805,2107.0,0.46298602
4021,J19,DR_20221209_143805,2108.0,0.32180965
4022,J19,DR_20221209_143805,2109.0,0.75325644
4023,J19,DR_20221209_143805,2110.0,1.0416104
4024,J19,DR_20221209_143805,2111.0,1.085498
4025,J19,DR_20221209_143805,2112.0,1.0034038
4026,J19,DR_20221209_143805,2113.0,0.64470524
4027,J19,DR_20221209_143805,2114.0,0.68936896
4028,J20,DR_20221209_143805,2115.0,0.6826568
4029,J20,DR_20221209_143805,2116.0,0.50454146
4030,J20,DR_20221209_143805,2117.0,1.0643198
4031,J20,DR_20221209_143805,2118.0,0.6183524
4032,J20,DR_20221209_143805,2119.0,1.1260253
4033,J20,DR_20221209_143805,2120.0,1.1290497
4034,J20,DR_20221209_143805,2121.0,0.8954052
4035,J20,DR_20221209_143805,2122.0,1.0849758
4036,J20,DR_20221209_143805,2123.0,0.65939176
4037,J21,DR_20221209_143805,2124.0,1.0030923
4038,J21,DR_20221209_143805,2125.0,0.6069947
4039,J21,DR_20221209_143805,2126.0,0.35081917
4040,J21,DR_20221209_143805,2127.0,0.83495086
4041,J21,DR_20221209_143805,2128.0,1.0796509
4042,J21,DR_20221209_143805,2129.0,1.1492196
4043,J21,DR_20221209_143805,2130.0,0.679625
4044,J21,DR_20221209_143805,2131.0,0.42433572
4045,J21,DR_20221209_143805,2132.0,0.39248845
4046,J22,DR_20221209_143805,2133.0,-0.033568192
4047,J22,DR_20221209_143805,2134.0,0.65782434
4048,J22,DR_20221209_143805,2135.0,0.73000216
4049,J22,DR_20221209_143805,2136.0,0.80876434
4050,J22,DR_20221209_143805,2137.0,0.9034255
4051,J22,DR_20221209_143805,2138.0,0.83522224
4052,J22,DR_20221209_143805,2139.0,0.92825985
4053,J22,DR_20221209_143805,2140.0,0.89376426
4054,J22,DR_20221209_143805,2141.0,0.19515109
4091,K04,DR_20221209_143805,2187.0,1.0607172
4092,K04,DR_20221209_143805,2188.0,0.34272766
4093,K04,DR_20221209_143805,2189.0,0.38879445
4094,K04,DR_20221209_143805,2190.0,0.8885817
4095,K04,DR_20221209_143805,2191.0,0.8823261
4096,K04,DR_20221209_143805,2192.0,1.1175803
4097,K04,DR_20221209_143805,2193.0,0.22698852
4098,K04,DR_20221209_143805,2194.0,0.27470815
4099,K04,DR_20221209_143805,2195.0,0.4121586
4100,K05,DR_20221209_143805,2196.0,1.1525679
4101,K05,DR_20221209_143805,2197.0,1.0824031
4102,K05,DR_20221209_143805,2198.0,0.75954777
4103,K05,DR_20221209_143805,2199.0,0.8052202
4104,K05,DR_20221209_143805,2200.0,1.0958353
4105,K05,DR_20221209_143805,2201.0,1.0058972
4106,K05,DR_20221209_143805,2202.0,0.9732054
4107,K05,DR_20221209_143805,2203.0,0.7120411
4108,K05,DR_20221209_143805,2204.0,0.21947858
4109,K06,DR_20221209_143805,2205.0,1.0644599
4110,K06,DR_20221209_143805,2206.0,0.6143551
4111,K06,DR_20221209_143805,2207.0,0.6378102
4112,K06,DR_20221209_143805,2208.0,0.5945515
4113,K06,DR_20221209_143805,2209.0,1.0897211
4114,K06,DR_20221209_143805,2210.0,1.0873457
4115,K06,DR_20221209_143805,2211.0,1.0286182
4116,K06,DR_20221209_143805,2212.0,0.58502215
4117,K06,DR_20221209_143805,2213.0,0.7832165
4118,K07,DR_20221209_143805,2214.0,0.72914606
4119,K07,DR_20221209_143805,2215.0,0.392794
4120,K07,DR_20221209_143805,2216.0,0.6014975
4121,K07,DR_20221209_143805,2217.0,0.7905321
4122,K07,DR_20221209_143805,2218.0,1.1367946
4123,K07,DR_20221209_143805,2219.0,1.0130904
4124,K07,DR_20221209_143805,2220.0,0.4546167
4125,K07,DR_20221209_143805,2221.0,1.1213409
4126,K07,DR_20221209_143805,2222.0,0.61893696
4127,K08,DR_20221209_143805,2223.0,0.29415286
4128,K08,DR_20221209_143805,2224.0,0.93491894
4129,K08,DR_20221209_143805,2225.0,0.74130803
4130,K08,DR_20221209_143805,2226.0,0.58731097
4131,K08,DR_20221209_143805,2227.0,1.0360938
4132,K08,DR_20221209_143805,2228.0,0.56176543
4133,K08,DR_20221209_143805,2229.0,1.0135223
4134,K08,DR_20221209_143805,2230.0,0.9792147
4135,K08,DR_20221209_143805,2231.0,0.4601968
4136,K09,DR_20221209_143805,2232.0,1.0918486
4137,K09,DR_20221209_143805,2233.0,1.1327356
4138,K09,DR_20221209_143805,2234.0,0.5262659
4139,K09,DR_20221209_143805,2235.0,0.66029584
4140,K09,DR_20221209_143805,2236.0,0.40005013
4141,K09,DR_20221209_143805,2237.0,1.0777555
4142,K09,DR_20221209_143805,2238.0,0.56289613
4143,K09,DR_20221209_143805,2239.0,0.76611817
4144,K09,DR_20221209_143805,2240.0,0.7093565
4145,K10,DR_20221209_143805,2241.0,0.67291915
4146,K10,DR_20221209_143805,2242.0,1.0599848
4147,K10,DR_20221209_143805,2243.0,0.6020646
4148,K10,DR_20221209_143805,2244.0,0.50158477
4149,K10,DR_20221209_143805,2245.0,0.83190554
4150,K10,DR_20221209_143805,2246.0,1.1155622
4151,K10,DR_20221209_143805,2247.0,0.9380215
4152,K10,DR_20221209_143805,2248.0,1.1155733
4153,K10,DR_20221209_143805,2249.0,0.303332
4154,K11,DR_20221209_143805,2250.0,1.0210048
4155,K11,DR_20221209_143805,2251.0,0.8623911
4156,K11,DR_20221209_143805,2252.0,0.51415324
4157,K11,DR_20221209_143805,2253.0,0.7745577
4158,K11,DR_20221209_143805,2254.0,0.4121672
4159,K11,DR_20221209_143805,2255.0,0.5767106
4160,K11,DR_20221209_143805,2256.0,0.21834198
4161,K11,DR_20221209_143805,2257.0,0.6713773
4162,K11,DR_20221209_143805,2258.0,0.75838107
4163,K12,DR_20221209_143805,2259.0,0.640911
4164,K12,DR_20221209_143805,2260.0,1.1036147
4165,K12,DR_20221209_143805,2261.0,0.62782204
4166,K12,DR_20221209_143805,2262.0,0.582382
4167,K12,DR_20221209_143805,2263.0,0.50802726
4168,K12,DR_20221209_143805,2264.0,1.0578982
4169,K12,DR_20221209_143805,2265.0,1.1018938
4170,K12,DR_20221209_143805,2266.0,0.7989555
4171,K12,DR_20221209_143805,2267.0,0.72243196
4172,K14,DR_20221209_143805,2277.0,0.7124009
4173,K14,DR_20221209_143805,2278.0,0.61547804
4174,K14,DR_20221209_143805,2279.0,0.7870034
4175,K14,DR_20221209_143805,2280.0,0.45984006
4176,K14,DR_20221209_143805,2281.0,0.5170348
4177,K14,DR_20221209_143805,2282.0,0.49449867
4178,K14,DR_20221209_143805,2283.0,1.0471425
4179,K14,DR_20221209_143805,2284.0,0.68837076
4180,K14,DR_20221209_143805,2285.0,0.841749
4181,K18,DR_20221209_143805,2313.0,0.502141
4182,K18,DR_20221209_143805,2314.0,0.5045599
4183,K18,DR_20221209_143805,2315.0,0.31791878
4184,K18,DR_20221209_143805,2316.0,0.18444552
4185,K18,DR_20221209_143805,2317.0,0.8126318
4186,K18,DR_20221209_143805,2318.0,0.94770414
4187,K18,DR_20221209_143805,2319.0,0.8777423
4188,K18,DR_20221209_143805,2320.0,0.577427
4189,K18,DR_20221209_143805,2321.0,0.7264254
4190,K19,DR_20221209_143805,2322.0,0.61172694
4191,K19,DR_20221209_143805,2323.0,0.65766597
4192,K19,DR_20221209_143805,2324.0,0.30991992
4193,K19,DR_20221209_143805,2325.0,0.5179649
4194,K19,DR_20221209_143805,2326.0,0.9634679
4195,K19,DR_20221209_143805,2327.0,0.52054995
4196,K19,DR_20221209_143805,2328.0,0.926693
4197,K19,DR_20221209_143805,2329.0,1.0103469
4198,K19,DR_20221209_143805,2330.0,0.75853324
4199,K20,DR_20221209_143805,2331.0,0.8362007
4200,K20,DR_20221209_143805,2332.0,0.8700935
4201,K20,DR_20221209_143805,2333.0,0.680951
4202,K20,DR_20221209_143805,2334.0,0.82612205
4203,K20,DR_20221209_143805,2335.0,1.1053319
4204,K20,DR_20221209_143805,2336.0,0.97443163
4205,K20,DR_20221209_143805,2337.0,1.0551846
4206,K20,DR_20221209_143805,2338.0,0.54133815
4207,K20,DR_20221209_143805,2339.0,0.7169277
4208,K21,DR_20221209_143805,2340.0,0.9174231
4209,K21,DR_20221209_143805,2341.0,0.81337875
4210,K21,DR_20221209_143805,2342.0,0.5224122
4211,K21,DR_20221209_143805,2343.0,1.0277524
4212,K21,DR_20221209_143805,2344.0,0.9680116
4213,K21,DR_20221209_143805,2345.0,0.7187318
4214,K21,DR_20221209_143805,2346.0,0.83885485
4215,K21,DR_20221209_143805,2347.0,0.80697125
4216,K21,DR_20221209_143805,2348.0,1.0322143
4217,K22,DR_20221209_143805,2349.0,0.21273704
4218,K22,DR_20221209_143805,2350.0,0.5533101
4219,K22,DR_20221209_143805,2351.0,0.26891083
4220,K22,DR_20221209_143805,2352.0,0.71618855
4221,K22,DR_20221209_143805,2353.0,0.6230402
4222,K22,DR_20221209_143805,2354.0,0.7519329
4223,K22,DR_20221209_143805,2355.0,0.61641806
4224,K22,DR_20221209_143805,2356.0,0.7813099
4225,K22,DR_20221209_143805,2357.0,1.0069366
4262,L04,DR_20221209_143805,2403.0,0.33963764
4263,L04,DR_20221209_143805,2404.0,0.3066759
4264,L04,DR_20221209_143805,2405.0,0.9034933
4265,L04,DR_20221209_143805,2406.0,0.74319565
4266,L04,DR_20221209_143805,2407.0,1.0083324
4267,L04,DR_20221209_143805,2408.0,0.9649296
4268,L04,DR_20221209_143805,2409.0,0.90357375
4269,L04,DR_20221209_143805,2410.0,1.1191677
4270,L04,DR_20221209_143805,2411.0,0.7790877
4271,L05,DR_20221209_143805,2412.0,1.0667404
4272,L05,DR_20221209_143805,2413.0,1.1363094
4273,L05,DR_20221209_143805,2414.0,0.8601495
4274,L05,DR_20221209_143805,2415.0,0.5401236
4275,L05,DR_20221209_143805,2416.0,0.5637413
4276,L05,DR_20221209_143805,2417.0,1.0379926
4277,L05,DR_20221209_143805,2418.0,1.0153013
4278,L05,DR_20221209_143805,2419.0,0.37456575
4279,L05,DR_20221209_143805,2420.0,0.80366147
4280,L06,DR_20221209_143805,2421.0,0.5942344
4281,L06,DR_20221209_143805,2422.0,1.130014
4282,L06,DR_20221209_143805,2423.0,0.70932764
4283,L06,DR_20221209_143805,2424.0,0.26972455
4284,L06,DR_20221209_143805,2425.0,1.0567772
4285,L06,DR_20221209_143805,2426.0,1.0947735
4286,L06,DR_20221209_143805,2427.0,1.1043752
4287,L06,DR_20221209_143805,2428.0,1.1090461
4288,L06,DR_20221209_143805,2429.0,1.095152
4289,L07,DR_20221209_143805,2430.0,0.911505
4290,L07,DR_20221209_143805,2431.0,0.52179474
4291,L07,DR_20221209_143805,2432.0,0.4056444
4292,L07,DR_20221209_143805,2433.0,0.46108067
4293,L07,DR_20221209_143805,2434.0,1.0516052
4294,L07,DR_20221209_143805,2435.0,1.0857054
4295,L07,DR_20221209_143805,2436.0,0.46347028
4296,L07,DR_20221209_143805,2437.0,1.1428319
4297,L07,DR_20221209_143805,2438.0,0.08680758
4298,L08,DR_20221209_143805,2439.0,0.42007893
4299,L08,DR_20221209_143805,2440.0,0.4843143
4300,L08,DR_20221209_143805,2441.0,0.6246101
4301,L08,DR_20221209_143805,2442.0,0.8755381
4302,L08,DR_20221209_143805,2443.0,1.0013742
4303,L08,DR_20221209_143805,2444.0,1.0780967
4304,L08,DR_20221209_143805,2445.0,0.5867369
4305,L08,DR_20221209_143805,2446.0,1.0397108
4306,L08,DR_20221209_143805,2447.0,0.87883884
4307,L09,DR_20221209_143805,2448.0,1.0462902
4308,L09,DR_20221209_143805,2449.0,0.85984045
4309,L09,DR_20221209_143805,2450.0,0.52924424
4310,L09,DR_20221209_143805,2451.0,0.6432725
4311,L09,DR_20221209_143805,2452.0,1.0574844
4312,L09,DR_20221209_143805,2453.0,1.1037222
4313,L09,DR_20221209_143805,2454.0,0.81826323
4314,L09,DR_20221209_143805,2455.0,0.99357647
4315,L09,DR_20221209_143805,2456.0,0.787398
4316,L10,DR_20221209_143805,2457.0,0.55824745
4317,L10,DR_20221209_143805,2458.0,1.0660818
4318,L10,DR_20221209_143805,2459.0,0.63593686
4319,L10,DR_20221209_143805,2460.0,1.0080055
4320,L10,DR_20221209_143805,2461.0,1.0679114
4321,L10,DR_20221209_143805,2462.0,1.1114258
4322,L10,DR_20221209_143805,2463.0,1.0859219
4323,L10,DR_20221209_143805,2464.0,1.1072774
4324,L10,DR_20221209_143805,2465.0,0.9445047
4325,L11,DR_20221209_143805,2466.0,0.9508567
4326,L11,DR_20221209_143805,2467.0,0.26952627
4327,L11,DR_20221209_143805,2468.0,0.5894726
4328,L11,DR_20221209_143805,2469.0,0.6869673
4329,L11,DR_20221209_143805,2470.0,0.32052845
4330,L11,DR_20221209_143805,2471.0,0.5228559
4331,L11,DR_20221209_143805,2472.0,0.5732025
4332,L11,DR_20221209_143805,2473.0,0.41996732
4333,L11,DR_20221209_143805,2474.0,0.9292982
4334,L12,DR_20221209_143805,2475.0,0.43825725
4335,L12,DR_20221209_143805,2476.0,0.9584535
4336,L12,DR_20221209_143805,2477.0,0.0076173237
4337,L12,DR_20221209_143805,2478.0,0.17482406
4338,L12,DR_20221209_143805,2479.0,1.0991273
4339,L12,DR_20221209_143805,2480.0,1.1212617
4340,L12,DR_20221209_143805,2481.0,1.0231841
4341,L12,DR_20221209_143805,2482.0,1.111513
4342,L12,DR_20221209_143805,2483.0,0.526838
4343,L13,DR_20221209_143805,2484.0,0.74484223
4344,L13,DR_20221209_143805,2485.0,0.67034036
4345,L13,DR_20221209_143805,2486.0,0.4671101
4346,L13,DR_20221209_143805,2487.0,0.41035256
4347,L13,DR_20221209_143805,2488.0,0.64220893
4348,L13,DR_20221209_143805,2489.0,0.7807425
4349,L13,DR_20221209_143805,2490.0,0.26721618
4350,L13,DR_20221209_143805,2491.0,0.7564461
4351,L13,DR_20221209_143805,2492.0,0.890497
4352,L18,DR_20221209_143805,2529.0,0.6736146
4353,L18,DR_20221209_143805,2530.0,0.66732556
4354,L18,DR_20221209_143805,2531.0,0.23017439
4355,L18,DR_20221209_143805,2532.0,0.5216315
4356,L18,DR_20221209_143805,2533.0,0.36833715
4357,L18,DR_20221209_143805,2534.0,0.52568156
4358,L18,DR_20221209_143805,2535.0,1.1175507
4359,L18,DR_20221209_143805,2536.0,0.7831554
4360,L18,DR_20221209_143805,2537.0,0.6844665
4361,L19,DR_20221209_143805,2538.0,0.87510735
4362,L19,DR_20221209_143805,2539.0,0.660291
4363,L19,DR_20221209_143805,2540.0,0.6331291
4364,L19,DR_20221209_143805,2541.0,0.8519006
4365,L19,DR_20221209_143805,2542.0,0.6479408
4366,L19,DR_20221209_143805,2543.0,0.76018107
4367,L19,DR_20221209_143805,2544.0,1.1197914
4368,L19,DR_20221209_143805,2545.0,0.9962347
4369,L19,DR_20221209_143805,2546.0,0.8377907
4370,L22,DR_20221209_143805,2565.0,0.8858788
4371,L22,DR_20221209_143805,2566.0,0.81395674
4372,L22,DR_20221209_143805,2567.0,0.39527234
4373,L22,DR_20221209_143805,2568.0,0.77442896
4374,L22,DR_20221209_143805,2569.0,0.83328813
4375,L22,DR_20221209_143805,2570.0,0.8337097
4376,L22,DR_20221209_143805,2571.0,1.079644
4377,L22,DR_20221209_143805,2572.0,0.58443505
4378,L22,DR_20221209_143805,2573.0,0.45697007
4415,M03,DR_20221209_143805,2610.0,0.24085763
4416,M03,DR_20221209_143805,2611.0,0.56561613
4417,M03,DR_20221209_143805,2612.0,0.533752
4418,M03,DR_20221209_143805,2613.0,0.105818994
4419,M03,DR_20221209_143805,2614.0,0.4908858
4420,M03,DR_20221209_143805,2615.0,0.13319859
4421,M03,DR_20221209_143805,2616.0,0.43267936
4422,M03,DR_20221209_143805,2617.0,0.03340122
4423,M03,DR_20221209_143805,2618.0,0.11006462
4424,M04,DR_20221209_143805,2619.0,0.511504
4425,M04,DR_20221209_143805,2620.0,0.29529378
4426,M04,DR_20221209_143805,2621.0,0.0822037
4427,M04,DR_20221209_143805,2622.0,0.089429446
4428,M04,DR_20221209_143805,2623.0,0.6327179
4429,M04,DR_20221209_143805,2624.0,0.5823375
4430,M04,DR_20221209_143805,2625.0,0.2705761
4431,M04,DR_20221209_143805,2626.0,0.7064833
4432,M04,DR_20221209_143805,2627.0,0.105993494
4433,M05,DR_20221209_143805,2628.0,0.61628133
4434,M05,DR_20221209_143805,2629.0,0.58514136
4435,M05,DR_20221209_143805,2630.0,1.0077877
4436,M05,DR_20221209_143805,2631.0,0.7363891
4437,M05,DR_20221209_143805,2632.0,0.49574757
4438,M05,DR_20221209_143805,2633.0,0.44063026
4439,M05,DR_20221209_143805,2634.0,0.828337
4440,M05,DR_20221209_143805,2635.0,0.8276019
4441,M05,DR_20221209_143805,2636.0,0.817632
4442,M06,DR_20221209_143805,2637.0,0.7672889
4443,M06,DR_20221209_143805,2638.0,0.3351015
4444,M06,DR_20221209_143805,2639.0,0.23954491
4445,M06,DR_20221209_143805,2640.0,0.3288004
4446,M06,DR_20221209_143805,2641.0,0.6725763
4447,M06,DR_20221209_143805,2642.0,0.83668894
4448,M06,DR_20221209_143805,2643.0,-0.07532802
4449,M06,DR_20221209_143805,2644.0,0.7816435
4450,M06,DR_20221209_143805,2645.0,0.08483372
4451,M07,DR_20221209_143805,2646.0,0.71325654
4452,M07,DR_20221209_143805,2647.0,0.89152193
4453,M07,DR_20221209_143805,2648.0,-0.02289206
4454,M07,DR_20221209_143805,2649.0,0.9349519
4455,M07,DR_20221209_143805,2650.0,0.977895
4456,M07,DR_20221209_143805,2651.0,0.85542643
4457,M07,DR_20221209_143805,2652.0,0.7389875
4458,M07,DR_20221209_143805,2653.0,0.36577815
4459,M07,DR_20221209_143805,2654.0,0.06781891
4460,M08,DR_20221209_143805,2655.0,1.0210181
4461,M08,DR_20221209_143805,2656.0,0.9884662
4462,M08,DR_20221209_143805,2657.0,0.70353293
4463,M08,DR_20221209_143805,2658.0,0.95342004
4464,M08,DR_20221209_143805,2659.0,1.0366521
4465,M08,DR_20221209_143805,2660.0,1.1009556
4466,M08,DR_20221209_143805,2661.0,0.53997725
4467,M08,DR_20221209_143805,2662.0,0.51936376
4468,M08,DR_20221209_143805,2663.0,0.31365144
4469,M09,DR_20221209_143805,2664.0,1.0429064
4470,M09,DR_20221209_143805,2665.0,1.0005193
4471,M09,DR_20221209_143805,2666.0,0.4959177
4472,M09,DR_20221209_143805,2667.0,0.28974578
4473,M09,DR_20221209_143805,2668.0,1.1394241
4474,M09,DR_20221209_143805,2669.0,1.0670161
4475,M09,DR_20221209_143805,2670.0,0.35954198
4476,M09,DR_20221209_143805,2671.0,0.60756904
4477,M09,DR_20221209_143805,2672.0,0.835473
4478,M10,DR_20221209_143805,2673.0,0.4769314
4479,M10,DR_20221209_143805,2674.0,0.64565617
4480,M10,DR_20221209_143805,2675.0,0.4028217
4481,M10,DR_20221209_143805,2676.0,0.768486
4482,M10,DR_20221209_143805,2677.0,0.60054016
4483,M10,DR_20221209_143805,2678.0,0.5839393
4484,M10,DR_20221209_143805,2679.0,0.7660192
4485,M10,DR_20221209_143805,2680.0,0.7056372
4486,M10,DR_20221209_143805,2681.0,0.5895295
4487,M11,DR_20221209_143805,2682.0,1.0110914
4488,M11,DR_20221209_143805,2683.0,1.1118032
4489,M11,DR_20221209_143805,2684.0,0.6607177
4490,M11,DR_20221209_143805,2685.0,0.07891104
4491,M11,DR_20221209_143805,2686.0,1.0408565
4492,M11,DR_20221209_143805,2687.0,0.5817241
4493,M11,DR_20221209_143805,2688.0,0.85351706
4494,M11,DR_20221209_143805,2689.0,0.81701326
4495,M11,DR_20221209_143805,2690.0,0.8236001
4496,M12,DR_20221209_143805,2691.0,1.0589558
4497,M12,DR_20221209_143805,2692.0,1.0534286
4498,M12,DR_20221209_143805,2693.0,0.8950173
4499,M12,DR_20221209_143805,2694.0,0.61370057
4500,M12,DR_20221209_143805,2695.0,1.0672164
4501,M12,DR_20221209_143805,2696.0,1.0432572
4502,M12,DR_20221209_143805,2697.0,0.54097104
4503,M12,DR_20221209_143805,2698.0,0.58324957
4504,M12,DR_20221209_143805,2699.0,0.8951413
4514,N03,DR_20221209_143805,2718.0,0.24514261
4515,N03,DR_20221209_143805,2719.0,0.9351149
4516,N03,DR_20221209_143805,2720.0,0.010650381
4517,N03,DR_20221209_143805,2721.0,0.074414134
4518,N03,DR_20221209_143805,2722.0,0.25542906
4519,N03,DR_20221209_143805,2723.0,0.19436438
4520,N03,DR_20221209_143805,2724.0,0.023489175
4521,N03,DR_20221209_143805,2725.0,0.04871679
4522,N03,DR_20221209_143805,2726.0,0.22257939
4523,N04,DR_20221209_143805,2727.0,0.6819399
4524,N04,DR_20221209_143805,2728.0,0.3108461
4525,N04,DR_20221209_143805,2729.0,-0.051906567
4526,N04,DR_20221209_143805,2730.0,0.37903917
4527,N04,DR_20221209_143805,2731.0,-0.042710412
4528,N04,DR_20221209_143805,2732.0,0.18197846
4529,N04,DR_20221209_143805,2733.0,0.48517478
4530,N04,DR_20221209_143805,2734.0,0.053035058
4531,N04,DR_20221209_143805,2735.0,0.09594562
4532,N05,DR_20221209_143805,2736.0,0.068432674
4533,N05,DR_20221209_143805,2737.0,0.9190089
4534,N05,DR_20221209_143805,2738.0,0.106798604
4535,N05,DR_20221209_143805,2739.0,0.7478382
4536,N05,DR_20221209_143805,2740.0,0.1751446
4537,N05,DR_20221209_143805,2741.0,0.108668014
4538,N05,DR_20221209_143805,2742.0,0.02349064
4539,N05,DR_20221209_143805,2743.0,0.15987732
4540,N05,DR_20221209_143805,2744.0,0.00983699
4541,N06,DR_20221209_143805,2745.0,-0.04467047
4542,N06,DR_20221209_143805,2746.0,0.22217175
4543,N06,DR_20221209_143805,2747.0,-0.00219406
4544,N06,DR_20221209_143805,2748.0,0.935954
4545,N06,DR_20221209_143805,2749.0,0.6539204
4546,N06,DR_20221209_143805,2750.0,0.116923414
4547,N06,DR_20221209_143805,2751.0,0.019247996
4548,N06,DR_20221209_143805,2752.0,0.9535562
4549,N06,DR_20221209_143805,2753.0,0.3420803
4550,N07,DR_20221209_143805,2754.0,0.8154705
4551,N07,DR_20221209_143805,2755.0,0.4525721
4552,N07,DR_20221209_143805,2756.0,0.3240693
4553,N07,DR_20221209_143805,2757.0,0.32440534
4554,N07,DR_20221209_143805,2758.0,0.6870317
4555,N07,DR_20221209_143805,2759.0,0.84908867
4556,N07,DR_20221209_143805,2760.0,0.26877686
4557,N07,DR_20221209_143805,2761.0,0.17962891
4558,N07,DR_20221209_143805,2762.0,0.04949609
4559,N08,DR_20221209_143805,2763.0,0.8698162
4560,N08,DR_20221209_143805,2764.0,1.0307956
4561,N08,DR_20221209_143805,2765.0,0.8795501
4562,N08,DR_20221209_143805,2766.0,0.8785601
4563,N08,DR_20221209_143805,2767.0,0.52704006
4564,N08,DR_20221209_143805,2768.0,0.19634575
4565,N08,DR_20221209_143805,2769.0,0.5464235
4566,N08,DR_20221209_143805,2770.0,1.1242415
4567,N08,DR_20221209_143805,2771.0,0.743036
4568,N09,DR_20221209_143805,2772.0,0.49821752
4569,N09,DR_20221209_143805,2773.0,0.55015874
4570,N09,DR_20221209_143805,2774.0,0.24600272
4571,N09,DR_20221209_143805,2775.0,0.32161516
4572,N09,DR_20221209_143805,2776.0,0.8370682
4573,N09,DR_20221209_143805,2777.0,0.46869692
4574,N09,DR_20221209_143805,2778.0,0.376227
4575,N09,DR_20221209_143805,2779.0,0.4148794
4576,N09,DR_20221209_143805,2780.0,0.35442987
4577,N10,DR_20221209_143805,2781.0,0.5130418
4578,N10,DR_20221209_143805,2782.0,1.0735956
4579,N10,DR_20221209_143805,2783.0,0.30795795
4580,N10,DR_20221209_143805,2784.0,0.894825
4581,N10,DR_20221209_143805,2785.0,0.4305592
4582,N10,DR_20221209_143805,2786.0,0.8885128
4583,N10,DR_20221209_143805,2787.0,0.9108067
4584,N10,DR_20221209_143805,2788.0,0.62448627
4585,N10,DR_20221209_143805,2789.0,0.49998128
4586,N11,DR_20221209_143805,2790.0,0.9566092
4587,N11,DR_20221209_143805,2791.0,0.8783806
4588,N11,DR_20221209_143805,2792.0,0.18055356
4589,N11,DR_20221209_143805,2793.0,0.53226316
4590,N11,DR_20221209_143805,2794.0,0.6467335
4591,N11,DR_20221209_143805,2795.0,0.77554065
4592,N11,DR_20221209_143805,2796.0,0.79675394
4593,N11,DR_20221209_143805,2797.0,0.74341995
4594,N11,DR_20221209_143805,2798.0,0.8604211
4595,N12,DR_20221209_143805,2799.0,0.672623
4596,N12,DR_20221209_143805,2800.0,1.0253484
4597,N12,DR_20221209_143805,2801.0,0.79427856
4598,N12,DR_20221209_143805,2802.0,0.7148092
4599,N12,DR_20221209_143805,2803.0,1.0650449
4600,N12,DR_20221209_143805,2804.0,1.0796181
4601,N12,DR_20221209_143805,2805.0,0.73564845
4602,N12,DR_20221209_143805,2806.0,0.73237723
4603,N12,DR_20221209_143805,2807.0,0.6898235
4622,O04,DR_20221209_143805,2835.0,0.09544054
4623,O04,DR_20221209_143805,2836.0,-0.0140108345
4624,O04,DR_20221209_143805,2837.0,0.07855007
4625,O04,DR_20221209_143805,2838.0,0.031192193
4626,O04,DR_20221209_143805,2839.0,0.086310156
4627,O04,DR_20221209_143805,2840.0,0.06811931
4628,O04,DR_20221209_143805,2841.0,0.22178365
4629,O04,DR_20221209_143805,2842.0,-0.01584793
4630,O04,DR_20221209_143805,2843.0,0.20698908
4631,O05,DR_20221209_143805,2844.0,0.6514653
4632,O05,DR_20221209_143805,2845.0,0.63037914
4633,O05,DR_20221209_143805,2846.0,0.042697463
4634,O05,DR_20221209_143805,2847.0,0.037012495
4635,O05,DR_20221209_143805,2848.0,0.06708239
4636,O05,DR_20221209_143805,2849.0,0.08845714
4637,O05,DR_20221209_143805,2850.0,0.11793379
4638,O05,DR_20221209_143805,2851.0,0.6713663
4639,O05,DR_20221209_143805,2852.0,0.170425
4640,O06,DR_20221209_143805,2853.0,0.89921516
4641,O06,DR_20221209_143805,2854.0,0.116789356
4642,O06,DR_20221209_143805,2855.0,0.44986242
4643,O06,DR_20221209_143805,2856.0,0.036057945
4644,O06,DR_20221209_143805,2857.0,0.07297152
4645,O06,DR_20221209_143805,2858.0,0.14876997
4646,O06,DR_20221209_143805,2859.0,0.47886842
4647,O06,DR_20221209_143805,2860.0,0.45687523
4648,O06,DR_20221209_143805,2861.0,0.012530815
4649,O07,DR_20221209_143805,2862.0,0.93035746
4650,O07,DR_20221209_143805,2863.0,0.29627293
4651,O07,DR_20221209_143805,2864.0,0.1554765
4652,O07,DR_20221209_143805,2865.0,0.74428505
4653,O07,DR_20221209_143805,2866.0,0.4264463
4654,O07,DR_20221209_143805,2867.0,0.83228034
4655,O07,DR_20221209_143805,2868.0,0.4597949
4656,O07,DR_20221209_143805,2869.0,0.13796802
4657,O07,DR_20221209_143805,2870.0,0.25066477
4658,O08,DR_20221209_143805,2871.0,1.02732
4659,O08,DR_20221209_143805,2872.0,0.32511652
4660,O08,DR_20221209_143805,2873.0,0.3921685
4661,O08,DR_20221209_143805,2874.0,0.7270184
4662,O08,DR_20221209_143805,2875.0,1.0977684
4663,O08,DR_20221209_143805,2876.0,0.86346793
4664,O08,DR_20221209_143805,2877.0,0.49829936
4665,O08,DR_20221209_143805,2878.0,1.0851604
4666,O08,DR_20221209_143805,2879.0,0.6742456
4667,O09,DR_20221209_143805,2880.0,0.75124925
4668,O09,DR_20221209_143805,2881.0,0.90273714
4669,O09,DR_20221209_143805,2882.0,0.32387388
4670,O09,DR_20221209_143805,2883.0,0.5518581
4671,O09,DR_20221209_143805,2884.0,0.77369595
4672,O09,DR_20221209_143805,2885.0,0.8378933
4673,O09,DR_20221209_143805,2886.0,1.05685
4674,O09,DR_20221209_143805,2887.0,0.48784876
4675,O09,DR_20221209_143805,2888.0,0.329901
4676,O12,DR_20221209_143805,2907.0,0.5082211
4677,O12,DR_20221209_143805,2908.0,0.1751868
4678,O12,DR_20221209_143805,2909.0,0.4583166
4679,O12,DR_20221209_143805,2910.0,0.47037515
4680,O12,DR_20221209_143805,2911.0,0.6536789
4681,O12,DR_20221209_143805,2912.0,0.4640917
4682,O12,DR_20221209_143805,2913.0,0.4866485
4683,O12,DR_20221209_143805,2914.0,0.42468223
4684,O12,DR_20221209_143805,2915.0,0.8006539
