,Image_Metadata_WellID,Image_Metadata_PlateID,ImageNumber,score
1941,A03,DR_20221209_143805,19.0,0.6173447
1942,A03,DR_20221209_143805,20.0,0.66162276
1943,A03,DR_20221209_143805,21.0,0.5775291
1944,A03,DR_20221209_143805,22.0,0.02862419
1945,A03,DR_20221209_143805,23.0,0.43623137
1946,A03,DR_20221209_143805,24.0,0.34435162
1947,A03,DR_20221209_143805,25.0,0.25481448
1948,A03,DR_20221209_143805,26.0,0.23278406
1949,A03,DR_20221209_143805,27.0,0.06789788
1950,A04,DR_20221209_143805,28.0,0.015155578
1951,A04,DR_20221209_143805,29.0,0.49191707
1952,A04,DR_20221209_143805,30.0,0.5230739
1953,A04,DR_20221209_143805,31.0,0.29303735
1954,A04,DR_20221209_143805,32.0,0.5097187
1955,A04,DR_20221209_143805,33.0,0.5917657
1956,A04,DR_20221209_143805,34.0,0.17247891
1957,A04,DR_20221209_143805,35.0,0.3806135
1958,A04,DR_20221209_143805,36.0,0.5728961
1959,A05,DR_20221209_143805,37.0,0.48029858
1960,A05,DR_20221209_143805,38.0,0.5392904
1961,A05,DR_20221209_143805,39.0,0.7409295
1962,A05,DR_20221209_143805,40.0,0.84888995
1963,A05,DR_20221209_143805,41.0,0.53816676
1964,A05,DR_20221209_143805,42.0,0.5739628
1965,A05,DR_20221209_143805,43.0,0.57068926
1966,A05,DR_20221209_143805,44.0,0.9010985
1967,A05,DR_20221209_143805,45.0,0.8741405
1968,A06,DR_20221209_143805,46.0,0.45408684
1969,A06,DR_20221209_143805,47.0,0.7602856
1970,A06,DR_20221209_143805,48.0,0.41405952
1971,A06,DR_20221209_143805,49.0,0.71019197
1972,A06,DR_20221209_143805,50.0,0.38040632
1973,A06,DR_20221209_143805,51.0,0.32074556
1974,A06,DR_20221209_143805,52.0,0.4992302
1975,A06,DR_20221209_143805,53.0,0.5568583
1976,A06,DR_20221209_143805,54.0,0.39682075
1977,A07,DR_20221209_143805,55.0,0.9737911
1978,A07,DR_20221209_143805,56.0,1.0387892
1979,A07,DR_20221209_143805,57.0,1.0410856
1980,A07,DR_20221209_143805,58.0,0.34030756
1981,A07,DR_20221209_143805,59.0,0.4316099
1982,A07,DR_20221209_143805,60.0,0.33033487
1983,A07,DR_20221209_143805,61.0,0.8847051
1984,A07,DR_20221209_143805,62.0,0.27336478
1985,A07,DR_20221209_143805,63.0,0.7544968
1986,A08,DR_20221209_143805,64.0,0.58249307
1987,A08,DR_20221209_143805,65.0,0.37176147
1988,A08,DR_20221209_143805,66.0,0.41257265
1989,A08,DR_20221209_143805,67.0,0.573818
1990,A08,DR_20221209_143805,68.0,0.49809423
1991,A08,DR_20221209_143805,69.0,0.6558918
1992,A08,DR_20221209_143805,70.0,0.30260485
1993,A08,DR_20221209_143805,71.0,0.31089953
1994,A08,DR_20221209_143805,72.0,0.8917711
1995,A09,DR_20221209_143805,73.0,0.49336565
1996,A09,DR_20221209_143805,74.0,0.5000478
1997,A09,DR_20221209_143805,75.0,0.5395689
1998,A09,DR_20221209_143805,76.0,0.35938406
1999,A09,DR_20221209_143805,77.0,0.20506407
2000,A09,DR_20221209_143805,78.0,0.6070422
2001,A09,DR_20221209_143805,79.0,0.3705066
2002,A09,DR_20221209_143805,80.0,0.5070289
2003,A09,DR_20221209_143805,81.0,0.6113737
2004,A10,DR_20221209_143805,82.0,0.81619936
2005,A10,DR_20221209_143805,83.0,0.48091972
2006,A10,DR_20221209_143805,84.0,0.6586562
2007,A10,DR_20221209_143805,85.0,0.6381821
2008,A10,DR_20221209_143805,86.0,0.28650546
2009,A10,DR_20221209_143805,87.0,0.4368946
2010,A10,DR_20221209_143805,88.0,0.6763481
2011,A10,DR_20221209_143805,89.0,0.28830603
2012,A10,DR_20221209_143805,90.0,0.59341884
2013,A11,DR_20221209_143805,91.0,0.8870849
2014,A11,DR_20221209_143805,92.0,0.46904135
2015,A11,DR_20221209_143805,93.0,0.65823966
2016,A11,DR_20221209_143805,94.0,0.40134415
2017,A11,DR_20221209_143805,95.0,0.3578168
2018,A11,DR_20221209_143805,96.0,0.5359556
2019,A11,DR_20221209_143805,97.0,0.876478
2020,A11,DR_20221209_143805,98.0,0.08373355
2021,A11,DR_20221209_143805,99.0,0.7374167
2022,A12,DR_20221209_143805,100.0,0.6971421
2023,A12,DR_20221209_143805,101.0,0.89158183
2024,A12,DR_20221209_143805,102.0,0.27485216
2025,A12,DR_20221209_143805,103.0,0.4614429
2026,A12,DR_20221209_143805,104.0,0.3272422
2027,A12,DR_20221209_143805,105.0,0.4842541
2028,A12,DR_20221209_143805,106.0,0.5399808
2029,A12,DR_20221209_143805,107.0,0.94697565
2030,A12,DR_20221209_143805,108.0,0.68407017
2031,A13,DR_20221209_143805,109.0,1.0007033
2032,A13,DR_20221209_143805,110.0,0.8776763
2033,A13,DR_20221209_143805,111.0,0.562279
2034,A13,DR_20221209_143805,112.0,0.43471187
2035,A13,DR_20221209_143805,113.0,0.34773272
2036,A13,DR_20221209_143805,114.0,0.3274109
2037,A13,DR_20221209_143805,115.0,0.8998419
2038,A13,DR_20221209_143805,116.0,0.4638736
2039,A13,DR_20221209_143805,117.0,0.862558
2040,A14,DR_20221209_143805,118.0,0.37176087
2041,A14,DR_20221209_143805,119.0,0.8990774
2042,A14,DR_20221209_143805,120.0,0.96311665
2043,A14,DR_20221209_143805,121.0,0.78114706
2044,A14,DR_20221209_143805,122.0,0.3112971
2045,A14,DR_20221209_143805,123.0,0.4131034
2046,A14,DR_20221209_143805,124.0,0.8403999
2047,A14,DR_20221209_143805,125.0,0.4230173
2048,A14,DR_20221209_143805,126.0,1.0775743
2049,A15,DR_20221209_143805,127.0,0.4552938
2050,A15,DR_20221209_143805,128.0,0.9309722
2051,A15,DR_20221209_143805,129.0,0.80305076
2052,A15,DR_20221209_143805,130.0,0.79952437
2053,A15,DR_20221209_143805,131.0,0.49537206
2054,A15,DR_20221209_143805,132.0,0.30359793
2055,A15,DR_20221209_143805,133.0,0.49800366
2056,A15,DR_20221209_143805,134.0,0.25343105
2057,A15,DR_20221209_143805,135.0,0.20197242
2058,A16,DR_20221209_143805,136.0,0.31998277
2059,A16,DR_20221209_143805,137.0,0.35196975
2060,A16,DR_20221209_143805,138.0,0.63572335
2061,A16,DR_20221209_143805,139.0,0.18227348
2062,A16,DR_20221209_143805,140.0,0.30627695
2063,A16,DR_20221209_143805,141.0,0.41189402
2064,A16,DR_20221209_143805,142.0,0.54880327
2065,A16,DR_20221209_143805,143.0,0.33744943
2066,A16,DR_20221209_143805,144.0,0.97031105
2067,A17,DR_20221209_143805,145.0,0.38678896
2068,A17,DR_20221209_143805,146.0,0.6167454
2069,A17,DR_20221209_143805,147.0,0.63945425
2070,A17,DR_20221209_143805,148.0,0.29118747
2071,A17,DR_20221209_143805,149.0,0.2790174
2072,A17,DR_20221209_143805,150.0,0.48322824
2073,A17,DR_20221209_143805,151.0,0.40657765
2074,A17,DR_20221209_143805,152.0,0.31940916
2075,A17,DR_20221209_143805,153.0,0.27785087
2076,A18,DR_20221209_143805,154.0,0.59493434
2077,A18,DR_20221209_143805,155.0,0.8302679
2078,A18,DR_20221209_143805,156.0,0.7659352
2079,A18,DR_20221209_143805,157.0,0.42664504
2080,A18,DR_20221209_143805,158.0,0.5827563
2081,A18,DR_20221209_143805,159.0,0.4669832
2082,A18,DR_20221209_143805,160.0,0.8899799
2083,A18,DR_20221209_143805,161.0,0.41713023
2084,A18,DR_20221209_143805,162.0,0.76398045
2085,A19,DR_20221209_143805,163.0,0.6629678
2086,A19,DR_20221209_143805,164.0,0.22756775
2087,A19,DR_20221209_143805,165.0,0.51697934
2088,A19,DR_20221209_143805,166.0,0.28920528
2089,A19,DR_20221209_143805,167.0,0.33393085
2090,A19,DR_20221209_143805,168.0,0.5770643
2091,A19,DR_20221209_143805,169.0,0.40292162
2092,A19,DR_20221209_143805,170.0,0.3128626
2093,A19,DR_20221209_143805,171.0,0.20387486
2094,A20,DR_20221209_143805,172.0,0.4530147
2095,A20,DR_20221209_143805,173.0,0.63008446
2096,A20,DR_20221209_143805,174.0,0.5340678
2097,A20,DR_20221209_143805,175.0,0.38521442
2098,A20,DR_20221209_143805,176.0,0.29036903
2099,A20,DR_20221209_143805,177.0,0.41833755
2100,A20,DR_20221209_143805,178.0,0.81858855
2101,A20,DR_20221209_143805,179.0,0.41759843
2102,A20,DR_20221209_143805,180.0,0.79705507
2103,A21,DR_20221209_143805,181.0,0.58912766
2104,A21,DR_20221209_143805,182.0,0.3717639
2105,A21,DR_20221209_143805,183.0,0.47104448
2106,A21,DR_20221209_143805,184.0,0.76783353
2107,A21,DR_20221209_143805,185.0,0.3556117
2108,A21,DR_20221209_143805,186.0,0.91846883
2109,A21,DR_20221209_143805,187.0,0.93651253
2110,A21,DR_20221209_143805,188.0,0.76503485
2111,A21,DR_20221209_143805,189.0,0.35713837
2112,A22,DR_20221209_143805,190.0,0.8295077
2113,A22,DR_20221209_143805,191.0,1.2052295
2114,A22,DR_20221209_143805,192.0,0.5427117
2115,A22,DR_20221209_143805,193.0,0.21597108
2116,A22,DR_20221209_143805,194.0,0.4319845
2117,A22,DR_20221209_143805,195.0,0.6449325
2118,A22,DR_20221209_143805,196.0,0.59552956
2119,A22,DR_20221209_143805,197.0,0.40369436
2120,A22,DR_20221209_143805,198.0,0.31829402
2157,B03,DR_20221209_143805,235.0,0.61194724
2158,B03,DR_20221209_143805,236.0,0.8127038
2159,B03,DR_20221209_143805,237.0,0.20726725
2160,B03,DR_20221209_143805,238.0,0.2337906
2161,B03,DR_20221209_143805,239.0,0.48328903
2162,B03,DR_20221209_143805,240.0,0.593921
2163,B03,DR_20221209_143805,241.0,0.046254892
2164,B03,DR_20221209_143805,242.0,0.0019215981
2165,B03,DR_20221209_143805,243.0,0.017969549
2166,B04,DR_20221209_143805,244.0,0.37019873
2167,B04,DR_20221209_143805,245.0,0.61751825
2168,B04,DR_20221209_143805,246.0,0.6239798
2169,B04,DR_20221209_143805,247.0,0.088370085
2170,B04,DR_20221209_143805,248.0,0.13531049
2171,B04,DR_20221209_143805,249.0,0.8196533
2172,B04,DR_20221209_143805,250.0,0.7992481
2173,B04,DR_20221209_143805,251.0,0.56146586
2174,B04,DR_20221209_143805,252.0,-0.044544097
2175,B05,DR_20221209_143805,253.0,0.9266174
2176,B05,DR_20221209_143805,254.0,0.9289934
2177,B05,DR_20221209_143805,255.0,0.9640732
2178,B05,DR_20221209_143805,256.0,0.2771525
2179,B05,DR_20221209_143805,257.0,0.629595
2180,B05,DR_20221209_143805,258.0,0.84516644
2181,B05,DR_20221209_143805,259.0,0.61183256
2182,B05,DR_20221209_143805,260.0,1.0437516
2183,B05,DR_20221209_143805,261.0,0.45247892
2184,B06,DR_20221209_143805,262.0,0.2976481
2185,B06,DR_20221209_143805,263.0,0.4657343
2186,B06,DR_20221209_143805,264.0,0.8835189
2187,B06,DR_20221209_143805,265.0,0.19602647
2188,B06,DR_20221209_143805,266.0,0.33140063
2189,B06,DR_20221209_143805,267.0,0.77682596
2190,B06,DR_20221209_143805,268.0,0.37817213
2191,B06,DR_20221209_143805,269.0,0.50948286
2192,B06,DR_20221209_143805,270.0,0.44997877
2193,B07,DR_20221209_143805,271.0,0.55272526
2194,B07,DR_20221209_143805,272.0,0.9810585
2195,B07,DR_20221209_143805,273.0,0.39675066
2196,B07,DR_20221209_143805,274.0,0.5361596
2197,B07,DR_20221209_143805,275.0,0.523908
2198,B07,DR_20221209_143805,276.0,0.37907708
2199,B07,DR_20221209_143805,277.0,0.585731
2200,B07,DR_20221209_143805,278.0,0.48279235
2201,B07,DR_20221209_143805,279.0,0.36482728
2202,B08,DR_20221209_143805,280.0,0.7333965
2203,B08,DR_20221209_143805,281.0,0.4257458
2204,B08,DR_20221209_143805,282.0,1.0327436
2205,B08,DR_20221209_143805,283.0,0.31404525
2206,B08,DR_20221209_143805,284.0,0.41264412
2207,B08,DR_20221209_143805,285.0,0.33814493
2208,B08,DR_20221209_143805,286.0,1.1316149
2209,B08,DR_20221209_143805,287.0,1.0023379
2210,B08,DR_20221209_143805,288.0,0.5285623
2211,B09,DR_20221209_143805,289.0,0.42191702
2212,B09,DR_20221209_143805,290.0,0.3110464
2213,B09,DR_20221209_143805,291.0,0.50116134
2214,B09,DR_20221209_143805,292.0,0.35554177
2215,B09,DR_20221209_143805,293.0,0.47628105
2216,B09,DR_20221209_143805,294.0,0.27806285
2217,B09,DR_20221209_143805,295.0,0.4127876
2218,B09,DR_20221209_143805,296.0,0.39507052
2219,B09,DR_20221209_143805,297.0,0.5085695
2220,B10,DR_20221209_143805,298.0,0.20137054
2221,B10,DR_20221209_143805,299.0,0.3162973
2222,B10,DR_20221209_143805,300.0,0.32388264
2223,B10,DR_20221209_143805,301.0,0.32515693
2224,B10,DR_20221209_143805,302.0,0.3540248
2225,B10,DR_20221209_143805,303.0,0.4199723
2226,B10,DR_20221209_143805,304.0,0.4900041
2227,B10,DR_20221209_143805,305.0,0.5454524
2228,B10,DR_20221209_143805,306.0,0.55819464
2229,B11,DR_20221209_143805,307.0,0.47501904
2230,B11,DR_20221209_143805,308.0,0.6886676
2231,B11,DR_20221209_143805,309.0,0.7750055
2232,B11,DR_20221209_143805,310.0,0.49131122
2233,B11,DR_20221209_143805,311.0,0.37833583
2234,B11,DR_20221209_143805,312.0,0.42458072
2235,B11,DR_20221209_143805,313.0,0.872991
2236,B11,DR_20221209_143805,314.0,0.40199378
2237,B11,DR_20221209_143805,315.0,0.8987974
2238,B12,DR_20221209_143805,316.0,0.38243327
2239,B12,DR_20221209_143805,317.0,0.7258607
2240,B12,DR_20221209_143805,318.0,0.6006685
2241,B12,DR_20221209_143805,319.0,0.5311197
2242,B12,DR_20221209_143805,320.0,0.5468593
2243,B12,DR_20221209_143805,321.0,0.3596042
2244,B12,DR_20221209_143805,322.0,0.6299755
2245,B12,DR_20221209_143805,323.0,0.35074836
2246,B12,DR_20221209_143805,324.0,1.0106828
2247,B13,DR_20221209_143805,325.0,0.39660493
2248,B13,DR_20221209_143805,326.0,0.38954255
2249,B13,DR_20221209_143805,327.0,0.38624284
2250,B13,DR_20221209_143805,328.0,0.30986503
2251,B13,DR_20221209_143805,329.0,0.35708633
2252,B13,DR_20221209_143805,330.0,0.5093089
2253,B13,DR_20221209_143805,331.0,0.90631
2254,B13,DR_20221209_143805,332.0,0.9152396
2255,B13,DR_20221209_143805,333.0,0.40835065
2256,B14,DR_20221209_143805,334.0,0.55592805
2257,B14,DR_20221209_143805,335.0,0.88448614
2258,B14,DR_20221209_143805,336.0,0.8243019
2259,B14,DR_20221209_143805,337.0,0.96238
2260,B14,DR_20221209_143805,338.0,0.91555035
2261,B14,DR_20221209_143805,339.0,0.7247654
2262,B14,DR_20221209_143805,340.0,0.724747
2263,B14,DR_20221209_143805,341.0,0.33837453
2264,B14,DR_20221209_143805,342.0,0.23802102
2265,B15,DR_20221209_143805,343.0,0.47326472
2266,B15,DR_20221209_143805,344.0,0.46393436
2267,B15,DR_20221209_143805,345.0,0.91531694
2268,B15,DR_20221209_143805,346.0,0.6790402
2269,B15,DR_20221209_143805,347.0,0.36317503
2270,B15,DR_20221209_143805,348.0,0.4214448
2271,B15,DR_20221209_143805,349.0,0.79035246
2272,B15,DR_20221209_143805,350.0,0.99762785
2273,B15,DR_20221209_143805,351.0,0.641067
2274,B16,DR_20221209_143805,352.0,0.6765433
2275,B16,DR_20221209_143805,353.0,0.9225704
2276,B16,DR_20221209_143805,354.0,0.42018893
2277,B16,DR_20221209_143805,355.0,0.9940699
2278,B16,DR_20221209_143805,356.0,0.39574945
2279,B16,DR_20221209_143805,357.0,0.5998117
2280,B16,DR_20221209_143805,358.0,0.15808411
2281,B16,DR_20221209_143805,359.0,0.4126288
2282,B16,DR_20221209_143805,360.0,0.59172386
2283,B17,DR_20221209_143805,361.0,0.5809529
2284,B17,DR_20221209_143805,362.0,0.7007771
2285,B17,DR_20221209_143805,363.0,0.5250591
2286,B17,DR_20221209_143805,364.0,0.7894938
2287,B17,DR_20221209_143805,365.0,0.3942246
2288,B17,DR_20221209_143805,366.0,0.39597517
2289,B17,DR_20221209_143805,367.0,0.7881948
2290,B17,DR_20221209_143805,368.0,0.45719433
2291,B17,DR_20221209_143805,369.0,0.9989652
2292,B18,DR_20221209_143805,370.0,0.41386846
2293,B18,DR_20221209_143805,371.0,0.6724773
2294,B18,DR_20221209_143805,372.0,0.7266592
2295,B18,DR_20221209_143805,373.0,0.27021354
2296,B18,DR_20221209_143805,374.0,0.39294574
2297,B18,DR_20221209_143805,375.0,0.2950616
2298,B18,DR_20221209_143805,376.0,0.9290466
2299,B18,DR_20221209_143805,377.0,0.39955848
2300,B18,DR_20221209_143805,378.0,0.8539112
2301,B19,DR_20221209_143805,379.0,0.593816
2302,B19,DR_20221209_143805,380.0,0.40020642
2303,B19,DR_20221209_143805,381.0,0.25768638
2304,B19,DR_20221209_143805,382.0,0.3206614
2305,B19,DR_20221209_143805,383.0,0.36691037
2306,B19,DR_20221209_143805,384.0,0.5022311
2307,B19,DR_20221209_143805,385.0,1.0172027
2308,B19,DR_20221209_143805,386.0,0.4068346
2309,B19,DR_20221209_143805,387.0,0.758731
2310,B20,DR_20221209_143805,388.0,0.41380838
2311,B20,DR_20221209_143805,389.0,0.706479
2312,B20,DR_20221209_143805,390.0,0.885933
2313,B20,DR_20221209_143805,391.0,0.6399944
2314,B20,DR_20221209_143805,392.0,0.28612283
2315,B20,DR_20221209_143805,393.0,0.96748155
2316,B20,DR_20221209_143805,394.0,0.9196878
2317,B20,DR_20221209_143805,395.0,0.3170346
2318,B20,DR_20221209_143805,396.0,0.7302737
2319,B21,DR_20221209_143805,397.0,0.5368225
2320,B21,DR_20221209_143805,398.0,1.020952
2321,B21,DR_20221209_143805,399.0,0.90118426
2322,B21,DR_20221209_143805,400.0,0.50908923
2323,B21,DR_20221209_143805,401.0,0.57934576
2324,B21,DR_20221209_143805,402.0,0.31767866
2325,B21,DR_20221209_143805,403.0,0.8900525
2326,B21,DR_20221209_143805,404.0,0.3329269
2327,B21,DR_20221209_143805,405.0,0.7113509
2328,B22,DR_20221209_143805,406.0,0.28315762
2329,B22,DR_20221209_143805,407.0,0.36752176
2330,B22,DR_20221209_143805,408.0,0.9879468
2331,B22,DR_20221209_143805,409.0,0.70044947
2332,B22,DR_20221209_143805,410.0,0.42980355
2333,B22,DR_20221209_143805,411.0,0.38927796
2334,B22,DR_20221209_143805,412.0,0.8759537
2335,B22,DR_20221209_143805,413.0,0.35934117
2336,B22,DR_20221209_143805,414.0,0.66514385
2373,C03,DR_20221209_143805,451.0,0.38336274
2374,C03,DR_20221209_143805,452.0,0.9884962
2375,C03,DR_20221209_143805,453.0,0.49934947
2376,C03,DR_20221209_143805,454.0,0.6593668
2377,C03,DR_20221209_143805,455.0,0.38110965
2378,C03,DR_20221209_143805,456.0,0.1747659
2379,C03,DR_20221209_143805,457.0,0.91587013
2380,C03,DR_20221209_143805,458.0,0.50289905
2381,C03,DR_20221209_143805,459.0,0.3243659
2382,C04,DR_20221209_143805,460.0,0.037747476
2383,C04,DR_20221209_143805,461.0,0.46294516
2384,C04,DR_20221209_143805,462.0,0.44417283
2385,C04,DR_20221209_143805,463.0,0.38964263
2386,C04,DR_20221209_143805,464.0,0.28522143
2387,C04,DR_20221209_143805,465.0,0.35194778
2388,C04,DR_20221209_143805,466.0,0.2333812
2389,C04,DR_20221209_143805,467.0,0.6411664
2390,C04,DR_20221209_143805,468.0,-0.040329512
2391,C05,DR_20221209_143805,469.0,0.058471676
2392,C05,DR_20221209_143805,470.0,0.16519035
2393,C05,DR_20221209_143805,471.0,0.6044852
2394,C05,DR_20221209_143805,472.0,0.19441284
2395,C05,DR_20221209_143805,473.0,0.0040516756
2396,C05,DR_20221209_143805,474.0,0.73947
2397,C05,DR_20221209_143805,475.0,0.5774613
2398,C05,DR_20221209_143805,476.0,-0.038423277
2399,C05,DR_20221209_143805,477.0,0.06177101
2400,C06,DR_20221209_143805,478.0,0.38098204
2401,C06,DR_20221209_143805,479.0,0.51264244
2402,C06,DR_20221209_143805,480.0,1.0043709
2403,C06,DR_20221209_143805,481.0,0.41432646
2404,C06,DR_20221209_143805,482.0,0.40029615
2405,C06,DR_20221209_143805,483.0,0.40767163
2406,C06,DR_20221209_143805,484.0,0.30707636
2407,C06,DR_20221209_143805,485.0,0.6041225
2408,C06,DR_20221209_143805,486.0,0.75433904
2409,C07,DR_20221209_143805,487.0,0.6643547
2410,C07,DR_20221209_143805,488.0,0.46659654
2411,C07,DR_20221209_143805,489.0,0.91065913
2412,C07,DR_20221209_143805,490.0,0.25547698
2413,C07,DR_20221209_143805,491.0,0.24681488
2414,C07,DR_20221209_143805,492.0,0.4905648
2415,C07,DR_20221209_143805,493.0,0.85442716
2416,C07,DR_20221209_143805,494.0,0.48847297
2417,C07,DR_20221209_143805,495.0,0.5433621
2418,C08,DR_20221209_143805,496.0,0.39723325
2419,C08,DR_20221209_143805,497.0,0.1752935
2420,C08,DR_20221209_143805,498.0,0.22609629
2421,C08,DR_20221209_143805,499.0,0.32142094
2422,C08,DR_20221209_143805,500.0,0.8734216
2423,C08,DR_20221209_143805,501.0,0.3546484
2424,C08,DR_20221209_143805,502.0,0.34677437
2425,C08,DR_20221209_143805,503.0,0.35468906
2426,C08,DR_20221209_143805,504.0,0.948284
2427,C09,DR_20221209_143805,505.0,0.30691707
2428,C09,DR_20221209_143805,506.0,0.7039791
2429,C09,DR_20221209_143805,507.0,0.28236237
2430,C09,DR_20221209_143805,508.0,0.381719
2431,C09,DR_20221209_143805,509.0,0.3922976
2432,C09,DR_20221209_143805,510.0,0.28542984
2433,C09,DR_20221209_143805,511.0,0.3406503
2434,C09,DR_20221209_143805,512.0,0.6259678
2435,C09,DR_20221209_143805,513.0,0.43083054
2436,C10,DR_20221209_143805,514.0,0.35246563
2437,C10,DR_20221209_143805,515.0,0.06942048
2438,C10,DR_20221209_143805,516.0,0.2197108
2439,C10,DR_20221209_143805,517.0,0.40744796
2440,C10,DR_20221209_143805,518.0,0.08886223
2441,C10,DR_20221209_143805,519.0,0.30531147
2442,C10,DR_20221209_143805,520.0,0.43304253
2443,C10,DR_20221209_143805,521.0,0.43529564
2444,C10,DR_20221209_143805,522.0,1.0391463
2445,C11,DR_20221209_143805,523.0,0.39440343
2446,C11,DR_20221209_143805,524.0,0.27247402
2447,C11,DR_20221209_143805,525.0,0.58759594
2448,C11,DR_20221209_143805,526.0,0.15906301
2449,C11,DR_20221209_143805,527.0,0.45340997
2450,C11,DR_20221209_143805,528.0,0.8111369
2451,C11,DR_20221209_143805,529.0,0.9411721
2452,C11,DR_20221209_143805,530.0,0.33276308
2453,C11,DR_20221209_143805,531.0,0.963622
2454,C12,DR_20221209_143805,532.0,0.39789537
2455,C12,DR_20221209_143805,533.0,0.44962266
2456,C12,DR_20221209_143805,534.0,0.51433
2457,C12,DR_20221209_143805,535.0,0.38531268
2458,C12,DR_20221209_143805,536.0,0.320116
2459,C12,DR_20221209_143805,537.0,0.41457275
2460,C12,DR_20221209_143805,538.0,0.6257662
2461,C12,DR_20221209_143805,539.0,0.503171
2462,C12,DR_20221209_143805,540.0,0.65279335
2463,C13,DR_20221209_143805,541.0,0.4113139
2464,C13,DR_20221209_143805,542.0,0.365534
2465,C13,DR_20221209_143805,543.0,0.60239637
2466,C13,DR_20221209_143805,544.0,0.33774787
2467,C13,DR_20221209_143805,545.0,0.31526077
2468,C13,DR_20221209_143805,546.0,0.28745148
2469,C13,DR_20221209_143805,547.0,0.42168358
2470,C13,DR_20221209_143805,548.0,0.43754098
2471,C13,DR_20221209_143805,549.0,0.44373918
2472,C14,DR_20221209_143805,550.0,0.34214795
2473,C14,DR_20221209_143805,551.0,0.85400647
2474,C14,DR_20221209_143805,552.0,0.49170825
2475,C14,DR_20221209_143805,553.0,0.9931488
2476,C14,DR_20221209_143805,554.0,0.39684078
2477,C14,DR_20221209_143805,555.0,0.34820497
2478,C14,DR_20221209_143805,556.0,0.665646
2479,C14,DR_20221209_143805,557.0,0.4835455
2480,C14,DR_20221209_143805,558.0,0.6006123
2481,C15,DR_20221209_143805,559.0,0.5811972
2482,C15,DR_20221209_143805,560.0,0.34517056
2483,C15,DR_20221209_143805,561.0,0.9162896
2484,C15,DR_20221209_143805,562.0,0.3649537
2485,C15,DR_20221209_143805,563.0,0.40239987
2486,C15,DR_20221209_143805,564.0,0.088578306
2487,C15,DR_20221209_143805,565.0,0.45365644
2488,C15,DR_20221209_143805,566.0,0.31040177
2489,C15,DR_20221209_143805,567.0,0.79263127
2490,C16,DR_20221209_143805,568.0,0.28237224
2491,C16,DR_20221209_143805,569.0,0.29924148
2492,C16,DR_20221209_143805,570.0,0.43377006
2493,C16,DR_20221209_143805,571.0,0.9116527
2494,C16,DR_20221209_143805,572.0,0.45644873
2495,C16,DR_20221209_143805,573.0,0.3067895
2496,C16,DR_20221209_143805,574.0,0.4225984
2497,C16,DR_20221209_143805,575.0,0.25205612
2498,C16,DR_20221209_143805,576.0,0.32741067
2499,C17,DR_20221209_143805,577.0,0.5067413
2500,C17,DR_20221209_143805,578.0,0.6697113
2501,C17,DR_20221209_143805,579.0,0.5755324
2502,C17,DR_20221209_143805,580.0,0.45502254
2503,C17,DR_20221209_143805,581.0,0.41413528
2504,C17,DR_20221209_143805,582.0,0.4699494
2505,C17,DR_20221209_143805,583.0,0.36537915
2506,C17,DR_20221209_143805,584.0,0.89514273
2507,C17,DR_20221209_143805,585.0,0.6940354
2508,C18,DR_20221209_143805,586.0,0.46878597
2509,C18,DR_20221209_143805,587.0,0.58193654
2510,C18,DR_20221209_143805,588.0,0.74667156
2511,C18,DR_20221209_143805,589.0,0.47395664
2512,C18,DR_20221209_143805,590.0,0.49606767
2513,C18,DR_20221209_143805,591.0,0.5778356
2514,C18,DR_20221209_143805,592.0,0.94102746
2515,C18,DR_20221209_143805,593.0,0.5298308
2516,C18,DR_20221209_143805,594.0,0.507524
2517,C19,DR_20221209_143805,595.0,0.51036006
2518,C19,DR_20221209_143805,596.0,0.6218869
2519,C19,DR_20221209_143805,597.0,0.92450494
2520,C19,DR_20221209_143805,598.0,0.43069738
2521,C19,DR_20221209_143805,599.0,0.46221772
2522,C19,DR_20221209_143805,600.0,0.40640432
2523,C19,DR_20221209_143805,601.0,0.8990884
2524,C19,DR_20221209_143805,602.0,0.30083123
2525,C19,DR_20221209_143805,603.0,0.8786725
2526,C20,DR_20221209_143805,604.0,0.31687897
2527,C20,DR_20221209_143805,605.0,0.68252665
2528,C20,DR_20221209_143805,606.0,0.9888886
2529,C20,DR_20221209_143805,607.0,0.2085492
2530,C20,DR_20221209_143805,608.0,0.3629005
2531,C20,DR_20221209_143805,609.0,0.37904504
2532,C20,DR_20221209_143805,610.0,0.8270771
2533,C20,DR_20221209_143805,611.0,0.51315624
2534,C20,DR_20221209_143805,612.0,1.0215276
2535,C21,DR_20221209_143805,613.0,0.9976652
2536,C21,DR_20221209_143805,614.0,0.3673387
2537,C21,DR_20221209_143805,615.0,0.9623316
2538,C21,DR_20221209_143805,616.0,0.47924656
2539,C21,DR_20221209_143805,617.0,0.3567024
2540,C21,DR_20221209_143805,618.0,0.2495796
2541,C21,DR_20221209_143805,619.0,0.9024204
2542,C21,DR_20221209_143805,620.0,0.45212883
2543,C21,DR_20221209_143805,621.0,0.9867606
2544,C22,DR_20221209_143805,622.0,0.78169465
2545,C22,DR_20221209_143805,623.0,0.8992771
2546,C22,DR_20221209_143805,624.0,0.95091534
2547,C22,DR_20221209_143805,625.0,0.76947427
2548,C22,DR_20221209_143805,626.0,0.42776376
2549,C22,DR_20221209_143805,627.0,0.37156278
2550,C22,DR_20221209_143805,628.0,0.44885823
2551,C22,DR_20221209_143805,629.0,0.42877823
2552,C22,DR_20221209_143805,630.0,0.7165755
2589,D03,DR_20221209_143805,667.0,0.92527235
2590,D03,DR_20221209_143805,668.0,0.28614688
2591,D03,DR_20221209_143805,669.0,0.18934649
2592,D03,DR_20221209_143805,670.0,-0.0063124606
2593,D03,DR_20221209_143805,671.0,0.112142496
2594,D03,DR_20221209_143805,672.0,0.38846302
2595,D03,DR_20221209_143805,673.0,0.30797774
2596,D03,DR_20221209_143805,674.0,0.18797731
2597,D03,DR_20221209_143805,675.0,0.05632471
2598,D04,DR_20221209_143805,676.0,0.13994071
2599,D04,DR_20221209_143805,677.0,0.37398687
2600,D04,DR_20221209_143805,678.0,0.0036643958
2601,D04,DR_20221209_143805,679.0,0.40440622
2602,D04,DR_20221209_143805,680.0,0.08155215
2603,D04,DR_20221209_143805,681.0,0.22241816
2604,D04,DR_20221209_143805,682.0,0.09918366
2605,D04,DR_20221209_143805,683.0,0.0060605565
2606,D04,DR_20221209_143805,684.0,1.0250863
2607,D05,DR_20221209_143805,685.0,0.046003897
2608,D05,DR_20221209_143805,686.0,0.69480467
2609,D05,DR_20221209_143805,687.0,0.21730837
2610,D05,DR_20221209_143805,688.0,0.15766151
2611,D05,DR_20221209_143805,689.0,0.17192778
2612,D05,DR_20221209_143805,690.0,0.345343
2613,D05,DR_20221209_143805,691.0,0.4436024
2614,D05,DR_20221209_143805,692.0,0.45657957
2615,D05,DR_20221209_143805,693.0,0.17242913
2616,D06,DR_20221209_143805,694.0,0.46072188
2617,D06,DR_20221209_143805,695.0,0.35782623
2618,D06,DR_20221209_143805,696.0,0.7206268
2619,D06,DR_20221209_143805,697.0,-0.013017138
2620,D06,DR_20221209_143805,698.0,0.020290669
2621,D06,DR_20221209_143805,699.0,0.006769757
2622,D06,DR_20221209_143805,700.0,0.30267456
2623,D06,DR_20221209_143805,701.0,0.039734192
2624,D06,DR_20221209_143805,702.0,0.17548835
2625,D07,DR_20221209_143805,703.0,0.46437338
2626,D07,DR_20221209_143805,704.0,0.12119877
2627,D07,DR_20221209_143805,705.0,0.6012301
2628,D07,DR_20221209_143805,706.0,0.010197935
2629,D07,DR_20221209_143805,707.0,0.042282123
2630,D07,DR_20221209_143805,708.0,0.07143038
2631,D07,DR_20221209_143805,709.0,0.027376818
2632,D07,DR_20221209_143805,710.0,0.27850264
2633,D07,DR_20221209_143805,711.0,-0.08482925
2634,D09,DR_20221209_143805,721.0,0.29579854
2635,D09,DR_20221209_143805,722.0,0.23582812
2636,D09,DR_20221209_143805,723.0,0.38013822
2637,D09,DR_20221209_143805,724.0,0.4400336
2638,D09,DR_20221209_143805,725.0,0.40904665
2639,D09,DR_20221209_143805,726.0,0.34638923
2640,D09,DR_20221209_143805,727.0,0.5229081
2641,D09,DR_20221209_143805,728.0,0.28374875
2642,D09,DR_20221209_143805,729.0,0.21109422
2643,D10,DR_20221209_143805,730.0,0.5600328
2644,D10,DR_20221209_143805,731.0,1.0948064
2645,D10,DR_20221209_143805,732.0,0.1345644
2646,D10,DR_20221209_143805,733.0,0.23184028
2647,D10,DR_20221209_143805,734.0,0.96957046
2648,D10,DR_20221209_143805,735.0,0.805445
2649,D10,DR_20221209_143805,736.0,0.47473204
2650,D10,DR_20221209_143805,737.0,0.47246557
2651,D10,DR_20221209_143805,738.0,0.5115449
2652,D11,DR_20221209_143805,739.0,0.60415643
2653,D11,DR_20221209_143805,740.0,0.84335893
2654,D11,DR_20221209_143805,741.0,1.0399036
2655,D11,DR_20221209_143805,742.0,0.42112443
2656,D11,DR_20221209_143805,743.0,0.28463477
2657,D11,DR_20221209_143805,744.0,0.69297636
2658,D11,DR_20221209_143805,745.0,0.65291715
2659,D11,DR_20221209_143805,746.0,0.8352822
2660,D11,DR_20221209_143805,747.0,0.41642308
2661,D12,DR_20221209_143805,748.0,0.34327644
2662,D12,DR_20221209_143805,749.0,0.31250307
2663,D12,DR_20221209_143805,750.0,0.7707545
2664,D12,DR_20221209_143805,751.0,0.46540633
2665,D12,DR_20221209_143805,752.0,0.5801177
2666,D12,DR_20221209_143805,753.0,0.29163104
2667,D12,DR_20221209_143805,754.0,0.8509559
2668,D12,DR_20221209_143805,755.0,0.34415826
2669,D12,DR_20221209_143805,756.0,0.9176198
2670,D13,DR_20221209_143805,757.0,0.62323004
2671,D13,DR_20221209_143805,758.0,1.0179578
2672,D13,DR_20221209_143805,759.0,0.89861876
2673,D13,DR_20221209_143805,760.0,0.7421835
2674,D13,DR_20221209_143805,761.0,0.42532676
2675,D13,DR_20221209_143805,762.0,0.48644337
2676,D13,DR_20221209_143805,763.0,1.0590534
2677,D13,DR_20221209_143805,764.0,0.24450615
2678,D13,DR_20221209_143805,765.0,0.4015411
2679,D14,DR_20221209_143805,766.0,0.17434528
2680,D14,DR_20221209_143805,767.0,0.115386225
2681,D14,DR_20221209_143805,768.0,0.2422275
2682,D14,DR_20221209_143805,769.0,0.26703423
2683,D14,DR_20221209_143805,770.0,0.1763788
2684,D14,DR_20221209_143805,771.0,0.866446
2685,D14,DR_20221209_143805,772.0,0.7219785
2686,D14,DR_20221209_143805,773.0,0.9586674
2687,D14,DR_20221209_143805,774.0,0.5516703
2688,D15,DR_20221209_143805,775.0,0.38240707
2689,D15,DR_20221209_143805,776.0,0.29049528
2690,D15,DR_20221209_143805,777.0,0.68075573
2691,D15,DR_20221209_143805,778.0,0.50214183
2692,D15,DR_20221209_143805,779.0,0.30006504
2693,D15,DR_20221209_143805,780.0,0.40365908
2694,D15,DR_20221209_143805,781.0,0.5963964
2695,D15,DR_20221209_143805,782.0,0.28762347
2696,D15,DR_20221209_143805,783.0,0.070413694
2697,D16,DR_20221209_143805,784.0,0.44801402
2698,D16,DR_20221209_143805,785.0,0.98338264
2699,D16,DR_20221209_143805,786.0,0.4966995
2700,D16,DR_20221209_143805,787.0,0.3261342
2701,D16,DR_20221209_143805,788.0,0.28310356
2702,D16,DR_20221209_143805,789.0,0.90580034
2703,D16,DR_20221209_143805,790.0,0.9424189
2704,D16,DR_20221209_143805,791.0,0.31075054
2705,D16,DR_20221209_143805,792.0,0.49354663
2706,D17,DR_20221209_143805,793.0,0.25796902
2707,D17,DR_20221209_143805,794.0,0.59508693
2708,D17,DR_20221209_143805,795.0,0.78057736
2709,D17,DR_20221209_143805,796.0,0.054860827
2710,D17,DR_20221209_143805,797.0,0.1294028
2711,D17,DR_20221209_143805,798.0,0.5400767
2712,D17,DR_20221209_143805,799.0,0.95170283
2713,D17,DR_20221209_143805,800.0,0.40485564
2714,D17,DR_20221209_143805,801.0,0.94420815
2715,D18,DR_20221209_143805,802.0,0.3779746
2716,D18,DR_20221209_143805,803.0,1.0315576
2717,D18,DR_20221209_143805,804.0,0.9517238
2718,D18,DR_20221209_143805,805.0,0.6213745
2719,D18,DR_20221209_143805,806.0,0.37377772
2720,D18,DR_20221209_143805,807.0,0.5613631
2721,D18,DR_20221209_143805,808.0,0.16476847
2722,D18,DR_20221209_143805,809.0,0.32627565
2723,D18,DR_20221209_143805,810.0,0.45917976
2724,D19,DR_20221209_143805,811.0,0.35736075
2725,D19,DR_20221209_143805,812.0,0.35515693
2726,D19,DR_20221209_143805,813.0,0.49056038
2727,D19,DR_20221209_143805,814.0,0.58763516
2728,D19,DR_20221209_143805,815.0,0.15572818
2729,D19,DR_20221209_143805,816.0,0.4548484
2730,D19,DR_20221209_143805,817.0,0.8561486
2731,D19,DR_20221209_143805,818.0,0.35551772
2732,D19,DR_20221209_143805,819.0,0.50908923
2733,D20,DR_20221209_143805,820.0,0.96145016
2734,D20,DR_20221209_143805,821.0,0.41268557
2735,D20,DR_20221209_143805,822.0,0.36883286
2736,D20,DR_20221209_143805,823.0,0.4998914
2737,D20,DR_20221209_143805,824.0,0.45278016
2738,D20,DR_20221209_143805,825.0,0.35981447
2739,D20,DR_20221209_143805,826.0,0.5893314
2740,D20,DR_20221209_143805,827.0,0.31158036
2741,D20,DR_20221209_143805,828.0,0.2371801
2742,D21,DR_20221209_143805,829.0,0.53762555
2743,D21,DR_20221209_143805,830.0,0.70380175
2744,D21,DR_20221209_143805,831.0,0.28352976
2745,D21,DR_20221209_143805,832.0,0.28809002
2746,D21,DR_20221209_143805,833.0,0.5315929
2747,D21,DR_20221209_143805,834.0,0.36376992
2748,D21,DR_20221209_143805,835.0,0.8435428
2749,D21,DR_20221209_143805,836.0,0.348612
2750,D21,DR_20221209_143805,837.0,0.2691841
2751,D22,DR_20221209_143805,838.0,0.6691974
2752,D22,DR_20221209_143805,839.0,0.8487811
2753,D22,DR_20221209_143805,840.0,0.8257737
2754,D22,DR_20221209_143805,841.0,0.41264367
2755,D22,DR_20221209_143805,842.0,0.3735542
2756,D22,DR_20221209_143805,843.0,0.35453638
2757,D22,DR_20221209_143805,844.0,0.9009518
2758,D22,DR_20221209_143805,845.0,0.37361556
2759,D22,DR_20221209_143805,846.0,0.8730689
2796,E03,DR_20221209_143805,883.0,0.5835364
2797,E03,DR_20221209_143805,884.0,0.13874176
2798,E03,DR_20221209_143805,885.0,0.6677999
2799,E03,DR_20221209_143805,886.0,0.1007482
2800,E03,DR_20221209_143805,887.0,0.0744196
2801,E03,DR_20221209_143805,888.0,0.47301507
2802,E03,DR_20221209_143805,889.0,0.032262105
2803,E03,DR_20221209_143805,890.0,0.11109435
2804,E03,DR_20221209_143805,891.0,0.018676613
2805,E04,DR_20221209_143805,892.0,0.68365866
2806,E04,DR_20221209_143805,893.0,0.21426588
2807,E04,DR_20221209_143805,894.0,0.7608367
2808,E04,DR_20221209_143805,895.0,-0.06287894
2809,E04,DR_20221209_143805,896.0,0.13992469
2810,E04,DR_20221209_143805,897.0,0.31848055
2811,E04,DR_20221209_143805,898.0,0.5326262
2812,E04,DR_20221209_143805,899.0,-0.029500825
2813,E04,DR_20221209_143805,900.0,0.07559183
2814,E05,DR_20221209_143805,901.0,0.58939606
2815,E05,DR_20221209_143805,902.0,0.76633966
2816,E05,DR_20221209_143805,903.0,0.007845303
2817,E05,DR_20221209_143805,904.0,-0.0763056
2818,E05,DR_20221209_143805,905.0,0.795203
2819,E05,DR_20221209_143805,906.0,0.6760056
2820,E05,DR_20221209_143805,907.0,0.21138127
2821,E05,DR_20221209_143805,908.0,0.18532526
2822,E05,DR_20221209_143805,909.0,0.027880872
2823,E06,DR_20221209_143805,910.0,0.70725477
2824,E06,DR_20221209_143805,911.0,0.38782075
2825,E06,DR_20221209_143805,912.0,0.28176522
2826,E06,DR_20221209_143805,913.0,0.08440492
2827,E06,DR_20221209_143805,914.0,0.21219757
2828,E06,DR_20221209_143805,915.0,0.6193281
2829,E06,DR_20221209_143805,916.0,0.31039876
2830,E06,DR_20221209_143805,917.0,0.4532692
2831,E06,DR_20221209_143805,918.0,0.21612746
2832,E07,DR_20221209_143805,919.0,0.32300812
2833,E07,DR_20221209_143805,920.0,0.15392126
2834,E07,DR_20221209_143805,921.0,0.023791052
2835,E07,DR_20221209_143805,922.0,0.33351156
2836,E07,DR_20221209_143805,923.0,0.14955047
2837,E07,DR_20221209_143805,924.0,0.18740539
2838,E07,DR_20221209_143805,925.0,0.38970217
2839,E07,DR_20221209_143805,926.0,0.036477517
2840,E07,DR_20221209_143805,927.0,0.064326815
2841,E08,DR_20221209_143805,928.0,0.04995241
2842,E08,DR_20221209_143805,929.0,0.060019
2843,E08,DR_20221209_143805,930.0,0.77874357
2844,E08,DR_20221209_143805,931.0,0.12773295
2845,E08,DR_20221209_143805,932.0,0.10412701
2846,E08,DR_20221209_143805,933.0,0.10851682
2847,E08,DR_20221209_143805,934.0,0.39929652
2848,E08,DR_20221209_143805,935.0,0.04633102
2849,E08,DR_20221209_143805,936.0,-0.041418552
2850,E09,DR_20221209_143805,937.0,0.32212162
2851,E09,DR_20221209_143805,938.0,0.3683421
2852,E09,DR_20221209_143805,939.0,0.5170542
2853,E09,DR_20221209_143805,940.0,0.33067292
2854,E09,DR_20221209_143805,941.0,0.35659835
2855,E09,DR_20221209_143805,942.0,0.4711854
2856,E09,DR_20221209_143805,943.0,0.36851984
2857,E09,DR_20221209_143805,944.0,0.29191434
2858,E09,DR_20221209_143805,945.0,0.40038243
2859,E10,DR_20221209_143805,946.0,0.60336035
2860,E10,DR_20221209_143805,947.0,0.9430837
2861,E10,DR_20221209_143805,948.0,0.85396355
2862,E10,DR_20221209_143805,949.0,0.8329611
2863,E10,DR_20221209_143805,950.0,0.3826066
2864,E10,DR_20221209_143805,951.0,1.0090128
2865,E10,DR_20221209_143805,952.0,0.08945327
2866,E10,DR_20221209_143805,953.0,0.58776486
2867,E10,DR_20221209_143805,954.0,0.57147104
2868,E11,DR_20221209_143805,955.0,0.3050754
2869,E11,DR_20221209_143805,956.0,0.88222355
2870,E11,DR_20221209_143805,957.0,0.98200905
2871,E11,DR_20221209_143805,958.0,0.90991956
2872,E11,DR_20221209_143805,959.0,0.3630486
2873,E11,DR_20221209_143805,960.0,0.8475637
2874,E11,DR_20221209_143805,961.0,0.534329
2875,E11,DR_20221209_143805,962.0,0.60376906
2876,E11,DR_20221209_143805,963.0,1.0423163
2877,E12,DR_20221209_143805,964.0,0.43418568
2878,E12,DR_20221209_143805,965.0,0.4278439
2879,E12,DR_20221209_143805,966.0,0.8185783
2880,E12,DR_20221209_143805,967.0,1.049818
2881,E12,DR_20221209_143805,968.0,0.5736297
2882,E12,DR_20221209_143805,969.0,0.3273476
2883,E12,DR_20221209_143805,970.0,0.6448739
2884,E12,DR_20221209_143805,971.0,0.27298582
2885,E12,DR_20221209_143805,972.0,0.8891364
2886,E13,DR_20221209_143805,973.0,0.769023
2887,E13,DR_20221209_143805,974.0,0.44149482
2888,E13,DR_20221209_143805,975.0,0.8611701
2889,E13,DR_20221209_143805,976.0,0.49955022
2890,E13,DR_20221209_143805,977.0,0.52429724
2891,E13,DR_20221209_143805,978.0,0.6057177
2892,E13,DR_20221209_143805,979.0,0.5056321
2893,E13,DR_20221209_143805,980.0,0.5299028
2894,E13,DR_20221209_143805,981.0,0.44473997
2895,E14,DR_20221209_143805,982.0,0.82771254
2896,E14,DR_20221209_143805,983.0,0.38910288
2897,E14,DR_20221209_143805,984.0,0.6550182
2898,E14,DR_20221209_143805,985.0,0.30660367
2899,E14,DR_20221209_143805,986.0,0.24871607
2900,E14,DR_20221209_143805,987.0,0.5745767
2901,E14,DR_20221209_143805,988.0,0.94460315
2902,E14,DR_20221209_143805,989.0,0.2150439
2903,E14,DR_20221209_143805,990.0,0.7477868
2904,E15,DR_20221209_143805,991.0,0.45669037
2905,E15,DR_20221209_143805,992.0,0.5716626
2906,E15,DR_20221209_143805,993.0,0.32011887
2907,E15,DR_20221209_143805,994.0,0.0725202
2908,E15,DR_20221209_143805,995.0,0.34013885
2909,E15,DR_20221209_143805,996.0,0.39654878
2910,E15,DR_20221209_143805,997.0,0.70032614
2911,E15,DR_20221209_143805,998.0,0.6687998
2912,E15,DR_20221209_143805,999.0,0.8127462
2913,E16,DR_20221209_143805,1000.0,0.62366235
2914,E16,DR_20221209_143805,1001.0,0.80536747
2915,E16,DR_20221209_143805,1002.0,0.37713298
2916,E16,DR_20221209_143805,1003.0,0.61544853
2917,E16,DR_20221209_143805,1004.0,0.3308213
2918,E16,DR_20221209_143805,1005.0,0.94478345
2919,E16,DR_20221209_143805,1006.0,0.4557444
2920,E16,DR_20221209_143805,1007.0,0.31291574
2921,E16,DR_20221209_143805,1008.0,0.437457
2922,E17,DR_20221209_143805,1009.0,0.5834144
2923,E17,DR_20221209_143805,1010.0,0.51007646
2924,E17,DR_20221209_143805,1011.0,1.033105
2925,E17,DR_20221209_143805,1012.0,0.48387748
2926,E17,DR_20221209_143805,1013.0,0.5355895
2927,E17,DR_20221209_143805,1014.0,0.53460056
2928,E17,DR_20221209_143805,1015.0,0.3897713
2929,E17,DR_20221209_143805,1016.0,0.44699818
2930,E17,DR_20221209_143805,1017.0,0.7395493
2931,E18,DR_20221209_143805,1018.0,0.4252934
2932,E18,DR_20221209_143805,1019.0,0.84239763
2933,E18,DR_20221209_143805,1020.0,0.24647866
2934,E18,DR_20221209_143805,1021.0,0.37399125
2935,E18,DR_20221209_143805,1022.0,0.3881555
2936,E18,DR_20221209_143805,1023.0,0.3597601
2937,E18,DR_20221209_143805,1024.0,0.15416792
2938,E18,DR_20221209_143805,1025.0,0.54591906
2939,E18,DR_20221209_143805,1026.0,0.8862026
2940,E19,DR_20221209_143805,1027.0,0.36314994
2941,E19,DR_20221209_143805,1028.0,0.52679944
2942,E19,DR_20221209_143805,1029.0,0.9282219
2943,E19,DR_20221209_143805,1030.0,0.15842582
2944,E19,DR_20221209_143805,1031.0,0.37038976
2945,E19,DR_20221209_143805,1032.0,0.31866854
2946,E19,DR_20221209_143805,1033.0,0.58320105
2947,E19,DR_20221209_143805,1034.0,0.96989435
2948,E19,DR_20221209_143805,1035.0,0.79199046
2949,E20,DR_20221209_143805,1036.0,0.36541334
2950,E20,DR_20221209_143805,1037.0,0.5890256
2951,E20,DR_20221209_143805,1038.0,1.0556053
2952,E20,DR_20221209_143805,1039.0,0.84966767
2953,E20,DR_20221209_143805,1040.0,0.565821
2954,E20,DR_20221209_143805,1041.0,0.31946304
2955,E20,DR_20221209_143805,1042.0,0.95218456
2956,E20,DR_20221209_143805,1043.0,0.4945133
2957,E20,DR_20221209_143805,1044.0,0.35587728
2958,E21,DR_20221209_143805,1045.0,0.40270358
2959,E21,DR_20221209_143805,1046.0,0.25066516
2960,E21,DR_20221209_143805,1047.0,0.35198376
2961,E21,DR_20221209_143805,1048.0,0.32563272
2962,E21,DR_20221209_143805,1049.0,0.34118786
2963,E21,DR_20221209_143805,1050.0,0.3769851
2964,E21,DR_20221209_143805,1051.0,0.63378716
2965,E21,DR_20221209_143805,1052.0,0.39560255
2966,E21,DR_20221209_143805,1053.0,0.9672435
2967,E22,DR_20221209_143805,1054.0,0.15745568
2968,E22,DR_20221209_143805,1055.0,0.3490876
2969,E22,DR_20221209_143805,1056.0,0.2699395
2970,E22,DR_20221209_143805,1057.0,0.7680136
2971,E22,DR_20221209_143805,1058.0,0.5687957
2972,E22,DR_20221209_143805,1059.0,0.3115787
2973,E22,DR_20221209_143805,1060.0,0.33300003
2974,E22,DR_20221209_143805,1061.0,0.3203041
2975,E22,DR_20221209_143805,1062.0,0.9701935
3012,F03,DR_20221209_143805,1099.0,-0.01109244
3013,F03,DR_20221209_143805,1100.0,0.13405754
3014,F03,DR_20221209_143805,1101.0,-0.008022215
3015,F03,DR_20221209_143805,1102.0,0.74845934
3016,F03,DR_20221209_143805,1103.0,0.81581324
3017,F03,DR_20221209_143805,1104.0,0.56083155
3018,F03,DR_20221209_143805,1105.0,0.09320915
3019,F03,DR_20221209_143805,1106.0,-0.037835546
3020,F03,DR_20221209_143805,1107.0,0.07226656
3021,F04,DR_20221209_143805,1108.0,0.51877946
3022,F04,DR_20221209_143805,1109.0,0.43776393
3023,F04,DR_20221209_143805,1110.0,0.62271035
3024,F04,DR_20221209_143805,1111.0,0.19486114
3025,F04,DR_20221209_143805,1112.0,0.0156233385
3026,F04,DR_20221209_143805,1113.0,0.09597405
3027,F04,DR_20221209_143805,1114.0,0.38368386
3028,F04,DR_20221209_143805,1115.0,-0.043455202
3029,F04,DR_20221209_143805,1116.0,0.04571176
3030,F05,DR_20221209_143805,1117.0,0.58901155
3031,F05,DR_20221209_143805,1118.0,-0.003305939
3032,F05,DR_20221209_143805,1119.0,0.19903664
3033,F05,DR_20221209_143805,1120.0,-0.1381021
3034,F05,DR_20221209_143805,1121.0,0.7876296
3035,F05,DR_20221209_143805,1122.0,-0.045320496
3036,F05,DR_20221209_143805,1123.0,0.29862395
3037,F05,DR_20221209_143805,1124.0,0.028934378
3038,F05,DR_20221209_143805,1125.0,0.09326353
3039,F06,DR_20221209_143805,1126.0,0.03634851
3040,F06,DR_20221209_143805,1127.0,0.013429918
3041,F06,DR_20221209_143805,1128.0,0.26981673
3042,F06,DR_20221209_143805,1129.0,-0.039965656
3043,F06,DR_20221209_143805,1130.0,-0.09214543
3044,F06,DR_20221209_143805,1131.0,0.03779328
3045,F06,DR_20221209_143805,1132.0,0.0029881909
3046,F06,DR_20221209_143805,1133.0,0.08982345
3047,F06,DR_20221209_143805,1134.0,0.11514085
3048,F07,DR_20221209_143805,1135.0,0.04067163
3049,F07,DR_20221209_143805,1136.0,0.18134637
3050,F07,DR_20221209_143805,1137.0,0.5465603
3051,F07,DR_20221209_143805,1138.0,0.21576092
3052,F07,DR_20221209_143805,1139.0,0.0037555536
3053,F07,DR_20221209_143805,1140.0,0.12580538
3054,F07,DR_20221209_143805,1141.0,0.0066614496
3055,F07,DR_20221209_143805,1142.0,0.35459182
3056,F07,DR_20221209_143805,1143.0,0.03129966
3057,F08,DR_20221209_143805,1144.0,-0.041722357
3058,F08,DR_20221209_143805,1145.0,0.023631742
3059,F08,DR_20221209_143805,1146.0,0.022059701
3060,F08,DR_20221209_143805,1147.0,0.12837794
3061,F08,DR_20221209_143805,1148.0,0.14799993
3062,F08,DR_20221209_143805,1149.0,0.020087479
3063,F08,DR_20221209_143805,1150.0,0.08229735
3064,F08,DR_20221209_143805,1151.0,-0.08590963
3065,F08,DR_20221209_143805,1152.0,0.0246188
3066,F09,DR_20221209_143805,1153.0,0.30575544
3067,F09,DR_20221209_143805,1154.0,0.33537957
3068,F09,DR_20221209_143805,1155.0,0.38396996
3069,F09,DR_20221209_143805,1156.0,0.35968414
3070,F09,DR_20221209_143805,1157.0,0.4421331
3071,F09,DR_20221209_143805,1158.0,0.4193156
3072,F09,DR_20221209_143805,1159.0,0.38508865
3073,F09,DR_20221209_143805,1160.0,0.19999145
3074,F09,DR_20221209_143805,1161.0,0.424
3075,F10,DR_20221209_143805,1162.0,0.3978842
3076,F10,DR_20221209_143805,1163.0,0.83286947
3077,F10,DR_20221209_143805,1164.0,0.47805527
3078,F10,DR_20221209_143805,1165.0,1.0366875
3079,F10,DR_20221209_143805,1166.0,0.32316625
3080,F10,DR_20221209_143805,1167.0,0.326719
3081,F10,DR_20221209_143805,1168.0,0.40359956
3082,F10,DR_20221209_143805,1169.0,0.046445895
3083,F10,DR_20221209_143805,1170.0,0.5351778
3084,F11,DR_20221209_143805,1171.0,0.37608364
3085,F11,DR_20221209_143805,1172.0,0.3571073
3086,F11,DR_20221209_143805,1173.0,0.9688397
3087,F11,DR_20221209_143805,1174.0,0.30503842
3088,F11,DR_20221209_143805,1175.0,0.3445701
3089,F11,DR_20221209_143805,1176.0,0.40249676
3090,F11,DR_20221209_143805,1177.0,1.143548
3091,F11,DR_20221209_143805,1178.0,0.37315664
3092,F11,DR_20221209_143805,1179.0,0.9103655
3093,F12,DR_20221209_143805,1180.0,0.7700149
3094,F12,DR_20221209_143805,1181.0,0.42969245
3095,F12,DR_20221209_143805,1182.0,0.75824267
3096,F12,DR_20221209_143805,1183.0,0.25276065
3097,F12,DR_20221209_143805,1184.0,0.3512994
3098,F12,DR_20221209_143805,1185.0,0.44795236
3099,F12,DR_20221209_143805,1186.0,0.49113542
3100,F12,DR_20221209_143805,1187.0,0.13453828
3101,F12,DR_20221209_143805,1188.0,0.39879635
3102,F13,DR_20221209_143805,1189.0,0.9574248
3103,F13,DR_20221209_143805,1190.0,0.901911
3104,F13,DR_20221209_143805,1191.0,0.76633996
3105,F13,DR_20221209_143805,1192.0,0.07173665
3106,F13,DR_20221209_143805,1193.0,0.5938201
3107,F13,DR_20221209_143805,1194.0,0.60336953
3108,F13,DR_20221209_143805,1195.0,0.387995
3109,F13,DR_20221209_143805,1196.0,0.28093234
3110,F13,DR_20221209_143805,1197.0,0.5638114
3111,F14,DR_20221209_143805,1198.0,0.5163595
3112,F14,DR_20221209_143805,1199.0,0.37128168
3113,F14,DR_20221209_143805,1200.0,0.57422245
3114,F14,DR_20221209_143805,1201.0,0.54866517
3115,F14,DR_20221209_143805,1202.0,0.23759127
3116,F14,DR_20221209_143805,1203.0,0.41086447
3117,F14,DR_20221209_143805,1204.0,0.6263801
3118,F14,DR_20221209_143805,1205.0,0.33532926
3119,F14,DR_20221209_143805,1206.0,0.27222943
3120,F15,DR_20221209_143805,1207.0,0.57558966
3121,F15,DR_20221209_143805,1208.0,0.8782263
3122,F15,DR_20221209_143805,1209.0,0.75602525
3123,F15,DR_20221209_143805,1210.0,0.35567063
3124,F15,DR_20221209_143805,1211.0,0.29645061
3125,F15,DR_20221209_143805,1212.0,0.45522442
3126,F15,DR_20221209_143805,1213.0,0.43456346
3127,F15,DR_20221209_143805,1214.0,0.11713793
3128,F15,DR_20221209_143805,1215.0,0.7921909
3129,F16,DR_20221209_143805,1216.0,0.28652507
3130,F16,DR_20221209_143805,1217.0,0.37020513
3131,F16,DR_20221209_143805,1218.0,0.5248991
3132,F16,DR_20221209_143805,1219.0,0.56652117
3133,F16,DR_20221209_143805,1220.0,0.32444745
3134,F16,DR_20221209_143805,1221.0,0.6609728
3135,F16,DR_20221209_143805,1222.0,0.47965252
3136,F16,DR_20221209_143805,1223.0,0.27051196
3137,F16,DR_20221209_143805,1224.0,0.23817922
3138,F17,DR_20221209_143805,1225.0,0.2640335
3139,F17,DR_20221209_143805,1226.0,0.11617748
3140,F17,DR_20221209_143805,1227.0,0.47970682
3141,F17,DR_20221209_143805,1228.0,0.30123404
3142,F17,DR_20221209_143805,1229.0,0.35082048
3143,F17,DR_20221209_143805,1230.0,0.24808234
3144,F17,DR_20221209_143805,1231.0,0.34271207
3145,F17,DR_20221209_143805,1232.0,0.84409827
3146,F17,DR_20221209_143805,1233.0,0.31876823
3147,F18,DR_20221209_143805,1234.0,0.29120544
3148,F18,DR_20221209_143805,1235.0,0.70612806
3149,F18,DR_20221209_143805,1236.0,0.10483986
3150,F18,DR_20221209_143805,1237.0,0.27619067
3151,F18,DR_20221209_143805,1238.0,0.3253148
3152,F18,DR_20221209_143805,1239.0,0.13366519
3153,F18,DR_20221209_143805,1240.0,0.34014806
3154,F18,DR_20221209_143805,1241.0,0.28618258
3155,F18,DR_20221209_143805,1242.0,0.527926
3156,F19,DR_20221209_143805,1243.0,0.8458362
3157,F19,DR_20221209_143805,1244.0,0.29244348
3158,F19,DR_20221209_143805,1245.0,0.8690409
3159,F19,DR_20221209_143805,1246.0,0.1625551
3160,F19,DR_20221209_143805,1247.0,0.32431108
3161,F19,DR_20221209_143805,1248.0,1.0676938
3162,F19,DR_20221209_143805,1249.0,0.3190882
3163,F19,DR_20221209_143805,1250.0,0.8906801
3164,F19,DR_20221209_143805,1251.0,0.23776203
3165,F20,DR_20221209_143805,1252.0,0.29804945
3166,F20,DR_20221209_143805,1253.0,0.5022312
3167,F20,DR_20221209_143805,1254.0,0.47125214
3168,F20,DR_20221209_143805,1255.0,0.2662275
3169,F20,DR_20221209_143805,1256.0,0.850333
3170,F20,DR_20221209_143805,1257.0,0.42376173
3171,F20,DR_20221209_143805,1258.0,1.0586485
3172,F20,DR_20221209_143805,1259.0,0.2958792
3173,F20,DR_20221209_143805,1260.0,-0.03118153
3174,F21,DR_20221209_143805,1261.0,0.7296345
3175,F21,DR_20221209_143805,1262.0,0.8004008
3176,F21,DR_20221209_143805,1263.0,0.9393516
3177,F21,DR_20221209_143805,1264.0,0.7690206
3178,F21,DR_20221209_143805,1265.0,0.37377763
3179,F21,DR_20221209_143805,1266.0,0.59123945
3180,F21,DR_20221209_143805,1267.0,0.36950278
3181,F21,DR_20221209_143805,1268.0,0.49565348
3182,F21,DR_20221209_143805,1269.0,0.30979595
3183,F22,DR_20221209_143805,1270.0,0.41932365
3184,F22,DR_20221209_143805,1271.0,0.5717893
3185,F22,DR_20221209_143805,1272.0,0.79386556
3186,F22,DR_20221209_143805,1273.0,0.40249956
3187,F22,DR_20221209_143805,1274.0,0.42401245
3188,F22,DR_20221209_143805,1275.0,0.4265388
3189,F22,DR_20221209_143805,1276.0,1.0675455
3190,F22,DR_20221209_143805,1277.0,0.55670345
3191,F22,DR_20221209_143805,1278.0,0.8695778
3228,G03,DR_20221209_143805,1315.0,0.3773131
3229,G03,DR_20221209_143805,1316.0,0.37645796
3230,G03,DR_20221209_143805,1317.0,0.44454956
3231,G03,DR_20221209_143805,1318.0,0.32985577
3232,G03,DR_20221209_143805,1319.0,0.3435378
3233,G03,DR_20221209_143805,1320.0,0.3739509
3234,G03,DR_20221209_143805,1321.0,0.39295864
3235,G03,DR_20221209_143805,1322.0,0.3334915
3236,G03,DR_20221209_143805,1323.0,0.51846653
3237,G04,DR_20221209_143805,1324.0,0.552394
3238,G04,DR_20221209_143805,1325.0,0.28814045
3239,G04,DR_20221209_143805,1326.0,0.41308263
3240,G04,DR_20221209_143805,1327.0,0.36715043
3241,G04,DR_20221209_143805,1328.0,0.39405042
3242,G04,DR_20221209_143805,1329.0,0.35527286
3243,G04,DR_20221209_143805,1330.0,0.7651158
3244,G04,DR_20221209_143805,1331.0,0.06947629
3245,G04,DR_20221209_143805,1332.0,0.53122467
3246,G05,DR_20221209_143805,1333.0,0.27254194
3247,G05,DR_20221209_143805,1334.0,0.34705415
3248,G05,DR_20221209_143805,1335.0,0.4528337
3249,G05,DR_20221209_143805,1336.0,0.54495513
3250,G05,DR_20221209_143805,1337.0,0.5064161
3251,G05,DR_20221209_143805,1338.0,0.44405305
3252,G05,DR_20221209_143805,1339.0,0.2560362
3253,G05,DR_20221209_143805,1340.0,0.47872296
3254,G05,DR_20221209_143805,1341.0,0.43041956
3255,G06,DR_20221209_143805,1342.0,0.38553548
3256,G06,DR_20221209_143805,1343.0,0.57700986
3257,G06,DR_20221209_143805,1344.0,0.4808822
3258,G06,DR_20221209_143805,1345.0,0.34521767
3259,G06,DR_20221209_143805,1346.0,0.361013
3260,G06,DR_20221209_143805,1347.0,0.3371657
3261,G06,DR_20221209_143805,1348.0,0.42820492
3262,G06,DR_20221209_143805,1349.0,0.50529975
3263,G06,DR_20221209_143805,1350.0,0.34831786
3264,G07,DR_20221209_143805,1351.0,0.56273246
3265,G07,DR_20221209_143805,1352.0,0.36621672
3266,G07,DR_20221209_143805,1353.0,0.65587264
3267,G07,DR_20221209_143805,1354.0,0.31734306
3268,G07,DR_20221209_143805,1355.0,0.33106413
3269,G07,DR_20221209_143805,1356.0,0.83174056
3270,G07,DR_20221209_143805,1357.0,0.4069558
3271,G07,DR_20221209_143805,1358.0,0.28578115
3272,G07,DR_20221209_143805,1359.0,0.6287447
3273,G08,DR_20221209_143805,1360.0,0.13306448
3274,G08,DR_20221209_143805,1361.0,0.9939343
3275,G08,DR_20221209_143805,1362.0,0.79752773
3276,G08,DR_20221209_143805,1363.0,0.90999013
3277,G08,DR_20221209_143805,1364.0,0.3206578
3278,G08,DR_20221209_143805,1365.0,0.47273958
3279,G08,DR_20221209_143805,1366.0,0.5176888
3280,G08,DR_20221209_143805,1367.0,0.3175167
3281,G08,DR_20221209_143805,1368.0,0.64192
3282,G09,DR_20221209_143805,1369.0,0.43509862
3283,G09,DR_20221209_143805,1370.0,0.38786194
3284,G09,DR_20221209_143805,1371.0,0.5951631
3285,G09,DR_20221209_143805,1372.0,0.8806879
3286,G09,DR_20221209_143805,1373.0,0.87973243
3287,G09,DR_20221209_143805,1374.0,0.29812464
3288,G09,DR_20221209_143805,1375.0,0.49705762
3289,G09,DR_20221209_143805,1376.0,0.45166945
3290,G09,DR_20221209_143805,1377.0,0.97918516
3291,G10,DR_20221209_143805,1378.0,0.3398456
3292,G10,DR_20221209_143805,1379.0,0.5025244
3293,G10,DR_20221209_143805,1380.0,0.9386055
3294,G10,DR_20221209_143805,1381.0,0.8657247
3295,G10,DR_20221209_143805,1382.0,0.36425084
3296,G10,DR_20221209_143805,1383.0,0.48591173
3297,G10,DR_20221209_143805,1384.0,0.9544517
3298,G10,DR_20221209_143805,1385.0,0.14217383
3299,G10,DR_20221209_143805,1386.0,0.62990177
3300,G11,DR_20221209_143805,1387.0,0.42855185
3301,G11,DR_20221209_143805,1388.0,0.28462365
3302,G11,DR_20221209_143805,1389.0,0.7177705
3303,G11,DR_20221209_143805,1390.0,0.42925882
3304,G11,DR_20221209_143805,1391.0,0.41384304
3305,G11,DR_20221209_143805,1392.0,0.32684705
3306,G11,DR_20221209_143805,1393.0,0.91187423
3307,G11,DR_20221209_143805,1394.0,0.4485224
3308,G11,DR_20221209_143805,1395.0,0.39302537
3309,G12,DR_20221209_143805,1396.0,0.33676383
3310,G12,DR_20221209_143805,1397.0,0.41041812
3311,G12,DR_20221209_143805,1398.0,0.41135234
3312,G12,DR_20221209_143805,1399.0,1.0971553
3313,G12,DR_20221209_143805,1400.0,0.41179347
3314,G12,DR_20221209_143805,1401.0,0.33224154
3315,G12,DR_20221209_143805,1402.0,0.5898952
3316,G12,DR_20221209_143805,1403.0,0.15337664
3317,G12,DR_20221209_143805,1404.0,0.8445117
3318,G13,DR_20221209_143805,1405.0,0.5935982
3319,G13,DR_20221209_143805,1406.0,0.4191253
3320,G13,DR_20221209_143805,1407.0,0.6388186
3321,G13,DR_20221209_143805,1408.0,0.11912937
3322,G13,DR_20221209_143805,1409.0,0.41632396
3323,G13,DR_20221209_143805,1410.0,0.3926219
3324,G13,DR_20221209_143805,1411.0,0.46900034
3325,G13,DR_20221209_143805,1412.0,0.5790122
3326,G13,DR_20221209_143805,1413.0,0.99135613
3327,G14,DR_20221209_143805,1414.0,0.14283408
3328,G14,DR_20221209_143805,1415.0,0.37783507
3329,G14,DR_20221209_143805,1416.0,1.1294299
3330,G14,DR_20221209_143805,1417.0,0.40297532
3331,G14,DR_20221209_143805,1418.0,0.38895273
3332,G14,DR_20221209_143805,1419.0,0.37852344
3333,G14,DR_20221209_143805,1420.0,0.5272144
3334,G14,DR_20221209_143805,1421.0,0.54787725
3335,G14,DR_20221209_143805,1422.0,0.9121156
3336,G15,DR_20221209_143805,1423.0,0.4498095
3337,G15,DR_20221209_143805,1424.0,0.5897238
3338,G15,DR_20221209_143805,1425.0,0.33335763
3339,G15,DR_20221209_143805,1426.0,0.48818475
3340,G15,DR_20221209_143805,1427.0,0.3910339
3341,G15,DR_20221209_143805,1428.0,0.44846773
3342,G15,DR_20221209_143805,1429.0,0.19922026
3343,G15,DR_20221209_143805,1430.0,0.9930147
3344,G15,DR_20221209_143805,1431.0,0.5411244
3345,G16,DR_20221209_143805,1432.0,0.39800936
3346,G16,DR_20221209_143805,1433.0,0.28382006
3347,G16,DR_20221209_143805,1434.0,0.77620184
3348,G16,DR_20221209_143805,1435.0,0.09918208
3349,G16,DR_20221209_143805,1436.0,0.46267092
3350,G16,DR_20221209_143805,1437.0,0.709878
3351,G16,DR_20221209_143805,1438.0,0.21340513
3352,G16,DR_20221209_143805,1439.0,0.42422143
3353,G16,DR_20221209_143805,1440.0,0.70145756
3354,G17,DR_20221209_143805,1441.0,0.24005349
3355,G17,DR_20221209_143805,1442.0,0.3691986
3356,G17,DR_20221209_143805,1443.0,0.7078008
3357,G17,DR_20221209_143805,1444.0,0.8277943
3358,G17,DR_20221209_143805,1445.0,0.30464104
3359,G17,DR_20221209_143805,1446.0,0.82436186
3360,G17,DR_20221209_143805,1447.0,0.5225079
3361,G17,DR_20221209_143805,1448.0,0.3557773
3362,G17,DR_20221209_143805,1449.0,0.6536642
3363,G18,DR_20221209_143805,1450.0,0.5059624
3364,G18,DR_20221209_143805,1451.0,0.3336911
3365,G18,DR_20221209_143805,1452.0,0.44230935
3366,G18,DR_20221209_143805,1453.0,0.42433614
3367,G18,DR_20221209_143805,1454.0,0.4682437
3368,G18,DR_20221209_143805,1455.0,0.26097065
3369,G18,DR_20221209_143805,1456.0,0.28476024
3370,G18,DR_20221209_143805,1457.0,0.28070402
3371,G18,DR_20221209_143805,1458.0,0.97976583
3372,G19,DR_20221209_143805,1459.0,0.85008234
3373,G19,DR_20221209_143805,1460.0,0.5027025
3374,G19,DR_20221209_143805,1461.0,0.08402537
3375,G19,DR_20221209_143805,1462.0,0.43358713
3376,G19,DR_20221209_143805,1463.0,0.4848075
3377,G19,DR_20221209_143805,1464.0,0.362304
3378,G19,DR_20221209_143805,1465.0,0.4639328
3379,G19,DR_20221209_143805,1466.0,0.32098266
3380,G19,DR_20221209_143805,1467.0,0.87755364
3381,G20,DR_20221209_143805,1468.0,0.32640517
3382,G20,DR_20221209_143805,1469.0,0.8830178
3383,G20,DR_20221209_143805,1470.0,0.89970225
3384,G20,DR_20221209_143805,1471.0,0.29258236
3385,G20,DR_20221209_143805,1472.0,0.4104406
3386,G20,DR_20221209_143805,1473.0,0.5399393
3387,G20,DR_20221209_143805,1474.0,0.4115503
3388,G20,DR_20221209_143805,1475.0,0.85622126
3389,G20,DR_20221209_143805,1476.0,0.49930066
3390,G21,DR_20221209_143805,1477.0,0.47990483
3391,G21,DR_20221209_143805,1478.0,0.31451157
3392,G21,DR_20221209_143805,1479.0,0.5144192
3393,G21,DR_20221209_143805,1480.0,0.4094466
3394,G21,DR_20221209_143805,1481.0,0.30340886
3395,G21,DR_20221209_143805,1482.0,0.33220047
3396,G21,DR_20221209_143805,1483.0,0.42287686
3397,G21,DR_20221209_143805,1484.0,0.34035012
3398,G21,DR_20221209_143805,1485.0,0.57385993
3399,G22,DR_20221209_143805,1486.0,0.7870732
3400,G22,DR_20221209_143805,1487.0,0.41960427
3401,G22,DR_20221209_143805,1488.0,0.9789578
3402,G22,DR_20221209_143805,1489.0,0.3985551
3403,G22,DR_20221209_143805,1490.0,0.35818058
3404,G22,DR_20221209_143805,1491.0,0.5150469
3405,G22,DR_20221209_143805,1492.0,0.4547754
3406,G22,DR_20221209_143805,1493.0,0.38197312
3407,G22,DR_20221209_143805,1494.0,1.0027852
3444,H03,DR_20221209_143805,1531.0,0.49204823
3445,H03,DR_20221209_143805,1532.0,0.43481055
3446,H03,DR_20221209_143805,1533.0,0.9201688
3447,H03,DR_20221209_143805,1534.0,0.34513733
3448,H03,DR_20221209_143805,1535.0,0.37241736
3449,H03,DR_20221209_143805,1536.0,0.39067933
3450,H03,DR_20221209_143805,1537.0,1.0233476
3451,H03,DR_20221209_143805,1538.0,0.429355
3452,H03,DR_20221209_143805,1539.0,0.92598116
3453,H04,DR_20221209_143805,1540.0,0.54940176
3454,H04,DR_20221209_143805,1541.0,0.23310107
3455,H04,DR_20221209_143805,1542.0,0.19570465
3456,H04,DR_20221209_143805,1543.0,0.38396195
3457,H04,DR_20221209_143805,1544.0,0.34409192
3458,H04,DR_20221209_143805,1545.0,0.31682912
3459,H04,DR_20221209_143805,1546.0,0.40892285
3460,H04,DR_20221209_143805,1547.0,0.3862986
3461,H04,DR_20221209_143805,1548.0,0.4120738
3462,H05,DR_20221209_143805,1549.0,0.39328057
3463,H05,DR_20221209_143805,1550.0,0.49707866
3464,H05,DR_20221209_143805,1551.0,0.49046606
3465,H05,DR_20221209_143805,1552.0,0.46308446
3466,H05,DR_20221209_143805,1553.0,0.3682451
3467,H05,DR_20221209_143805,1554.0,0.34880036
3468,H05,DR_20221209_143805,1555.0,0.52515197
3469,H05,DR_20221209_143805,1556.0,0.37073183
3470,H05,DR_20221209_143805,1557.0,0.34682757
3471,H06,DR_20221209_143805,1558.0,0.27759224
3472,H06,DR_20221209_143805,1559.0,0.43741336
3473,H06,DR_20221209_143805,1560.0,0.5332076
3474,H06,DR_20221209_143805,1561.0,0.48170263
3475,H06,DR_20221209_143805,1562.0,0.37350774
3476,H06,DR_20221209_143805,1563.0,0.42127454
3477,H06,DR_20221209_143805,1564.0,0.40293327
3478,H06,DR_20221209_143805,1565.0,0.54158264
3479,H06,DR_20221209_143805,1566.0,0.35945305
3480,H07,DR_20221209_143805,1567.0,0.40407208
3481,H07,DR_20221209_143805,1568.0,0.3993435
3482,H07,DR_20221209_143805,1569.0,0.26910186
3483,H07,DR_20221209_143805,1570.0,0.31473774
3484,H07,DR_20221209_143805,1571.0,0.5336907
3485,H07,DR_20221209_143805,1572.0,0.336937
3486,H07,DR_20221209_143805,1573.0,0.3925977
3487,H07,DR_20221209_143805,1574.0,0.3529642
3488,H07,DR_20221209_143805,1575.0,0.3945246
3489,H08,DR_20221209_143805,1576.0,0.3526357
3490,H08,DR_20221209_143805,1577.0,0.38816562
3491,H08,DR_20221209_143805,1578.0,0.52422523
3492,H08,DR_20221209_143805,1579.0,0.39300978
3493,H08,DR_20221209_143805,1580.0,0.41749355
3494,H08,DR_20221209_143805,1581.0,0.2585234
3495,H08,DR_20221209_143805,1582.0,0.33300182
3496,H08,DR_20221209_143805,1583.0,0.31852576
3497,H08,DR_20221209_143805,1584.0,0.35220137
3498,H09,DR_20221209_143805,1585.0,0.2925794
3499,H09,DR_20221209_143805,1586.0,0.39652207
3500,H09,DR_20221209_143805,1587.0,0.35633114
3501,H09,DR_20221209_143805,1588.0,0.39084136
3502,H09,DR_20221209_143805,1589.0,0.3488956
3503,H09,DR_20221209_143805,1590.0,0.3991488
3504,H09,DR_20221209_143805,1591.0,0.4309598
3505,H09,DR_20221209_143805,1592.0,0.34273726
3506,H09,DR_20221209_143805,1593.0,0.32393247
3507,H10,DR_20221209_143805,1594.0,0.43250623
3508,H10,DR_20221209_143805,1595.0,0.5393236
3509,H10,DR_20221209_143805,1596.0,0.46882567
3510,H10,DR_20221209_143805,1597.0,0.39650604
3511,H10,DR_20221209_143805,1598.0,0.37681165
3512,H10,DR_20221209_143805,1599.0,0.33082032
3513,H10,DR_20221209_143805,1600.0,0.3302424
3514,H10,DR_20221209_143805,1601.0,0.41031677
3515,H10,DR_20221209_143805,1602.0,0.33463925
3516,H11,DR_20221209_143805,1603.0,0.5375752
3517,H11,DR_20221209_143805,1604.0,0.66468185
3518,H11,DR_20221209_143805,1605.0,0.5678506
3519,H11,DR_20221209_143805,1606.0,1.007362
3520,H11,DR_20221209_143805,1607.0,0.5666566
3521,H11,DR_20221209_143805,1608.0,0.33933863
3522,H11,DR_20221209_143805,1609.0,0.43393087
3523,H11,DR_20221209_143805,1610.0,0.338282
3524,H11,DR_20221209_143805,1611.0,0.4895874
3525,H12,DR_20221209_143805,1612.0,0.34456325
3526,H12,DR_20221209_143805,1613.0,0.55382323
3527,H12,DR_20221209_143805,1614.0,0.66937375
3528,H12,DR_20221209_143805,1615.0,1.0213734
3529,H12,DR_20221209_143805,1616.0,0.4107833
3530,H12,DR_20221209_143805,1617.0,0.94420844
3531,H12,DR_20221209_143805,1618.0,0.8686551
3532,H12,DR_20221209_143805,1619.0,0.43254966
3533,H12,DR_20221209_143805,1620.0,0.9310418
3534,H13,DR_20221209_143805,1621.0,0.28874218
3535,H13,DR_20221209_143805,1622.0,0.24709019
3536,H13,DR_20221209_143805,1623.0,0.09464808
3537,H13,DR_20221209_143805,1624.0,0.33402577
3538,H13,DR_20221209_143805,1625.0,0.29147178
3539,H13,DR_20221209_143805,1626.0,0.4406297
3540,H13,DR_20221209_143805,1627.0,0.53889054
3541,H13,DR_20221209_143805,1628.0,0.29872796
3542,H13,DR_20221209_143805,1629.0,0.66585296
3543,H14,DR_20221209_143805,1630.0,0.40299654
3544,H14,DR_20221209_143805,1631.0,0.34909135
3545,H14,DR_20221209_143805,1632.0,0.5136558
3546,H14,DR_20221209_143805,1633.0,0.4663066
3547,H14,DR_20221209_143805,1634.0,0.3610331
3548,H14,DR_20221209_143805,1635.0,0.36931378
3549,H14,DR_20221209_143805,1636.0,0.5133765
3550,H14,DR_20221209_143805,1637.0,0.3959881
3551,H14,DR_20221209_143805,1638.0,0.44614056
3552,H15,DR_20221209_143805,1639.0,0.43128747
3553,H15,DR_20221209_143805,1640.0,0.6907312
3554,H15,DR_20221209_143805,1641.0,0.46521905
3555,H15,DR_20221209_143805,1642.0,0.41334087
3556,H15,DR_20221209_143805,1643.0,0.40802577
3557,H15,DR_20221209_143805,1644.0,0.8106119
3558,H15,DR_20221209_143805,1645.0,0.53043073
3559,H15,DR_20221209_143805,1646.0,0.40105078
3560,H15,DR_20221209_143805,1647.0,1.0373492
3561,H16,DR_20221209_143805,1648.0,0.32127863
3562,H16,DR_20221209_143805,1649.0,0.49362713
3563,H16,DR_20221209_143805,1650.0,0.037927803
3564,H16,DR_20221209_143805,1651.0,0.97431445
3565,H16,DR_20221209_143805,1652.0,0.3784278
3566,H16,DR_20221209_143805,1653.0,0.45507923
3567,H16,DR_20221209_143805,1654.0,0.80980206
3568,H16,DR_20221209_143805,1655.0,0.31184116
3569,H16,DR_20221209_143805,1656.0,0.47777584
3570,H17,DR_20221209_143805,1657.0,0.40590185
3571,H17,DR_20221209_143805,1658.0,0.90313
3572,H17,DR_20221209_143805,1659.0,0.87005764
3573,H17,DR_20221209_143805,1660.0,1.0407419
3574,H17,DR_20221209_143805,1661.0,0.43628213
3575,H17,DR_20221209_143805,1662.0,0.34757802
3576,H17,DR_20221209_143805,1663.0,0.35159954
3577,H17,DR_20221209_143805,1664.0,0.30553007
3578,H17,DR_20221209_143805,1665.0,0.48327878
3579,H18,DR_20221209_143805,1666.0,0.40859398
3580,H18,DR_20221209_143805,1667.0,0.33487022
3581,H18,DR_20221209_143805,1668.0,0.4668643
3582,H18,DR_20221209_143805,1669.0,0.34639922
3583,H18,DR_20221209_143805,1670.0,0.29702622
3584,H18,DR_20221209_143805,1671.0,0.4141674
3585,H18,DR_20221209_143805,1672.0,0.32765332
3586,H18,DR_20221209_143805,1673.0,0.33484077
3587,H18,DR_20221209_143805,1674.0,0.870881
3588,H19,DR_20221209_143805,1675.0,0.18507427
3589,H19,DR_20221209_143805,1676.0,0.46488678
3590,H19,DR_20221209_143805,1677.0,0.49233633
3591,H19,DR_20221209_143805,1678.0,0.38307327
3592,H19,DR_20221209_143805,1679.0,0.3360321
3593,H19,DR_20221209_143805,1680.0,0.30028236
3594,H19,DR_20221209_143805,1681.0,0.42169735
3595,H19,DR_20221209_143805,1682.0,0.34841704
3596,H19,DR_20221209_143805,1683.0,0.49801135
3597,H20,DR_20221209_143805,1684.0,0.5657052
3598,H20,DR_20221209_143805,1685.0,0.35061902
3599,H20,DR_20221209_143805,1686.0,0.9077705
3600,H20,DR_20221209_143805,1687.0,0.38441128
3601,H20,DR_20221209_143805,1688.0,0.45908108
3602,H20,DR_20221209_143805,1689.0,0.5210277
3603,H20,DR_20221209_143805,1690.0,0.51016515
3604,H20,DR_20221209_143805,1691.0,0.42004105
3605,H20,DR_20221209_143805,1692.0,0.47583267
3606,H21,DR_20221209_143805,1693.0,0.8981954
3607,H21,DR_20221209_143805,1694.0,0.8334304
3608,H21,DR_20221209_143805,1695.0,0.7000329
3609,H21,DR_20221209_143805,1696.0,0.35831237
3610,H21,DR_20221209_143805,1697.0,0.6804473
3611,H21,DR_20221209_143805,1698.0,0.8655707
3612,H21,DR_20221209_143805,1699.0,0.6002758
3613,H21,DR_20221209_143805,1700.0,0.3741494
3614,H21,DR_20221209_143805,1701.0,0.23370524
3615,H22,DR_20221209_143805,1702.0,0.25021204
3616,H22,DR_20221209_143805,1703.0,0.26680338
3617,H22,DR_20221209_143805,1704.0,0.19661324
3618,H22,DR_20221209_143805,1705.0,0.9487497
3619,H22,DR_20221209_143805,1706.0,0.4195411
3620,H22,DR_20221209_143805,1707.0,0.37083483
3621,H22,DR_20221209_143805,1708.0,0.5109819
3622,H22,DR_20221209_143805,1709.0,0.34447986
3623,H22,DR_20221209_143805,1710.0,1.0732951
3660,I03,DR_20221209_143805,1747.0,0.41930625
3661,I03,DR_20221209_143805,1748.0,0.44545412
3662,I03,DR_20221209_143805,1749.0,0.31161454
3663,I03,DR_20221209_143805,1750.0,0.3736656
3664,I03,DR_20221209_143805,1751.0,0.4284174
3665,I03,DR_20221209_143805,1752.0,0.37562048
3666,I03,DR_20221209_143805,1753.0,0.88379896
3667,I03,DR_20221209_143805,1754.0,0.33753672
3668,I03,DR_20221209_143805,1755.0,0.7911756
3669,I04,DR_20221209_143805,1756.0,0.39217672
3670,I04,DR_20221209_143805,1757.0,0.40265992
3671,I04,DR_20221209_143805,1758.0,0.43480825
3672,I04,DR_20221209_143805,1759.0,0.33207312
3673,I04,DR_20221209_143805,1760.0,0.5819208
3674,I04,DR_20221209_143805,1761.0,0.42460972
3675,I04,DR_20221209_143805,1762.0,0.84611994
3676,I04,DR_20221209_143805,1763.0,0.3444298
3677,I04,DR_20221209_143805,1764.0,0.44557387
3678,I05,DR_20221209_143805,1765.0,0.3252775
3679,I05,DR_20221209_143805,1766.0,0.41365945
3680,I05,DR_20221209_143805,1767.0,0.3567588
3681,I05,DR_20221209_143805,1768.0,0.3235065
3682,I05,DR_20221209_143805,1769.0,0.661616
3683,I05,DR_20221209_143805,1770.0,0.33269417
3684,I05,DR_20221209_143805,1771.0,0.9595431
3685,I05,DR_20221209_143805,1772.0,0.4670045
3686,I05,DR_20221209_143805,1773.0,0.32167873
3687,I06,DR_20221209_143805,1774.0,0.42853075
3688,I06,DR_20221209_143805,1775.0,0.2847642
3689,I06,DR_20221209_143805,1776.0,0.55787146
3690,I06,DR_20221209_143805,1777.0,0.45897657
3691,I06,DR_20221209_143805,1778.0,0.40296215
3692,I06,DR_20221209_143805,1779.0,0.3138779
3693,I06,DR_20221209_143805,1780.0,0.43431732
3694,I06,DR_20221209_143805,1781.0,0.257877
3695,I06,DR_20221209_143805,1782.0,0.4859646
3696,I07,DR_20221209_143805,1783.0,0.270217
3697,I07,DR_20221209_143805,1784.0,0.43467996
3698,I07,DR_20221209_143805,1785.0,0.32726005
3699,I07,DR_20221209_143805,1786.0,0.45930076
3700,I07,DR_20221209_143805,1787.0,0.2869139
3701,I07,DR_20221209_143805,1788.0,0.23952164
3702,I07,DR_20221209_143805,1789.0,0.41230434
3703,I07,DR_20221209_143805,1790.0,0.33078492
3704,I07,DR_20221209_143805,1791.0,0.45753777
3705,I08,DR_20221209_143805,1792.0,0.23948067
3706,I08,DR_20221209_143805,1793.0,0.5127837
3707,I08,DR_20221209_143805,1794.0,0.30638143
3708,I08,DR_20221209_143805,1795.0,0.105118796
3709,I08,DR_20221209_143805,1796.0,0.2915022
3710,I08,DR_20221209_143805,1797.0,0.26001146
3711,I08,DR_20221209_143805,1798.0,0.34988934
3712,I08,DR_20221209_143805,1799.0,0.34884772
3713,I08,DR_20221209_143805,1800.0,0.36801958
3714,I09,DR_20221209_143805,1801.0,0.32833394
3715,I09,DR_20221209_143805,1802.0,0.34360278
3716,I09,DR_20221209_143805,1803.0,0.39668277
3717,I09,DR_20221209_143805,1804.0,0.3364955
3718,I09,DR_20221209_143805,1805.0,0.7667667
3719,I09,DR_20221209_143805,1806.0,0.39246532
3720,I09,DR_20221209_143805,1807.0,0.30840522
3721,I09,DR_20221209_143805,1808.0,0.3261541
3722,I09,DR_20221209_143805,1809.0,0.31048107
3723,I10,DR_20221209_143805,1810.0,0.2756105
3724,I10,DR_20221209_143805,1811.0,0.11444509
3725,I10,DR_20221209_143805,1812.0,0.3726091
3726,I10,DR_20221209_143805,1813.0,0.31123745
3727,I10,DR_20221209_143805,1814.0,0.31482494
3728,I10,DR_20221209_143805,1815.0,0.443793
3729,I10,DR_20221209_143805,1816.0,0.47685176
3730,I10,DR_20221209_143805,1817.0,0.46314633
3731,I10,DR_20221209_143805,1818.0,0.36470056
3732,I11,DR_20221209_143805,1819.0,0.4026479
3733,I11,DR_20221209_143805,1820.0,0.35649535
3734,I11,DR_20221209_143805,1821.0,0.39549255
3735,I11,DR_20221209_143805,1822.0,0.33470693
3736,I11,DR_20221209_143805,1823.0,0.40733996
3737,I11,DR_20221209_143805,1824.0,0.33110178
3738,I11,DR_20221209_143805,1825.0,0.34501472
3739,I11,DR_20221209_143805,1826.0,0.18277134
3740,I11,DR_20221209_143805,1827.0,0.31392378
3741,I12,DR_20221209_143805,1828.0,0.40068257
3742,I12,DR_20221209_143805,1829.0,0.045229804
3743,I12,DR_20221209_143805,1830.0,0.7719147
3744,I12,DR_20221209_143805,1831.0,0.11505882
3745,I12,DR_20221209_143805,1832.0,0.47778338
3746,I12,DR_20221209_143805,1833.0,0.325214
3747,I12,DR_20221209_143805,1834.0,0.43356103
3748,I12,DR_20221209_143805,1835.0,0.54637533
3749,I12,DR_20221209_143805,1836.0,0.5314948
3750,I13,DR_20221209_143805,1837.0,0.39890295
3751,I13,DR_20221209_143805,1838.0,0.24753498
3752,I13,DR_20221209_143805,1839.0,0.48942515
3753,I13,DR_20221209_143805,1840.0,0.34517664
3754,I13,DR_20221209_143805,1841.0,0.49384183
3755,I13,DR_20221209_143805,1842.0,0.36747593
3756,I13,DR_20221209_143805,1843.0,0.36724594
3757,I13,DR_20221209_143805,1844.0,0.1321708
3758,I13,DR_20221209_143805,1845.0,0.12076627
3759,I14,DR_20221209_143805,1846.0,0.7210793
3760,I14,DR_20221209_143805,1847.0,0.9127995
3761,I14,DR_20221209_143805,1848.0,0.5305318
3762,I14,DR_20221209_143805,1849.0,0.4122217
3763,I14,DR_20221209_143805,1850.0,0.47688523
3764,I14,DR_20221209_143805,1851.0,0.3733726
3765,I14,DR_20221209_143805,1852.0,0.2096836
3766,I14,DR_20221209_143805,1853.0,0.5536319
3767,I14,DR_20221209_143805,1854.0,0.9719292
3768,I15,DR_20221209_143805,1855.0,0.27876064
3769,I15,DR_20221209_143805,1856.0,0.4011431
3770,I15,DR_20221209_143805,1857.0,0.6993218
3771,I15,DR_20221209_143805,1858.0,0.38919923
3772,I15,DR_20221209_143805,1859.0,0.24224326
3773,I15,DR_20221209_143805,1860.0,0.53561914
3774,I15,DR_20221209_143805,1861.0,0.41887987
3775,I15,DR_20221209_143805,1862.0,0.25638828
3776,I15,DR_20221209_143805,1863.0,0.4633614
3777,I16,DR_20221209_143805,1864.0,0.58373815
3778,I16,DR_20221209_143805,1865.0,0.5393797
3779,I16,DR_20221209_143805,1866.0,0.7857596
3780,I16,DR_20221209_143805,1867.0,0.46574455
3781,I16,DR_20221209_143805,1868.0,0.2375074
3782,I16,DR_20221209_143805,1869.0,0.4798374
3783,I16,DR_20221209_143805,1870.0,0.10058873
3784,I16,DR_20221209_143805,1871.0,0.5954977
3785,I16,DR_20221209_143805,1872.0,0.8801006
3786,I17,DR_20221209_143805,1873.0,0.24756128
3787,I17,DR_20221209_143805,1874.0,0.2939734
3788,I17,DR_20221209_143805,1875.0,1.0574628
3789,I17,DR_20221209_143805,1876.0,0.49365664
3790,I17,DR_20221209_143805,1877.0,0.35429716
3791,I17,DR_20221209_143805,1878.0,0.3676795
3792,I17,DR_20221209_143805,1879.0,0.31983656
3793,I17,DR_20221209_143805,1880.0,0.41599643
3794,I17,DR_20221209_143805,1881.0,0.61651534
3795,I18,DR_20221209_143805,1882.0,0.21447301
3796,I18,DR_20221209_143805,1883.0,0.5124233
3797,I18,DR_20221209_143805,1884.0,0.3033054
3798,I18,DR_20221209_143805,1885.0,0.35061944
3799,I18,DR_20221209_143805,1886.0,0.43157282
3800,I18,DR_20221209_143805,1887.0,0.48875988
3801,I18,DR_20221209_143805,1888.0,0.5218375
3802,I18,DR_20221209_143805,1889.0,0.42350316
3803,I18,DR_20221209_143805,1890.0,0.90511245
3804,I19,DR_20221209_143805,1891.0,0.33168676
3805,I19,DR_20221209_143805,1892.0,0.38404176
3806,I19,DR_20221209_143805,1893.0,0.85192716
3807,I19,DR_20221209_143805,1894.0,0.4221165
3808,I19,DR_20221209_143805,1895.0,0.3865066
3809,I19,DR_20221209_143805,1896.0,0.3222207
3810,I19,DR_20221209_143805,1897.0,0.51305485
3811,I19,DR_20221209_143805,1898.0,0.16886003
3812,I19,DR_20221209_143805,1899.0,0.86590964
3813,I20,DR_20221209_143805,1900.0,0.46764576
3814,I20,DR_20221209_143805,1901.0,0.48202324
3815,I20,DR_20221209_143805,1902.0,0.9414741
3816,I20,DR_20221209_143805,1903.0,0.33385912
3817,I20,DR_20221209_143805,1904.0,0.29738578
3818,I20,DR_20221209_143805,1905.0,0.33180708
3819,I20,DR_20221209_143805,1906.0,0.87773734
3820,I20,DR_20221209_143805,1907.0,0.32372168
3821,I20,DR_20221209_143805,1908.0,0.3330881
3822,I21,DR_20221209_143805,1909.0,0.9048154
3823,I21,DR_20221209_143805,1910.0,0.34432197
3824,I21,DR_20221209_143805,1911.0,0.8519382
3825,I21,DR_20221209_143805,1912.0,0.30358905
3826,I21,DR_20221209_143805,1913.0,0.33268318
3827,I21,DR_20221209_143805,1914.0,0.340641
3828,I21,DR_20221209_143805,1915.0,0.49924248
3829,I21,DR_20221209_143805,1916.0,0.4367704
3830,I21,DR_20221209_143805,1917.0,0.26539925
3831,I22,DR_20221209_143805,1918.0,1.1712891
3832,I22,DR_20221209_143805,1919.0,0.8043621
3833,I22,DR_20221209_143805,1920.0,0.92359656
3834,I22,DR_20221209_143805,1921.0,0.37159437
3835,I22,DR_20221209_143805,1922.0,0.38572115
3836,I22,DR_20221209_143805,1923.0,0.475127
3837,I22,DR_20221209_143805,1924.0,0.5616945
3838,I22,DR_20221209_143805,1925.0,0.4411965
3839,I22,DR_20221209_143805,1926.0,0.23157917
3876,J03,DR_20221209_143805,1963.0,0.4635527
3877,J03,DR_20221209_143805,1964.0,0.18327576
3878,J03,DR_20221209_143805,1965.0,0.1390848
3879,J03,DR_20221209_143805,1966.0,0.2805668
3880,J03,DR_20221209_143805,1967.0,0.08395506
3881,J03,DR_20221209_143805,1968.0,0.78029966
3882,J03,DR_20221209_143805,1969.0,0.096429706
3883,J03,DR_20221209_143805,1970.0,0.39065552
3884,J04,DR_20221209_143805,1971.0,0.24151726
3885,J04,DR_20221209_143805,1972.0,0.39058238
3886,J04,DR_20221209_143805,1973.0,0.4963177
3887,J04,DR_20221209_143805,1974.0,0.35658693
3888,J04,DR_20221209_143805,1975.0,0.52576584
3889,J04,DR_20221209_143805,1976.0,0.5837396
3890,J04,DR_20221209_143805,1977.0,0.34097078
3891,J04,DR_20221209_143805,1978.0,0.3667019
3892,J04,DR_20221209_143805,1979.0,0.29688936
3893,J05,DR_20221209_143805,1980.0,0.328935
3894,J05,DR_20221209_143805,1981.0,0.30046064
3895,J05,DR_20221209_143805,1982.0,0.32495388
3896,J05,DR_20221209_143805,1983.0,0.32273275
3897,J05,DR_20221209_143805,1984.0,0.3790535
3898,J05,DR_20221209_143805,1985.0,0.36556306
3899,J05,DR_20221209_143805,1986.0,0.37739342
3900,J05,DR_20221209_143805,1987.0,0.31968352
3901,J05,DR_20221209_143805,1988.0,0.33736265
3902,J06,DR_20221209_143805,1989.0,0.46000078
3903,J06,DR_20221209_143805,1990.0,0.53213775
3904,J06,DR_20221209_143805,1991.0,0.5788315
3905,J06,DR_20221209_143805,1992.0,0.33991334
3906,J06,DR_20221209_143805,1993.0,0.37636402
3907,J06,DR_20221209_143805,1994.0,0.33953613
3908,J06,DR_20221209_143805,1995.0,0.62565947
3909,J06,DR_20221209_143805,1996.0,0.4580021
3910,J06,DR_20221209_143805,1997.0,0.50832045
3911,J07,DR_20221209_143805,1998.0,0.44126597
3912,J07,DR_20221209_143805,1999.0,0.11336078
3913,J07,DR_20221209_143805,2000.0,0.25664994
3914,J07,DR_20221209_143805,2001.0,0.37737435
3915,J07,DR_20221209_143805,2002.0,0.3714014
3916,J07,DR_20221209_143805,2003.0,0.24730885
3917,J07,DR_20221209_143805,2004.0,0.3917658
3918,J07,DR_20221209_143805,2005.0,0.35510325
3919,J07,DR_20221209_143805,2006.0,0.5888667
3920,J08,DR_20221209_143805,2007.0,0.3994416
3921,J08,DR_20221209_143805,2008.0,0.1667608
3922,J08,DR_20221209_143805,2009.0,0.4174253
3923,J08,DR_20221209_143805,2010.0,0.4473154
3924,J08,DR_20221209_143805,2011.0,0.43820536
3925,J08,DR_20221209_143805,2012.0,0.47032055
3926,J08,DR_20221209_143805,2013.0,0.15082614
3927,J08,DR_20221209_143805,2014.0,0.5413768
3928,J08,DR_20221209_143805,2015.0,0.4429449
3929,J09,DR_20221209_143805,2016.0,0.39254645
3930,J09,DR_20221209_143805,2017.0,0.34079245
3931,J09,DR_20221209_143805,2018.0,0.5342757
3932,J09,DR_20221209_143805,2019.0,0.3692956
3933,J09,DR_20221209_143805,2020.0,0.46147588
3934,J09,DR_20221209_143805,2021.0,0.24702673
3935,J09,DR_20221209_143805,2022.0,0.42388344
3936,J09,DR_20221209_143805,2023.0,0.2557641
3937,J09,DR_20221209_143805,2024.0,1.0480179
3938,J10,DR_20221209_143805,2025.0,0.5257332
3939,J10,DR_20221209_143805,2026.0,0.25586352
3940,J10,DR_20221209_143805,2027.0,0.52015394
3941,J10,DR_20221209_143805,2028.0,0.33532858
3942,J10,DR_20221209_143805,2029.0,0.38757122
3943,J10,DR_20221209_143805,2030.0,0.39095992
3944,J10,DR_20221209_143805,2031.0,0.36123922
3945,J10,DR_20221209_143805,2032.0,0.3411579
3946,J10,DR_20221209_143805,2033.0,0.5221712
3947,J11,DR_20221209_143805,2034.0,0.42438784
3948,J11,DR_20221209_143805,2035.0,0.7477605
3949,J11,DR_20221209_143805,2036.0,0.9470315
3950,J11,DR_20221209_143805,2037.0,0.91367996
3951,J11,DR_20221209_143805,2038.0,0.4210164
3952,J11,DR_20221209_143805,2039.0,0.14078476
3953,J11,DR_20221209_143805,2040.0,0.25517818
3954,J11,DR_20221209_143805,2041.0,0.39429474
3955,J11,DR_20221209_143805,2042.0,0.10329114
3956,J12,DR_20221209_143805,2043.0,0.36151513
3957,J12,DR_20221209_143805,2044.0,0.32151896
3958,J12,DR_20221209_143805,2045.0,0.18525615
3959,J12,DR_20221209_143805,2046.0,0.38753328
3960,J12,DR_20221209_143805,2047.0,0.5304454
3961,J12,DR_20221209_143805,2048.0,0.30792898
3962,J12,DR_20221209_143805,2049.0,0.22591197
3963,J12,DR_20221209_143805,2050.0,0.45578036
3964,J12,DR_20221209_143805,2051.0,0.92323744
3965,J13,DR_20221209_143805,2052.0,0.5586278
3966,J13,DR_20221209_143805,2053.0,0.27483904
3967,J13,DR_20221209_143805,2054.0,0.7876974
3968,J13,DR_20221209_143805,2055.0,0.51059854
3969,J13,DR_20221209_143805,2056.0,0.38121608
3970,J13,DR_20221209_143805,2057.0,0.3706093
3971,J13,DR_20221209_143805,2058.0,0.37729186
3972,J13,DR_20221209_143805,2059.0,0.49418148
3973,J13,DR_20221209_143805,2060.0,0.41724378
3974,J14,DR_20221209_143805,2061.0,0.61913735
3975,J14,DR_20221209_143805,2062.0,0.44649667
3976,J14,DR_20221209_143805,2063.0,0.4113293
3977,J14,DR_20221209_143805,2064.0,0.7153272
3978,J14,DR_20221209_143805,2065.0,0.4881029
3979,J14,DR_20221209_143805,2066.0,0.42428362
3980,J14,DR_20221209_143805,2067.0,0.4109792
3981,J14,DR_20221209_143805,2068.0,0.37838927
3982,J14,DR_20221209_143805,2069.0,0.4799713
3983,J15,DR_20221209_143805,2070.0,0.37692007
3984,J15,DR_20221209_143805,2071.0,0.3388545
3985,J15,DR_20221209_143805,2072.0,0.5096512
3986,J15,DR_20221209_143805,2073.0,0.88382334
3987,J15,DR_20221209_143805,2074.0,0.29141396
3988,J15,DR_20221209_143805,2075.0,0.37530726
3989,J15,DR_20221209_143805,2076.0,0.50406134
3990,J15,DR_20221209_143805,2077.0,1.0902166
3991,J15,DR_20221209_143805,2078.0,0.89454937
3992,J16,DR_20221209_143805,2079.0,0.43984687
3993,J16,DR_20221209_143805,2080.0,0.89601386
3994,J16,DR_20221209_143805,2081.0,0.07406924
3995,J16,DR_20221209_143805,2082.0,0.9793376
3996,J16,DR_20221209_143805,2083.0,0.4270893
3997,J16,DR_20221209_143805,2084.0,0.51834565
3998,J16,DR_20221209_143805,2085.0,0.86877626
3999,J16,DR_20221209_143805,2086.0,1.0012707
4000,J16,DR_20221209_143805,2087.0,0.7612273
4001,J17,DR_20221209_143805,2088.0,0.54206365
4002,J17,DR_20221209_143805,2089.0,1.0584232
4003,J17,DR_20221209_143805,2090.0,1.0297227
4004,J17,DR_20221209_143805,2091.0,0.67088675
4005,J17,DR_20221209_143805,2092.0,0.47018135
4006,J17,DR_20221209_143805,2093.0,0.44733626
4007,J17,DR_20221209_143805,2094.0,0.92639935
4008,J17,DR_20221209_143805,2095.0,0.3126322
4009,J17,DR_20221209_143805,2096.0,0.45294887
4010,J18,DR_20221209_143805,2097.0,0.10191925
4011,J18,DR_20221209_143805,2098.0,0.4881849
4012,J18,DR_20221209_143805,2099.0,0.52012646
4013,J18,DR_20221209_143805,2100.0,0.45357704
4014,J18,DR_20221209_143805,2101.0,0.32041952
4015,J18,DR_20221209_143805,2102.0,0.4094817
4016,J18,DR_20221209_143805,2103.0,0.5048679
4017,J18,DR_20221209_143805,2104.0,0.35059002
4018,J18,DR_20221209_143805,2105.0,0.5739646
4019,J19,DR_20221209_143805,2106.0,0.30021545
4020,J19,DR_20221209_143805,2107.0,0.26343164
4021,J19,DR_20221209_143805,2108.0,0.4680259
4022,J19,DR_20221209_143805,2109.0,0.5206647
4023,J19,DR_20221209_143805,2110.0,0.61893576
4024,J19,DR_20221209_143805,2111.0,0.56876504
4025,J19,DR_20221209_143805,2112.0,0.43054423
4026,J19,DR_20221209_143805,2113.0,0.5931125
4027,J19,DR_20221209_143805,2114.0,0.62773424
4028,J20,DR_20221209_143805,2115.0,0.40258554
4029,J20,DR_20221209_143805,2116.0,0.37281054
4030,J20,DR_20221209_143805,2117.0,0.41270846
4031,J20,DR_20221209_143805,2118.0,0.47638544
4032,J20,DR_20221209_143805,2119.0,0.45192385
4033,J20,DR_20221209_143805,2120.0,0.35063
4034,J20,DR_20221209_143805,2121.0,0.9091197
4035,J20,DR_20221209_143805,2122.0,0.2696154
4036,J20,DR_20221209_143805,2123.0,0.14399041
4037,J21,DR_20221209_143805,2124.0,0.44123212
4038,J21,DR_20221209_143805,2125.0,0.29963538
4039,J21,DR_20221209_143805,2126.0,0.44374233
4040,J21,DR_20221209_143805,2127.0,0.63038
4041,J21,DR_20221209_143805,2128.0,0.46245578
4042,J21,DR_20221209_143805,2129.0,0.34673068
4043,J21,DR_20221209_143805,2130.0,0.8818027
4044,J21,DR_20221209_143805,2131.0,0.3584421
4045,J21,DR_20221209_143805,2132.0,0.91619784
4046,J22,DR_20221209_143805,2133.0,0.49701518
4047,J22,DR_20221209_143805,2134.0,1.115527
4048,J22,DR_20221209_143805,2135.0,1.0713212
4049,J22,DR_20221209_143805,2136.0,1.0313907
4050,J22,DR_20221209_143805,2137.0,0.31538844
4051,J22,DR_20221209_143805,2138.0,0.34544647
4052,J22,DR_20221209_143805,2139.0,1.0241102
4053,J22,DR_20221209_143805,2140.0,0.43769073
4054,J22,DR_20221209_143805,2141.0,0.32850295
4091,K04,DR_20221209_143805,2187.0,0.34172922
4092,K04,DR_20221209_143805,2188.0,0.26493892
4093,K04,DR_20221209_143805,2189.0,0.48136336
4094,K04,DR_20221209_143805,2190.0,0.36554605
4095,K04,DR_20221209_143805,2191.0,0.4450072
4096,K04,DR_20221209_143805,2192.0,0.29689175
4097,K04,DR_20221209_143805,2193.0,0.37365985
4098,K04,DR_20221209_143805,2194.0,0.34388736
4099,K04,DR_20221209_143805,2195.0,0.36023682
4100,K05,DR_20221209_143805,2196.0,0.43265128
4101,K05,DR_20221209_143805,2197.0,0.4275463
4102,K05,DR_20221209_143805,2198.0,0.45693532
4103,K05,DR_20221209_143805,2199.0,0.36025336
4104,K05,DR_20221209_143805,2200.0,0.42294452
4105,K05,DR_20221209_143805,2201.0,0.25621054
4106,K05,DR_20221209_143805,2202.0,0.39536387
4107,K05,DR_20221209_143805,2203.0,0.35892922
4108,K05,DR_20221209_143805,2204.0,0.4041518
4109,K06,DR_20221209_143805,2205.0,0.33972266
4110,K06,DR_20221209_143805,2206.0,0.33564967
4111,K06,DR_20221209_143805,2207.0,0.35952622
4112,K06,DR_20221209_143805,2208.0,0.3370841
4113,K06,DR_20221209_143805,2209.0,0.28960654
4114,K06,DR_20221209_143805,2210.0,0.36605924
4115,K06,DR_20221209_143805,2211.0,0.16018912
4116,K06,DR_20221209_143805,2212.0,0.30437964
4117,K06,DR_20221209_143805,2213.0,0.4775368
4118,K07,DR_20221209_143805,2214.0,0.46787074
4119,K07,DR_20221209_143805,2215.0,0.17880577
4120,K07,DR_20221209_143805,2216.0,0.29546005
4121,K07,DR_20221209_143805,2217.0,0.39555332
4122,K07,DR_20221209_143805,2218.0,0.3425199
4123,K07,DR_20221209_143805,2219.0,0.7945174
4124,K07,DR_20221209_143805,2220.0,0.25806382
4125,K07,DR_20221209_143805,2221.0,0.3138104
4126,K07,DR_20221209_143805,2222.0,0.48642814
4127,K08,DR_20221209_143805,2223.0,0.2233298
4128,K08,DR_20221209_143805,2224.0,0.9466588
4129,K08,DR_20221209_143805,2225.0,0.42530203
4130,K08,DR_20221209_143805,2226.0,0.41096902
4131,K08,DR_20221209_143805,2227.0,0.4031113
4132,K08,DR_20221209_143805,2228.0,0.49869397
4133,K08,DR_20221209_143805,2229.0,0.99274474
4134,K08,DR_20221209_143805,2230.0,0.4653315
4135,K08,DR_20221209_143805,2231.0,1.0137123
4136,K09,DR_20221209_143805,2232.0,0.39099386
4137,K09,DR_20221209_143805,2233.0,0.40330648
4138,K09,DR_20221209_143805,2234.0,0.29294
4139,K09,DR_20221209_143805,2235.0,0.28723294
4140,K09,DR_20221209_143805,2236.0,0.35364336
4141,K09,DR_20221209_143805,2237.0,0.47475392
4142,K09,DR_20221209_143805,2238.0,0.3613761
4143,K09,DR_20221209_143805,2239.0,0.46538773
4144,K09,DR_20221209_143805,2240.0,0.36066565
4145,K10,DR_20221209_143805,2241.0,0.64880544
4146,K10,DR_20221209_143805,2242.0,0.43819386
4147,K10,DR_20221209_143805,2243.0,0.6899849
4148,K10,DR_20221209_143805,2244.0,1.1372789
4149,K10,DR_20221209_143805,2245.0,0.3507004
4150,K10,DR_20221209_143805,2246.0,0.46170986
4151,K10,DR_20221209_143805,2247.0,0.55354774
4152,K10,DR_20221209_143805,2248.0,0.3355462
4153,K10,DR_20221209_143805,2249.0,0.60667235
4154,K11,DR_20221209_143805,2250.0,0.42935923
4155,K11,DR_20221209_143805,2251.0,0.63841766
4156,K11,DR_20221209_143805,2252.0,0.9497255
4157,K11,DR_20221209_143805,2253.0,0.9090794
4158,K11,DR_20221209_143805,2254.0,0.40958408
4159,K11,DR_20221209_143805,2255.0,0.31568354
4160,K11,DR_20221209_143805,2256.0,0.24480495
4161,K11,DR_20221209_143805,2257.0,0.4074792
4162,K11,DR_20221209_143805,2258.0,0.9119218
4163,K12,DR_20221209_143805,2259.0,0.753729
4164,K12,DR_20221209_143805,2260.0,0.38467443
4165,K12,DR_20221209_143805,2261.0,0.7595379
4166,K12,DR_20221209_143805,2262.0,1.0820123
4167,K12,DR_20221209_143805,2263.0,0.30841509
4168,K12,DR_20221209_143805,2264.0,0.3766813
4169,K12,DR_20221209_143805,2265.0,0.9501702
4170,K12,DR_20221209_143805,2266.0,0.90501606
4171,K12,DR_20221209_143805,2267.0,0.9968284
4172,K14,DR_20221209_143805,2277.0,0.97577715
4173,K14,DR_20221209_143805,2278.0,1.1930403
4174,K14,DR_20221209_143805,2279.0,1.0213883
4175,K14,DR_20221209_143805,2280.0,1.043089
4176,K14,DR_20221209_143805,2281.0,0.6993809
4177,K14,DR_20221209_143805,2282.0,0.7850441
4178,K14,DR_20221209_143805,2283.0,0.46878344
4179,K14,DR_20221209_143805,2284.0,0.98668236
4180,K14,DR_20221209_143805,2285.0,0.63690156
4181,K18,DR_20221209_143805,2313.0,0.51800406
4182,K18,DR_20221209_143805,2314.0,0.99666965
4183,K18,DR_20221209_143805,2315.0,0.87689024
4184,K18,DR_20221209_143805,2316.0,0.8017391
4185,K18,DR_20221209_143805,2317.0,0.4756563
4186,K18,DR_20221209_143805,2318.0,0.38493824
4187,K18,DR_20221209_143805,2319.0,0.35413212
4188,K18,DR_20221209_143805,2320.0,0.6351636
4189,K18,DR_20221209_143805,2321.0,0.6100984
4190,K19,DR_20221209_143805,2322.0,1.0345764
4191,K19,DR_20221209_143805,2323.0,0.96361786
4192,K19,DR_20221209_143805,2324.0,0.9763291
4193,K19,DR_20221209_143805,2325.0,1.1237204
4194,K19,DR_20221209_143805,2326.0,0.5047148
4195,K19,DR_20221209_143805,2327.0,0.3253035
4196,K19,DR_20221209_143805,2328.0,0.9822557
4197,K19,DR_20221209_143805,2329.0,0.37335014
4198,K19,DR_20221209_143805,2330.0,0.370025
4199,K20,DR_20221209_143805,2331.0,0.47570065
4200,K20,DR_20221209_143805,2332.0,0.5091178
4201,K20,DR_20221209_143805,2333.0,0.0038949312
4202,K20,DR_20221209_143805,2334.0,0.40395352
4203,K20,DR_20221209_143805,2335.0,0.5333719
4204,K20,DR_20221209_143805,2336.0,0.4321541
4205,K20,DR_20221209_143805,2337.0,0.43644086
4206,K20,DR_20221209_143805,2338.0,0.37989396
4207,K20,DR_20221209_143805,2339.0,0.23731388
4208,K21,DR_20221209_143805,2340.0,1.0442966
4209,K21,DR_20221209_143805,2341.0,1.0294151
4210,K21,DR_20221209_143805,2342.0,1.0803081
4211,K21,DR_20221209_143805,2343.0,0.4292667
4212,K21,DR_20221209_143805,2344.0,0.3156842
4213,K21,DR_20221209_143805,2345.0,0.3749604
4214,K21,DR_20221209_143805,2346.0,0.50666124
4215,K21,DR_20221209_143805,2347.0,0.2247691
4216,K21,DR_20221209_143805,2348.0,0.44621566
4217,K22,DR_20221209_143805,2349.0,0.99073017
4218,K22,DR_20221209_143805,2350.0,1.1382756
4219,K22,DR_20221209_143805,2351.0,0.34271207
4220,K22,DR_20221209_143805,2352.0,0.9059875
4221,K22,DR_20221209_143805,2353.0,0.3647912
4222,K22,DR_20221209_143805,2354.0,0.9188638
4223,K22,DR_20221209_143805,2355.0,0.9744055
4224,K22,DR_20221209_143805,2356.0,0.34664002
4225,K22,DR_20221209_143805,2357.0,0.34287295
4262,L04,DR_20221209_143805,2403.0,0.4342436
4263,L04,DR_20221209_143805,2404.0,0.31629476
4264,L04,DR_20221209_143805,2405.0,0.35181466
4265,L04,DR_20221209_143805,2406.0,0.49060646
4266,L04,DR_20221209_143805,2407.0,0.53905725
4267,L04,DR_20221209_143805,2408.0,0.53687
4268,L04,DR_20221209_143805,2409.0,0.48062348
4269,L04,DR_20221209_143805,2410.0,0.3742283
4270,L04,DR_20221209_143805,2411.0,0.5836499
4271,L05,DR_20221209_143805,2412.0,0.3228372
4272,L05,DR_20221209_143805,2413.0,0.3070465
4273,L05,DR_20221209_143805,2414.0,0.28760287
4274,L05,DR_20221209_143805,2415.0,0.4421252
4275,L05,DR_20221209_143805,2416.0,0.36296067
4276,L05,DR_20221209_143805,2417.0,0.27393246
4277,L05,DR_20221209_143805,2418.0,0.34609962
4278,L05,DR_20221209_143805,2419.0,0.44057366
4279,L05,DR_20221209_143805,2420.0,0.45087984
4280,L06,DR_20221209_143805,2421.0,0.29635307
4281,L06,DR_20221209_143805,2422.0,0.3160174
4282,L06,DR_20221209_143805,2423.0,0.3802373
4283,L06,DR_20221209_143805,2424.0,0.20510787
4284,L06,DR_20221209_143805,2425.0,0.6002984
4285,L06,DR_20221209_143805,2426.0,0.52060926
4286,L06,DR_20221209_143805,2427.0,0.22788745
4287,L06,DR_20221209_143805,2428.0,0.52335113
4288,L06,DR_20221209_143805,2429.0,0.34928882
4289,L07,DR_20221209_143805,2430.0,0.90922105
4290,L07,DR_20221209_143805,2431.0,0.92893857
4291,L07,DR_20221209_143805,2432.0,0.5720885
4292,L07,DR_20221209_143805,2433.0,1.0214993
4293,L07,DR_20221209_143805,2434.0,0.3500134
4294,L07,DR_20221209_143805,2435.0,0.31976154
4295,L07,DR_20221209_143805,2436.0,0.28159535
4296,L07,DR_20221209_143805,2437.0,0.46097523
4297,L07,DR_20221209_143805,2438.0,0.70658284
4298,L08,DR_20221209_143805,2439.0,0.42684093
4299,L08,DR_20221209_143805,2440.0,0.3485507
4300,L08,DR_20221209_143805,2441.0,0.38102394
4301,L08,DR_20221209_143805,2442.0,0.41226608
4302,L08,DR_20221209_143805,2443.0,0.34548935
4303,L08,DR_20221209_143805,2444.0,0.38170964
4304,L08,DR_20221209_143805,2445.0,0.3987297
4305,L08,DR_20221209_143805,2446.0,0.27116764
4306,L08,DR_20221209_143805,2447.0,0.3622815
4307,L09,DR_20221209_143805,2448.0,0.12380638
4308,L09,DR_20221209_143805,2449.0,0.4789212
4309,L09,DR_20221209_143805,2450.0,0.14196369
4310,L09,DR_20221209_143805,2451.0,0.37435377
4311,L09,DR_20221209_143805,2452.0,0.5468782
4312,L09,DR_20221209_143805,2453.0,0.3879066
4313,L09,DR_20221209_143805,2454.0,0.4737753
4314,L09,DR_20221209_143805,2455.0,0.28665462
4315,L09,DR_20221209_143805,2456.0,1.0595441
4316,L10,DR_20221209_143805,2457.0,0.30001643
4317,L10,DR_20221209_143805,2458.0,0.7784622
4318,L10,DR_20221209_143805,2459.0,0.673314
4319,L10,DR_20221209_143805,2460.0,0.15059091
4320,L10,DR_20221209_143805,2461.0,0.38023332
4321,L10,DR_20221209_143805,2462.0,0.3066962
4322,L10,DR_20221209_143805,2463.0,0.6484233
4323,L10,DR_20221209_143805,2464.0,0.3066488
4324,L10,DR_20221209_143805,2465.0,0.12320262
4325,L11,DR_20221209_143805,2466.0,0.6794088
4326,L11,DR_20221209_143805,2467.0,1.1890185
4327,L11,DR_20221209_143805,2468.0,1.008609
4328,L11,DR_20221209_143805,2469.0,0.51568806
4329,L11,DR_20221209_143805,2470.0,0.42711884
4330,L11,DR_20221209_143805,2471.0,0.28357282
4331,L11,DR_20221209_143805,2472.0,0.3060818
4332,L11,DR_20221209_143805,2473.0,0.27680612
4333,L11,DR_20221209_143805,2474.0,0.641952
4334,L12,DR_20221209_143805,2475.0,0.27931747
4335,L12,DR_20221209_143805,2476.0,0.36367166
4336,L12,DR_20221209_143805,2477.0,0.5638112
4337,L12,DR_20221209_143805,2478.0,0.43682295
4338,L12,DR_20221209_143805,2479.0,0.30952284
4339,L12,DR_20221209_143805,2480.0,0.37049177
4340,L12,DR_20221209_143805,2481.0,0.50569916
4341,L12,DR_20221209_143805,2482.0,0.2754276
4342,L12,DR_20221209_143805,2483.0,0.38136768
4343,L13,DR_20221209_143805,2484.0,0.95121706
4344,L13,DR_20221209_143805,2485.0,1.1445491
4345,L13,DR_20221209_143805,2486.0,1.0486755
4346,L13,DR_20221209_143805,2487.0,1.0106187
4347,L13,DR_20221209_143805,2488.0,1.0378228
4348,L13,DR_20221209_143805,2489.0,0.4448584
4349,L13,DR_20221209_143805,2490.0,0.35759962
4350,L13,DR_20221209_143805,2491.0,0.31213617
4351,L13,DR_20221209_143805,2492.0,0.7426015
4352,L18,DR_20221209_143805,2529.0,0.8429703
4353,L18,DR_20221209_143805,2530.0,0.93542767
4354,L18,DR_20221209_143805,2531.0,0.25706574
4355,L18,DR_20221209_143805,2532.0,0.83425933
4356,L18,DR_20221209_143805,2533.0,0.4008787
4357,L18,DR_20221209_143805,2534.0,0.42644712
4358,L18,DR_20221209_143805,2535.0,0.8789478
4359,L18,DR_20221209_143805,2536.0,0.40202767
4360,L18,DR_20221209_143805,2537.0,0.26558024
4361,L19,DR_20221209_143805,2538.0,1.0957222
4362,L19,DR_20221209_143805,2539.0,0.4244618
4363,L19,DR_20221209_143805,2540.0,1.0314685
4364,L19,DR_20221209_143805,2541.0,0.49938062
4365,L19,DR_20221209_143805,2542.0,0.46870688
4366,L19,DR_20221209_143805,2543.0,0.42006412
4367,L19,DR_20221209_143805,2544.0,0.49841708
4368,L19,DR_20221209_143805,2545.0,0.33469632
4369,L19,DR_20221209_143805,2546.0,0.34047258
4370,L22,DR_20221209_143805,2565.0,0.5171576
4371,L22,DR_20221209_143805,2566.0,0.41816622
4372,L22,DR_20221209_143805,2567.0,0.4707544
4373,L22,DR_20221209_143805,2568.0,0.3328315
4374,L22,DR_20221209_143805,2569.0,0.32748207
4375,L22,DR_20221209_143805,2570.0,0.29082552
4376,L22,DR_20221209_143805,2571.0,0.8948503
4377,L22,DR_20221209_143805,2572.0,0.29025972
4378,L22,DR_20221209_143805,2573.0,0.21122724
4415,M03,DR_20221209_143805,2610.0,1.0936029
4416,M03,DR_20221209_143805,2611.0,1.0146875
4417,M03,DR_20221209_143805,2612.0,0.36031592
4418,M03,DR_20221209_143805,2613.0,0.11599543
4419,M03,DR_20221209_143805,2614.0,1.0170884
4420,M03,DR_20221209_143805,2615.0,0.39429057
4421,M03,DR_20221209_143805,2616.0,0.2734335
4422,M03,DR_20221209_143805,2617.0,0.6099856
4423,M03,DR_20221209_143805,2618.0,0.25320482
4424,M04,DR_20221209_143805,2619.0,0.9288598
4425,M04,DR_20221209_143805,2620.0,0.63798827
4426,M04,DR_20221209_143805,2621.0,0.9144592
4427,M04,DR_20221209_143805,2622.0,0.367068
4428,M04,DR_20221209_143805,2623.0,0.46089727
4429,M04,DR_20221209_143805,2624.0,0.8649196
4430,M04,DR_20221209_143805,2625.0,0.40126628
4431,M04,DR_20221209_143805,2626.0,0.1421935
4432,M04,DR_20221209_143805,2627.0,0.004600615
4433,M05,DR_20221209_143805,2628.0,-0.04484301
4434,M05,DR_20221209_143805,2629.0,0.045115232
4435,M05,DR_20221209_143805,2630.0,0.0126913795
4436,M05,DR_20221209_143805,2631.0,0.0007368803
4437,M05,DR_20221209_143805,2632.0,-0.09541214
4438,M05,DR_20221209_143805,2633.0,0.48344317
4439,M05,DR_20221209_143805,2634.0,-0.051900636
4440,M05,DR_20221209_143805,2635.0,-0.032560494
4441,M05,DR_20221209_143805,2636.0,0.13342452
4442,M06,DR_20221209_143805,2637.0,-0.0458694
4443,M06,DR_20221209_143805,2638.0,0.6413227
4444,M06,DR_20221209_143805,2639.0,0.37182757
4445,M06,DR_20221209_143805,2640.0,0.45427454
4446,M06,DR_20221209_143805,2641.0,0.88278854
4447,M06,DR_20221209_143805,2642.0,0.37058422
4448,M06,DR_20221209_143805,2643.0,0.053118907
4449,M06,DR_20221209_143805,2644.0,-0.009882944
4450,M06,DR_20221209_143805,2645.0,0.024006836
4451,M07,DR_20221209_143805,2646.0,0.5827476
4452,M07,DR_20221209_143805,2647.0,0.6355435
4453,M07,DR_20221209_143805,2648.0,0.79125226
4454,M07,DR_20221209_143805,2649.0,0.7102717
4455,M07,DR_20221209_143805,2650.0,0.51111984
4456,M07,DR_20221209_143805,2651.0,0.83895034
4457,M07,DR_20221209_143805,2652.0,0.6147583
4458,M07,DR_20221209_143805,2653.0,0.8456324
4459,M07,DR_20221209_143805,2654.0,0.47546992
4460,M08,DR_20221209_143805,2655.0,0.44696358
4461,M08,DR_20221209_143805,2656.0,0.4222426
4462,M08,DR_20221209_143805,2657.0,1.0888343
4463,M08,DR_20221209_143805,2658.0,0.4557361
4464,M08,DR_20221209_143805,2659.0,0.38331208
4465,M08,DR_20221209_143805,2660.0,0.5440024
4466,M08,DR_20221209_143805,2661.0,0.30911103
4467,M08,DR_20221209_143805,2662.0,0.59293777
4468,M08,DR_20221209_143805,2663.0,0.923805
4469,M09,DR_20221209_143805,2664.0,0.11337161
4470,M09,DR_20221209_143805,2665.0,0.16350433
4471,M09,DR_20221209_143805,2666.0,0.445294
4472,M09,DR_20221209_143805,2667.0,0.3927344
4473,M09,DR_20221209_143805,2668.0,0.34008077
4474,M09,DR_20221209_143805,2669.0,0.5166033
4475,M09,DR_20221209_143805,2670.0,0.9632578
4476,M09,DR_20221209_143805,2671.0,0.900653
4477,M09,DR_20221209_143805,2672.0,0.9115776
4478,M10,DR_20221209_143805,2673.0,0.37280706
4479,M10,DR_20221209_143805,2674.0,0.38534048
4480,M10,DR_20221209_143805,2675.0,0.58560896
4481,M10,DR_20221209_143805,2676.0,1.0738317
4482,M10,DR_20221209_143805,2677.0,0.39016265
4483,M10,DR_20221209_143805,2678.0,0.53269017
4484,M10,DR_20221209_143805,2679.0,0.44398618
4485,M10,DR_20221209_143805,2680.0,0.4532771
4486,M10,DR_20221209_143805,2681.0,0.49217352
4487,M11,DR_20221209_143805,2682.0,0.443178
4488,M11,DR_20221209_143805,2683.0,0.81702095
4489,M11,DR_20221209_143805,2684.0,0.64087456
4490,M11,DR_20221209_143805,2685.0,0.6185345
4491,M11,DR_20221209_143805,2686.0,0.32887664
4492,M11,DR_20221209_143805,2687.0,0.88208073
4493,M11,DR_20221209_143805,2688.0,0.56334555
4494,M11,DR_20221209_143805,2689.0,0.49408272
4495,M11,DR_20221209_143805,2690.0,0.8897409
4496,M12,DR_20221209_143805,2691.0,0.29324347
4497,M12,DR_20221209_143805,2692.0,0.21900788
4498,M12,DR_20221209_143805,2693.0,0.61887676
4499,M12,DR_20221209_143805,2694.0,0.41662002
4500,M12,DR_20221209_143805,2695.0,0.48532483
4501,M12,DR_20221209_143805,2696.0,0.48474026
4502,M12,DR_20221209_143805,2697.0,0.49531096
4503,M12,DR_20221209_143805,2698.0,0.60016817
4504,M12,DR_20221209_143805,2699.0,0.3457055
4514,N03,DR_20221209_143805,2718.0,0.35167408
4515,N03,DR_20221209_143805,2719.0,0.40078494
4516,N03,DR_20221209_143805,2720.0,0.3787749
4517,N03,DR_20221209_143805,2721.0,0.24340883
4518,N03,DR_20221209_143805,2722.0,0.6000585
4519,N03,DR_20221209_143805,2723.0,0.45855683
4520,N03,DR_20221209_143805,2724.0,-0.009489518
4521,N03,DR_20221209_143805,2725.0,0.021821128
4522,N03,DR_20221209_143805,2726.0,0.078626946
4523,N04,DR_20221209_143805,2727.0,0.47307095
4524,N04,DR_20221209_143805,2728.0,0.37799904
4525,N04,DR_20221209_143805,2729.0,0.1093995
4526,N04,DR_20221209_143805,2730.0,0.23886071
4527,N04,DR_20221209_143805,2731.0,0.68077505
4528,N04,DR_20221209_143805,2732.0,0.5883231
4529,N04,DR_20221209_143805,2733.0,0.012111932
4530,N04,DR_20221209_143805,2734.0,0.054870524
4531,N04,DR_20221209_143805,2735.0,0.1754984
4532,N05,DR_20221209_143805,2736.0,0.17677806
4533,N05,DR_20221209_143805,2737.0,0.093722485
4534,N05,DR_20221209_143805,2738.0,0.1308591
4535,N05,DR_20221209_143805,2739.0,0.53017354
4536,N05,DR_20221209_143805,2740.0,0.3980913
4537,N05,DR_20221209_143805,2741.0,0.72461325
4538,N05,DR_20221209_143805,2742.0,0.28811678
4539,N05,DR_20221209_143805,2743.0,0.066483214
4540,N05,DR_20221209_143805,2744.0,-0.00037631555
4541,N06,DR_20221209_143805,2745.0,0.34580845
4542,N06,DR_20221209_143805,2746.0,0.0037012338
4543,N06,DR_20221209_143805,2747.0,0.14631772
4544,N06,DR_20221209_143805,2748.0,0.090004385
4545,N06,DR_20221209_143805,2749.0,-0.07207014
4546,N06,DR_20221209_143805,2750.0,0.22384654
4547,N06,DR_20221209_143805,2751.0,0.30746529
4548,N06,DR_20221209_143805,2752.0,0.044191524
4549,N06,DR_20221209_143805,2753.0,0.07804951
4550,N07,DR_20221209_143805,2754.0,0.53627867
4551,N07,DR_20221209_143805,2755.0,0.70975894
4552,N07,DR_20221209_143805,2756.0,0.26264971
4553,N07,DR_20221209_143805,2757.0,0.44818214
4554,N07,DR_20221209_143805,2758.0,0.21653324
4555,N07,DR_20221209_143805,2759.0,0.37350234
4556,N07,DR_20221209_143805,2760.0,0.49189663
4557,N07,DR_20221209_143805,2761.0,0.39808413
4558,N07,DR_20221209_143805,2762.0,0.25694832
4559,N08,DR_20221209_143805,2763.0,0.41493458
4560,N08,DR_20221209_143805,2764.0,0.5339018
4561,N08,DR_20221209_143805,2765.0,0.033934176
4562,N08,DR_20221209_143805,2766.0,0.37188566
4563,N08,DR_20221209_143805,2767.0,0.3842498
4564,N08,DR_20221209_143805,2768.0,0.14418276
4565,N08,DR_20221209_143805,2769.0,0.37488034
4566,N08,DR_20221209_143805,2770.0,0.5525617
4567,N08,DR_20221209_143805,2771.0,0.5445203
4568,N09,DR_20221209_143805,2772.0,0.37971798
4569,N09,DR_20221209_143805,2773.0,0.30633035
4570,N09,DR_20221209_143805,2774.0,0.004577805
4571,N09,DR_20221209_143805,2775.0,0.23037048
4572,N09,DR_20221209_143805,2776.0,0.8173295
4573,N09,DR_20221209_143805,2777.0,0.26863763
4574,N09,DR_20221209_143805,2778.0,0.3172554
4575,N09,DR_20221209_143805,2779.0,0.2626035
4576,N09,DR_20221209_143805,2780.0,0.41655508
4577,N10,DR_20221209_143805,2781.0,0.49985304
4578,N10,DR_20221209_143805,2782.0,0.35800987
4579,N10,DR_20221209_143805,2783.0,0.7109319
4580,N10,DR_20221209_143805,2784.0,0.35314864
4581,N10,DR_20221209_143805,2785.0,0.4494846
4582,N10,DR_20221209_143805,2786.0,0.9217976
4583,N10,DR_20221209_143805,2787.0,0.47572196
4584,N10,DR_20221209_143805,2788.0,0.9973166
4585,N10,DR_20221209_143805,2789.0,1.0507559
4586,N11,DR_20221209_143805,2790.0,0.035189968
4587,N11,DR_20221209_143805,2791.0,0.85430694
4588,N11,DR_20221209_143805,2792.0,0.27532375
4589,N11,DR_20221209_143805,2793.0,1.0547807
4590,N11,DR_20221209_143805,2794.0,0.41329634
4591,N11,DR_20221209_143805,2795.0,1.1153097
4592,N11,DR_20221209_143805,2796.0,0.864175
4593,N11,DR_20221209_143805,2797.0,0.22983114
4594,N11,DR_20221209_143805,2798.0,0.93771046
4595,N12,DR_20221209_143805,2799.0,0.36446562
4596,N12,DR_20221209_143805,2800.0,0.32780105
4597,N12,DR_20221209_143805,2801.0,0.44109643
4598,N12,DR_20221209_143805,2802.0,0.90804446
4599,N12,DR_20221209_143805,2803.0,0.32358935
4600,N12,DR_20221209_143805,2804.0,0.33231512
4601,N12,DR_20221209_143805,2805.0,0.040099323
4602,N12,DR_20221209_143805,2806.0,0.31010497
4603,N12,DR_20221209_143805,2807.0,0.88586426
4622,O04,DR_20221209_143805,2835.0,0.44998252
4623,O04,DR_20221209_143805,2836.0,0.16475034
4624,O04,DR_20221209_143805,2837.0,0.010135968
4625,O04,DR_20221209_143805,2838.0,0.28040364
4626,O04,DR_20221209_143805,2839.0,0.72819006
4627,O04,DR_20221209_143805,2840.0,0.7140604
4628,O04,DR_20221209_143805,2841.0,0.029611371
4629,O04,DR_20221209_143805,2842.0,0.71611595
4630,O04,DR_20221209_143805,2843.0,0.49047342
4631,O05,DR_20221209_143805,2844.0,-0.01737011
4632,O05,DR_20221209_143805,2845.0,0.395638
4633,O05,DR_20221209_143805,2846.0,0.62305003
4634,O05,DR_20221209_143805,2847.0,0.9167576
4635,O05,DR_20221209_143805,2848.0,0.6090869
4636,O05,DR_20221209_143805,2849.0,0.5404792
4637,O05,DR_20221209_143805,2850.0,-0.004369329
4638,O05,DR_20221209_143805,2851.0,0.0590985
4639,O05,DR_20221209_143805,2852.0,0.053688064
4640,O06,DR_20221209_143805,2853.0,0.5010843
4641,O06,DR_20221209_143805,2854.0,0.69673634
4642,O06,DR_20221209_143805,2855.0,0.2666395
4643,O06,DR_20221209_143805,2856.0,0.83420765
4644,O06,DR_20221209_143805,2857.0,0.82965815
4645,O06,DR_20221209_143805,2858.0,1.0496633
4646,O06,DR_20221209_143805,2859.0,-0.0037213129
4647,O06,DR_20221209_143805,2860.0,0.55212575
4648,O06,DR_20221209_143805,2861.0,0.31821725
4649,O07,DR_20221209_143805,2862.0,0.41045836
4650,O07,DR_20221209_143805,2863.0,-0.014133155
4651,O07,DR_20221209_143805,2864.0,0.6599657
4652,O07,DR_20221209_143805,2865.0,0.31670192
4653,O07,DR_20221209_143805,2866.0,0.13662422
4654,O07,DR_20221209_143805,2867.0,0.68151224
4655,O07,DR_20221209_143805,2868.0,0.6825888
4656,O07,DR_20221209_143805,2869.0,-0.013437429
4657,O07,DR_20221209_143805,2870.0,0.6129282
4658,O08,DR_20221209_143805,2871.0,0.7556366
4659,O08,DR_20221209_143805,2872.0,0.27333632
4660,O08,DR_20221209_143805,2873.0,1.000485
4661,O08,DR_20221209_143805,2874.0,0.513314
4662,O08,DR_20221209_143805,2875.0,0.34804875
4663,O08,DR_20221209_143805,2876.0,0.4924393
4664,O08,DR_20221209_143805,2877.0,0.20808172
4665,O08,DR_20221209_143805,2878.0,0.4428918
4666,O08,DR_20221209_143805,2879.0,1.0897602
4667,O09,DR_20221209_143805,2880.0,0.5380493
4668,O09,DR_20221209_143805,2881.0,0.8913452
4669,O09,DR_20221209_143805,2882.0,0.35447848
4670,O09,DR_20221209_143805,2883.0,1.0233885
4671,O09,DR_20221209_143805,2884.0,0.37573093
4672,O09,DR_20221209_143805,2885.0,1.0657753
4673,O09,DR_20221209_143805,2886.0,0.7264639
4674,O09,DR_20221209_143805,2887.0,1.0038723
4675,O09,DR_20221209_143805,2888.0,0.988655
4676,O12,DR_20221209_143805,2907.0,0.41957736
4677,O12,DR_20221209_143805,2908.0,0.29828715
4678,O12,DR_20221209_143805,2909.0,0.48255113
4679,O12,DR_20221209_143805,2910.0,0.44184253
4680,O12,DR_20221209_143805,2911.0,0.34306926
4681,O12,DR_20221209_143805,2912.0,0.4531697
4682,O12,DR_20221209_143805,2913.0,0.43269557
4683,O12,DR_20221209_143805,2914.0,0.43465143
4684,O12,DR_20221209_143805,2915.0,0.3310116
