,Image_Metadata_WellID,Image_Metadata_PlateID,ImageNumber,score
1941,A03,DR_20221209_143805,19.0,0.0078081214
1942,A03,DR_20221209_143805,20.0,0.0040804413
1943,A03,DR_20221209_143805,21.0,0.9797977
1944,A03,DR_20221209_143805,22.0,0.999321
1945,A03,DR_20221209_143805,23.0,0.99924916
1946,A03,DR_20221209_143805,24.0,0.99998313
1947,A03,DR_20221209_143805,25.0,0.97845566
1948,A03,DR_20221209_143805,26.0,0.9782566
1949,A03,DR_20221209_143805,27.0,1.0003412
1950,A04,DR_20221209_143805,28.0,0.9996534
1951,A04,DR_20221209_143805,29.0,0.9993386
1952,A04,DR_20221209_143805,30.0,1.0111971
1953,A04,DR_20221209_143805,31.0,1.0000287
1954,A04,DR_20221209_143805,32.0,0.99949783
1955,A04,DR_20221209_143805,33.0,0.9998382
1956,A04,DR_20221209_143805,34.0,0.99985117
1957,A04,DR_20221209_143805,35.0,0.9993401
1958,A04,DR_20221209_143805,36.0,0.99993914
1959,A05,DR_20221209_143805,37.0,1.0001348
1960,A05,DR_20221209_143805,38.0,1.0000715
1961,A05,DR_20221209_143805,39.0,0.9996253
1962,A05,DR_20221209_143805,40.0,0.99955547
1963,A05,DR_20221209_143805,41.0,1.0002594
1964,A05,DR_20221209_143805,42.0,0.99973553
1965,A05,DR_20221209_143805,43.0,1.0000799
1966,A05,DR_20221209_143805,44.0,1.0000635
1967,A05,DR_20221209_143805,45.0,0.999928
1968,A06,DR_20221209_143805,46.0,0.9998683
1969,A06,DR_20221209_143805,47.0,1.0001222
1970,A06,DR_20221209_143805,48.0,0.9999031
1971,A06,DR_20221209_143805,49.0,1.0000429
1972,A06,DR_20221209_143805,50.0,1.0002594
1973,A06,DR_20221209_143805,51.0,1.0002594
1974,A06,DR_20221209_143805,52.0,0.9999627
1975,A06,DR_20221209_143805,53.0,0.99980485
1976,A06,DR_20221209_143805,54.0,1.0000135
1977,A07,DR_20221209_143805,55.0,1.000113
1978,A07,DR_20221209_143805,56.0,1.0000656
1979,A07,DR_20221209_143805,57.0,1.000056
1980,A07,DR_20221209_143805,58.0,0.99994725
1981,A07,DR_20221209_143805,59.0,0.99949473
1982,A07,DR_20221209_143805,60.0,1.0002292
1983,A07,DR_20221209_143805,61.0,1.0001252
1984,A07,DR_20221209_143805,62.0,1.0001433
1985,A07,DR_20221209_143805,63.0,1.0000529
1986,A08,DR_20221209_143805,64.0,1.0001655
1987,A08,DR_20221209_143805,65.0,1.0002995
1988,A08,DR_20221209_143805,66.0,1.0000229
1989,A08,DR_20221209_143805,67.0,1.0001427
1990,A08,DR_20221209_143805,68.0,1.0002594
1991,A08,DR_20221209_143805,69.0,1.0001897
1992,A08,DR_20221209_143805,70.0,1.0002153
1993,A08,DR_20221209_143805,71.0,0.9993754
1994,A08,DR_20221209_143805,72.0,1.0001775
1995,A09,DR_20221209_143805,73.0,1.0004071
1996,A09,DR_20221209_143805,74.0,1.0001205
1997,A09,DR_20221209_143805,75.0,0.9999467
1998,A09,DR_20221209_143805,76.0,1.0001963
1999,A09,DR_20221209_143805,77.0,0.9969384
2000,A09,DR_20221209_143805,78.0,1.0001463
2001,A09,DR_20221209_143805,79.0,0.997742
2002,A09,DR_20221209_143805,80.0,1.0001012
2003,A09,DR_20221209_143805,81.0,1.0000386
2004,A10,DR_20221209_143805,82.0,0.99982715
2005,A10,DR_20221209_143805,83.0,0.9996502
2006,A10,DR_20221209_143805,84.0,1.0000114
2007,A10,DR_20221209_143805,85.0,0.9979073
2008,A10,DR_20221209_143805,86.0,0.9970874
2009,A10,DR_20221209_143805,87.0,1.0001348
2010,A10,DR_20221209_143805,88.0,1.000031
2011,A10,DR_20221209_143805,89.0,0.99935395
2012,A10,DR_20221209_143805,90.0,1.000106
2013,A11,DR_20221209_143805,91.0,1.0001726
2014,A11,DR_20221209_143805,92.0,1.0001701
2015,A11,DR_20221209_143805,93.0,1.000281
2016,A11,DR_20221209_143805,94.0,1.0000516
2017,A11,DR_20221209_143805,95.0,1.0001017
2018,A11,DR_20221209_143805,96.0,1.0003315
2019,A11,DR_20221209_143805,97.0,1.0000821
2020,A11,DR_20221209_143805,98.0,0.99306273
2021,A11,DR_20221209_143805,99.0,1.0000744
2022,A12,DR_20221209_143805,100.0,1.0001205
2023,A12,DR_20221209_143805,101.0,1.0001252
2024,A12,DR_20221209_143805,102.0,0.99817365
2025,A12,DR_20221209_143805,103.0,0.9999033
2026,A12,DR_20221209_143805,104.0,1.0001341
2027,A12,DR_20221209_143805,105.0,1.0002594
2028,A12,DR_20221209_143805,106.0,1.0001252
2029,A12,DR_20221209_143805,107.0,1.000578
2030,A12,DR_20221209_143805,108.0,0.9999873
2031,A13,DR_20221209_143805,109.0,1.0000263
2032,A13,DR_20221209_143805,110.0,1.0001252
2033,A13,DR_20221209_143805,111.0,1.0001805
2034,A13,DR_20221209_143805,112.0,1.0000458
2035,A13,DR_20221209_143805,113.0,1.0001341
2036,A13,DR_20221209_143805,114.0,1.0000618
2037,A13,DR_20221209_143805,115.0,1.0002044
2038,A13,DR_20221209_143805,116.0,1.0000618
2039,A13,DR_20221209_143805,117.0,1.0000153
2040,A14,DR_20221209_143805,118.0,1.000262
2041,A14,DR_20221209_143805,119.0,0.9997398
2042,A14,DR_20221209_143805,120.0,1.0003301
2043,A14,DR_20221209_143805,121.0,1.0001177
2044,A14,DR_20221209_143805,122.0,0.99997675
2045,A14,DR_20221209_143805,123.0,1.0001897
2046,A14,DR_20221209_143805,124.0,1.0001202
2047,A14,DR_20221209_143805,125.0,0.99875
2048,A14,DR_20221209_143805,126.0,0.99988115
2049,A15,DR_20221209_143805,127.0,1.000165
2050,A15,DR_20221209_143805,128.0,1.0001252
2051,A15,DR_20221209_143805,129.0,1.000056
2052,A15,DR_20221209_143805,130.0,0.99995023
2053,A15,DR_20221209_143805,131.0,1.0002594
2054,A15,DR_20221209_143805,132.0,1.0002594
2055,A15,DR_20221209_143805,133.0,1.0000799
2056,A15,DR_20221209_143805,134.0,0.9995544
2057,A15,DR_20221209_143805,135.0,0.99989223
2058,A16,DR_20221209_143805,136.0,0.99922985
2059,A16,DR_20221209_143805,137.0,0.9978772
2060,A16,DR_20221209_143805,138.0,0.9997749
2061,A16,DR_20221209_143805,139.0,1.0001123
2062,A16,DR_20221209_143805,140.0,1.0002594
2063,A16,DR_20221209_143805,141.0,1.0001897
2064,A16,DR_20221209_143805,142.0,1.0001857
2065,A16,DR_20221209_143805,143.0,1.000095
2066,A16,DR_20221209_143805,144.0,1.0000086
2067,A17,DR_20221209_143805,145.0,1.0000795
2068,A17,DR_20221209_143805,146.0,0.9999756
2069,A17,DR_20221209_143805,147.0,0.99986815
2070,A17,DR_20221209_143805,148.0,1.0000142
2071,A17,DR_20221209_143805,149.0,1.0023223
2072,A17,DR_20221209_143805,150.0,1.0002371
2073,A17,DR_20221209_143805,151.0,1.0004586
2074,A17,DR_20221209_143805,152.0,1.0001252
2075,A17,DR_20221209_143805,153.0,1.0022186
2076,A18,DR_20221209_143805,154.0,1.0000302
2077,A18,DR_20221209_143805,155.0,1.0030323
2078,A18,DR_20221209_143805,156.0,1.0000429
2079,A18,DR_20221209_143805,157.0,0.9978542
2080,A18,DR_20221209_143805,158.0,1.000148
2081,A18,DR_20221209_143805,159.0,1.0003315
2082,A18,DR_20221209_143805,160.0,1.0001719
2083,A18,DR_20221209_143805,161.0,0.99053895
2084,A18,DR_20221209_143805,162.0,0.99990803
2085,A19,DR_20221209_143805,163.0,0.99903524
2086,A19,DR_20221209_143805,164.0,1.0007203
2087,A19,DR_20221209_143805,165.0,1.0001458
2088,A19,DR_20221209_143805,166.0,1.0000991
2089,A19,DR_20221209_143805,167.0,0.9985798
2090,A19,DR_20221209_143805,168.0,1.0001897
2091,A19,DR_20221209_143805,169.0,0.99423003
2092,A19,DR_20221209_143805,170.0,0.99777347
2093,A19,DR_20221209_143805,171.0,0.999692
2094,A20,DR_20221209_143805,172.0,1.0002594
2095,A20,DR_20221209_143805,173.0,0.9999264
2096,A20,DR_20221209_143805,174.0,1.0000167
2097,A20,DR_20221209_143805,175.0,1.0000855
2098,A20,DR_20221209_143805,176.0,1.0002594
2099,A20,DR_20221209_143805,177.0,1.0001897
2100,A20,DR_20221209_143805,178.0,1.0002714
2101,A20,DR_20221209_143805,179.0,0.99905753
2102,A20,DR_20221209_143805,180.0,0.999973
2103,A21,DR_20221209_143805,181.0,1.0000055
2104,A21,DR_20221209_143805,182.0,0.99942213
2105,A21,DR_20221209_143805,183.0,1.0000589
2106,A21,DR_20221209_143805,184.0,1.0002553
2107,A21,DR_20221209_143805,185.0,1.0001808
2108,A21,DR_20221209_143805,186.0,0.99985695
2109,A21,DR_20221209_143805,187.0,1.0001726
2110,A21,DR_20221209_143805,188.0,1.0001818
2111,A21,DR_20221209_143805,189.0,0.999838
2112,A22,DR_20221209_143805,190.0,1.0003703
2113,A22,DR_20221209_143805,191.0,0.9999773
2114,A22,DR_20221209_143805,192.0,0.9999157
2115,A22,DR_20221209_143805,193.0,0.999083
2116,A22,DR_20221209_143805,194.0,1.0001998
2117,A22,DR_20221209_143805,195.0,1.0001897
2118,A22,DR_20221209_143805,196.0,1.0000749
2119,A22,DR_20221209_143805,197.0,1.0002594
2120,A22,DR_20221209_143805,198.0,1.000073
2157,B03,DR_20221209_143805,235.0,0.99990517
2158,B03,DR_20221209_143805,236.0,0.9956491
2159,B03,DR_20221209_143805,237.0,1.000346
2160,B03,DR_20221209_143805,238.0,1.0000931
2161,B03,DR_20221209_143805,239.0,0.99621415
2162,B03,DR_20221209_143805,240.0,1.0002575
2163,B03,DR_20221209_143805,241.0,1.0012646
2164,B03,DR_20221209_143805,242.0,0.9785328
2165,B03,DR_20221209_143805,243.0,1.0002078
2166,B04,DR_20221209_143805,244.0,0.9792703
2167,B04,DR_20221209_143805,245.0,0.9954924
2168,B04,DR_20221209_143805,246.0,1.0043732
2169,B04,DR_20221209_143805,247.0,0.9782091
2170,B04,DR_20221209_143805,248.0,0.9787694
2171,B04,DR_20221209_143805,249.0,0.47247237
2172,B04,DR_20221209_143805,250.0,0.51953745
2173,B04,DR_20221209_143805,251.0,1.0559508
2174,B04,DR_20221209_143805,252.0,1.0000559
2175,B05,DR_20221209_143805,253.0,0.99985963
2176,B05,DR_20221209_143805,254.0,0.9997209
2177,B05,DR_20221209_143805,255.0,1.0000491
2178,B05,DR_20221209_143805,256.0,1.000371
2179,B05,DR_20221209_143805,257.0,1.0001984
2180,B05,DR_20221209_143805,258.0,1.000212
2181,B05,DR_20221209_143805,259.0,1.0005252
2182,B05,DR_20221209_143805,260.0,0.99992275
2183,B05,DR_20221209_143805,261.0,1.0000893
2184,B06,DR_20221209_143805,262.0,0.9999627
2185,B06,DR_20221209_143805,263.0,0.99935436
2186,B06,DR_20221209_143805,264.0,1.000061
2187,B06,DR_20221209_143805,265.0,0.9984219
2188,B06,DR_20221209_143805,266.0,1.0002594
2189,B06,DR_20221209_143805,267.0,0.9999627
2190,B06,DR_20221209_143805,268.0,0.99986327
2191,B06,DR_20221209_143805,269.0,0.9999627
2192,B06,DR_20221209_143805,270.0,1.000106
2193,B07,DR_20221209_143805,271.0,1.000153
2194,B07,DR_20221209_143805,272.0,0.9993078
2195,B07,DR_20221209_143805,273.0,1.0000429
2196,B07,DR_20221209_143805,274.0,0.9996487
2197,B07,DR_20221209_143805,275.0,0.9901525
2198,B07,DR_20221209_143805,276.0,0.9999627
2199,B07,DR_20221209_143805,277.0,0.99989057
2200,B07,DR_20221209_143805,278.0,0.9999627
2201,B07,DR_20221209_143805,279.0,1.0000017
2202,B08,DR_20221209_143805,280.0,0.99983096
2203,B08,DR_20221209_143805,281.0,1.0001873
2204,B08,DR_20221209_143805,282.0,1.000097
2205,B08,DR_20221209_143805,283.0,1.0000296
2206,B08,DR_20221209_143805,284.0,1.0000844
2207,B08,DR_20221209_143805,285.0,1.0001897
2208,B08,DR_20221209_143805,286.0,1.0001878
2209,B08,DR_20221209_143805,287.0,1.0002522
2210,B08,DR_20221209_143805,288.0,1.000396
2211,B09,DR_20221209_143805,289.0,0.9999627
2212,B09,DR_20221209_143805,290.0,0.9999627
2213,B09,DR_20221209_143805,291.0,1.0002518
2214,B09,DR_20221209_143805,292.0,0.9999562
2215,B09,DR_20221209_143805,293.0,0.9993448
2216,B09,DR_20221209_143805,294.0,0.9999627
2217,B09,DR_20221209_143805,295.0,1.0011028
2218,B09,DR_20221209_143805,296.0,1.0016998
2219,B09,DR_20221209_143805,297.0,0.99981415
2220,B10,DR_20221209_143805,298.0,0.9999627
2221,B10,DR_20221209_143805,299.0,0.9984487
2222,B10,DR_20221209_143805,300.0,0.9990907
2223,B10,DR_20221209_143805,301.0,0.9969384
2224,B10,DR_20221209_143805,302.0,0.9969384
2225,B10,DR_20221209_143805,303.0,0.99777764
2226,B10,DR_20221209_143805,304.0,1.0002594
2227,B10,DR_20221209_143805,305.0,0.99820334
2228,B10,DR_20221209_143805,306.0,0.99771374
2229,B11,DR_20221209_143805,307.0,1.0001395
2230,B11,DR_20221209_143805,308.0,1.0000836
2231,B11,DR_20221209_143805,309.0,0.9999779
2232,B11,DR_20221209_143805,310.0,0.99989
2233,B11,DR_20221209_143805,311.0,0.99788326
2234,B11,DR_20221209_143805,312.0,1.0001897
2235,B11,DR_20221209_143805,313.0,0.9999837
2236,B11,DR_20221209_143805,314.0,1.0013874
2237,B11,DR_20221209_143805,315.0,1.0000149
2238,B12,DR_20221209_143805,316.0,1.0001395
2239,B12,DR_20221209_143805,317.0,1.0001092
2240,B12,DR_20221209_143805,318.0,1.0015013
2241,B12,DR_20221209_143805,319.0,1.0001897
2242,B12,DR_20221209_143805,320.0,1.0002594
2243,B12,DR_20221209_143805,321.0,1.0002021
2244,B12,DR_20221209_143805,322.0,1.0002021
2245,B12,DR_20221209_143805,323.0,1.0000294
2246,B12,DR_20221209_143805,324.0,1.0001252
2247,B13,DR_20221209_143805,325.0,1.0000231
2248,B13,DR_20221209_143805,326.0,1.0001873
2249,B13,DR_20221209_143805,327.0,1.0000229
2250,B13,DR_20221209_143805,328.0,1.0000627
2251,B13,DR_20221209_143805,329.0,1.0000077
2252,B13,DR_20221209_143805,330.0,1.0001512
2253,B13,DR_20221209_143805,331.0,1.0002633
2254,B13,DR_20221209_143805,332.0,1.0002707
2255,B13,DR_20221209_143805,333.0,1.0002193
2256,B14,DR_20221209_143805,334.0,1.0001459
2257,B14,DR_20221209_143805,335.0,0.9997006
2258,B14,DR_20221209_143805,336.0,1.000027
2259,B14,DR_20221209_143805,337.0,0.9972209
2260,B14,DR_20221209_143805,338.0,0.051956695
2261,B14,DR_20221209_143805,339.0,0.9995145
2262,B14,DR_20221209_143805,340.0,1.0000551
2263,B14,DR_20221209_143805,341.0,0.99680245
2264,B14,DR_20221209_143805,342.0,0.9985495
2265,B15,DR_20221209_143805,343.0,0.9988998
2266,B15,DR_20221209_143805,344.0,1.000212
2267,B15,DR_20221209_143805,345.0,1.0000429
2268,B15,DR_20221209_143805,346.0,1.0000429
2269,B15,DR_20221209_143805,347.0,1.00248
2270,B15,DR_20221209_143805,348.0,1.0002594
2271,B15,DR_20221209_143805,349.0,1.0001538
2272,B15,DR_20221209_143805,350.0,1.0000091
2273,B15,DR_20221209_143805,351.0,0.9999134
2274,B16,DR_20221209_143805,352.0,0.9993321
2275,B16,DR_20221209_143805,353.0,1.0000716
2276,B16,DR_20221209_143805,354.0,1.0001425
2277,B16,DR_20221209_143805,355.0,0.99996895
2278,B16,DR_20221209_143805,356.0,1.0001183
2279,B16,DR_20221209_143805,357.0,1.0003985
2280,B16,DR_20221209_143805,358.0,1.0013926
2281,B16,DR_20221209_143805,359.0,0.99963623
2282,B16,DR_20221209_143805,360.0,0.99778455
2283,B17,DR_20221209_143805,361.0,1.0003977
2284,B17,DR_20221209_143805,362.0,0.9998062
2285,B17,DR_20221209_143805,363.0,0.99987626
2286,B17,DR_20221209_143805,364.0,1.0000149
2287,B17,DR_20221209_143805,365.0,0.9967774
2288,B17,DR_20221209_143805,366.0,1.0001897
2289,B17,DR_20221209_143805,367.0,1.0016237
2290,B17,DR_20221209_143805,368.0,0.99935436
2291,B17,DR_20221209_143805,369.0,0.99985677
2292,B18,DR_20221209_143805,370.0,0.9999545
2293,B18,DR_20221209_143805,371.0,0.9989985
2294,B18,DR_20221209_143805,372.0,1.0001129
2295,B18,DR_20221209_143805,373.0,1.00003
2296,B18,DR_20221209_143805,374.0,0.9986934
2297,B18,DR_20221209_143805,375.0,1.0002594
2298,B18,DR_20221209_143805,376.0,1.000165
2299,B18,DR_20221209_143805,377.0,0.99246585
2300,B18,DR_20221209_143805,378.0,1.0001726
2301,B19,DR_20221209_143805,379.0,1.0002594
2302,B19,DR_20221209_143805,380.0,1.0002886
2303,B19,DR_20221209_143805,381.0,0.99931407
2304,B19,DR_20221209_143805,382.0,0.9968663
2305,B19,DR_20221209_143805,383.0,0.9968746
2306,B19,DR_20221209_143805,384.0,0.9878646
2307,B19,DR_20221209_143805,385.0,0.99999774
2308,B19,DR_20221209_143805,386.0,0.9989728
2309,B19,DR_20221209_143805,387.0,1.0013629
2310,B20,DR_20221209_143805,388.0,0.99989057
2311,B20,DR_20221209_143805,389.0,0.99971765
2312,B20,DR_20221209_143805,390.0,1.0000246
2313,B20,DR_20221209_143805,391.0,0.9999033
2314,B20,DR_20221209_143805,392.0,0.99935436
2315,B20,DR_20221209_143805,393.0,1.0001137
2316,B20,DR_20221209_143805,394.0,1.0000565
2317,B20,DR_20221209_143805,395.0,0.9899725
2318,B20,DR_20221209_143805,396.0,0.99998254
2319,B21,DR_20221209_143805,397.0,0.9999627
2320,B21,DR_20221209_143805,398.0,1.0050977
2321,B21,DR_20221209_143805,399.0,1.0000736
2322,B21,DR_20221209_143805,400.0,0.9999154
2323,B21,DR_20221209_143805,401.0,0.99923813
2324,B21,DR_20221209_143805,402.0,0.99919075
2325,B21,DR_20221209_143805,403.0,0.99990004
2326,B21,DR_20221209_143805,404.0,1.0001719
2327,B21,DR_20221209_143805,405.0,1.0000815
2328,B22,DR_20221209_143805,406.0,1.0001017
2329,B22,DR_20221209_143805,407.0,0.99994916
2330,B22,DR_20221209_143805,408.0,1.000056
2331,B22,DR_20221209_143805,409.0,0.9999084
2332,B22,DR_20221209_143805,410.0,1.0000958
2333,B22,DR_20221209_143805,411.0,0.99996
2334,B22,DR_20221209_143805,412.0,0.90726036
2335,B22,DR_20221209_143805,413.0,0.9979372
2336,B22,DR_20221209_143805,414.0,0.99999523
2373,C03,DR_20221209_143805,451.0,1.0000976
2374,C03,DR_20221209_143805,452.0,0.99993175
2375,C03,DR_20221209_143805,453.0,0.9996378
2376,C03,DR_20221209_143805,454.0,1.0000833
2377,C03,DR_20221209_143805,455.0,0.9951406
2378,C03,DR_20221209_143805,456.0,0.98073477
2379,C03,DR_20221209_143805,457.0,0.99996936
2380,C03,DR_20221209_143805,458.0,0.99989915
2381,C03,DR_20221209_143805,459.0,0.99997264
2382,C04,DR_20221209_143805,460.0,0.99992925
2383,C04,DR_20221209_143805,461.0,0.97766167
2384,C04,DR_20221209_143805,462.0,1.0031135
2385,C04,DR_20221209_143805,463.0,0.9785328
2386,C04,DR_20221209_143805,464.0,0.9774553
2387,C04,DR_20221209_143805,465.0,0.9967075
2388,C04,DR_20221209_143805,466.0,1.0006394
2389,C04,DR_20221209_143805,467.0,1.0033174
2390,C04,DR_20221209_143805,468.0,0.99980265
2391,C05,DR_20221209_143805,469.0,1.0003145
2392,C05,DR_20221209_143805,470.0,0.04592108
2393,C05,DR_20221209_143805,471.0,0.99998313
2394,C05,DR_20221209_143805,472.0,1.0000559
2395,C05,DR_20221209_143805,473.0,-0.013113037
2396,C05,DR_20221209_143805,474.0,0.0014879141
2397,C05,DR_20221209_143805,475.0,0.41406214
2398,C05,DR_20221209_143805,476.0,0.8297224
2399,C05,DR_20221209_143805,477.0,1.0003408
2400,C06,DR_20221209_143805,478.0,1.0002594
2401,C06,DR_20221209_143805,479.0,1.000153
2402,C06,DR_20221209_143805,480.0,1.0000429
2403,C06,DR_20221209_143805,481.0,0.9999791
2404,C06,DR_20221209_143805,482.0,1.0001017
2405,C06,DR_20221209_143805,483.0,0.9999627
2406,C06,DR_20221209_143805,484.0,0.9999627
2407,C06,DR_20221209_143805,485.0,1.0002594
2408,C06,DR_20221209_143805,486.0,1.0002371
2409,C07,DR_20221209_143805,487.0,1.0002371
2410,C07,DR_20221209_143805,488.0,0.9995054
2411,C07,DR_20221209_143805,489.0,1.0000255
2412,C07,DR_20221209_143805,490.0,0.99983585
2413,C07,DR_20221209_143805,491.0,0.99935436
2414,C07,DR_20221209_143805,492.0,1.0002594
2415,C07,DR_20221209_143805,493.0,1.000165
2416,C07,DR_20221209_143805,494.0,0.9999627
2417,C07,DR_20221209_143805,495.0,1.0000415
2418,C08,DR_20221209_143805,496.0,0.9990385
2419,C08,DR_20221209_143805,497.0,0.9993388
2420,C08,DR_20221209_143805,498.0,1.0000196
2421,C08,DR_20221209_143805,499.0,1.0000553
2422,C08,DR_20221209_143805,500.0,0.05298417
2423,C08,DR_20221209_143805,501.0,1.0001711
2424,C08,DR_20221209_143805,502.0,1.0002594
2425,C08,DR_20221209_143805,503.0,1.0002594
2426,C08,DR_20221209_143805,504.0,0.9977954
2427,C09,DR_20221209_143805,505.0,0.9999627
2428,C09,DR_20221209_143805,506.0,1.0002594
2429,C09,DR_20221209_143805,507.0,0.9999915
2430,C09,DR_20221209_143805,508.0,1.0011703
2431,C09,DR_20221209_143805,509.0,0.99779725
2432,C09,DR_20221209_143805,510.0,0.99935436
2433,C09,DR_20221209_143805,511.0,1.0002073
2434,C09,DR_20221209_143805,512.0,0.99881595
2435,C09,DR_20221209_143805,513.0,0.99935395
2436,C10,DR_20221209_143805,514.0,1.001049
2437,C10,DR_20221209_143805,515.0,0.9998263
2438,C10,DR_20221209_143805,516.0,0.99999523
2439,C10,DR_20221209_143805,517.0,0.99777496
2440,C10,DR_20221209_143805,518.0,1.0000553
2441,C10,DR_20221209_143805,519.0,1.0002292
2442,C10,DR_20221209_143805,520.0,1.0005159
2443,C10,DR_20221209_143805,521.0,1.0001873
2444,C10,DR_20221209_143805,522.0,0.99969375
2445,C11,DR_20221209_143805,523.0,1.0001897
2446,C11,DR_20221209_143805,524.0,1.0000832
2447,C11,DR_20221209_143805,525.0,1.0000999
2448,C11,DR_20221209_143805,526.0,0.99935776
2449,C11,DR_20221209_143805,527.0,1.0001017
2450,C11,DR_20221209_143805,528.0,1.0002371
2451,C11,DR_20221209_143805,529.0,0.996353
2452,C11,DR_20221209_143805,530.0,1.0001187
2453,C11,DR_20221209_143805,531.0,1.0000149
2454,C12,DR_20221209_143805,532.0,1.0003775
2455,C12,DR_20221209_143805,533.0,1.0000747
2456,C12,DR_20221209_143805,534.0,0.99851966
2457,C12,DR_20221209_143805,535.0,0.99960077
2458,C12,DR_20221209_143805,536.0,1.0001341
2459,C12,DR_20221209_143805,537.0,1.0002944
2460,C12,DR_20221209_143805,538.0,0.99980384
2461,C12,DR_20221209_143805,539.0,1.0000855
2462,C12,DR_20221209_143805,540.0,1.000117
2463,C13,DR_20221209_143805,541.0,1.000181
2464,C13,DR_20221209_143805,542.0,1.0002594
2465,C13,DR_20221209_143805,543.0,0.99958545
2466,C13,DR_20221209_143805,544.0,1.0010049
2467,C13,DR_20221209_143805,545.0,1.0001179
2468,C13,DR_20221209_143805,546.0,0.99991345
2469,C13,DR_20221209_143805,547.0,1.0000908
2470,C13,DR_20221209_143805,548.0,1.0001948
2471,C13,DR_20221209_143805,549.0,0.99883556
2472,C14,DR_20221209_143805,550.0,0.99796736
2473,C14,DR_20221209_143805,551.0,0.9998982
2474,C14,DR_20221209_143805,552.0,0.9999039
2475,C14,DR_20221209_143805,553.0,0.99994785
2476,C14,DR_20221209_143805,554.0,0.9991328
2477,C14,DR_20221209_143805,555.0,1.0005159
2478,C14,DR_20221209_143805,556.0,1.0000234
2479,C14,DR_20221209_143805,557.0,0.99017286
2480,C14,DR_20221209_143805,558.0,0.8603921
2481,C15,DR_20221209_143805,559.0,1.0004936
2482,C15,DR_20221209_143805,560.0,1.0001595
2483,C15,DR_20221209_143805,561.0,0.99988115
2484,C15,DR_20221209_143805,562.0,0.98785096
2485,C15,DR_20221209_143805,563.0,0.99788326
2486,C15,DR_20221209_143805,564.0,1.0000062
2487,C15,DR_20221209_143805,565.0,1.0001141
2488,C15,DR_20221209_143805,566.0,0.997866
2489,C15,DR_20221209_143805,567.0,0.99990404
2490,C16,DR_20221209_143805,568.0,1.0002371
2491,C16,DR_20221209_143805,569.0,1.0001595
2492,C16,DR_20221209_143805,570.0,0.99716604
2493,C16,DR_20221209_143805,571.0,1.00003
2494,C16,DR_20221209_143805,572.0,1.0003064
2495,C16,DR_20221209_143805,573.0,1.0001897
2496,C16,DR_20221209_143805,574.0,1.0028697
2497,C16,DR_20221209_143805,575.0,1.0000783
2498,C16,DR_20221209_143805,576.0,0.9875685
2499,C17,DR_20221209_143805,577.0,1.000032
2500,C17,DR_20221209_143805,578.0,0.99958885
2501,C17,DR_20221209_143805,579.0,1.0000244
2502,C17,DR_20221209_143805,580.0,0.9999695
2503,C17,DR_20221209_143805,581.0,1.0001957
2504,C17,DR_20221209_143805,582.0,1.0002594
2505,C17,DR_20221209_143805,583.0,1.0000234
2506,C17,DR_20221209_143805,584.0,1.000165
2507,C17,DR_20221209_143805,585.0,0.99990016
2508,C18,DR_20221209_143805,586.0,1.0008825
2509,C18,DR_20221209_143805,587.0,1.000543
2510,C18,DR_20221209_143805,588.0,1.0018166
2511,C18,DR_20221209_143805,589.0,0.9997539
2512,C18,DR_20221209_143805,590.0,0.9995342
2513,C18,DR_20221209_143805,591.0,1.0003359
2514,C18,DR_20221209_143805,592.0,0.99999774
2515,C18,DR_20221209_143805,593.0,1.0002371
2516,C18,DR_20221209_143805,594.0,0.9999033
2517,C19,DR_20221209_143805,595.0,1.0000157
2518,C19,DR_20221209_143805,596.0,1.0001734
2519,C19,DR_20221209_143805,597.0,1.0001252
2520,C19,DR_20221209_143805,598.0,0.9997604
2521,C19,DR_20221209_143805,599.0,0.99903566
2522,C19,DR_20221209_143805,600.0,1.000153
2523,C19,DR_20221209_143805,601.0,0.9997881
2524,C19,DR_20221209_143805,602.0,1.0002371
2525,C19,DR_20221209_143805,603.0,0.9999987
2526,C20,DR_20221209_143805,604.0,0.9999627
2527,C20,DR_20221209_143805,605.0,0.9999465
2528,C20,DR_20221209_143805,606.0,1.000073
2529,C20,DR_20221209_143805,607.0,1.0000113
2530,C20,DR_20221209_143805,608.0,0.99905753
2531,C20,DR_20221209_143805,609.0,1.0002594
2532,C20,DR_20221209_143805,610.0,1.0000602
2533,C20,DR_20221209_143805,611.0,1.0002073
2534,C20,DR_20221209_143805,612.0,1.003268
2535,C21,DR_20221209_143805,613.0,1.0001726
2536,C21,DR_20221209_143805,614.0,0.99998116
2537,C21,DR_20221209_143805,615.0,1.0002449
2538,C21,DR_20221209_143805,616.0,1.0005207
2539,C21,DR_20221209_143805,617.0,1.0002594
2540,C21,DR_20221209_143805,618.0,1.0001873
2541,C21,DR_20221209_143805,619.0,0.9998901
2542,C21,DR_20221209_143805,620.0,1.0001595
2543,C21,DR_20221209_143805,621.0,0.99990803
2544,C22,DR_20221209_143805,622.0,0.99996763
2545,C22,DR_20221209_143805,623.0,0.99993616
2546,C22,DR_20221209_143805,624.0,1.0000311
2547,C22,DR_20221209_143805,625.0,1.0002148
2548,C22,DR_20221209_143805,626.0,0.99993575
2549,C22,DR_20221209_143805,627.0,1.0003359
2550,C22,DR_20221209_143805,628.0,1.0001531
2551,C22,DR_20221209_143805,629.0,1.0000484
2552,C22,DR_20221209_143805,630.0,1.0019103
2589,D03,DR_20221209_143805,667.0,0.07439404
2590,D03,DR_20221209_143805,668.0,0.8331097
2591,D03,DR_20221209_143805,669.0,0.9784709
2592,D03,DR_20221209_143805,670.0,0.97843385
2593,D03,DR_20221209_143805,671.0,0.97804594
2594,D03,DR_20221209_143805,672.0,0.0071806447
2595,D03,DR_20221209_143805,673.0,0.9784928
2596,D03,DR_20221209_143805,674.0,0.97831845
2597,D03,DR_20221209_143805,675.0,0.999934
2598,D04,DR_20221209_143805,676.0,1.0006177
2599,D04,DR_20221209_143805,677.0,0.9791884
2600,D04,DR_20221209_143805,678.0,0.9956131
2601,D04,DR_20221209_143805,679.0,1.0000397
2602,D04,DR_20221209_143805,680.0,0.97913635
2603,D04,DR_20221209_143805,681.0,1.0004889
2604,D04,DR_20221209_143805,682.0,1.0005815
2605,D04,DR_20221209_143805,683.0,0.97839844
2606,D04,DR_20221209_143805,684.0,0.9934572
2607,D05,DR_20221209_143805,685.0,1.0006298
2608,D05,DR_20221209_143805,686.0,0.9998766
2609,D05,DR_20221209_143805,687.0,1.0006177
2610,D05,DR_20221209_143805,688.0,0.99461555
2611,D05,DR_20221209_143805,689.0,0.9997832
2612,D05,DR_20221209_143805,690.0,0.9787093
2613,D05,DR_20221209_143805,691.0,0.99627966
2614,D05,DR_20221209_143805,692.0,1.0003697
2615,D05,DR_20221209_143805,693.0,1.0022366
2616,D06,DR_20221209_143805,694.0,0.9997886
2617,D06,DR_20221209_143805,695.0,0.99980265
2618,D06,DR_20221209_143805,696.0,0.9790316
2619,D06,DR_20221209_143805,697.0,0.9782195
2620,D06,DR_20221209_143805,698.0,0.99969256
2621,D06,DR_20221209_143805,699.0,1.0003687
2622,D06,DR_20221209_143805,700.0,1.0001338
2623,D06,DR_20221209_143805,701.0,0.97966796
2624,D06,DR_20221209_143805,702.0,0.9778978
2625,D07,DR_20221209_143805,703.0,0.010417693
2626,D07,DR_20221209_143805,704.0,1.0011277
2627,D07,DR_20221209_143805,705.0,1.0021966
2628,D07,DR_20221209_143805,706.0,0.9781351
2629,D07,DR_20221209_143805,707.0,0.919193
2630,D07,DR_20221209_143805,708.0,0.023531184
2631,D07,DR_20221209_143805,709.0,-0.004416131
2632,D07,DR_20221209_143805,710.0,0.023932327
2633,D07,DR_20221209_143805,711.0,1.0001482
2634,D09,DR_20221209_143805,721.0,0.9999326
2635,D09,DR_20221209_143805,722.0,1.0002594
2636,D09,DR_20221209_143805,723.0,0.99996
2637,D09,DR_20221209_143805,724.0,0.99997455
2638,D09,DR_20221209_143805,725.0,0.9973316
2639,D09,DR_20221209_143805,726.0,1.0000458
2640,D09,DR_20221209_143805,727.0,1.000185
2641,D09,DR_20221209_143805,728.0,0.99781454
2642,D09,DR_20221209_143805,729.0,1.0000443
2643,D10,DR_20221209_143805,730.0,1.000046
2644,D10,DR_20221209_143805,731.0,1.0001411
2645,D10,DR_20221209_143805,732.0,1.0000749
2646,D10,DR_20221209_143805,733.0,1.000246
2647,D10,DR_20221209_143805,734.0,1.0002594
2648,D10,DR_20221209_143805,735.0,1.0001396
2649,D10,DR_20221209_143805,736.0,0.991874
2650,D10,DR_20221209_143805,737.0,0.99903524
2651,D10,DR_20221209_143805,738.0,1.0001029
2652,D11,DR_20221209_143805,739.0,1.0001774
2653,D11,DR_20221209_143805,740.0,0.99962234
2654,D11,DR_20221209_143805,741.0,1.000114
2655,D11,DR_20221209_143805,742.0,0.9999897
2656,D11,DR_20221209_143805,743.0,0.9970678
2657,D11,DR_20221209_143805,744.0,1.0001897
2658,D11,DR_20221209_143805,745.0,1.000092
2659,D11,DR_20221209_143805,746.0,1.0002148
2660,D11,DR_20221209_143805,747.0,0.999811
2661,D12,DR_20221209_143805,748.0,1.0002594
2662,D12,DR_20221209_143805,749.0,0.99996
2663,D12,DR_20221209_143805,750.0,0.99972093
2664,D12,DR_20221209_143805,751.0,1.0015303
2665,D12,DR_20221209_143805,752.0,0.04377064
2666,D12,DR_20221209_143805,753.0,0.9956711
2667,D12,DR_20221209_143805,754.0,1.0001873
2668,D12,DR_20221209_143805,755.0,0.9979073
2669,D12,DR_20221209_143805,756.0,1.0000206
2670,D13,DR_20221209_143805,757.0,0.9999627
2671,D13,DR_20221209_143805,758.0,0.9998339
2672,D13,DR_20221209_143805,759.0,0.9998502
2673,D13,DR_20221209_143805,760.0,1.0000001
2674,D13,DR_20221209_143805,761.0,0.999542
2675,D13,DR_20221209_143805,762.0,0.9991481
2676,D13,DR_20221209_143805,763.0,0.9998154
2677,D13,DR_20221209_143805,764.0,1.0003487
2678,D13,DR_20221209_143805,765.0,0.9998614
2679,D14,DR_20221209_143805,766.0,0.9975321
2680,D14,DR_20221209_143805,767.0,0.32888243
2681,D14,DR_20221209_143805,768.0,0.9886487
2682,D14,DR_20221209_143805,769.0,0.9968523
2683,D14,DR_20221209_143805,770.0,0.9538862
2684,D14,DR_20221209_143805,771.0,0.9999627
2685,D14,DR_20221209_143805,772.0,0.9999379
2686,D14,DR_20221209_143805,773.0,0.99040604
2687,D14,DR_20221209_143805,774.0,0.9998499
2688,D15,DR_20221209_143805,775.0,0.86035496
2689,D15,DR_20221209_143805,776.0,0.98961407
2690,D15,DR_20221209_143805,777.0,1.0000882
2691,D15,DR_20221209_143805,778.0,0.9966285
2692,D15,DR_20221209_143805,779.0,0.018788796
2693,D15,DR_20221209_143805,780.0,0.9883342
2694,D15,DR_20221209_143805,781.0,1.002474
2695,D15,DR_20221209_143805,782.0,0.9970543
2696,D15,DR_20221209_143805,783.0,0.990013
2697,D16,DR_20221209_143805,784.0,0.9999627
2698,D16,DR_20221209_143805,785.0,0.9998121
2699,D16,DR_20221209_143805,786.0,0.9998702
2700,D16,DR_20221209_143805,787.0,0.9999932
2701,D16,DR_20221209_143805,788.0,0.043599196
2702,D16,DR_20221209_143805,789.0,0.99905753
2703,D16,DR_20221209_143805,790.0,0.9996777
2704,D16,DR_20221209_143805,791.0,0.99731433
2705,D16,DR_20221209_143805,792.0,1.0021877
2706,D17,DR_20221209_143805,793.0,1.0003418
2707,D17,DR_20221209_143805,794.0,1.0001364
2708,D17,DR_20221209_143805,795.0,0.9998834
2709,D17,DR_20221209_143805,796.0,0.9980221
2710,D17,DR_20221209_143805,797.0,0.9988836
2711,D17,DR_20221209_143805,798.0,0.99989057
2712,D17,DR_20221209_143805,799.0,1.0001726
2713,D17,DR_20221209_143805,800.0,0.9999627
2714,D17,DR_20221209_143805,801.0,1.0001885
2715,D18,DR_20221209_143805,802.0,1.0002594
2716,D18,DR_20221209_143805,803.0,1.0001252
2717,D18,DR_20221209_143805,804.0,1.0000182
2718,D18,DR_20221209_143805,805.0,0.9977661
2719,D18,DR_20221209_143805,806.0,1.0002594
2720,D18,DR_20221209_143805,807.0,0.9998683
2721,D18,DR_20221209_143805,808.0,1.0002066
2722,D18,DR_20221209_143805,809.0,0.9965665
2723,D18,DR_20221209_143805,810.0,0.999924
2724,D19,DR_20221209_143805,811.0,0.999214
2725,D19,DR_20221209_143805,812.0,0.9990846
2726,D19,DR_20221209_143805,813.0,0.9978988
2727,D19,DR_20221209_143805,814.0,0.99996763
2728,D19,DR_20221209_143805,815.0,1.0000918
2729,D19,DR_20221209_143805,816.0,1.000112
2730,D19,DR_20221209_143805,817.0,1.0000565
2731,D19,DR_20221209_143805,818.0,1.0001187
2732,D19,DR_20221209_143805,819.0,0.9994406
2733,D20,DR_20221209_143805,820.0,1.0002371
2734,D20,DR_20221209_143805,821.0,0.9994515
2735,D20,DR_20221209_143805,822.0,0.9999531
2736,D20,DR_20221209_143805,823.0,0.9999887
2737,D20,DR_20221209_143805,824.0,1.0000767
2738,D20,DR_20221209_143805,825.0,1.0001818
2739,D20,DR_20221209_143805,826.0,1.0001395
2740,D20,DR_20221209_143805,827.0,1.0002594
2741,D20,DR_20221209_143805,828.0,0.9999543
2742,D21,DR_20221209_143805,829.0,1.000367
2743,D21,DR_20221209_143805,830.0,0.99990016
2744,D21,DR_20221209_143805,831.0,1.0022621
2745,D21,DR_20221209_143805,832.0,0.9999815
2746,D21,DR_20221209_143805,833.0,1.0000217
2747,D21,DR_20221209_143805,834.0,1.0004562
2748,D21,DR_20221209_143805,835.0,0.9998503
2749,D21,DR_20221209_143805,836.0,1.0006808
2750,D21,DR_20221209_143805,837.0,0.9999452
2751,D22,DR_20221209_143805,838.0,0.9999818
2752,D22,DR_20221209_143805,839.0,1.000579
2753,D22,DR_20221209_143805,840.0,0.9991924
2754,D22,DR_20221209_143805,841.0,0.9978772
2755,D22,DR_20221209_143805,842.0,1.0023223
2756,D22,DR_20221209_143805,843.0,0.99999523
2757,D22,DR_20221209_143805,844.0,1.0000572
2758,D22,DR_20221209_143805,845.0,1.0001347
2759,D22,DR_20221209_143805,846.0,0.99998254
2796,E03,DR_20221209_143805,883.0,0.99920833
2797,E03,DR_20221209_143805,884.0,1.0011591
2798,E03,DR_20221209_143805,885.0,1.0009245
2799,E03,DR_20221209_143805,886.0,1.0001309
2800,E03,DR_20221209_143805,887.0,0.9951325
2801,E03,DR_20221209_143805,888.0,0.97923076
2802,E03,DR_20221209_143805,889.0,0.882091
2803,E03,DR_20221209_143805,890.0,0.977876
2804,E03,DR_20221209_143805,891.0,0.9997443
2805,E04,DR_20221209_143805,892.0,0.88832825
2806,E04,DR_20221209_143805,893.0,0.98123467
2807,E04,DR_20221209_143805,894.0,1.0024029
2808,E04,DR_20221209_143805,895.0,1.0007228
2809,E04,DR_20221209_143805,896.0,0.99795145
2810,E04,DR_20221209_143805,897.0,0.9795819
2811,E04,DR_20221209_143805,898.0,0.9814378
2812,E04,DR_20221209_143805,899.0,0.9785551
2813,E04,DR_20221209_143805,900.0,0.9995078
2814,E05,DR_20221209_143805,901.0,0.04380859
2815,E05,DR_20221209_143805,902.0,-0.00011609412
2816,E05,DR_20221209_143805,903.0,0.045554873
2817,E05,DR_20221209_143805,904.0,0.97843385
2818,E05,DR_20221209_143805,905.0,0.049657263
2819,E05,DR_20221209_143805,906.0,0.06356963
2820,E05,DR_20221209_143805,907.0,0.97845566
2821,E05,DR_20221209_143805,908.0,-0.012490948
2822,E05,DR_20221209_143805,909.0,0.9782195
2823,E06,DR_20221209_143805,910.0,0.06258264
2824,E06,DR_20221209_143805,911.0,0.045128144
2825,E06,DR_20221209_143805,912.0,0.97897863
2826,E06,DR_20221209_143805,913.0,0.9782091
2827,E06,DR_20221209_143805,914.0,0.97862613
2828,E06,DR_20221209_143805,915.0,0.06338248
2829,E06,DR_20221209_143805,916.0,0.97876686
2830,E06,DR_20221209_143805,917.0,0.04349979
2831,E06,DR_20221209_143805,918.0,-0.013132029
2832,E07,DR_20221209_143805,919.0,1.0005977
2833,E07,DR_20221209_143805,920.0,0.99982446
2834,E07,DR_20221209_143805,921.0,1.0007522
2835,E07,DR_20221209_143805,922.0,0.99998206
2836,E07,DR_20221209_143805,923.0,0.99623036
2837,E07,DR_20221209_143805,924.0,0.97839844
2838,E07,DR_20221209_143805,925.0,1.0006417
2839,E07,DR_20221209_143805,926.0,1.000257
2840,E07,DR_20221209_143805,927.0,1.000763
2841,E08,DR_20221209_143805,928.0,1.0025922
2842,E08,DR_20221209_143805,929.0,0.99499947
2843,E08,DR_20221209_143805,930.0,0.99936193
2844,E08,DR_20221209_143805,931.0,0.9994928
2845,E08,DR_20221209_143805,932.0,0.9787532
2846,E08,DR_20221209_143805,933.0,1.0002649
2847,E08,DR_20221209_143805,934.0,0.97846764
2848,E08,DR_20221209_143805,935.0,0.9785328
2849,E08,DR_20221209_143805,936.0,0.9998356
2850,E09,DR_20221209_143805,937.0,0.9999627
2851,E09,DR_20221209_143805,938.0,1.0002594
2852,E09,DR_20221209_143805,939.0,1.0002432
2853,E09,DR_20221209_143805,940.0,1.0000292
2854,E09,DR_20221209_143805,941.0,0.9986903
2855,E09,DR_20221209_143805,942.0,1.0000019
2856,E09,DR_20221209_143805,943.0,1.000443
2857,E09,DR_20221209_143805,944.0,0.9995726
2858,E09,DR_20221209_143805,945.0,0.99923575
2859,E10,DR_20221209_143805,946.0,1.0001395
2860,E10,DR_20221209_143805,947.0,1.0001367
2861,E10,DR_20221209_143805,948.0,1.000073
2862,E10,DR_20221209_143805,949.0,1.001351
2863,E10,DR_20221209_143805,950.0,1.0001433
2864,E10,DR_20221209_143805,951.0,0.9999404
2865,E10,DR_20221209_143805,952.0,1.004087
2866,E10,DR_20221209_143805,953.0,0.9998851
2867,E10,DR_20221209_143805,954.0,1.0000867
2868,E11,DR_20221209_143805,955.0,1.000121
2869,E11,DR_20221209_143805,956.0,1.000428
2870,E11,DR_20221209_143805,957.0,0.99992514
2871,E11,DR_20221209_143805,958.0,0.9997165
2872,E11,DR_20221209_143805,959.0,0.99796355
2873,E11,DR_20221209_143805,960.0,1.0006117
2874,E11,DR_20221209_143805,961.0,1.0001029
2875,E11,DR_20221209_143805,962.0,1.00003
2876,E11,DR_20221209_143805,963.0,1.0000229
2877,E12,DR_20221209_143805,964.0,0.99989057
2878,E12,DR_20221209_143805,965.0,0.99983853
2879,E12,DR_20221209_143805,966.0,1.0001395
2880,E12,DR_20221209_143805,967.0,0.99994785
2881,E12,DR_20221209_143805,968.0,0.99996555
2882,E12,DR_20221209_143805,969.0,0.9999627
2883,E12,DR_20221209_143805,970.0,1.0023174
2884,E12,DR_20221209_143805,971.0,1.0010389
2885,E12,DR_20221209_143805,972.0,1.0001633
2886,E13,DR_20221209_143805,973.0,0.99988973
2887,E13,DR_20221209_143805,974.0,0.9999627
2888,E13,DR_20221209_143805,975.0,0.99999183
2889,E13,DR_20221209_143805,976.0,0.9999094
2890,E13,DR_20221209_143805,977.0,1.0001321
2891,E13,DR_20221209_143805,978.0,1.0004014
2892,E13,DR_20221209_143805,979.0,1.0001897
2893,E13,DR_20221209_143805,980.0,1.0006984
2894,E13,DR_20221209_143805,981.0,1.0000589
2895,E14,DR_20221209_143805,982.0,0.99905753
2896,E14,DR_20221209_143805,983.0,0.9929072
2897,E14,DR_20221209_143805,984.0,0.019418146
2898,E14,DR_20221209_143805,985.0,0.99985653
2899,E14,DR_20221209_143805,986.0,0.044151176
2900,E14,DR_20221209_143805,987.0,1.0001957
2901,E14,DR_20221209_143805,988.0,0.9996732
2902,E14,DR_20221209_143805,989.0,0.9994644
2903,E14,DR_20221209_143805,990.0,0.9627671
2904,E15,DR_20221209_143805,991.0,0.9999627
2905,E15,DR_20221209_143805,992.0,1.0013461
2906,E15,DR_20221209_143805,993.0,1.000057
2907,E15,DR_20221209_143805,994.0,0.99995774
2908,E15,DR_20221209_143805,995.0,0.044066172
2909,E15,DR_20221209_143805,996.0,0.99989027
2910,E15,DR_20221209_143805,997.0,1.0000467
2911,E15,DR_20221209_143805,998.0,0.9899456
2912,E15,DR_20221209_143805,999.0,1.0000658
2913,E16,DR_20221209_143805,1000.0,0.9999627
2914,E16,DR_20221209_143805,1001.0,1.0000997
2915,E16,DR_20221209_143805,1002.0,1.0000298
2916,E16,DR_20221209_143805,1003.0,0.99777573
2917,E16,DR_20221209_143805,1004.0,0.9776171
2918,E16,DR_20221209_143805,1005.0,1.0002371
2919,E16,DR_20221209_143805,1006.0,0.9998815
2920,E16,DR_20221209_143805,1007.0,0.99933857
2921,E16,DR_20221209_143805,1008.0,0.05780846
2922,E17,DR_20221209_143805,1009.0,0.99974626
2923,E17,DR_20221209_143805,1010.0,1.000073
2924,E17,DR_20221209_143805,1011.0,0.99997014
2925,E17,DR_20221209_143805,1012.0,1.0000775
2926,E17,DR_20221209_143805,1013.0,0.999805
2927,E17,DR_20221209_143805,1014.0,0.9988998
2928,E17,DR_20221209_143805,1015.0,1.000165
2929,E17,DR_20221209_143805,1016.0,0.9989631
2930,E17,DR_20221209_143805,1017.0,1.0000775
2931,E18,DR_20221209_143805,1018.0,1.0000217
2932,E18,DR_20221209_143805,1019.0,1.0004177
2933,E18,DR_20221209_143805,1020.0,0.99901706
2934,E18,DR_20221209_143805,1021.0,0.9999006
2935,E18,DR_20221209_143805,1022.0,0.99919665
2936,E18,DR_20221209_143805,1023.0,1.000004
2937,E18,DR_20221209_143805,1024.0,0.9997444
2938,E18,DR_20221209_143805,1025.0,0.99244356
2939,E18,DR_20221209_143805,1026.0,1.0029695
2940,E19,DR_20221209_143805,1027.0,1.0002594
2941,E19,DR_20221209_143805,1028.0,1.0002642
2942,E19,DR_20221209_143805,1029.0,0.9999849
2943,E19,DR_20221209_143805,1030.0,1.0000188
2944,E19,DR_20221209_143805,1031.0,0.9999627
2945,E19,DR_20221209_143805,1032.0,1.000212
2946,E19,DR_20221209_143805,1033.0,1.0001141
2947,E19,DR_20221209_143805,1034.0,1.0002352
2948,E19,DR_20221209_143805,1035.0,0.9977477
2949,E20,DR_20221209_143805,1036.0,1.000165
2950,E20,DR_20221209_143805,1037.0,0.9997949
2951,E20,DR_20221209_143805,1038.0,0.99998826
2952,E20,DR_20221209_143805,1039.0,1.0026177
2953,E20,DR_20221209_143805,1040.0,1.0000241
2954,E20,DR_20221209_143805,1041.0,0.9999338
2955,E20,DR_20221209_143805,1042.0,1.0002542
2956,E20,DR_20221209_143805,1043.0,1.0002371
2957,E20,DR_20221209_143805,1044.0,0.99959654
2958,E21,DR_20221209_143805,1045.0,0.99999106
2959,E21,DR_20221209_143805,1046.0,0.9988963
2960,E21,DR_20221209_143805,1047.0,0.9971802
2961,E21,DR_20221209_143805,1048.0,1.0000952
2962,E21,DR_20221209_143805,1049.0,1.0001017
2963,E21,DR_20221209_143805,1050.0,1.0002594
2964,E21,DR_20221209_143805,1051.0,1.0001029
2965,E21,DR_20221209_143805,1052.0,1.0002594
2966,E21,DR_20221209_143805,1053.0,1.0001249
2967,E22,DR_20221209_143805,1054.0,1.0001442
2968,E22,DR_20221209_143805,1055.0,0.99988335
2969,E22,DR_20221209_143805,1056.0,0.9964112
2970,E22,DR_20221209_143805,1057.0,0.9978599
2971,E22,DR_20221209_143805,1058.0,1.0002344
2972,E22,DR_20221209_143805,1059.0,1.0001433
2973,E22,DR_20221209_143805,1060.0,1.0002223
2974,E22,DR_20221209_143805,1061.0,1.0002878
2975,E22,DR_20221209_143805,1062.0,0.99994785
3012,F03,DR_20221209_143805,1099.0,1.0001963
3013,F03,DR_20221209_143805,1100.0,0.97978
3014,F03,DR_20221209_143805,1101.0,1.000257
3015,F03,DR_20221209_143805,1102.0,0.99940753
3016,F03,DR_20221209_143805,1103.0,0.9991175
3017,F03,DR_20221209_143805,1104.0,1.0009604
3018,F03,DR_20221209_143805,1105.0,0.99944055
3019,F03,DR_20221209_143805,1106.0,1.0058553
3020,F03,DR_20221209_143805,1107.0,0.9920656
3021,F04,DR_20221209_143805,1108.0,0.007638562
3022,F04,DR_20221209_143805,1109.0,0.030684566
3023,F04,DR_20221209_143805,1110.0,1.0026194
3024,F04,DR_20221209_143805,1111.0,0.9804958
3025,F04,DR_20221209_143805,1112.0,1.00244
3026,F04,DR_20221209_143805,1113.0,0.9798023
3027,F04,DR_20221209_143805,1114.0,0.97874665
3028,F04,DR_20221209_143805,1115.0,0.9782195
3029,F04,DR_20221209_143805,1116.0,1.0014191
3030,F05,DR_20221209_143805,1117.0,0.040014666
3031,F05,DR_20221209_143805,1118.0,0.9787532
3032,F05,DR_20221209_143805,1119.0,0.9788638
3033,F05,DR_20221209_143805,1120.0,0.97843385
3034,F05,DR_20221209_143805,1121.0,0.05073695
3035,F05,DR_20221209_143805,1122.0,0.9194738
3036,F05,DR_20221209_143805,1123.0,0.9784709
3037,F05,DR_20221209_143805,1124.0,0.9787694
3038,F05,DR_20221209_143805,1125.0,0.9787471
3039,F06,DR_20221209_143805,1126.0,0.8757005
3040,F06,DR_20221209_143805,1127.0,0.9783781
3041,F06,DR_20221209_143805,1128.0,0.97842336
3042,F06,DR_20221209_143805,1129.0,1.0003604
3043,F06,DR_20221209_143805,1130.0,0.9792469
3044,F06,DR_20221209_143805,1131.0,0.90536785
3045,F06,DR_20221209_143805,1132.0,0.9782735
3046,F06,DR_20221209_143805,1133.0,0.85416687
3047,F06,DR_20221209_143805,1134.0,1.0005022
3048,F07,DR_20221209_143805,1135.0,0.9954655
3049,F07,DR_20221209_143805,1136.0,0.99906963
3050,F07,DR_20221209_143805,1137.0,1.0000168
3051,F07,DR_20221209_143805,1138.0,0.9954701
3052,F07,DR_20221209_143805,1139.0,1.0044022
3053,F07,DR_20221209_143805,1140.0,0.9999069
3054,F07,DR_20221209_143805,1141.0,1.0003464
3055,F07,DR_20221209_143805,1142.0,0.9995023
3056,F07,DR_20221209_143805,1143.0,1.0005203
3057,F08,DR_20221209_143805,1144.0,1.0001482
3058,F08,DR_20221209_143805,1145.0,0.97869635
3059,F08,DR_20221209_143805,1146.0,0.999814
3060,F08,DR_20221209_143805,1147.0,0.99877346
3061,F08,DR_20221209_143805,1148.0,0.99585253
3062,F08,DR_20221209_143805,1149.0,0.9787694
3063,F08,DR_20221209_143805,1150.0,1.0006316
3064,F08,DR_20221209_143805,1151.0,0.9787856
3065,F08,DR_20221209_143805,1152.0,0.9998856
3066,F09,DR_20221209_143805,1153.0,1.0002594
3067,F09,DR_20221209_143805,1154.0,1.0002594
3068,F09,DR_20221209_143805,1155.0,0.999017
3069,F09,DR_20221209_143805,1156.0,1.0001179
3070,F09,DR_20221209_143805,1157.0,0.9970236
3071,F09,DR_20221209_143805,1158.0,1.0002594
3072,F09,DR_20221209_143805,1159.0,1.0013629
3073,F09,DR_20221209_143805,1160.0,1.0005692
3074,F09,DR_20221209_143805,1161.0,1.0002438
3075,F10,DR_20221209_143805,1162.0,1.0001655
3076,F10,DR_20221209_143805,1163.0,0.99981534
3077,F10,DR_20221209_143805,1164.0,0.99766177
3078,F10,DR_20221209_143805,1165.0,1.0000442
3079,F10,DR_20221209_143805,1166.0,0.33676243
3080,F10,DR_20221209_143805,1167.0,0.99987507
3081,F10,DR_20221209_143805,1168.0,0.9991978
3082,F10,DR_20221209_143805,1169.0,0.3503475
3083,F10,DR_20221209_143805,1170.0,1.0000554
3084,F11,DR_20221209_143805,1171.0,1.000165
3085,F11,DR_20221209_143805,1172.0,1.0001175
3086,F11,DR_20221209_143805,1173.0,1.000236
3087,F11,DR_20221209_143805,1174.0,1.0001168
3088,F11,DR_20221209_143805,1175.0,0.34055072
3089,F11,DR_20221209_143805,1176.0,1.0023084
3090,F11,DR_20221209_143805,1177.0,0.99889
3091,F11,DR_20221209_143805,1178.0,1.0004267
3092,F11,DR_20221209_143805,1179.0,1.0001022
3093,F12,DR_20221209_143805,1180.0,1.0002371
3094,F12,DR_20221209_143805,1181.0,0.9999627
3095,F12,DR_20221209_143805,1182.0,1.0002371
3096,F12,DR_20221209_143805,1183.0,1.0005412
3097,F12,DR_20221209_143805,1184.0,0.9886914
3098,F12,DR_20221209_143805,1185.0,1.0001897
3099,F12,DR_20221209_143805,1186.0,0.9998697
3100,F12,DR_20221209_143805,1187.0,0.99784124
3101,F12,DR_20221209_143805,1188.0,0.996645
3102,F13,DR_20221209_143805,1189.0,1.0000316
3103,F13,DR_20221209_143805,1190.0,0.9999465
3104,F13,DR_20221209_143805,1191.0,0.9992251
3105,F13,DR_20221209_143805,1192.0,0.98992234
3106,F13,DR_20221209_143805,1193.0,0.044085782
3107,F13,DR_20221209_143805,1194.0,0.99719375
3108,F13,DR_20221209_143805,1195.0,0.9998707
3109,F13,DR_20221209_143805,1196.0,0.99994785
3110,F13,DR_20221209_143805,1197.0,0.9993969
3111,F14,DR_20221209_143805,1198.0,1.0002594
3112,F14,DR_20221209_143805,1199.0,0.99990565
3113,F14,DR_20221209_143805,1200.0,0.9998545
3114,F14,DR_20221209_143805,1201.0,0.99781334
3115,F14,DR_20221209_143805,1202.0,0.32869792
3116,F14,DR_20221209_143805,1203.0,0.9886914
3117,F14,DR_20221209_143805,1204.0,1.0001897
3118,F14,DR_20221209_143805,1205.0,0.99949247
3119,F14,DR_20221209_143805,1206.0,0.055876683
3120,F15,DR_20221209_143805,1207.0,0.9999627
3121,F15,DR_20221209_143805,1208.0,0.9999627
3122,F15,DR_20221209_143805,1209.0,0.9998726
3123,F15,DR_20221209_143805,1210.0,0.99346364
3124,F15,DR_20221209_143805,1211.0,0.043228563
3125,F15,DR_20221209_143805,1212.0,0.9999627
3126,F15,DR_20221209_143805,1213.0,1.0013785
3127,F15,DR_20221209_143805,1214.0,0.9895072
3128,F15,DR_20221209_143805,1215.0,0.9999433
3129,F16,DR_20221209_143805,1216.0,0.99905753
3130,F16,DR_20221209_143805,1217.0,1.0002594
3131,F16,DR_20221209_143805,1218.0,0.9993435
3132,F16,DR_20221209_143805,1219.0,0.33145604
3133,F16,DR_20221209_143805,1220.0,0.043626238
3134,F16,DR_20221209_143805,1221.0,1.0000794
3135,F16,DR_20221209_143805,1222.0,1.0034039
3136,F16,DR_20221209_143805,1223.0,0.9979083
3137,F16,DR_20221209_143805,1224.0,0.99951553
3138,F17,DR_20221209_143805,1225.0,0.9975487
3139,F17,DR_20221209_143805,1226.0,0.9988621
3140,F17,DR_20221209_143805,1227.0,1.0001425
3141,F17,DR_20221209_143805,1228.0,0.99779725
3142,F17,DR_20221209_143805,1229.0,0.98241824
3143,F17,DR_20221209_143805,1230.0,1.0002594
3144,F17,DR_20221209_143805,1231.0,1.000165
3145,F17,DR_20221209_143805,1232.0,0.99888736
3146,F17,DR_20221209_143805,1233.0,1.0000298
3147,F18,DR_20221209_143805,1234.0,1.0001017
3148,F18,DR_20221209_143805,1235.0,0.99699396
3149,F18,DR_20221209_143805,1236.0,0.3459016
3150,F18,DR_20221209_143805,1237.0,1.0000192
3151,F18,DR_20221209_143805,1238.0,0.043596108
3152,F18,DR_20221209_143805,1239.0,1.0000553
3153,F18,DR_20221209_143805,1240.0,0.99942684
3154,F18,DR_20221209_143805,1241.0,0.99993414
3155,F18,DR_20221209_143805,1242.0,0.9991674
3156,F19,DR_20221209_143805,1243.0,1.0002594
3157,F19,DR_20221209_143805,1244.0,1.0000521
3158,F19,DR_20221209_143805,1245.0,1.0003294
3159,F19,DR_20221209_143805,1246.0,0.98984975
3160,F19,DR_20221209_143805,1247.0,0.97848547
3161,F19,DR_20221209_143805,1248.0,1.0001386
3162,F19,DR_20221209_143805,1249.0,0.9993458
3163,F19,DR_20221209_143805,1250.0,1.0000545
3164,F19,DR_20221209_143805,1251.0,0.9998531
3165,F20,DR_20221209_143805,1252.0,1.0000241
3166,F20,DR_20221209_143805,1253.0,1.0000429
3167,F20,DR_20221209_143805,1254.0,1.0006049
3168,F20,DR_20221209_143805,1255.0,0.9999705
3169,F20,DR_20221209_143805,1256.0,0.999805
3170,F20,DR_20221209_143805,1257.0,1.0000234
3171,F20,DR_20221209_143805,1258.0,1.0000453
3172,F20,DR_20221209_143805,1259.0,0.9998628
3173,F20,DR_20221209_143805,1260.0,0.9972365
3174,F21,DR_20221209_143805,1261.0,0.99972093
3175,F21,DR_20221209_143805,1262.0,0.99940944
3176,F21,DR_20221209_143805,1263.0,1.0022031
3177,F21,DR_20221209_143805,1264.0,0.9977929
3178,F21,DR_20221209_143805,1265.0,0.9991078
3179,F21,DR_20221209_143805,1266.0,0.9999604
3180,F21,DR_20221209_143805,1267.0,1.0001011
3181,F21,DR_20221209_143805,1268.0,1.0001339
3182,F21,DR_20221209_143805,1269.0,1.0001009
3183,F22,DR_20221209_143805,1270.0,0.99994606
3184,F22,DR_20221209_143805,1271.0,1.0000118
3185,F22,DR_20221209_143805,1272.0,1.0000633
3186,F22,DR_20221209_143805,1273.0,0.99938005
3187,F22,DR_20221209_143805,1274.0,1.0002594
3188,F22,DR_20221209_143805,1275.0,1.0002371
3189,F22,DR_20221209_143805,1276.0,1.0000467
3190,F22,DR_20221209_143805,1277.0,1.0000234
3191,F22,DR_20221209_143805,1278.0,1.000113
3228,G03,DR_20221209_143805,1315.0,0.9999627
3229,G03,DR_20221209_143805,1316.0,0.9999627
3230,G03,DR_20221209_143805,1317.0,0.9997529
3231,G03,DR_20221209_143805,1318.0,0.9986702
3232,G03,DR_20221209_143805,1319.0,0.99905753
3233,G03,DR_20221209_143805,1320.0,0.9999627
3234,G03,DR_20221209_143805,1321.0,1.0001045
3235,G03,DR_20221209_143805,1322.0,0.9990561
3236,G03,DR_20221209_143805,1323.0,1.0049443
3237,G04,DR_20221209_143805,1324.0,0.9999627
3238,G04,DR_20221209_143805,1325.0,1.0002594
3239,G04,DR_20221209_143805,1326.0,0.9996567
3240,G04,DR_20221209_143805,1327.0,0.9995668
3241,G04,DR_20221209_143805,1328.0,1.0000541
3242,G04,DR_20221209_143805,1329.0,1.0002594
3243,G04,DR_20221209_143805,1330.0,0.9999627
3244,G04,DR_20221209_143805,1331.0,1.0002344
3245,G04,DR_20221209_143805,1332.0,1.0000476
3246,G05,DR_20221209_143805,1333.0,0.9999326
3247,G05,DR_20221209_143805,1334.0,0.9999326
3248,G05,DR_20221209_143805,1335.0,0.99989057
3249,G05,DR_20221209_143805,1336.0,0.999619
3250,G05,DR_20221209_143805,1337.0,0.9999627
3251,G05,DR_20221209_143805,1338.0,0.9999627
3252,G05,DR_20221209_143805,1339.0,1.0001055
3253,G05,DR_20221209_143805,1340.0,1.0001279
3254,G05,DR_20221209_143805,1341.0,0.9996817
3255,G06,DR_20221209_143805,1342.0,0.9999627
3256,G06,DR_20221209_143805,1343.0,0.9999791
3257,G06,DR_20221209_143805,1344.0,0.9981068
3258,G06,DR_20221209_143805,1345.0,0.9988646
3259,G06,DR_20221209_143805,1346.0,1.0000855
3260,G06,DR_20221209_143805,1347.0,0.9999627
3261,G06,DR_20221209_143805,1348.0,0.9999627
3262,G06,DR_20221209_143805,1349.0,1.0000079
3263,G06,DR_20221209_143805,1350.0,0.99996
3264,G07,DR_20221209_143805,1351.0,1.0001531
3265,G07,DR_20221209_143805,1352.0,0.9994099
3266,G07,DR_20221209_143805,1353.0,1.000046
3267,G07,DR_20221209_143805,1354.0,0.99995804
3268,G07,DR_20221209_143805,1355.0,1.0002594
3269,G07,DR_20221209_143805,1356.0,0.9992847
3270,G07,DR_20221209_143805,1357.0,0.9998683
3271,G07,DR_20221209_143805,1358.0,0.9999627
3272,G07,DR_20221209_143805,1359.0,0.9999818
3273,G08,DR_20221209_143805,1360.0,0.999634
3274,G08,DR_20221209_143805,1361.0,0.9882363
3275,G08,DR_20221209_143805,1362.0,0.9976559
3276,G08,DR_20221209_143805,1363.0,0.9971559
3277,G08,DR_20221209_143805,1364.0,0.05278746
3278,G08,DR_20221209_143805,1365.0,1.0001013
3279,G08,DR_20221209_143805,1366.0,1.0002005
3280,G08,DR_20221209_143805,1367.0,0.9999382
3281,G08,DR_20221209_143805,1368.0,0.99996513
3282,G09,DR_20221209_143805,1369.0,1.0002594
3283,G09,DR_20221209_143805,1370.0,1.0001297
3284,G09,DR_20221209_143805,1371.0,1.000115
3285,G09,DR_20221209_143805,1372.0,0.9999849
3286,G09,DR_20221209_143805,1373.0,0.05256123
3287,G09,DR_20221209_143805,1374.0,1.0001183
3288,G09,DR_20221209_143805,1375.0,1.0001029
3289,G09,DR_20221209_143805,1376.0,0.997527
3290,G09,DR_20221209_143805,1377.0,1.0001252
3291,G10,DR_20221209_143805,1378.0,1.0000467
3292,G10,DR_20221209_143805,1379.0,1.0001144
3293,G10,DR_20221209_143805,1380.0,1.0033137
3294,G10,DR_20221209_143805,1381.0,0.9999404
3295,G10,DR_20221209_143805,1382.0,0.9999627
3296,G10,DR_20221209_143805,1383.0,1.000112
3297,G10,DR_20221209_143805,1384.0,1.0001249
3298,G10,DR_20221209_143805,1385.0,0.99976903
3299,G10,DR_20221209_143805,1386.0,0.03765845
3300,G11,DR_20221209_143805,1387.0,1.0000825
3301,G11,DR_20221209_143805,1388.0,1.0007727
3302,G11,DR_20221209_143805,1389.0,1.0001084
3303,G11,DR_20221209_143805,1390.0,1.000027
3304,G11,DR_20221209_143805,1391.0,0.33748537
3305,G11,DR_20221209_143805,1392.0,1.0001897
3306,G11,DR_20221209_143805,1393.0,1.0000565
3307,G11,DR_20221209_143805,1394.0,0.9979673
3308,G11,DR_20221209_143805,1395.0,0.99936795
3309,G12,DR_20221209_143805,1396.0,1.0001818
3310,G12,DR_20221209_143805,1397.0,0.9998503
3311,G12,DR_20221209_143805,1398.0,0.99992025
3312,G12,DR_20221209_143805,1399.0,0.9977756
3313,G12,DR_20221209_143805,1400.0,0.99794626
3314,G12,DR_20221209_143805,1401.0,1.000028
3315,G12,DR_20221209_143805,1402.0,1.0001029
3316,G12,DR_20221209_143805,1403.0,0.9977622
3317,G12,DR_20221209_143805,1404.0,0.9990226
3318,G13,DR_20221209_143805,1405.0,1.0000618
3319,G13,DR_20221209_143805,1406.0,1.0001092
3320,G13,DR_20221209_143805,1407.0,0.99996275
3321,G13,DR_20221209_143805,1408.0,0.9978437
3322,G13,DR_20221209_143805,1409.0,0.99930245
3323,G13,DR_20221209_143805,1410.0,1.0002283
3324,G13,DR_20221209_143805,1411.0,1.000112
3325,G13,DR_20221209_143805,1412.0,0.99681926
3326,G13,DR_20221209_143805,1413.0,1.0001003
3327,G14,DR_20221209_143805,1414.0,0.9970958
3328,G14,DR_20221209_143805,1415.0,1.0000157
3329,G14,DR_20221209_143805,1416.0,0.9998344
3330,G14,DR_20221209_143805,1417.0,1.0001187
3331,G14,DR_20221209_143805,1418.0,0.9979014
3332,G14,DR_20221209_143805,1419.0,1.0000867
3333,G14,DR_20221209_143805,1420.0,1.0002799
3334,G14,DR_20221209_143805,1421.0,0.99045676
3335,G14,DR_20221209_143805,1422.0,1.0001878
3336,G15,DR_20221209_143805,1423.0,1.0002594
3337,G15,DR_20221209_143805,1424.0,1.0012808
3338,G15,DR_20221209_143805,1425.0,0.056885336
3339,G15,DR_20221209_143805,1426.0,0.9999588
3340,G15,DR_20221209_143805,1427.0,0.99031615
3341,G15,DR_20221209_143805,1428.0,1.0000634
3342,G15,DR_20221209_143805,1429.0,0.9965428
3343,G15,DR_20221209_143805,1430.0,1.000141
3344,G15,DR_20221209_143805,1431.0,0.99995446
3345,G16,DR_20221209_143805,1432.0,1.0002921
3346,G16,DR_20221209_143805,1433.0,1.000212
3347,G16,DR_20221209_143805,1434.0,0.9934071
3348,G16,DR_20221209_143805,1435.0,0.98839164
3349,G16,DR_20221209_143805,1436.0,0.9988432
3350,G16,DR_20221209_143805,1437.0,0.99993443
3351,G16,DR_20221209_143805,1438.0,0.9973346
3352,G16,DR_20221209_143805,1439.0,0.9999377
3353,G16,DR_20221209_143805,1440.0,0.9999521
3354,G17,DR_20221209_143805,1441.0,1.0013608
3355,G17,DR_20221209_143805,1442.0,1.0000458
3356,G17,DR_20221209_143805,1443.0,0.05669585
3357,G17,DR_20221209_143805,1444.0,0.99993414
3358,G17,DR_20221209_143805,1445.0,1.0000703
3359,G17,DR_20221209_143805,1446.0,1.0001553
3360,G17,DR_20221209_143805,1447.0,0.9999961
3361,G17,DR_20221209_143805,1448.0,1.0002117
3362,G17,DR_20221209_143805,1449.0,0.9995445
3363,G18,DR_20221209_143805,1450.0,0.9884792
3364,G18,DR_20221209_143805,1451.0,1.0004452
3365,G18,DR_20221209_143805,1452.0,0.99993825
3366,G18,DR_20221209_143805,1453.0,0.99769735
3367,G18,DR_20221209_143805,1454.0,0.9986229
3368,G18,DR_20221209_143805,1455.0,1.0002594
3369,G18,DR_20221209_143805,1456.0,1.0002594
3370,G18,DR_20221209_143805,1457.0,1.0001433
3371,G18,DR_20221209_143805,1458.0,1.000101
3372,G19,DR_20221209_143805,1459.0,0.99965155
3373,G19,DR_20221209_143805,1460.0,0.9977578
3374,G19,DR_20221209_143805,1461.0,0.9944678
3375,G19,DR_20221209_143805,1462.0,0.9999223
3376,G19,DR_20221209_143805,1463.0,0.99780214
3377,G19,DR_20221209_143805,1464.0,1.000212
3378,G19,DR_20221209_143805,1465.0,1.0001029
3379,G19,DR_20221209_143805,1466.0,0.99253833
3380,G19,DR_20221209_143805,1467.0,1.00003
3381,G20,DR_20221209_143805,1468.0,0.9998683
3382,G20,DR_20221209_143805,1469.0,1.0000963
3383,G20,DR_20221209_143805,1470.0,0.99373406
3384,G20,DR_20221209_143805,1471.0,1.0001307
3385,G20,DR_20221209_143805,1472.0,1.0001433
3386,G20,DR_20221209_143805,1473.0,0.99977434
3387,G20,DR_20221209_143805,1474.0,0.99998695
3388,G20,DR_20221209_143805,1475.0,1.0000073
3389,G20,DR_20221209_143805,1476.0,0.9999452
3390,G21,DR_20221209_143805,1477.0,1.000165
3391,G21,DR_20221209_143805,1478.0,0.9999791
3392,G21,DR_20221209_143805,1479.0,1.0000244
3393,G21,DR_20221209_143805,1480.0,1.0002267
3394,G21,DR_20221209_143805,1481.0,1.0002228
3395,G21,DR_20221209_143805,1482.0,1.0000736
3396,G21,DR_20221209_143805,1483.0,1.0000749
3397,G21,DR_20221209_143805,1484.0,1.0002594
3398,G21,DR_20221209_143805,1485.0,1.000032
3399,G22,DR_20221209_143805,1486.0,1.0011333
3400,G22,DR_20221209_143805,1487.0,1.0006784
3401,G22,DR_20221209_143805,1488.0,1.0002714
3402,G22,DR_20221209_143805,1489.0,0.9999295
3403,G22,DR_20221209_143805,1490.0,0.99991316
3404,G22,DR_20221209_143805,1491.0,1.0001897
3405,G22,DR_20221209_143805,1492.0,0.99998695
3406,G22,DR_20221209_143805,1493.0,1.0001453
3407,G22,DR_20221209_143805,1494.0,0.99996763
3444,H03,DR_20221209_143805,1531.0,0.9999627
3445,H03,DR_20221209_143805,1532.0,1.0002432
3446,H03,DR_20221209_143805,1533.0,1.000061
3447,H03,DR_20221209_143805,1534.0,1.0001122
3448,H03,DR_20221209_143805,1535.0,0.9999627
3449,H03,DR_20221209_143805,1536.0,0.99984646
3450,H03,DR_20221209_143805,1537.0,0.9999627
3451,H03,DR_20221209_143805,1538.0,1.0026326
3452,H03,DR_20221209_143805,1539.0,1.0000255
3453,H04,DR_20221209_143805,1540.0,0.9999627
3454,H04,DR_20221209_143805,1541.0,1.0002594
3455,H04,DR_20221209_143805,1542.0,0.99997413
3456,H04,DR_20221209_143805,1543.0,1.0000132
3457,H04,DR_20221209_143805,1544.0,1.0001017
3458,H04,DR_20221209_143805,1545.0,0.9999627
3459,H04,DR_20221209_143805,1546.0,0.9999627
3460,H04,DR_20221209_143805,1547.0,1.0002594
3461,H04,DR_20221209_143805,1548.0,1.0000132
3462,H05,DR_20221209_143805,1549.0,0.98966783
3463,H05,DR_20221209_143805,1550.0,0.9999627
3464,H05,DR_20221209_143805,1551.0,1.0004362
3465,H05,DR_20221209_143805,1552.0,0.999966
3466,H05,DR_20221209_143805,1553.0,1.0002594
3467,H05,DR_20221209_143805,1554.0,0.99984646
3468,H05,DR_20221209_143805,1555.0,1.0000205
3469,H05,DR_20221209_143805,1556.0,1.0001367
3470,H05,DR_20221209_143805,1557.0,0.9999218
3471,H06,DR_20221209_143805,1558.0,0.9999627
3472,H06,DR_20221209_143805,1559.0,0.99947655
3473,H06,DR_20221209_143805,1560.0,1.0001812
3474,H06,DR_20221209_143805,1561.0,0.9994355
3475,H06,DR_20221209_143805,1562.0,1.0002594
3476,H06,DR_20221209_143805,1563.0,0.9999627
3477,H06,DR_20221209_143805,1564.0,1.0001818
3478,H06,DR_20221209_143805,1565.0,0.9999627
3479,H06,DR_20221209_143805,1566.0,0.9999558
3480,H07,DR_20221209_143805,1567.0,0.99997807
3481,H07,DR_20221209_143805,1568.0,0.9999791
3482,H07,DR_20221209_143805,1569.0,0.9991215
3483,H07,DR_20221209_143805,1570.0,1.0000283
3484,H07,DR_20221209_143805,1571.0,0.99999195
3485,H07,DR_20221209_143805,1572.0,0.9999627
3486,H07,DR_20221209_143805,1573.0,1.0002594
3487,H07,DR_20221209_143805,1574.0,0.9999627
3488,H07,DR_20221209_143805,1575.0,1.0001112
3489,H08,DR_20221209_143805,1576.0,1.0001395
3490,H08,DR_20221209_143805,1577.0,1.0005336
3491,H08,DR_20221209_143805,1578.0,1.0001029
3492,H08,DR_20221209_143805,1579.0,0.99937195
3493,H08,DR_20221209_143805,1580.0,1.0001898
3494,H08,DR_20221209_143805,1581.0,0.9977903
3495,H08,DR_20221209_143805,1582.0,0.99973005
3496,H08,DR_20221209_143805,1583.0,1.0000386
3497,H08,DR_20221209_143805,1584.0,1.0004079
3498,H09,DR_20221209_143805,1585.0,0.9999627
3499,H09,DR_20221209_143805,1586.0,0.99993813
3500,H09,DR_20221209_143805,1587.0,1.0001689
3501,H09,DR_20221209_143805,1588.0,1.0000762
3502,H09,DR_20221209_143805,1589.0,1.0002252
3503,H09,DR_20221209_143805,1590.0,0.9996516
3504,H09,DR_20221209_143805,1591.0,1.0002594
3505,H09,DR_20221209_143805,1592.0,0.9999825
3506,H09,DR_20221209_143805,1593.0,0.9999438
3507,H10,DR_20221209_143805,1594.0,1.0001957
3508,H10,DR_20221209_143805,1595.0,1.0029006
3509,H10,DR_20221209_143805,1596.0,1.0001279
3510,H10,DR_20221209_143805,1597.0,0.9998851
3511,H10,DR_20221209_143805,1598.0,0.99905753
3512,H10,DR_20221209_143805,1599.0,0.9999627
3513,H10,DR_20221209_143805,1600.0,1.0002594
3514,H10,DR_20221209_143805,1601.0,1.0012076
3515,H10,DR_20221209_143805,1602.0,0.9999627
3516,H11,DR_20221209_143805,1603.0,1.0000646
3517,H11,DR_20221209_143805,1604.0,1.0001527
3518,H11,DR_20221209_143805,1605.0,1.0001369
3519,H11,DR_20221209_143805,1606.0,0.9990852
3520,H11,DR_20221209_143805,1607.0,1.0000247
3521,H11,DR_20221209_143805,1608.0,0.99999875
3522,H11,DR_20221209_143805,1609.0,1.0000554
3523,H11,DR_20221209_143805,1610.0,1.000457
3524,H11,DR_20221209_143805,1611.0,0.9998511
3525,H12,DR_20221209_143805,1612.0,1.0000329
3526,H12,DR_20221209_143805,1613.0,0.99993443
3527,H12,DR_20221209_143805,1614.0,1.0000076
3528,H12,DR_20221209_143805,1615.0,0.9997364
3529,H12,DR_20221209_143805,1616.0,0.0533864
3530,H12,DR_20221209_143805,1617.0,0.99737024
3531,H12,DR_20221209_143805,1618.0,1.0001662
3532,H12,DR_20221209_143805,1619.0,1.0000235
3533,H12,DR_20221209_143805,1620.0,1.0000188
3534,H13,DR_20221209_143805,1621.0,1.0001017
3535,H13,DR_20221209_143805,1622.0,0.9998836
3536,H13,DR_20221209_143805,1623.0,0.9985615
3537,H13,DR_20221209_143805,1624.0,0.99938595
3538,H13,DR_20221209_143805,1625.0,0.9973569
3539,H13,DR_20221209_143805,1626.0,1.000339
3540,H13,DR_20221209_143805,1627.0,1.0000017
3541,H13,DR_20221209_143805,1628.0,0.9999438
3542,H13,DR_20221209_143805,1629.0,1.0000442
3543,H14,DR_20221209_143805,1630.0,0.99788326
3544,H14,DR_20221209_143805,1631.0,0.9998874
3545,H14,DR_20221209_143805,1632.0,1.0000643
3546,H14,DR_20221209_143805,1633.0,0.9977878
3547,H14,DR_20221209_143805,1634.0,0.33742335
3548,H14,DR_20221209_143805,1635.0,0.9999791
3549,H14,DR_20221209_143805,1636.0,1.0000066
3550,H14,DR_20221209_143805,1637.0,0.99996114
3551,H14,DR_20221209_143805,1638.0,0.99998254
3552,H15,DR_20221209_143805,1639.0,1.0001253
3553,H15,DR_20221209_143805,1640.0,0.9998833
3554,H15,DR_20221209_143805,1641.0,0.99996114
3555,H15,DR_20221209_143805,1642.0,0.99986106
3556,H15,DR_20221209_143805,1643.0,0.3378175
3557,H15,DR_20221209_143805,1644.0,0.9998295
3558,H15,DR_20221209_143805,1645.0,1.0000433
3559,H15,DR_20221209_143805,1646.0,0.9999759
3560,H15,DR_20221209_143805,1647.0,1.000101
3561,H16,DR_20221209_143805,1648.0,0.999973
3562,H16,DR_20221209_143805,1649.0,1.0000274
3563,H16,DR_20221209_143805,1650.0,0.9998815
3564,H16,DR_20221209_143805,1651.0,1.0001096
3565,H16,DR_20221209_143805,1652.0,0.9970236
3566,H16,DR_20221209_143805,1653.0,1.000032
3567,H16,DR_20221209_143805,1654.0,0.99415284
3568,H16,DR_20221209_143805,1655.0,1.0005685
3569,H16,DR_20221209_143805,1656.0,1.0007203
3570,H17,DR_20221209_143805,1657.0,1.0030198
3571,H17,DR_20221209_143805,1658.0,0.99969923
3572,H17,DR_20221209_143805,1659.0,0.99996763
3573,H17,DR_20221209_143805,1660.0,0.99762034
3574,H17,DR_20221209_143805,1661.0,1.000832
3575,H17,DR_20221209_143805,1662.0,1.000165
3576,H17,DR_20221209_143805,1663.0,1.0001307
3577,H17,DR_20221209_143805,1664.0,1.0000606
3578,H17,DR_20221209_143805,1665.0,0.99990016
3579,H18,DR_20221209_143805,1666.0,0.99993443
3580,H18,DR_20221209_143805,1667.0,1.0005207
3581,H18,DR_20221209_143805,1668.0,1.0016888
3582,H18,DR_20221209_143805,1669.0,1.0003905
3583,H18,DR_20221209_143805,1670.0,1.0002594
3584,H18,DR_20221209_143805,1671.0,1.0002594
3585,H18,DR_20221209_143805,1672.0,1.0000234
3586,H18,DR_20221209_143805,1673.0,1.0002117
3587,H18,DR_20221209_143805,1674.0,1.0027555
3588,H19,DR_20221209_143805,1675.0,1.0000157
3589,H19,DR_20221209_143805,1676.0,0.99962324
3590,H19,DR_20221209_143805,1677.0,1.0001029
3591,H19,DR_20221209_143805,1678.0,0.9999882
3592,H19,DR_20221209_143805,1679.0,0.99916655
3593,H19,DR_20221209_143805,1680.0,1.0001307
3594,H19,DR_20221209_143805,1681.0,0.9998339
3595,H19,DR_20221209_143805,1682.0,1.0001316
3596,H19,DR_20221209_143805,1683.0,1.0000331
3597,H20,DR_20221209_143805,1684.0,1.0003071
3598,H20,DR_20221209_143805,1685.0,0.99981683
3599,H20,DR_20221209_143805,1686.0,1.0022849
3600,H20,DR_20221209_143805,1687.0,1.0005207
3601,H20,DR_20221209_143805,1688.0,1.0001433
3602,H20,DR_20221209_143805,1689.0,1.0000958
3603,H20,DR_20221209_143805,1690.0,0.9999681
3604,H20,DR_20221209_143805,1691.0,1.0002371
3605,H20,DR_20221209_143805,1692.0,1.0001395
3606,H21,DR_20221209_143805,1693.0,1.0001696
3607,H21,DR_20221209_143805,1694.0,0.9999465
3608,H21,DR_20221209_143805,1695.0,0.99966
3609,H21,DR_20221209_143805,1696.0,1.0008013
3610,H21,DR_20221209_143805,1697.0,1.0000998
3611,H21,DR_20221209_143805,1698.0,1.0001175
3612,H21,DR_20221209_143805,1699.0,1.0001029
3613,H21,DR_20221209_143805,1700.0,1.0002594
3614,H21,DR_20221209_143805,1701.0,0.99951655
3615,H22,DR_20221209_143805,1702.0,1.0001183
3616,H22,DR_20221209_143805,1703.0,0.99923986
3617,H22,DR_20221209_143805,1704.0,1.002561
3618,H22,DR_20221209_143805,1705.0,1.0001503
3619,H22,DR_20221209_143805,1706.0,0.99997437
3620,H22,DR_20221209_143805,1707.0,0.9999545
3621,H22,DR_20221209_143805,1708.0,0.99998695
3622,H22,DR_20221209_143805,1709.0,1.0001897
3623,H22,DR_20221209_143805,1710.0,0.99996763
3660,I03,DR_20221209_143805,1747.0,0.9999627
3661,I03,DR_20221209_143805,1748.0,1.0001297
3662,I03,DR_20221209_143805,1749.0,1.0001155
3663,I03,DR_20221209_143805,1750.0,0.99946463
3664,I03,DR_20221209_143805,1751.0,1.0000796
3665,I03,DR_20221209_143805,1752.0,1.000212
3666,I03,DR_20221209_143805,1753.0,1.0002198
3667,I03,DR_20221209_143805,1754.0,0.9993897
3668,I03,DR_20221209_143805,1755.0,0.99995077
3669,I04,DR_20221209_143805,1756.0,0.9999627
3670,I04,DR_20221209_143805,1757.0,1.000153
3671,I04,DR_20221209_143805,1758.0,1.0002792
3672,I04,DR_20221209_143805,1759.0,0.9996567
3673,I04,DR_20221209_143805,1760.0,0.9999627
3674,I04,DR_20221209_143805,1761.0,0.99984646
3675,I04,DR_20221209_143805,1762.0,0.9998683
3676,I04,DR_20221209_143805,1763.0,0.9999627
3677,I04,DR_20221209_143805,1764.0,0.99997026
3678,I05,DR_20221209_143805,1765.0,0.9999627
3679,I05,DR_20221209_143805,1766.0,0.9999627
3680,I05,DR_20221209_143805,1767.0,1.000153
3681,I05,DR_20221209_143805,1768.0,0.99919647
3682,I05,DR_20221209_143805,1769.0,1.0035166
3683,I05,DR_20221209_143805,1770.0,0.9999627
3684,I05,DR_20221209_143805,1771.0,1.0001963
3685,I05,DR_20221209_143805,1772.0,1.0001398
3686,I05,DR_20221209_143805,1773.0,1.0001681
3687,I06,DR_20221209_143805,1774.0,0.9999627
3688,I06,DR_20221209_143805,1775.0,1.000153
3689,I06,DR_20221209_143805,1776.0,1.0000267
3690,I06,DR_20221209_143805,1777.0,0.9999791
3691,I06,DR_20221209_143805,1778.0,0.9999627
3692,I06,DR_20221209_143805,1779.0,0.99984646
3693,I06,DR_20221209_143805,1780.0,1.0001129
3694,I06,DR_20221209_143805,1781.0,1.0001818
3695,I06,DR_20221209_143805,1782.0,0.9995206
3696,I07,DR_20221209_143805,1783.0,1.0000241
3697,I07,DR_20221209_143805,1784.0,0.99997026
3698,I07,DR_20221209_143805,1785.0,0.999938
3699,I07,DR_20221209_143805,1786.0,1.0003338
3700,I07,DR_20221209_143805,1787.0,1.0002594
3701,I07,DR_20221209_143805,1788.0,0.99984646
3702,I07,DR_20221209_143805,1789.0,1.0003438
3703,I07,DR_20221209_143805,1790.0,0.9999627
3704,I07,DR_20221209_143805,1791.0,1.00033
3705,I08,DR_20221209_143805,1792.0,0.99999523
3706,I08,DR_20221209_143805,1793.0,1.0001822
3707,I08,DR_20221209_143805,1794.0,1.0001222
3708,I08,DR_20221209_143805,1795.0,0.99997026
3709,I08,DR_20221209_143805,1796.0,1.0002292
3710,I08,DR_20221209_143805,1797.0,0.9999627
3711,I08,DR_20221209_143805,1798.0,1.0001131
3712,I08,DR_20221209_143805,1799.0,1.0001818
3713,I08,DR_20221209_143805,1800.0,1.0001004
3714,I09,DR_20221209_143805,1801.0,0.9999627
3715,I09,DR_20221209_143805,1802.0,1.0004514
3716,I09,DR_20221209_143805,1803.0,1.0001643
3717,I09,DR_20221209_143805,1804.0,0.997866
3718,I09,DR_20221209_143805,1805.0,0.050989773
3719,I09,DR_20221209_143805,1806.0,0.9978997
3720,I09,DR_20221209_143805,1807.0,1.000212
3721,I09,DR_20221209_143805,1808.0,0.9999443
3722,I09,DR_20221209_143805,1809.0,0.9977251
3723,I10,DR_20221209_143805,1810.0,0.99908996
3724,I10,DR_20221209_143805,1811.0,0.9955562
3725,I10,DR_20221209_143805,1812.0,1.0001367
3726,I10,DR_20221209_143805,1813.0,0.99246585
3727,I10,DR_20221209_143805,1814.0,0.989814
3728,I10,DR_20221209_143805,1815.0,0.9999627
3729,I10,DR_20221209_143805,1816.0,0.9999627
3730,I10,DR_20221209_143805,1817.0,1.0012076
3731,I10,DR_20221209_143805,1818.0,1.0002949
3732,I11,DR_20221209_143805,1819.0,0.99905753
3733,I11,DR_20221209_143805,1820.0,1.0003663
3734,I11,DR_20221209_143805,1821.0,1.00019
3735,I11,DR_20221209_143805,1822.0,1.0000079
3736,I11,DR_20221209_143805,1823.0,0.05302115
3737,I11,DR_20221209_143805,1824.0,0.9999627
3738,I11,DR_20221209_143805,1825.0,0.9999627
3739,I11,DR_20221209_143805,1826.0,0.99790454
3740,I11,DR_20221209_143805,1827.0,0.9999912
3741,I12,DR_20221209_143805,1828.0,1.0001395
3742,I12,DR_20221209_143805,1829.0,1.0000832
3743,I12,DR_20221209_143805,1830.0,0.9923728
3744,I12,DR_20221209_143805,1831.0,0.999972
3745,I12,DR_20221209_143805,1832.0,0.99794626
3746,I12,DR_20221209_143805,1833.0,0.9996597
3747,I12,DR_20221209_143805,1834.0,0.9997844
3748,I12,DR_20221209_143805,1835.0,0.9999415
3749,I12,DR_20221209_143805,1836.0,1.0000193
3750,I13,DR_20221209_143805,1837.0,1.0001017
3751,I13,DR_20221209_143805,1838.0,0.99944836
3752,I13,DR_20221209_143805,1839.0,0.9999955
3753,I13,DR_20221209_143805,1840.0,0.9978995
3754,I13,DR_20221209_143805,1841.0,0.99933857
3755,I13,DR_20221209_143805,1842.0,0.9971938
3756,I13,DR_20221209_143805,1843.0,1.0000452
3757,I13,DR_20221209_143805,1844.0,0.99775726
3758,I13,DR_20221209_143805,1845.0,0.9978697
3759,I14,DR_20221209_143805,1846.0,0.9998314
3760,I14,DR_20221209_143805,1847.0,0.9995939
3761,I14,DR_20221209_143805,1848.0,1.0001085
3762,I14,DR_20221209_143805,1849.0,0.99990433
3763,I14,DR_20221209_143805,1850.0,0.9999814
3764,I14,DR_20221209_143805,1851.0,0.99927676
3765,I14,DR_20221209_143805,1852.0,0.9999818
3766,I14,DR_20221209_143805,1853.0,1.0003289
3767,I14,DR_20221209_143805,1854.0,0.99994785
3768,I15,DR_20221209_143805,1855.0,1.0003244
3769,I15,DR_20221209_143805,1856.0,0.99993944
3770,I15,DR_20221209_143805,1857.0,0.99766386
3771,I15,DR_20221209_143805,1858.0,0.9998653
3772,I15,DR_20221209_143805,1859.0,0.99639165
3773,I15,DR_20221209_143805,1860.0,0.9977549
3774,I15,DR_20221209_143805,1861.0,1.0001655
3775,I15,DR_20221209_143805,1862.0,0.99956876
3776,I15,DR_20221209_143805,1863.0,1.0000252
3777,I16,DR_20221209_143805,1864.0,1.0000952
3778,I16,DR_20221209_143805,1865.0,0.99999875
3779,I16,DR_20221209_143805,1866.0,0.99999523
3780,I16,DR_20221209_143805,1867.0,0.99998003
3781,I16,DR_20221209_143805,1868.0,0.8394631
3782,I16,DR_20221209_143805,1869.0,1.0000612
3783,I16,DR_20221209_143805,1870.0,0.9992498
3784,I16,DR_20221209_143805,1871.0,0.997746
3785,I16,DR_20221209_143805,1872.0,1.003551
3786,I17,DR_20221209_143805,1873.0,1.0000544
3787,I17,DR_20221209_143805,1874.0,0.9999968
3788,I17,DR_20221209_143805,1875.0,0.99987894
3789,I17,DR_20221209_143805,1876.0,0.9998617
3790,I17,DR_20221209_143805,1877.0,0.9934334
3791,I17,DR_20221209_143805,1878.0,0.9999107
3792,I17,DR_20221209_143805,1879.0,1.0000048
3793,I17,DR_20221209_143805,1880.0,1.0001307
3794,I17,DR_20221209_143805,1881.0,1.0031794
3795,I18,DR_20221209_143805,1882.0,1.0038714
3796,I18,DR_20221209_143805,1883.0,1.0001118
3797,I18,DR_20221209_143805,1884.0,0.99995184
3798,I18,DR_20221209_143805,1885.0,0.99777156
3799,I18,DR_20221209_143805,1886.0,0.99783564
3800,I18,DR_20221209_143805,1887.0,0.999973
3801,I18,DR_20221209_143805,1888.0,1.0002799
3802,I18,DR_20221209_143805,1889.0,1.0003389
3803,I18,DR_20221209_143805,1890.0,0.9999543
3804,I19,DR_20221209_143805,1891.0,1.0000157
3805,I19,DR_20221209_143805,1892.0,0.99998975
3806,I19,DR_20221209_143805,1893.0,0.99998647
3807,I19,DR_20221209_143805,1894.0,0.999986
3808,I19,DR_20221209_143805,1895.0,1.0000005
3809,I19,DR_20221209_143805,1896.0,1.0001135
3810,I19,DR_20221209_143805,1897.0,1.0002005
3811,I19,DR_20221209_143805,1898.0,0.99924725
3812,I19,DR_20221209_143805,1899.0,1.0000386
3813,I20,DR_20221209_143805,1900.0,0.999973
3814,I20,DR_20221209_143805,1901.0,1.0007893
3815,I20,DR_20221209_143805,1902.0,1.0002687
3816,I20,DR_20221209_143805,1903.0,1.0000685
3817,I20,DR_20221209_143805,1904.0,1.0002594
3818,I20,DR_20221209_143805,1905.0,1.0001818
3819,I20,DR_20221209_143805,1906.0,0.9999395
3820,I20,DR_20221209_143805,1907.0,0.9999627
3821,I20,DR_20221209_143805,1908.0,0.999966
3822,I21,DR_20221209_143805,1909.0,0.99966776
3823,I21,DR_20221209_143805,1910.0,1.0000857
3824,I21,DR_20221209_143805,1911.0,1.0000303
3825,I21,DR_20221209_143805,1912.0,1.000239
3826,I21,DR_20221209_143805,1913.0,0.99993813
3827,I21,DR_20221209_143805,1914.0,0.9999558
3828,I21,DR_20221209_143805,1915.0,0.99998695
3829,I21,DR_20221209_143805,1916.0,1.0000634
3830,I21,DR_20221209_143805,1917.0,0.9996313
3831,I22,DR_20221209_143805,1918.0,0.99719244
3832,I22,DR_20221209_143805,1919.0,0.9974617
3833,I22,DR_20221209_143805,1920.0,0.1497857
3834,I22,DR_20221209_143805,1921.0,1.0001427
3835,I22,DR_20221209_143805,1922.0,1.0000812
3836,I22,DR_20221209_143805,1923.0,0.9997684
3837,I22,DR_20221209_143805,1924.0,1.0000274
3838,I22,DR_20221209_143805,1925.0,0.9998229
3839,I22,DR_20221209_143805,1926.0,0.9997596
3876,J03,DR_20221209_143805,1963.0,0.9984195
3877,J03,DR_20221209_143805,1964.0,0.99970394
3878,J03,DR_20221209_143805,1965.0,1.002531
3879,J03,DR_20221209_143805,1966.0,1.0000917
3880,J03,DR_20221209_143805,1967.0,0.99904764
3881,J03,DR_20221209_143805,1968.0,0.9901963
3882,J03,DR_20221209_143805,1969.0,0.98921955
3883,J03,DR_20221209_143805,1970.0,0.9905182
3884,J04,DR_20221209_143805,1971.0,0.99935436
3885,J04,DR_20221209_143805,1972.0,1.0001181
3886,J04,DR_20221209_143805,1973.0,1.0003062
3887,J04,DR_20221209_143805,1974.0,1.0001695
3888,J04,DR_20221209_143805,1975.0,0.9997583
3889,J04,DR_20221209_143805,1976.0,1.0001045
3890,J04,DR_20221209_143805,1977.0,1.0017203
3891,J04,DR_20221209_143805,1978.0,0.99942213
3892,J04,DR_20221209_143805,1979.0,0.99920046
3893,J05,DR_20221209_143805,1980.0,0.99981636
3894,J05,DR_20221209_143805,1981.0,0.99986047
3895,J05,DR_20221209_143805,1982.0,0.9999927
3896,J05,DR_20221209_143805,1983.0,0.9999709
3897,J05,DR_20221209_143805,1984.0,1.000066
3898,J05,DR_20221209_143805,1985.0,0.9999627
3899,J05,DR_20221209_143805,1986.0,1.0000448
3900,J05,DR_20221209_143805,1987.0,1.000034
3901,J05,DR_20221209_143805,1988.0,0.99895525
3902,J06,DR_20221209_143805,1989.0,1.0002594
3903,J06,DR_20221209_143805,1990.0,0.99849194
3904,J06,DR_20221209_143805,1991.0,0.99999565
3905,J06,DR_20221209_143805,1992.0,0.99984103
3906,J06,DR_20221209_143805,1993.0,1.000212
3907,J06,DR_20221209_143805,1994.0,0.9999627
3908,J06,DR_20221209_143805,1995.0,1.0009334
3909,J06,DR_20221209_143805,1996.0,1.0002371
3910,J06,DR_20221209_143805,1997.0,1.000092
3911,J07,DR_20221209_143805,1998.0,1.0001897
3912,J07,DR_20221209_143805,1999.0,0.9999937
3913,J07,DR_20221209_143805,2000.0,0.9998891
3914,J07,DR_20221209_143805,2001.0,1.0000027
3915,J07,DR_20221209_143805,2002.0,0.9999627
3916,J07,DR_20221209_143805,2003.0,0.99983853
3917,J07,DR_20221209_143805,2004.0,1.0001175
3918,J07,DR_20221209_143805,2005.0,0.99988043
3919,J07,DR_20221209_143805,2006.0,1.0002668
3920,J08,DR_20221209_143805,2007.0,1.0003294
3921,J08,DR_20221209_143805,2008.0,0.9991782
3922,J08,DR_20221209_143805,2009.0,0.98933643
3923,J08,DR_20221209_143805,2010.0,0.9999885
3924,J08,DR_20221209_143805,2011.0,0.99993724
3925,J08,DR_20221209_143805,2012.0,1.0001029
3926,J08,DR_20221209_143805,2013.0,0.9992965
3927,J08,DR_20221209_143805,2014.0,1.0001531
3928,J08,DR_20221209_143805,2015.0,0.99998647
3929,J09,DR_20221209_143805,2016.0,1.0001029
3930,J09,DR_20221209_143805,2017.0,0.99993575
3931,J09,DR_20221209_143805,2018.0,1.0001913
3932,J09,DR_20221209_143805,2019.0,0.99939746
3933,J09,DR_20221209_143805,2020.0,0.99864155
3934,J09,DR_20221209_143805,2021.0,1.0001433
3935,J09,DR_20221209_143805,2022.0,1.0002005
3936,J09,DR_20221209_143805,2023.0,0.99196535
3937,J09,DR_20221209_143805,2024.0,0.99999803
3938,J10,DR_20221209_143805,2025.0,1.000112
3939,J10,DR_20221209_143805,2026.0,1.0000027
3940,J10,DR_20221209_143805,2027.0,1.0001029
3941,J10,DR_20221209_143805,2028.0,1.0000683
3942,J10,DR_20221209_143805,2029.0,1.0002594
3943,J10,DR_20221209_143805,2030.0,0.9992955
3944,J10,DR_20221209_143805,2031.0,1.0001395
3945,J10,DR_20221209_143805,2032.0,0.9999404
3946,J10,DR_20221209_143805,2033.0,0.99989766
3947,J11,DR_20221209_143805,2034.0,1.0002391
3948,J11,DR_20221209_143805,2035.0,0.9965234
3949,J11,DR_20221209_143805,2036.0,1.000224
3950,J11,DR_20221209_143805,2037.0,0.9978084
3951,J11,DR_20221209_143805,2038.0,0.053766076
3952,J11,DR_20221209_143805,2039.0,0.99982864
3953,J11,DR_20221209_143805,2040.0,1.000121
3954,J11,DR_20221209_143805,2041.0,1.0001395
3955,J11,DR_20221209_143805,2042.0,1.0001787
3956,J12,DR_20221209_143805,2043.0,0.9999627
3957,J12,DR_20221209_143805,2044.0,1.0002178
3958,J12,DR_20221209_143805,2045.0,0.999849
3959,J12,DR_20221209_143805,2046.0,1.0001681
3960,J12,DR_20221209_143805,2047.0,0.99877167
3961,J12,DR_20221209_143805,2048.0,1.000996
3962,J12,DR_20221209_143805,2049.0,1.0017445
3963,J12,DR_20221209_143805,2050.0,1.0000554
3964,J12,DR_20221209_143805,2051.0,1.0001137
3965,J13,DR_20221209_143805,2052.0,1.000457
3966,J13,DR_20221209_143805,2053.0,1.0001687
3967,J13,DR_20221209_143805,2054.0,1.0001466
3968,J13,DR_20221209_143805,2055.0,1.0000478
3969,J13,DR_20221209_143805,2056.0,0.9999479
3970,J13,DR_20221209_143805,2057.0,1.0001171
3971,J13,DR_20221209_143805,2058.0,1.0026838
3972,J13,DR_20221209_143805,2059.0,1.0001187
3973,J13,DR_20221209_143805,2060.0,1.0001277
3974,J14,DR_20221209_143805,2061.0,0.9998814
3975,J14,DR_20221209_143805,2062.0,0.998877
3976,J14,DR_20221209_143805,2063.0,1.0031794
3977,J14,DR_20221209_143805,2064.0,0.9979131
3978,J14,DR_20221209_143805,2065.0,0.9977177
3979,J14,DR_20221209_143805,2066.0,0.9998751
3980,J14,DR_20221209_143805,2067.0,0.999973
3981,J14,DR_20221209_143805,2068.0,0.99810123
3982,J14,DR_20221209_143805,2069.0,0.99954826
3983,J15,DR_20221209_143805,2070.0,0.9999381
3984,J15,DR_20221209_143805,2071.0,0.98693305
3985,J15,DR_20221209_143805,2072.0,0.99945277
3986,J15,DR_20221209_143805,2073.0,0.9609643
3987,J15,DR_20221209_143805,2074.0,0.99708927
3988,J15,DR_20221209_143805,2075.0,1.0017065
3989,J15,DR_20221209_143805,2076.0,1.0001267
3990,J15,DR_20221209_143805,2077.0,1.000224
3991,J15,DR_20221209_143805,2078.0,0.056677997
3992,J16,DR_20221209_143805,2079.0,1.0001395
3993,J16,DR_20221209_143805,2080.0,0.99999803
3994,J16,DR_20221209_143805,2081.0,1.0000983
3995,J16,DR_20221209_143805,2082.0,0.9966864
3996,J16,DR_20221209_143805,2083.0,1.0001711
3997,J16,DR_20221209_143805,2084.0,1.0000554
3998,J16,DR_20221209_143805,2085.0,1.0036248
3999,J16,DR_20221209_143805,2086.0,0.99971515
4000,J16,DR_20221209_143805,2087.0,1.0010751
4001,J17,DR_20221209_143805,2088.0,0.9995759
4002,J17,DR_20221209_143805,2089.0,0.99697226
4003,J17,DR_20221209_143805,2090.0,1.0001614
4004,J17,DR_20221209_143805,2091.0,0.042242132
4005,J17,DR_20221209_143805,2092.0,1.0002321
4006,J17,DR_20221209_143805,2093.0,1.0000492
4007,J17,DR_20221209_143805,2094.0,0.9995774
4008,J17,DR_20221209_143805,2095.0,1.00061
4009,J17,DR_20221209_143805,2096.0,1.0020535
4010,J18,DR_20221209_143805,2097.0,0.99995637
4011,J18,DR_20221209_143805,2098.0,1.0000048
4012,J18,DR_20221209_143805,2099.0,1.0007888
4013,J18,DR_20221209_143805,2100.0,1.0000427
4014,J18,DR_20221209_143805,2101.0,1.0000958
4015,J18,DR_20221209_143805,2102.0,1.0001029
4016,J18,DR_20221209_143805,2103.0,1.0001873
4017,J18,DR_20221209_143805,2104.0,1.000046
4018,J18,DR_20221209_143805,2105.0,1.0019885
4019,J19,DR_20221209_143805,2106.0,1.0002295
4020,J19,DR_20221209_143805,2107.0,0.99999523
4021,J19,DR_20221209_143805,2108.0,1.0000067
4022,J19,DR_20221209_143805,2109.0,1.0000554
4023,J19,DR_20221209_143805,2110.0,1.0000657
4024,J19,DR_20221209_143805,2111.0,0.999973
4025,J19,DR_20221209_143805,2112.0,1.0000392
4026,J19,DR_20221209_143805,2113.0,0.99995446
4027,J19,DR_20221209_143805,2114.0,0.9999882
4028,J20,DR_20221209_143805,2115.0,1.0004936
4029,J20,DR_20221209_143805,2116.0,1.0000498
4030,J20,DR_20221209_143805,2117.0,0.9928339
4031,J20,DR_20221209_143805,2118.0,1.0000244
4032,J20,DR_20221209_143805,2119.0,1.000212
4033,J20,DR_20221209_143805,2120.0,1.0000237
4034,J20,DR_20221209_143805,2121.0,0.9989887
4035,J20,DR_20221209_143805,2122.0,1.0001655
4036,J20,DR_20221209_143805,2123.0,1.0004042
4037,J21,DR_20221209_143805,2124.0,1.0001655
4038,J21,DR_20221209_143805,2125.0,1.0000601
4039,J21,DR_20221209_143805,2126.0,1.0029438
4040,J21,DR_20221209_143805,2127.0,0.99998873
4041,J21,DR_20221209_143805,2128.0,1.0001866
4042,J21,DR_20221209_143805,2129.0,1.0000736
4043,J21,DR_20221209_143805,2130.0,0.9993218
4044,J21,DR_20221209_143805,2131.0,1.0001187
4045,J21,DR_20221209_143805,2132.0,0.99965113
4046,J22,DR_20221209_143805,2133.0,0.056101292
4047,J22,DR_20221209_143805,2134.0,0.9996835
4048,J22,DR_20221209_143805,2135.0,1.0001025
4049,J22,DR_20221209_143805,2136.0,1.0003161
4050,J22,DR_20221209_143805,2137.0,0.9999649
4051,J22,DR_20221209_143805,2138.0,0.99995935
4052,J22,DR_20221209_143805,2139.0,0.9997881
4053,J22,DR_20221209_143805,2140.0,0.9999395
4054,J22,DR_20221209_143805,2141.0,0.99999195
4091,K04,DR_20221209_143805,2187.0,0.9998851
4092,K04,DR_20221209_143805,2188.0,1.0001818
4093,K04,DR_20221209_143805,2189.0,1.0048817
4094,K04,DR_20221209_143805,2190.0,0.9999459
4095,K04,DR_20221209_143805,2191.0,1.0003839
4096,K04,DR_20221209_143805,2192.0,1.0000958
4097,K04,DR_20221209_143805,2193.0,0.99980414
4098,K04,DR_20221209_143805,2194.0,1.0000657
4099,K04,DR_20221209_143805,2195.0,1.0002584
4100,K05,DR_20221209_143805,2196.0,0.9999627
4101,K05,DR_20221209_143805,2197.0,0.9999326
4102,K05,DR_20221209_143805,2198.0,1.0000737
4103,K05,DR_20221209_143805,2199.0,0.9995067
4104,K05,DR_20221209_143805,2200.0,1.0001017
4105,K05,DR_20221209_143805,2201.0,1.0001131
4106,K05,DR_20221209_143805,2202.0,1.0003406
4107,K05,DR_20221209_143805,2203.0,0.9990668
4108,K05,DR_20221209_143805,2204.0,0.99868464
4109,K06,DR_20221209_143805,2205.0,0.9999404
4110,K06,DR_20221209_143805,2206.0,1.0002594
4111,K06,DR_20221209_143805,2207.0,1.0007998
4112,K06,DR_20221209_143805,2208.0,0.9999791
4113,K06,DR_20221209_143805,2209.0,1.0002432
4114,K06,DR_20221209_143805,2210.0,1.0001175
4115,K06,DR_20221209_143805,2211.0,1.0001395
4116,K06,DR_20221209_143805,2212.0,1.0000736
4117,K06,DR_20221209_143805,2213.0,1.0000554
4118,K07,DR_20221209_143805,2214.0,1.000112
4119,K07,DR_20221209_143805,2215.0,0.9997955
4120,K07,DR_20221209_143805,2216.0,0.06134268
4121,K07,DR_20221209_143805,2217.0,0.99986994
4122,K07,DR_20221209_143805,2218.0,1.0002594
4123,K07,DR_20221209_143805,2219.0,1.0000663
4124,K07,DR_20221209_143805,2220.0,1.0011286
4125,K07,DR_20221209_143805,2221.0,0.9999627
4126,K07,DR_20221209_143805,2222.0,1.000084
4127,K08,DR_20221209_143805,2223.0,0.98112756
4128,K08,DR_20221209_143805,2224.0,0.9994296
4129,K08,DR_20221209_143805,2225.0,1.0001643
4130,K08,DR_20221209_143805,2226.0,1.0000783
4131,K08,DR_20221209_143805,2227.0,0.056496672
4132,K08,DR_20221209_143805,2228.0,1.0001531
4133,K08,DR_20221209_143805,2229.0,1.0001029
4134,K08,DR_20221209_143805,2230.0,1.0001029
4135,K08,DR_20221209_143805,2231.0,1.0001298
4136,K09,DR_20221209_143805,2232.0,0.9999627
4137,K09,DR_20221209_143805,2233.0,0.99905753
4138,K09,DR_20221209_143805,2234.0,1.000693
4139,K09,DR_20221209_143805,2235.0,0.99956363
4140,K09,DR_20221209_143805,2236.0,0.99699813
4141,K09,DR_20221209_143805,2237.0,0.98998994
4142,K09,DR_20221209_143805,2238.0,1.0003517
4143,K09,DR_20221209_143805,2239.0,0.99776596
4144,K09,DR_20221209_143805,2240.0,0.99601185
4145,K10,DR_20221209_143805,2241.0,0.99679554
4146,K10,DR_20221209_143805,2242.0,0.056517057
4147,K10,DR_20221209_143805,2243.0,0.9996949
4148,K10,DR_20221209_143805,2244.0,0.99991494
4149,K10,DR_20221209_143805,2245.0,0.9998491
4150,K10,DR_20221209_143805,2246.0,1.0001897
4151,K10,DR_20221209_143805,2247.0,1.0002594
4152,K10,DR_20221209_143805,2248.0,0.9992847
4153,K10,DR_20221209_143805,2249.0,0.99980265
4154,K11,DR_20221209_143805,2250.0,0.9999627
4155,K11,DR_20221209_143805,2251.0,0.99968535
4156,K11,DR_20221209_143805,2252.0,1.0001614
4157,K11,DR_20221209_143805,2253.0,1.0001435
4158,K11,DR_20221209_143805,2254.0,0.9999768
4159,K11,DR_20221209_143805,2255.0,1.0001757
4160,K11,DR_20221209_143805,2256.0,1.0001484
4161,K11,DR_20221209_143805,2257.0,1.0000442
4162,K11,DR_20221209_143805,2258.0,1.0000091
4163,K12,DR_20221209_143805,2259.0,1.0000999
4164,K12,DR_20221209_143805,2260.0,1.0000386
4165,K12,DR_20221209_143805,2261.0,0.9970068
4166,K12,DR_20221209_143805,2262.0,0.9977254
4167,K12,DR_20221209_143805,2263.0,0.997866
4168,K12,DR_20221209_143805,2264.0,0.99991316
4169,K12,DR_20221209_143805,2265.0,0.9998351
4170,K12,DR_20221209_143805,2266.0,1.0002148
4171,K12,DR_20221209_143805,2267.0,0.99971515
4172,K14,DR_20221209_143805,2277.0,1.000313
4173,K14,DR_20221209_143805,2278.0,0.9998425
4174,K14,DR_20221209_143805,2279.0,0.9999367
4175,K14,DR_20221209_143805,2280.0,0.99727505
4176,K14,DR_20221209_143805,2281.0,0.99985605
4177,K14,DR_20221209_143805,2282.0,1.0000551
4178,K14,DR_20221209_143805,2283.0,1.0002371
4179,K14,DR_20221209_143805,2284.0,0.99999803
4180,K14,DR_20221209_143805,2285.0,0.9999164
4181,K18,DR_20221209_143805,2313.0,0.99933857
4182,K18,DR_20221209_143805,2314.0,1.0026423
4183,K18,DR_20221209_143805,2315.0,0.99994785
4184,K18,DR_20221209_143805,2316.0,0.20923133
4185,K18,DR_20221209_143805,2317.0,0.99991524
4186,K18,DR_20221209_143805,2318.0,1.0002161
4187,K18,DR_20221209_143805,2319.0,0.9999159
4188,K18,DR_20221209_143805,2320.0,0.99907
4189,K18,DR_20221209_143805,2321.0,0.9971921
4190,K19,DR_20221209_143805,2322.0,0.99975425
4191,K19,DR_20221209_143805,2323.0,0.99975204
4192,K19,DR_20221209_143805,2324.0,0.99893075
4193,K19,DR_20221209_143805,2325.0,0.99993396
4194,K19,DR_20221209_143805,2326.0,1.0005559
4195,K19,DR_20221209_143805,2327.0,1.000066
4196,K19,DR_20221209_143805,2328.0,0.9999731
4197,K19,DR_20221209_143805,2329.0,1.0002487
4198,K19,DR_20221209_143805,2330.0,1.000126
4199,K20,DR_20221209_143805,2331.0,1.0001029
4200,K20,DR_20221209_143805,2332.0,0.9998503
4201,K20,DR_20221209_143805,2333.0,1.0003744
4202,K20,DR_20221209_143805,2334.0,0.9999545
4203,K20,DR_20221209_143805,2335.0,1.0000498
4204,K20,DR_20221209_143805,2336.0,1.0001398
4205,K20,DR_20221209_143805,2337.0,1.0002371
4206,K20,DR_20221209_143805,2338.0,1.0001595
4207,K20,DR_20221209_143805,2339.0,0.99957836
4208,K21,DR_20221209_143805,2340.0,0.9998458
4209,K21,DR_20221209_143805,2341.0,1.000114
4210,K21,DR_20221209_143805,2342.0,1.0000163
4211,K21,DR_20221209_143805,2343.0,1.0001284
4212,K21,DR_20221209_143805,2344.0,1.000066
4213,K21,DR_20221209_143805,2345.0,1.000037
4214,K21,DR_20221209_143805,2346.0,1.0001029
4215,K21,DR_20221209_143805,2347.0,1.0015868
4216,K21,DR_20221209_143805,2348.0,1.0029576
4217,K22,DR_20221209_143805,2349.0,0.9999961
4218,K22,DR_20221209_143805,2350.0,0.9995425
4219,K22,DR_20221209_143805,2351.0,0.99953043
4220,K22,DR_20221209_143805,2352.0,0.999778
4221,K22,DR_20221209_143805,2353.0,0.99995637
4222,K22,DR_20221209_143805,2354.0,0.99993914
4223,K22,DR_20221209_143805,2355.0,0.99999803
4224,K22,DR_20221209_143805,2356.0,1.000037
4225,K22,DR_20221209_143805,2357.0,1.000312
4262,L04,DR_20221209_143805,2403.0,0.99974036
4263,L04,DR_20221209_143805,2404.0,0.99971056
4264,L04,DR_20221209_143805,2405.0,1.0002099
4265,L04,DR_20221209_143805,2406.0,1.0000507
4266,L04,DR_20221209_143805,2407.0,0.9999627
4267,L04,DR_20221209_143805,2408.0,0.99989057
4268,L04,DR_20221209_143805,2409.0,1.0001029
4269,L04,DR_20221209_143805,2410.0,0.9999627
4270,L04,DR_20221209_143805,2411.0,1.0001029
4271,L05,DR_20221209_143805,2412.0,0.99984646
4272,L05,DR_20221209_143805,2413.0,1.000212
4273,L05,DR_20221209_143805,2414.0,1.0001792
4274,L05,DR_20221209_143805,2415.0,0.999412
4275,L05,DR_20221209_143805,2416.0,1.0001343
4276,L05,DR_20221209_143805,2417.0,1.0001433
4277,L05,DR_20221209_143805,2418.0,1.0001396
4278,L05,DR_20221209_143805,2419.0,1.0001478
4279,L05,DR_20221209_143805,2420.0,1.0001029
4280,L06,DR_20221209_143805,2421.0,1.0000495
4281,L06,DR_20221209_143805,2422.0,1.0002432
4282,L06,DR_20221209_143805,2423.0,0.99986327
4283,L06,DR_20221209_143805,2424.0,1.0000893
4284,L06,DR_20221209_143805,2425.0,1.0005844
4285,L06,DR_20221209_143805,2426.0,0.9999627
4286,L06,DR_20221209_143805,2427.0,0.9999627
4287,L06,DR_20221209_143805,2428.0,0.99984646
4288,L06,DR_20221209_143805,2429.0,0.9999084
4289,L07,DR_20221209_143805,2430.0,0.9997507
4290,L07,DR_20221209_143805,2431.0,0.99972373
4291,L07,DR_20221209_143805,2432.0,0.98770016
4292,L07,DR_20221209_143805,2433.0,0.99751586
4293,L07,DR_20221209_143805,2434.0,1.0002133
4294,L07,DR_20221209_143805,2435.0,1.0001866
4295,L07,DR_20221209_143805,2436.0,1.0004854
4296,L07,DR_20221209_143805,2437.0,1.0001531
4297,L07,DR_20221209_143805,2438.0,0.10199858
4298,L08,DR_20221209_143805,2439.0,0.9999518
4299,L08,DR_20221209_143805,2440.0,1.002084
4300,L08,DR_20221209_143805,2441.0,0.9998633
4301,L08,DR_20221209_143805,2442.0,0.9993102
4302,L08,DR_20221209_143805,2443.0,1.0000379
4303,L08,DR_20221209_143805,2444.0,0.9999627
4304,L08,DR_20221209_143805,2445.0,1.0002594
4305,L08,DR_20221209_143805,2446.0,1.0001179
4306,L08,DR_20221209_143805,2447.0,0.99996
4307,L09,DR_20221209_143805,2448.0,0.99988836
4308,L09,DR_20221209_143805,2449.0,0.9973734
4309,L09,DR_20221209_143805,2450.0,1.006422
4310,L09,DR_20221209_143805,2451.0,1.0000597
4311,L09,DR_20221209_143805,2452.0,1.000212
4312,L09,DR_20221209_143805,2453.0,1.0001619
4313,L09,DR_20221209_143805,2454.0,1.0034705
4314,L09,DR_20221209_143805,2455.0,1.0002594
4315,L09,DR_20221209_143805,2456.0,1.0002687
4316,L10,DR_20221209_143805,2457.0,1.0001341
4317,L10,DR_20221209_143805,2458.0,0.055268615
4318,L10,DR_20221209_143805,2459.0,1.0059881
4319,L10,DR_20221209_143805,2460.0,0.9997678
4320,L10,DR_20221209_143805,2461.0,0.99993724
4321,L10,DR_20221209_143805,2462.0,0.9999627
4322,L10,DR_20221209_143805,2463.0,0.9996969
4323,L10,DR_20221209_143805,2464.0,0.99976903
4324,L10,DR_20221209_143805,2465.0,0.9993673
4325,L11,DR_20221209_143805,2466.0,0.99962234
4326,L11,DR_20221209_143805,2467.0,0.99954724
4327,L11,DR_20221209_143805,2468.0,0.9999367
4328,L11,DR_20221209_143805,2469.0,0.9999407
4329,L11,DR_20221209_143805,2470.0,1.0000069
4330,L11,DR_20221209_143805,2471.0,0.999874
4331,L11,DR_20221209_143805,2472.0,1.0002117
4332,L11,DR_20221209_143805,2473.0,0.99913543
4333,L11,DR_20221209_143805,2474.0,0.9980207
4334,L12,DR_20221209_143805,2475.0,1.0003753
4335,L12,DR_20221209_143805,2476.0,0.9901051
4336,L12,DR_20221209_143805,2477.0,0.9999554
4337,L12,DR_20221209_143805,2478.0,1.0000907
4338,L12,DR_20221209_143805,2479.0,0.9993289
4339,L12,DR_20221209_143805,2480.0,0.9925272
4340,L12,DR_20221209_143805,2481.0,0.99972725
4341,L12,DR_20221209_143805,2482.0,0.9999627
4342,L12,DR_20221209_143805,2483.0,1.0001029
4343,L13,DR_20221209_143805,2484.0,0.9999565
4344,L13,DR_20221209_143805,2485.0,0.9998825
4345,L13,DR_20221209_143805,2486.0,1.0001584
4346,L13,DR_20221209_143805,2487.0,0.99989766
4347,L13,DR_20221209_143805,2488.0,0.9995854
4348,L13,DR_20221209_143805,2489.0,1.0001897
4349,L13,DR_20221209_143805,2490.0,0.999973
4350,L13,DR_20221209_143805,2491.0,0.9999768
4351,L13,DR_20221209_143805,2492.0,1.0019094
4352,L18,DR_20221209_143805,2529.0,0.99994785
4353,L18,DR_20221209_143805,2530.0,0.9992119
4354,L18,DR_20221209_143805,2531.0,0.9996816
4355,L18,DR_20221209_143805,2532.0,0.99343204
4356,L18,DR_20221209_143805,2533.0,0.9997193
4357,L18,DR_20221209_143805,2534.0,1.000335
4358,L18,DR_20221209_143805,2535.0,0.9999773
4359,L18,DR_20221209_143805,2536.0,1.0000612
4360,L18,DR_20221209_143805,2537.0,0.99951375
4361,L19,DR_20221209_143805,2538.0,0.9999866
4362,L19,DR_20221209_143805,2539.0,0.9999965
4363,L19,DR_20221209_143805,2540.0,1.0000255
4364,L19,DR_20221209_143805,2541.0,1.0000111
4365,L19,DR_20221209_143805,2542.0,0.9997814
4366,L19,DR_20221209_143805,2543.0,1.0000554
4367,L19,DR_20221209_143805,2544.0,1.0002594
4368,L19,DR_20221209_143805,2545.0,1.0001818
4369,L19,DR_20221209_143805,2546.0,1.0001466
4370,L22,DR_20221209_143805,2565.0,0.9999395
4371,L22,DR_20221209_143805,2566.0,1.0000274
4372,L22,DR_20221209_143805,2567.0,0.9670664
4373,L22,DR_20221209_143805,2568.0,1.0000066
4374,L22,DR_20221209_143805,2569.0,0.9999927
4375,L22,DR_20221209_143805,2570.0,1.0001572
4376,L22,DR_20221209_143805,2571.0,1.0001726
4377,L22,DR_20221209_143805,2572.0,1.000165
4378,L22,DR_20221209_143805,2573.0,0.9999568
4415,M03,DR_20221209_143805,2610.0,0.29527745
4416,M03,DR_20221209_143805,2611.0,0.299802
4417,M03,DR_20221209_143805,2612.0,0.0662192
4418,M03,DR_20221209_143805,2613.0,0.014673174
4419,M03,DR_20221209_143805,2614.0,0.0007776943
4420,M03,DR_20221209_143805,2615.0,0.3689511
4421,M03,DR_20221209_143805,2616.0,0.99371344
4422,M03,DR_20221209_143805,2617.0,0.0052196225
4423,M03,DR_20221209_143805,2618.0,0.0039555263
4424,M04,DR_20221209_143805,2619.0,0.87986654
4425,M04,DR_20221209_143805,2620.0,0.03425056
4426,M04,DR_20221209_143805,2621.0,0.010824208
4427,M04,DR_20221209_143805,2622.0,0.00685785
4428,M04,DR_20221209_143805,2623.0,0.26019812
4429,M04,DR_20221209_143805,2624.0,0.5529073
4430,M04,DR_20221209_143805,2625.0,0.05164513
4431,M04,DR_20221209_143805,2626.0,0.0023230347
4432,M04,DR_20221209_143805,2627.0,0.004165141
4433,M05,DR_20221209_143805,2628.0,0.99960953
4434,M05,DR_20221209_143805,2629.0,0.99986356
4435,M05,DR_20221209_143805,2630.0,1.0020021
4436,M05,DR_20221209_143805,2631.0,0.9979053
4437,M05,DR_20221209_143805,2632.0,0.94003034
4438,M05,DR_20221209_143805,2633.0,0.11336574
4439,M05,DR_20221209_143805,2634.0,0.996379
4440,M05,DR_20221209_143805,2635.0,0.99562967
4441,M05,DR_20221209_143805,2636.0,0.9980233
4442,M06,DR_20221209_143805,2637.0,0.82779264
4443,M06,DR_20221209_143805,2638.0,0.04971564
4444,M06,DR_20221209_143805,2639.0,0.07050653
4445,M06,DR_20221209_143805,2640.0,0.09015721
4446,M06,DR_20221209_143805,2641.0,0.55169857
4447,M06,DR_20221209_143805,2642.0,1.0043011
4448,M06,DR_20221209_143805,2643.0,1.0485018
4449,M06,DR_20221209_143805,2644.0,1.0010098
4450,M06,DR_20221209_143805,2645.0,1.0025564
4451,M07,DR_20221209_143805,2646.0,0.9995674
4452,M07,DR_20221209_143805,2647.0,1.0014765
4453,M07,DR_20221209_143805,2648.0,0.036775798
4454,M07,DR_20221209_143805,2649.0,0.9998379
4455,M07,DR_20221209_143805,2650.0,1.0012833
4456,M07,DR_20221209_143805,2651.0,0.998975
4457,M07,DR_20221209_143805,2652.0,1.0056089
4458,M07,DR_20221209_143805,2653.0,0.9995149
4459,M07,DR_20221209_143805,2654.0,0.9995433
4460,M08,DR_20221209_143805,2655.0,1.0001395
4461,M08,DR_20221209_143805,2656.0,1.0011456
4462,M08,DR_20221209_143805,2657.0,0.83789486
4463,M08,DR_20221209_143805,2658.0,0.9976231
4464,M08,DR_20221209_143805,2659.0,1.0000005
4465,M08,DR_20221209_143805,2660.0,0.9992685
4466,M08,DR_20221209_143805,2661.0,1.000079
4467,M08,DR_20221209_143805,2662.0,1.0001553
4468,M08,DR_20221209_143805,2663.0,1.003034
4469,M09,DR_20221209_143805,2664.0,0.9999541
4470,M09,DR_20221209_143805,2665.0,0.9998401
4471,M09,DR_20221209_143805,2666.0,0.9999756
4472,M09,DR_20221209_143805,2667.0,1.0006968
4473,M09,DR_20221209_143805,2668.0,0.999307
4474,M09,DR_20221209_143805,2669.0,1.0002668
4475,M09,DR_20221209_143805,2670.0,1.0024364
4476,M09,DR_20221209_143805,2671.0,1.0001298
4477,M09,DR_20221209_143805,2672.0,1.0000188
4478,M10,DR_20221209_143805,2673.0,1.0000794
4479,M10,DR_20221209_143805,2674.0,0.99990815
4480,M10,DR_20221209_143805,2675.0,0.9999367
4481,M10,DR_20221209_143805,2676.0,0.9978786
4482,M10,DR_20221209_143805,2677.0,0.99770105
4483,M10,DR_20221209_143805,2678.0,1.0001531
4484,M10,DR_20221209_143805,2679.0,1.0001029
4485,M10,DR_20221209_143805,2680.0,1.0001187
4486,M10,DR_20221209_143805,2681.0,0.79004383
4487,M11,DR_20221209_143805,2682.0,1.0002371
4488,M11,DR_20221209_143805,2683.0,1.0001643
4489,M11,DR_20221209_143805,2684.0,0.9997158
4490,M11,DR_20221209_143805,2685.0,0.06542068
4491,M11,DR_20221209_143805,2686.0,0.052651573
4492,M11,DR_20221209_143805,2687.0,0.9997454
4493,M11,DR_20221209_143805,2688.0,0.99969923
4494,M11,DR_20221209_143805,2689.0,1.0000478
4495,M11,DR_20221209_143805,2690.0,1.0001477
4496,M12,DR_20221209_143805,2691.0,1.0002371
4497,M12,DR_20221209_143805,2692.0,1.0001343
4498,M12,DR_20221209_143805,2693.0,1.0000867
4499,M12,DR_20221209_143805,2694.0,1.0001873
4500,M12,DR_20221209_143805,2695.0,1.0000715
4501,M12,DR_20221209_143805,2696.0,1.0001531
4502,M12,DR_20221209_143805,2697.0,1.0002388
4503,M12,DR_20221209_143805,2698.0,1.0000646
4504,M12,DR_20221209_143805,2699.0,0.99943703
4514,N03,DR_20221209_143805,2718.0,0.33774298
4515,N03,DR_20221209_143805,2719.0,8.1049926e-05
4516,N03,DR_20221209_143805,2720.0,1.0028447
4517,N03,DR_20221209_143805,2721.0,0.0055589755
4518,N03,DR_20221209_143805,2722.0,-0.0024583398
4519,N03,DR_20221209_143805,2723.0,-0.0027300487
4520,N03,DR_20221209_143805,2724.0,0.03998904
4521,N03,DR_20221209_143805,2725.0,0.95237756
4522,N03,DR_20221209_143805,2726.0,1.0004158
4523,N04,DR_20221209_143805,2727.0,0.031012462
4524,N04,DR_20221209_143805,2728.0,-0.008358394
4525,N04,DR_20221209_143805,2729.0,0.044222817
4526,N04,DR_20221209_143805,2730.0,0.98262876
4527,N04,DR_20221209_143805,2731.0,0.0010445964
4528,N04,DR_20221209_143805,2732.0,0.057677813
4529,N04,DR_20221209_143805,2733.0,0.04207383
4530,N04,DR_20221209_143805,2734.0,0.026174178
4531,N04,DR_20221209_143805,2735.0,0.93188834
4532,N05,DR_20221209_143805,2736.0,0.99342453
4533,N05,DR_20221209_143805,2737.0,0.0131657785
4534,N05,DR_20221209_143805,2738.0,0.34602562
4535,N05,DR_20221209_143805,2739.0,0.0012344168
4536,N05,DR_20221209_143805,2740.0,0.04115947
4537,N05,DR_20221209_143805,2741.0,0.0066027422
4538,N05,DR_20221209_143805,2742.0,0.11824687
4539,N05,DR_20221209_143805,2743.0,0.00895525
4540,N05,DR_20221209_143805,2744.0,0.05665117
4541,N06,DR_20221209_143805,2745.0,0.019715935
4542,N06,DR_20221209_143805,2746.0,0.9438852
4543,N06,DR_20221209_143805,2747.0,0.89913654
4544,N06,DR_20221209_143805,2748.0,0.9805807
4545,N06,DR_20221209_143805,2749.0,0.9999648
4546,N06,DR_20221209_143805,2750.0,0.10379864
4547,N06,DR_20221209_143805,2751.0,0.0019731321
4548,N06,DR_20221209_143805,2752.0,0.9891705
4549,N06,DR_20221209_143805,2753.0,0.9991978
4550,N07,DR_20221209_143805,2754.0,1.0005022
4551,N07,DR_20221209_143805,2755.0,1.0014856
4552,N07,DR_20221209_143805,2756.0,1.0015559
4553,N07,DR_20221209_143805,2757.0,1.0038539
4554,N07,DR_20221209_143805,2758.0,1.001377
4555,N07,DR_20221209_143805,2759.0,0.9899321
4556,N07,DR_20221209_143805,2760.0,0.98838276
4557,N07,DR_20221209_143805,2761.0,0.99796605
4558,N07,DR_20221209_143805,2762.0,1.0000457
4559,N08,DR_20221209_143805,2763.0,1.0001029
4560,N08,DR_20221209_143805,2764.0,1.0008488
4561,N08,DR_20221209_143805,2765.0,0.06331522
4562,N08,DR_20221209_143805,2766.0,1.0000703
4563,N08,DR_20221209_143805,2767.0,0.99997336
4564,N08,DR_20221209_143805,2768.0,0.99781376
4565,N08,DR_20221209_143805,2769.0,0.9997355
4566,N08,DR_20221209_143805,2770.0,0.99016017
4567,N08,DR_20221209_143805,2771.0,1.0002819
4568,N09,DR_20221209_143805,2772.0,0.9633688
4569,N09,DR_20221209_143805,2773.0,1.0001444
4570,N09,DR_20221209_143805,2774.0,1.000021
4571,N09,DR_20221209_143805,2775.0,1.0003971
4572,N09,DR_20221209_143805,2776.0,0.96317977
4573,N09,DR_20221209_143805,2777.0,0.9632429
4574,N09,DR_20221209_143805,2778.0,0.99781036
4575,N09,DR_20221209_143805,2779.0,0.9609509
4576,N09,DR_20221209_143805,2780.0,0.99990886
4577,N10,DR_20221209_143805,2781.0,1.0007261
4578,N10,DR_20221209_143805,2782.0,0.9998628
4579,N10,DR_20221209_143805,2783.0,0.99893075
4580,N10,DR_20221209_143805,2784.0,0.9979801
4581,N10,DR_20221209_143805,2785.0,0.9999518
4582,N10,DR_20221209_143805,2786.0,0.99775016
4583,N10,DR_20221209_143805,2787.0,1.0028505
4584,N10,DR_20221209_143805,2788.0,1.0000709
4585,N10,DR_20221209_143805,2789.0,1.0001614
4586,N11,DR_20221209_143805,2790.0,1.0002371
4587,N11,DR_20221209_143805,2791.0,1.0006334
4588,N11,DR_20221209_143805,2792.0,0.9993972
4589,N11,DR_20221209_143805,2793.0,1.0000037
4590,N11,DR_20221209_143805,2794.0,0.9881092
4591,N11,DR_20221209_143805,2795.0,0.99801964
4592,N11,DR_20221209_143805,2796.0,1.0002484
4593,N11,DR_20221209_143805,2797.0,1.0001689
4594,N11,DR_20221209_143805,2798.0,0.99994785
4595,N12,DR_20221209_143805,2799.0,1.0002605
4596,N12,DR_20221209_143805,2800.0,1.0000228
4597,N12,DR_20221209_143805,2801.0,1.0000616
4598,N12,DR_20221209_143805,2802.0,0.99995375
4599,N12,DR_20221209_143805,2803.0,1.0002745
4600,N12,DR_20221209_143805,2804.0,1.0001136
4601,N12,DR_20221209_143805,2805.0,1.0000132
4602,N12,DR_20221209_143805,2806.0,0.9978599
4603,N12,DR_20221209_143805,2807.0,1.0002525
4622,O04,DR_20221209_143805,2835.0,-0.010343874
4623,O04,DR_20221209_143805,2836.0,0.9072553
4624,O04,DR_20221209_143805,2837.0,0.9887684
4625,O04,DR_20221209_143805,2838.0,0.98016536
4626,O04,DR_20221209_143805,2839.0,0.979647
4627,O04,DR_20221209_143805,2840.0,1.0005658
4628,O04,DR_20221209_143805,2841.0,0.98674387
4629,O04,DR_20221209_143805,2842.0,0.98045206
4630,O04,DR_20221209_143805,2843.0,0.050113685
4631,O05,DR_20221209_143805,2844.0,1.0021008
4632,O05,DR_20221209_143805,2845.0,0.068551
4633,O05,DR_20221209_143805,2846.0,0.044525996
4634,O05,DR_20221209_143805,2847.0,0.10770277
4635,O05,DR_20221209_143805,2848.0,0.07123887
4636,O05,DR_20221209_143805,2849.0,-0.008063531
4637,O05,DR_20221209_143805,2850.0,1.0008907
4638,O05,DR_20221209_143805,2851.0,0.87704235
4639,O05,DR_20221209_143805,2852.0,0.98050565
4640,O06,DR_20221209_143805,2853.0,0.47591126
4641,O06,DR_20221209_143805,2854.0,-0.0023164214
4642,O06,DR_20221209_143805,2855.0,0.87822187
4643,O06,DR_20221209_143805,2856.0,1.0031797
4644,O06,DR_20221209_143805,2857.0,0.010458604
4645,O06,DR_20221209_143805,2858.0,0.07960734
4646,O06,DR_20221209_143805,2859.0,0.9969399
4647,O06,DR_20221209_143805,2860.0,0.9973324
4648,O06,DR_20221209_143805,2861.0,0.9893098
4649,O07,DR_20221209_143805,2862.0,0.99432915
4650,O07,DR_20221209_143805,2863.0,1.002545
4651,O07,DR_20221209_143805,2864.0,1.0008667
4652,O07,DR_20221209_143805,2865.0,0.9997607
4653,O07,DR_20221209_143805,2866.0,0.052564774
4654,O07,DR_20221209_143805,2867.0,1.006252
4655,O07,DR_20221209_143805,2868.0,0.99968356
4656,O07,DR_20221209_143805,2869.0,0.9623838
4657,O07,DR_20221209_143805,2870.0,0.98789483
4658,O08,DR_20221209_143805,2871.0,1.0013871
4659,O08,DR_20221209_143805,2872.0,0.9999311
4660,O08,DR_20221209_143805,2873.0,1.0003018
4661,O08,DR_20221209_143805,2874.0,1.0000077
4662,O08,DR_20221209_143805,2875.0,1.0000609
4663,O08,DR_20221209_143805,2876.0,1.0001029
4664,O08,DR_20221209_143805,2877.0,0.9998042
4665,O08,DR_20221209_143805,2878.0,1.0001029
4666,O08,DR_20221209_143805,2879.0,0.99999803
4667,O09,DR_20221209_143805,2880.0,1.0001655
4668,O09,DR_20221209_143805,2881.0,0.99993414
4669,O09,DR_20221209_143805,2882.0,1.0009798
4670,O09,DR_20221209_143805,2883.0,1.0000185
4671,O09,DR_20221209_143805,2884.0,0.9977801
4672,O09,DR_20221209_143805,2885.0,1.0037291
4673,O09,DR_20221209_143805,2886.0,1.0001029
4674,O09,DR_20221209_143805,2887.0,0.9976063
4675,O09,DR_20221209_143805,2888.0,0.99986106
4676,O12,DR_20221209_143805,2907.0,1.0001787
4677,O12,DR_20221209_143805,2908.0,0.9999716
4678,O12,DR_20221209_143805,2909.0,0.99991375
4679,O12,DR_20221209_143805,2910.0,1.0001506
4680,O12,DR_20221209_143805,2911.0,0.9999814
4681,O12,DR_20221209_143805,2912.0,0.99985695
4682,O12,DR_20221209_143805,2913.0,1.0001655
4683,O12,DR_20221209_143805,2914.0,1.000021
4684,O12,DR_20221209_143805,2915.0,0.9978599
