,Image_Metadata_WellID,Image_Metadata_PlateID,ImageNumber,score
1941,A03,DR_20221209_143805,19.0,-0.007204015
1942,A03,DR_20221209_143805,20.0,0.19349936
1943,A03,DR_20221209_143805,21.0,0.6771575
1944,A03,DR_20221209_143805,22.0,0.41164657
1945,A03,DR_20221209_143805,23.0,0.37413365
1946,A03,DR_20221209_143805,24.0,0.5056538
1947,A03,DR_20221209_143805,25.0,0.36043647
1948,A03,DR_20221209_143805,26.0,0.38644043
1949,A03,DR_20221209_143805,27.0,0.20111087
1950,A04,DR_20221209_143805,28.0,0.5058987
1951,A04,DR_20221209_143805,29.0,0.942934
1952,A04,DR_20221209_143805,30.0,0.16716847
1953,A04,DR_20221209_143805,31.0,0.49577314
1954,A04,DR_20221209_143805,32.0,0.54365313
1955,A04,DR_20221209_143805,33.0,0.44212076
1956,A04,DR_20221209_143805,34.0,0.6755521
1957,A04,DR_20221209_143805,35.0,0.17761627
1958,A04,DR_20221209_143805,36.0,0.24447575
1959,A05,DR_20221209_143805,37.0,0.9936676
1960,A05,DR_20221209_143805,38.0,0.22192201
1961,A05,DR_20221209_143805,39.0,0.5412922
1962,A05,DR_20221209_143805,40.0,0.9752419
1963,A05,DR_20221209_143805,41.0,0.81821066
1964,A05,DR_20221209_143805,42.0,0.6132974
1965,A05,DR_20221209_143805,43.0,1.008987
1966,A05,DR_20221209_143805,44.0,0.40229204
1967,A05,DR_20221209_143805,45.0,0.8595034
1968,A06,DR_20221209_143805,46.0,0.8005212
1969,A06,DR_20221209_143805,47.0,1.053535
1970,A06,DR_20221209_143805,48.0,0.95129466
1971,A06,DR_20221209_143805,49.0,0.8768048
1972,A06,DR_20221209_143805,50.0,0.9384465
1973,A06,DR_20221209_143805,51.0,1.185935
1974,A06,DR_20221209_143805,52.0,0.7811272
1975,A06,DR_20221209_143805,53.0,0.7453565
1976,A06,DR_20221209_143805,54.0,1.0441414
1977,A07,DR_20221209_143805,55.0,0.99747366
1978,A07,DR_20221209_143805,56.0,1.0266625
1979,A07,DR_20221209_143805,57.0,0.91553396
1980,A07,DR_20221209_143805,58.0,0.5358256
1981,A07,DR_20221209_143805,59.0,0.9898591
1982,A07,DR_20221209_143805,60.0,0.94051635
1983,A07,DR_20221209_143805,61.0,0.982772
1984,A07,DR_20221209_143805,62.0,1.0165386
1985,A07,DR_20221209_143805,63.0,0.95665
1986,A08,DR_20221209_143805,64.0,1.0269177
1987,A08,DR_20221209_143805,65.0,0.6130755
1988,A08,DR_20221209_143805,66.0,1.0266683
1989,A08,DR_20221209_143805,67.0,0.93664116
1990,A08,DR_20221209_143805,68.0,1.0110803
1991,A08,DR_20221209_143805,69.0,1.0091159
1992,A08,DR_20221209_143805,70.0,1.1251853
1993,A08,DR_20221209_143805,71.0,1.1487211
1994,A08,DR_20221209_143805,72.0,0.95524853
1995,A09,DR_20221209_143805,73.0,1.0694557
1996,A09,DR_20221209_143805,74.0,0.9655368
1997,A09,DR_20221209_143805,75.0,1.091641
1998,A09,DR_20221209_143805,76.0,0.2750711
1999,A09,DR_20221209_143805,77.0,0.5358359
2000,A09,DR_20221209_143805,78.0,0.8542153
2001,A09,DR_20221209_143805,79.0,0.367818
2002,A09,DR_20221209_143805,80.0,0.96525365
2003,A09,DR_20221209_143805,81.0,0.6924278
2004,A10,DR_20221209_143805,82.0,0.9731289
2005,A10,DR_20221209_143805,83.0,1.0054152
2006,A10,DR_20221209_143805,84.0,0.9107337
2007,A10,DR_20221209_143805,85.0,0.29959178
2008,A10,DR_20221209_143805,86.0,0.16626754
2009,A10,DR_20221209_143805,87.0,0.86582613
2010,A10,DR_20221209_143805,88.0,1.1510193
2011,A10,DR_20221209_143805,89.0,0.84567934
2012,A10,DR_20221209_143805,90.0,1.030547
2013,A11,DR_20221209_143805,91.0,1.0559723
2014,A11,DR_20221209_143805,92.0,0.47063044
2015,A11,DR_20221209_143805,93.0,1.1144851
2016,A11,DR_20221209_143805,94.0,0.34352332
2017,A11,DR_20221209_143805,95.0,0.40863073
2018,A11,DR_20221209_143805,96.0,1.1459241
2019,A11,DR_20221209_143805,97.0,0.92953944
2020,A11,DR_20221209_143805,98.0,0.24480227
2021,A11,DR_20221209_143805,99.0,0.10477269
2022,A12,DR_20221209_143805,100.0,1.0833548
2023,A12,DR_20221209_143805,101.0,0.64242464
2024,A12,DR_20221209_143805,102.0,0.7128955
2025,A12,DR_20221209_143805,103.0,0.28639886
2026,A12,DR_20221209_143805,104.0,0.25288144
2027,A12,DR_20221209_143805,105.0,0.98419595
2028,A12,DR_20221209_143805,106.0,0.8277218
2029,A12,DR_20221209_143805,107.0,0.21364355
2030,A12,DR_20221209_143805,108.0,0.42042196
2031,A13,DR_20221209_143805,109.0,0.895947
2032,A13,DR_20221209_143805,110.0,0.7122909
2033,A13,DR_20221209_143805,111.0,1.1732394
2034,A13,DR_20221209_143805,112.0,0.4859521
2035,A13,DR_20221209_143805,113.0,0.103714935
2036,A13,DR_20221209_143805,114.0,0.4849896
2037,A13,DR_20221209_143805,115.0,1.1999264
2038,A13,DR_20221209_143805,116.0,0.3644046
2039,A13,DR_20221209_143805,117.0,0.40815637
2040,A14,DR_20221209_143805,118.0,1.1220143
2041,A14,DR_20221209_143805,119.0,0.04539021
2042,A14,DR_20221209_143805,120.0,1.0028807
2043,A14,DR_20221209_143805,121.0,0.38872504
2044,A14,DR_20221209_143805,122.0,0.24339443
2045,A14,DR_20221209_143805,123.0,0.9444012
2046,A14,DR_20221209_143805,124.0,1.0857266
2047,A14,DR_20221209_143805,125.0,0.4307528
2048,A14,DR_20221209_143805,126.0,0.4857496
2049,A15,DR_20221209_143805,127.0,0.9607142
2050,A15,DR_20221209_143805,128.0,0.42058435
2051,A15,DR_20221209_143805,129.0,1.0917863
2052,A15,DR_20221209_143805,130.0,0.71771103
2053,A15,DR_20221209_143805,131.0,1.0398248
2054,A15,DR_20221209_143805,132.0,0.8474073
2055,A15,DR_20221209_143805,133.0,1.0056822
2056,A15,DR_20221209_143805,134.0,0.37424845
2057,A15,DR_20221209_143805,135.0,0.35559157
2058,A16,DR_20221209_143805,136.0,0.9156766
2059,A16,DR_20221209_143805,137.0,0.27413824
2060,A16,DR_20221209_143805,138.0,0.33089444
2061,A16,DR_20221209_143805,139.0,0.6243631
2062,A16,DR_20221209_143805,140.0,1.0013725
2063,A16,DR_20221209_143805,141.0,0.897418
2064,A16,DR_20221209_143805,142.0,0.36965752
2065,A16,DR_20221209_143805,143.0,0.8476824
2066,A16,DR_20221209_143805,144.0,0.9354596
2067,A17,DR_20221209_143805,145.0,0.44730058
2068,A17,DR_20221209_143805,146.0,1.0520713
2069,A17,DR_20221209_143805,147.0,0.4037469
2070,A17,DR_20221209_143805,148.0,0.37788188
2071,A17,DR_20221209_143805,149.0,0.51073873
2072,A17,DR_20221209_143805,150.0,0.9629244
2073,A17,DR_20221209_143805,151.0,0.81556
2074,A17,DR_20221209_143805,152.0,0.79883224
2075,A17,DR_20221209_143805,153.0,0.609302
2076,A18,DR_20221209_143805,154.0,0.5940887
2077,A18,DR_20221209_143805,155.0,0.790085
2078,A18,DR_20221209_143805,156.0,1.0632254
2079,A18,DR_20221209_143805,157.0,0.1136314
2080,A18,DR_20221209_143805,158.0,1.0100112
2081,A18,DR_20221209_143805,159.0,0.99624395
2082,A18,DR_20221209_143805,160.0,0.99456614
2083,A18,DR_20221209_143805,161.0,0.87793344
2084,A18,DR_20221209_143805,162.0,0.56309927
2085,A19,DR_20221209_143805,163.0,0.88489455
2086,A19,DR_20221209_143805,164.0,0.6662576
2087,A19,DR_20221209_143805,165.0,0.91061723
2088,A19,DR_20221209_143805,166.0,0.73208976
2089,A19,DR_20221209_143805,167.0,0.2933711
2090,A19,DR_20221209_143805,168.0,0.9337337
2091,A19,DR_20221209_143805,169.0,0.36687133
2092,A19,DR_20221209_143805,170.0,0.24262744
2093,A19,DR_20221209_143805,171.0,0.26820233
2094,A20,DR_20221209_143805,172.0,0.9864869
2095,A20,DR_20221209_143805,173.0,1.0751843
2096,A20,DR_20221209_143805,174.0,0.510703
2097,A20,DR_20221209_143805,175.0,0.9128552
2098,A20,DR_20221209_143805,176.0,1.0230337
2099,A20,DR_20221209_143805,177.0,0.80734336
2100,A20,DR_20221209_143805,178.0,0.6547897
2101,A20,DR_20221209_143805,179.0,0.9301037
2102,A20,DR_20221209_143805,180.0,0.4604443
2103,A21,DR_20221209_143805,181.0,0.99379987
2104,A21,DR_20221209_143805,182.0,0.30309907
2105,A21,DR_20221209_143805,183.0,0.8531797
2106,A21,DR_20221209_143805,184.0,0.23507206
2107,A21,DR_20221209_143805,185.0,0.39705625
2108,A21,DR_20221209_143805,186.0,0.9353427
2109,A21,DR_20221209_143805,187.0,0.9029969
2110,A21,DR_20221209_143805,188.0,1.0468816
2111,A21,DR_20221209_143805,189.0,0.28984705
2112,A22,DR_20221209_143805,190.0,1.0118129
2113,A22,DR_20221209_143805,191.0,0.9714864
2114,A22,DR_20221209_143805,192.0,0.83349997
2115,A22,DR_20221209_143805,193.0,0.30540305
2116,A22,DR_20221209_143805,194.0,1.0350443
2117,A22,DR_20221209_143805,195.0,0.98114115
2118,A22,DR_20221209_143805,196.0,0.28271112
2119,A22,DR_20221209_143805,197.0,1.0530039
2120,A22,DR_20221209_143805,198.0,1.074871
2157,B03,DR_20221209_143805,235.0,0.43332452
2158,B03,DR_20221209_143805,236.0,0.38579905
2159,B03,DR_20221209_143805,237.0,0.5287612
2160,B03,DR_20221209_143805,238.0,0.4123056
2161,B03,DR_20221209_143805,239.0,0.40976626
2162,B03,DR_20221209_143805,240.0,0.3045241
2163,B03,DR_20221209_143805,241.0,0.5359307
2164,B03,DR_20221209_143805,242.0,0.2889955
2165,B03,DR_20221209_143805,243.0,0.6688535
2166,B04,DR_20221209_143805,244.0,0.49153432
2167,B04,DR_20221209_143805,245.0,0.37775567
2168,B04,DR_20221209_143805,246.0,0.7159238
2169,B04,DR_20221209_143805,247.0,0.34488994
2170,B04,DR_20221209_143805,248.0,0.4994681
2171,B04,DR_20221209_143805,249.0,0.6157117
2172,B04,DR_20221209_143805,250.0,0.71509415
2173,B04,DR_20221209_143805,251.0,0.22558099
2174,B04,DR_20221209_143805,252.0,0.20841242
2175,B05,DR_20221209_143805,253.0,1.0671909
2176,B05,DR_20221209_143805,254.0,0.79188985
2177,B05,DR_20221209_143805,255.0,0.9953582
2178,B05,DR_20221209_143805,256.0,0.5549009
2179,B05,DR_20221209_143805,257.0,1.1516945
2180,B05,DR_20221209_143805,258.0,1.114281
2181,B05,DR_20221209_143805,259.0,0.9646269
2182,B05,DR_20221209_143805,260.0,0.92282593
2183,B05,DR_20221209_143805,261.0,0.689615
2184,B06,DR_20221209_143805,262.0,0.8366629
2185,B06,DR_20221209_143805,263.0,1.0296179
2186,B06,DR_20221209_143805,264.0,0.968233
2187,B06,DR_20221209_143805,265.0,0.7587323
2188,B06,DR_20221209_143805,266.0,0.8430923
2189,B06,DR_20221209_143805,267.0,1.0000353
2190,B06,DR_20221209_143805,268.0,0.6814336
2191,B06,DR_20221209_143805,269.0,0.982726
2192,B06,DR_20221209_143805,270.0,0.98464215
2193,B07,DR_20221209_143805,271.0,0.99489117
2194,B07,DR_20221209_143805,272.0,0.9856099
2195,B07,DR_20221209_143805,273.0,1.0330487
2196,B07,DR_20221209_143805,274.0,0.9943107
2197,B07,DR_20221209_143805,275.0,1.0030081
2198,B07,DR_20221209_143805,276.0,1.0068588
2199,B07,DR_20221209_143805,277.0,0.63284856
2200,B07,DR_20221209_143805,278.0,0.87341684
2201,B07,DR_20221209_143805,279.0,0.5332516
2202,B08,DR_20221209_143805,280.0,0.917417
2203,B08,DR_20221209_143805,281.0,0.68662804
2204,B08,DR_20221209_143805,282.0,0.9783178
2205,B08,DR_20221209_143805,283.0,0.37204537
2206,B08,DR_20221209_143805,284.0,0.40315348
2207,B08,DR_20221209_143805,285.0,1.0777048
2208,B08,DR_20221209_143805,286.0,0.9430665
2209,B08,DR_20221209_143805,287.0,0.51691276
2210,B08,DR_20221209_143805,288.0,1.0822634
2211,B09,DR_20221209_143805,289.0,0.8263388
2212,B09,DR_20221209_143805,290.0,0.9429321
2213,B09,DR_20221209_143805,291.0,0.3623068
2214,B09,DR_20221209_143805,292.0,0.531203
2215,B09,DR_20221209_143805,293.0,0.34496474
2216,B09,DR_20221209_143805,294.0,1.0078205
2217,B09,DR_20221209_143805,295.0,0.48494193
2218,B09,DR_20221209_143805,296.0,0.28801912
2219,B09,DR_20221209_143805,297.0,0.3481288
2220,B10,DR_20221209_143805,298.0,0.80185354
2221,B10,DR_20221209_143805,299.0,0.7747815
2222,B10,DR_20221209_143805,300.0,0.2561732
2223,B10,DR_20221209_143805,301.0,0.1716268
2224,B10,DR_20221209_143805,302.0,0.15919468
2225,B10,DR_20221209_143805,303.0,0.28156018
2226,B10,DR_20221209_143805,304.0,1.0672889
2227,B10,DR_20221209_143805,305.0,0.27716628
2228,B10,DR_20221209_143805,306.0,0.4207665
2229,B11,DR_20221209_143805,307.0,0.87692916
2230,B11,DR_20221209_143805,308.0,0.6182976
2231,B11,DR_20221209_143805,309.0,1.1114914
2232,B11,DR_20221209_143805,310.0,0.34042716
2233,B11,DR_20221209_143805,311.0,0.3075823
2234,B11,DR_20221209_143805,312.0,0.9938363
2235,B11,DR_20221209_143805,313.0,1.009281
2236,B11,DR_20221209_143805,314.0,0.68441415
2237,B11,DR_20221209_143805,315.0,0.3472536
2238,B12,DR_20221209_143805,316.0,1.0723791
2239,B12,DR_20221209_143805,317.0,0.34768617
2240,B12,DR_20221209_143805,318.0,0.20361598
2241,B12,DR_20221209_143805,319.0,1.1206561
2242,B12,DR_20221209_143805,320.0,1.0762908
2243,B12,DR_20221209_143805,321.0,1.011916
2244,B12,DR_20221209_143805,322.0,0.8545982
2245,B12,DR_20221209_143805,323.0,0.73619276
2246,B12,DR_20221209_143805,324.0,1.0328758
2247,B13,DR_20221209_143805,325.0,0.7457718
2248,B13,DR_20221209_143805,326.0,0.8744011
2249,B13,DR_20221209_143805,327.0,1.0472193
2250,B13,DR_20221209_143805,328.0,0.32492796
2251,B13,DR_20221209_143805,329.0,0.25558373
2252,B13,DR_20221209_143805,330.0,0.69520336
2253,B13,DR_20221209_143805,331.0,0.9954856
2254,B13,DR_20221209_143805,332.0,0.8504121
2255,B13,DR_20221209_143805,333.0,0.58658886
2256,B14,DR_20221209_143805,334.0,0.9092519
2257,B14,DR_20221209_143805,335.0,0.62702817
2258,B14,DR_20221209_143805,336.0,0.4043724
2259,B14,DR_20221209_143805,337.0,0.18479738
2260,B14,DR_20221209_143805,338.0,0.32969192
2261,B14,DR_20221209_143805,339.0,0.016742492
2262,B14,DR_20221209_143805,340.0,0.40046233
2263,B14,DR_20221209_143805,341.0,0.06293688
2264,B14,DR_20221209_143805,342.0,0.37326792
2265,B15,DR_20221209_143805,343.0,0.6147643
2266,B15,DR_20221209_143805,344.0,1.079256
2267,B15,DR_20221209_143805,345.0,1.0429705
2268,B15,DR_20221209_143805,346.0,1.0147593
2269,B15,DR_20221209_143805,347.0,0.92472374
2270,B15,DR_20221209_143805,348.0,1.0765994
2271,B15,DR_20221209_143805,349.0,0.32110214
2272,B15,DR_20221209_143805,350.0,1.0682131
2273,B15,DR_20221209_143805,351.0,0.4855118
2274,B16,DR_20221209_143805,352.0,0.88623273
2275,B16,DR_20221209_143805,353.0,1.0212339
2276,B16,DR_20221209_143805,354.0,0.92303616
2277,B16,DR_20221209_143805,355.0,0.30544695
2278,B16,DR_20221209_143805,356.0,0.5544096
2279,B16,DR_20221209_143805,357.0,0.37280694
2280,B16,DR_20221209_143805,358.0,0.3687351
2281,B16,DR_20221209_143805,359.0,0.37542
2282,B16,DR_20221209_143805,360.0,0.22895923
2283,B17,DR_20221209_143805,361.0,0.20930451
2284,B17,DR_20221209_143805,362.0,0.4649353
2285,B17,DR_20221209_143805,363.0,0.7343922
2286,B17,DR_20221209_143805,364.0,0.41256225
2287,B17,DR_20221209_143805,365.0,0.5114238
2288,B17,DR_20221209_143805,366.0,0.81361353
2289,B17,DR_20221209_143805,367.0,0.6543956
2290,B17,DR_20221209_143805,368.0,0.9654778
2291,B17,DR_20221209_143805,369.0,0.7197829
2292,B18,DR_20221209_143805,370.0,0.63082784
2293,B18,DR_20221209_143805,371.0,0.22809298
2294,B18,DR_20221209_143805,372.0,0.6941227
2295,B18,DR_20221209_143805,373.0,0.40579426
2296,B18,DR_20221209_143805,374.0,0.2448497
2297,B18,DR_20221209_143805,375.0,1.0389557
2298,B18,DR_20221209_143805,376.0,0.93530136
2299,B18,DR_20221209_143805,377.0,0.800057
2300,B18,DR_20221209_143805,378.0,0.44178063
2301,B19,DR_20221209_143805,379.0,0.9336291
2302,B19,DR_20221209_143805,380.0,0.22004624
2303,B19,DR_20221209_143805,381.0,0.22156562
2304,B19,DR_20221209_143805,382.0,0.21727277
2305,B19,DR_20221209_143805,383.0,0.15203157
2306,B19,DR_20221209_143805,384.0,0.30337933
2307,B19,DR_20221209_143805,385.0,0.94127464
2308,B19,DR_20221209_143805,386.0,0.15650977
2309,B19,DR_20221209_143805,387.0,0.72813374
2310,B20,DR_20221209_143805,388.0,1.1111524
2311,B20,DR_20221209_143805,389.0,0.9129106
2312,B20,DR_20221209_143805,390.0,1.0053604
2313,B20,DR_20221209_143805,391.0,1.0500892
2314,B20,DR_20221209_143805,392.0,0.983901
2315,B20,DR_20221209_143805,393.0,0.6373396
2316,B20,DR_20221209_143805,394.0,0.89078003
2317,B20,DR_20221209_143805,395.0,0.673674
2318,B20,DR_20221209_143805,396.0,0.37338245
2319,B21,DR_20221209_143805,397.0,0.8038283
2320,B21,DR_20221209_143805,398.0,0.92938054
2321,B21,DR_20221209_143805,399.0,0.9847671
2322,B21,DR_20221209_143805,400.0,0.64997554
2323,B21,DR_20221209_143805,401.0,0.54662037
2324,B21,DR_20221209_143805,402.0,1.0377455
2325,B21,DR_20221209_143805,403.0,0.4625394
2326,B21,DR_20221209_143805,404.0,0.8657508
2327,B21,DR_20221209_143805,405.0,0.8183968
2328,B22,DR_20221209_143805,406.0,0.67055255
2329,B22,DR_20221209_143805,407.0,0.39481074
2330,B22,DR_20221209_143805,408.0,1.035436
2331,B22,DR_20221209_143805,409.0,0.95096976
2332,B22,DR_20221209_143805,410.0,0.78690946
2333,B22,DR_20221209_143805,411.0,0.26149073
2334,B22,DR_20221209_143805,412.0,0.10616771
2335,B22,DR_20221209_143805,413.0,0.8598852
2336,B22,DR_20221209_143805,414.0,0.27956417
2373,C03,DR_20221209_143805,451.0,0.2150714
2374,C03,DR_20221209_143805,452.0,0.28291887
2375,C03,DR_20221209_143805,453.0,0.75139236
2376,C03,DR_20221209_143805,454.0,0.6286935
2377,C03,DR_20221209_143805,455.0,0.26847386
2378,C03,DR_20221209_143805,456.0,0.25129917
2379,C03,DR_20221209_143805,457.0,0.46953452
2380,C03,DR_20221209_143805,458.0,0.4995942
2381,C03,DR_20221209_143805,459.0,0.92771363
2382,C04,DR_20221209_143805,460.0,0.49033746
2383,C04,DR_20221209_143805,461.0,0.34413964
2384,C04,DR_20221209_143805,462.0,0.4019939
2385,C04,DR_20221209_143805,463.0,0.16095619
2386,C04,DR_20221209_143805,464.0,0.49573788
2387,C04,DR_20221209_143805,465.0,0.2773983
2388,C04,DR_20221209_143805,466.0,0.67553174
2389,C04,DR_20221209_143805,467.0,0.31671423
2390,C04,DR_20221209_143805,468.0,0.63236284
2391,C05,DR_20221209_143805,469.0,0.41469428
2392,C05,DR_20221209_143805,470.0,0.7813462
2393,C05,DR_20221209_143805,471.0,0.2669215
2394,C05,DR_20221209_143805,472.0,0.18228844
2395,C05,DR_20221209_143805,473.0,0.8050729
2396,C05,DR_20221209_143805,474.0,0.29681426
2397,C05,DR_20221209_143805,475.0,-0.049704492
2398,C05,DR_20221209_143805,476.0,0.50009173
2399,C05,DR_20221209_143805,477.0,0.563183
2400,C06,DR_20221209_143805,478.0,0.84266293
2401,C06,DR_20221209_143805,479.0,1.0585794
2402,C06,DR_20221209_143805,480.0,0.857821
2403,C06,DR_20221209_143805,481.0,0.44889417
2404,C06,DR_20221209_143805,482.0,0.17100894
2405,C06,DR_20221209_143805,483.0,1.0314115
2406,C06,DR_20221209_143805,484.0,1.1483746
2407,C06,DR_20221209_143805,485.0,0.99200857
2408,C06,DR_20221209_143805,486.0,0.8992421
2409,C07,DR_20221209_143805,487.0,0.9370622
2410,C07,DR_20221209_143805,488.0,0.41058135
2411,C07,DR_20221209_143805,489.0,0.9445018
2412,C07,DR_20221209_143805,490.0,0.37729108
2413,C07,DR_20221209_143805,491.0,0.8125071
2414,C07,DR_20221209_143805,492.0,1.116262
2415,C07,DR_20221209_143805,493.0,1.0193442
2416,C07,DR_20221209_143805,494.0,1.1096567
2417,C07,DR_20221209_143805,495.0,1.0530866
2418,C08,DR_20221209_143805,496.0,0.33005443
2419,C08,DR_20221209_143805,497.0,0.4335044
2420,C08,DR_20221209_143805,498.0,0.41485345
2421,C08,DR_20221209_143805,499.0,0.24419457
2422,C08,DR_20221209_143805,500.0,0.3109255
2423,C08,DR_20221209_143805,501.0,0.66921335
2424,C08,DR_20221209_143805,502.0,0.8891775
2425,C08,DR_20221209_143805,503.0,0.48971042
2426,C08,DR_20221209_143805,504.0,0.96867055
2427,C09,DR_20221209_143805,505.0,0.94387406
2428,C09,DR_20221209_143805,506.0,0.82482237
2429,C09,DR_20221209_143805,507.0,1.0063342
2430,C09,DR_20221209_143805,508.0,0.2481199
2431,C09,DR_20221209_143805,509.0,0.38663676
2432,C09,DR_20221209_143805,510.0,0.5423798
2433,C09,DR_20221209_143805,511.0,0.9333301
2434,C09,DR_20221209_143805,512.0,0.32074738
2435,C09,DR_20221209_143805,513.0,0.75877964
2436,C10,DR_20221209_143805,514.0,0.25828797
2437,C10,DR_20221209_143805,515.0,0.39257678
2438,C10,DR_20221209_143805,516.0,0.69237787
2439,C10,DR_20221209_143805,517.0,0.1584679
2440,C10,DR_20221209_143805,518.0,0.21675117
2441,C10,DR_20221209_143805,519.0,0.90655357
2442,C10,DR_20221209_143805,520.0,1.1597573
2443,C10,DR_20221209_143805,521.0,0.90572965
2444,C10,DR_20221209_143805,522.0,0.84363323
2445,C11,DR_20221209_143805,523.0,1.0426285
2446,C11,DR_20221209_143805,524.0,0.7341327
2447,C11,DR_20221209_143805,525.0,0.95559716
2448,C11,DR_20221209_143805,526.0,0.35211742
2449,C11,DR_20221209_143805,527.0,0.10831085
2450,C11,DR_20221209_143805,528.0,0.9034722
2451,C11,DR_20221209_143805,529.0,0.23368599
2452,C11,DR_20221209_143805,530.0,0.9196922
2453,C11,DR_20221209_143805,531.0,0.28587076
2454,C12,DR_20221209_143805,532.0,0.7723504
2455,C12,DR_20221209_143805,533.0,1.1807222
2456,C12,DR_20221209_143805,534.0,0.707197
2457,C12,DR_20221209_143805,535.0,0.3043065
2458,C12,DR_20221209_143805,536.0,0.44301623
2459,C12,DR_20221209_143805,537.0,0.1856535
2460,C12,DR_20221209_143805,538.0,0.5036625
2461,C12,DR_20221209_143805,539.0,0.17339034
2462,C12,DR_20221209_143805,540.0,0.6497552
2463,C13,DR_20221209_143805,541.0,1.0463973
2464,C13,DR_20221209_143805,542.0,1.1232792
2465,C13,DR_20221209_143805,543.0,0.3554935
2466,C13,DR_20221209_143805,544.0,0.245402
2467,C13,DR_20221209_143805,545.0,0.23070203
2468,C13,DR_20221209_143805,546.0,0.42953125
2469,C13,DR_20221209_143805,547.0,0.93929267
2470,C13,DR_20221209_143805,548.0,0.393545
2471,C13,DR_20221209_143805,549.0,0.35609716
2472,C14,DR_20221209_143805,550.0,0.39891946
2473,C14,DR_20221209_143805,551.0,1.1335292
2474,C14,DR_20221209_143805,552.0,0.53489715
2475,C14,DR_20221209_143805,553.0,0.48093608
2476,C14,DR_20221209_143805,554.0,0.06617524
2477,C14,DR_20221209_143805,555.0,1.0476893
2478,C14,DR_20221209_143805,556.0,1.105294
2479,C14,DR_20221209_143805,557.0,1.0061734
2480,C14,DR_20221209_143805,558.0,0.8231894
2481,C15,DR_20221209_143805,559.0,1.1781908
2482,C15,DR_20221209_143805,560.0,1.003245
2483,C15,DR_20221209_143805,561.0,0.6862274
2484,C15,DR_20221209_143805,562.0,0.49201104
2485,C15,DR_20221209_143805,563.0,0.20173004
2486,C15,DR_20221209_143805,564.0,0.20529501
2487,C15,DR_20221209_143805,565.0,1.0830467
2488,C15,DR_20221209_143805,566.0,0.26852784
2489,C15,DR_20221209_143805,567.0,0.25348166
2490,C16,DR_20221209_143805,568.0,0.94568694
2491,C16,DR_20221209_143805,569.0,1.2257456
2492,C16,DR_20221209_143805,570.0,0.9318286
2493,C16,DR_20221209_143805,571.0,0.65163904
2494,C16,DR_20221209_143805,572.0,0.21487388
2495,C16,DR_20221209_143805,573.0,1.0516149
2496,C16,DR_20221209_143805,574.0,0.19753374
2497,C16,DR_20221209_143805,575.0,0.41065845
2498,C16,DR_20221209_143805,576.0,0.5607716
2499,C17,DR_20221209_143805,577.0,0.34199327
2500,C17,DR_20221209_143805,578.0,0.3033664
2501,C17,DR_20221209_143805,579.0,1.0182346
2502,C17,DR_20221209_143805,580.0,0.036981735
2503,C17,DR_20221209_143805,581.0,0.6753476
2504,C17,DR_20221209_143805,582.0,0.97902024
2505,C17,DR_20221209_143805,583.0,1.1254772
2506,C17,DR_20221209_143805,584.0,1.1894375
2507,C17,DR_20221209_143805,585.0,0.3898451
2508,C18,DR_20221209_143805,586.0,0.6381008
2509,C18,DR_20221209_143805,587.0,0.33736953
2510,C18,DR_20221209_143805,588.0,0.942944
2511,C18,DR_20221209_143805,589.0,0.3649667
2512,C18,DR_20221209_143805,590.0,0.7791179
2513,C18,DR_20221209_143805,591.0,0.62421256
2514,C18,DR_20221209_143805,592.0,0.96461225
2515,C18,DR_20221209_143805,593.0,0.9595564
2516,C18,DR_20221209_143805,594.0,0.396605
2517,C19,DR_20221209_143805,595.0,0.21533984
2518,C19,DR_20221209_143805,596.0,0.6244609
2519,C19,DR_20221209_143805,597.0,1.0391796
2520,C19,DR_20221209_143805,598.0,0.38526532
2521,C19,DR_20221209_143805,599.0,0.15936144
2522,C19,DR_20221209_143805,600.0,1.1087224
2523,C19,DR_20221209_143805,601.0,0.9416291
2524,C19,DR_20221209_143805,602.0,1.0009568
2525,C19,DR_20221209_143805,603.0,0.38976577
2526,C20,DR_20221209_143805,604.0,1.1209464
2527,C20,DR_20221209_143805,605.0,0.88987684
2528,C20,DR_20221209_143805,606.0,1.0245175
2529,C20,DR_20221209_143805,607.0,0.46516275
2530,C20,DR_20221209_143805,608.0,1.0348711
2531,C20,DR_20221209_143805,609.0,0.45059204
2532,C20,DR_20221209_143805,610.0,0.98917335
2533,C20,DR_20221209_143805,611.0,1.1630554
2534,C20,DR_20221209_143805,612.0,0.98386586
2535,C21,DR_20221209_143805,613.0,0.9329352
2536,C21,DR_20221209_143805,614.0,1.0611358
2537,C21,DR_20221209_143805,615.0,1.0067676
2538,C21,DR_20221209_143805,616.0,0.53567266
2539,C21,DR_20221209_143805,617.0,0.8875962
2540,C21,DR_20221209_143805,618.0,0.99510485
2541,C21,DR_20221209_143805,619.0,0.7733826
2542,C21,DR_20221209_143805,620.0,0.78896517
2543,C21,DR_20221209_143805,621.0,0.71270496
2544,C22,DR_20221209_143805,622.0,0.3810892
2545,C22,DR_20221209_143805,623.0,0.40484864
2546,C22,DR_20221209_143805,624.0,0.1892504
2547,C22,DR_20221209_143805,625.0,0.28442127
2548,C22,DR_20221209_143805,626.0,0.47571272
2549,C22,DR_20221209_143805,627.0,0.27140838
2550,C22,DR_20221209_143805,628.0,0.99570906
2551,C22,DR_20221209_143805,629.0,0.9999402
2552,C22,DR_20221209_143805,630.0,0.072443806
2589,D03,DR_20221209_143805,667.0,0.40305528
2590,D03,DR_20221209_143805,668.0,0.17170076
2591,D03,DR_20221209_143805,669.0,0.31495744
2592,D03,DR_20221209_143805,670.0,0.5230162
2593,D03,DR_20221209_143805,671.0,0.5262767
2594,D03,DR_20221209_143805,672.0,0.32323235
2595,D03,DR_20221209_143805,673.0,0.4375406
2596,D03,DR_20221209_143805,674.0,0.6369519
2597,D03,DR_20221209_143805,675.0,0.40422672
2598,D04,DR_20221209_143805,676.0,0.51114833
2599,D04,DR_20221209_143805,677.0,0.34939933
2600,D04,DR_20221209_143805,678.0,0.69210297
2601,D04,DR_20221209_143805,679.0,0.47055542
2602,D04,DR_20221209_143805,680.0,0.30281466
2603,D04,DR_20221209_143805,681.0,0.32631457
2604,D04,DR_20221209_143805,682.0,0.7057223
2605,D04,DR_20221209_143805,683.0,0.37946215
2606,D04,DR_20221209_143805,684.0,0.114548996
2607,D05,DR_20221209_143805,685.0,0.10441118
2608,D05,DR_20221209_143805,686.0,0.5699326
2609,D05,DR_20221209_143805,687.0,0.6865632
2610,D05,DR_20221209_143805,688.0,0.45210907
2611,D05,DR_20221209_143805,689.0,0.37485647
2612,D05,DR_20221209_143805,690.0,0.34130347
2613,D05,DR_20221209_143805,691.0,0.7527418
2614,D05,DR_20221209_143805,692.0,0.09626932
2615,D05,DR_20221209_143805,693.0,0.76415646
2616,D06,DR_20221209_143805,694.0,0.7805996
2617,D06,DR_20221209_143805,695.0,0.40416464
2618,D06,DR_20221209_143805,696.0,0.45632386
2619,D06,DR_20221209_143805,697.0,0.5198598
2620,D06,DR_20221209_143805,698.0,0.4159562
2621,D06,DR_20221209_143805,699.0,0.4364812
2622,D06,DR_20221209_143805,700.0,0.47638872
2623,D06,DR_20221209_143805,701.0,0.1664481
2624,D06,DR_20221209_143805,702.0,0.28928196
2625,D07,DR_20221209_143805,703.0,0.3211395
2626,D07,DR_20221209_143805,704.0,0.5568062
2627,D07,DR_20221209_143805,705.0,0.3032563
2628,D07,DR_20221209_143805,706.0,0.28850463
2629,D07,DR_20221209_143805,707.0,0.4288854
2630,D07,DR_20221209_143805,708.0,0.3767315
2631,D07,DR_20221209_143805,709.0,0.6488339
2632,D07,DR_20221209_143805,710.0,0.34197733
2633,D07,DR_20221209_143805,711.0,0.2757532
2634,D09,DR_20221209_143805,721.0,0.78906053
2635,D09,DR_20221209_143805,722.0,0.89521277
2636,D09,DR_20221209_143805,723.0,0.6432059
2637,D09,DR_20221209_143805,724.0,0.0685128
2638,D09,DR_20221209_143805,725.0,0.19156154
2639,D09,DR_20221209_143805,726.0,0.23534943
2640,D09,DR_20221209_143805,727.0,1.0521059
2641,D09,DR_20221209_143805,728.0,0.35867995
2642,D09,DR_20221209_143805,729.0,0.27077153
2643,D10,DR_20221209_143805,730.0,0.93847907
2644,D10,DR_20221209_143805,731.0,1.0269818
2645,D10,DR_20221209_143805,732.0,0.58894354
2646,D10,DR_20221209_143805,733.0,0.91661245
2647,D10,DR_20221209_143805,734.0,0.93910784
2648,D10,DR_20221209_143805,735.0,0.97401273
2649,D10,DR_20221209_143805,736.0,0.66961175
2650,D10,DR_20221209_143805,737.0,0.9578018
2651,D10,DR_20221209_143805,738.0,0.8982842
2652,D11,DR_20221209_143805,739.0,0.58956015
2653,D11,DR_20221209_143805,740.0,0.58943236
2654,D11,DR_20221209_143805,741.0,0.9779875
2655,D11,DR_20221209_143805,742.0,0.48839095
2656,D11,DR_20221209_143805,743.0,0.24633093
2657,D11,DR_20221209_143805,744.0,0.95752853
2658,D11,DR_20221209_143805,745.0,1.1341714
2659,D11,DR_20221209_143805,746.0,0.35274744
2660,D11,DR_20221209_143805,747.0,0.31818676
2661,D12,DR_20221209_143805,748.0,0.97191155
2662,D12,DR_20221209_143805,749.0,0.218821
2663,D12,DR_20221209_143805,750.0,0.41296956
2664,D12,DR_20221209_143805,751.0,0.13840239
2665,D12,DR_20221209_143805,752.0,0.39225727
2666,D12,DR_20221209_143805,753.0,0.21701401
2667,D12,DR_20221209_143805,754.0,0.7553216
2668,D12,DR_20221209_143805,755.0,0.27909723
2669,D12,DR_20221209_143805,756.0,0.5970932
2670,D13,DR_20221209_143805,757.0,0.88933945
2671,D13,DR_20221209_143805,758.0,0.8675304
2672,D13,DR_20221209_143805,759.0,1.0290757
2673,D13,DR_20221209_143805,760.0,0.8195335
2674,D13,DR_20221209_143805,761.0,0.4296466
2675,D13,DR_20221209_143805,762.0,0.94623023
2676,D13,DR_20221209_143805,763.0,1.0400352
2677,D13,DR_20221209_143805,764.0,0.28642237
2678,D13,DR_20221209_143805,765.0,0.72260123
2679,D14,DR_20221209_143805,766.0,0.17505422
2680,D14,DR_20221209_143805,767.0,0.17043708
2681,D14,DR_20221209_143805,768.0,0.15589476
2682,D14,DR_20221209_143805,769.0,0.14517055
2683,D14,DR_20221209_143805,770.0,0.26862466
2684,D14,DR_20221209_143805,771.0,1.0617323
2685,D14,DR_20221209_143805,772.0,1.0474564
2686,D14,DR_20221209_143805,773.0,0.8971711
2687,D14,DR_20221209_143805,774.0,0.09921825
2688,D15,DR_20221209_143805,775.0,0.60492235
2689,D15,DR_20221209_143805,776.0,0.12317312
2690,D15,DR_20221209_143805,777.0,0.22036594
2691,D15,DR_20221209_143805,778.0,0.29276684
2692,D15,DR_20221209_143805,779.0,0.1789506
2693,D15,DR_20221209_143805,780.0,0.3018954
2694,D15,DR_20221209_143805,781.0,0.9192196
2695,D15,DR_20221209_143805,782.0,0.28721198
2696,D15,DR_20221209_143805,783.0,0.27410316
2697,D16,DR_20221209_143805,784.0,0.28349525
2698,D16,DR_20221209_143805,785.0,0.9936134
2699,D16,DR_20221209_143805,786.0,-0.03165567
2700,D16,DR_20221209_143805,787.0,0.43034348
2701,D16,DR_20221209_143805,788.0,0.20442414
2702,D16,DR_20221209_143805,789.0,0.84164447
2703,D16,DR_20221209_143805,790.0,0.9400187
2704,D16,DR_20221209_143805,791.0,0.1528995
2705,D16,DR_20221209_143805,792.0,0.118846096
2706,D17,DR_20221209_143805,793.0,0.34730658
2707,D17,DR_20221209_143805,794.0,0.31110594
2708,D17,DR_20221209_143805,795.0,0.38281262
2709,D17,DR_20221209_143805,796.0,0.27940696
2710,D17,DR_20221209_143805,797.0,0.348508
2711,D17,DR_20221209_143805,798.0,0.855399
2712,D17,DR_20221209_143805,799.0,1.0591468
2713,D17,DR_20221209_143805,800.0,0.9002312
2714,D17,DR_20221209_143805,801.0,1.0153941
2715,D18,DR_20221209_143805,802.0,0.58934295
2716,D18,DR_20221209_143805,803.0,0.9664931
2717,D18,DR_20221209_143805,804.0,0.21722446
2718,D18,DR_20221209_143805,805.0,0.29557392
2719,D18,DR_20221209_143805,806.0,0.8300249
2720,D18,DR_20221209_143805,807.0,0.9615041
2721,D18,DR_20221209_143805,808.0,0.7112158
2722,D18,DR_20221209_143805,809.0,1.0786072
2723,D18,DR_20221209_143805,810.0,0.50806373
2724,D19,DR_20221209_143805,811.0,0.15181653
2725,D19,DR_20221209_143805,812.0,0.5285979
2726,D19,DR_20221209_143805,813.0,0.32618502
2727,D19,DR_20221209_143805,814.0,0.33228165
2728,D19,DR_20221209_143805,815.0,0.79897714
2729,D19,DR_20221209_143805,816.0,1.0473136
2730,D19,DR_20221209_143805,817.0,0.92075044
2731,D19,DR_20221209_143805,818.0,1.0683831
2732,D19,DR_20221209_143805,819.0,0.29944226
2733,D20,DR_20221209_143805,820.0,0.96982807
2734,D20,DR_20221209_143805,821.0,0.54866314
2735,D20,DR_20221209_143805,822.0,0.31116748
2736,D20,DR_20221209_143805,823.0,0.25224695
2737,D20,DR_20221209_143805,824.0,0.4191646
2738,D20,DR_20221209_143805,825.0,0.9689269
2739,D20,DR_20221209_143805,826.0,0.95888513
2740,D20,DR_20221209_143805,827.0,0.9974952
2741,D20,DR_20221209_143805,828.0,0.29401276
2742,D21,DR_20221209_143805,829.0,0.30143583
2743,D21,DR_20221209_143805,830.0,0.31778923
2744,D21,DR_20221209_143805,831.0,0.3163191
2745,D21,DR_20221209_143805,832.0,0.70549154
2746,D21,DR_20221209_143805,833.0,0.050235514
2747,D21,DR_20221209_143805,834.0,0.7186598
2748,D21,DR_20221209_143805,835.0,0.16904466
2749,D21,DR_20221209_143805,836.0,1.069785
2750,D21,DR_20221209_143805,837.0,0.52428347
2751,D22,DR_20221209_143805,838.0,0.378392
2752,D22,DR_20221209_143805,839.0,0.25069425
2753,D22,DR_20221209_143805,840.0,0.59157723
2754,D22,DR_20221209_143805,841.0,0.410599
2755,D22,DR_20221209_143805,842.0,0.11813981
2756,D22,DR_20221209_143805,843.0,0.77067256
2757,D22,DR_20221209_143805,844.0,0.9437146
2758,D22,DR_20221209_143805,845.0,1.2051909
2759,D22,DR_20221209_143805,846.0,0.37995294
2796,E03,DR_20221209_143805,883.0,0.8330415
2797,E03,DR_20221209_143805,884.0,0.44580197
2798,E03,DR_20221209_143805,885.0,0.46887213
2799,E03,DR_20221209_143805,886.0,0.57167166
2800,E03,DR_20221209_143805,887.0,0.32586476
2801,E03,DR_20221209_143805,888.0,0.2402279
2802,E03,DR_20221209_143805,889.0,0.642723
2803,E03,DR_20221209_143805,890.0,0.036111213
2804,E03,DR_20221209_143805,891.0,0.46096852
2805,E04,DR_20221209_143805,892.0,0.06300725
2806,E04,DR_20221209_143805,893.0,0.44506812
2807,E04,DR_20221209_143805,894.0,0.47744176
2808,E04,DR_20221209_143805,895.0,0.21709372
2809,E04,DR_20221209_143805,896.0,0.3530288
2810,E04,DR_20221209_143805,897.0,0.4000818
2811,E04,DR_20221209_143805,898.0,0.2778001
2812,E04,DR_20221209_143805,899.0,0.4898223
2813,E04,DR_20221209_143805,900.0,0.42986116
2814,E05,DR_20221209_143805,901.0,0.120629124
2815,E05,DR_20221209_143805,902.0,0.082099706
2816,E05,DR_20221209_143805,903.0,-0.025446583
2817,E05,DR_20221209_143805,904.0,0.4512247
2818,E05,DR_20221209_143805,905.0,0.10926736
2819,E05,DR_20221209_143805,906.0,0.16502075
2820,E05,DR_20221209_143805,907.0,0.49206454
2821,E05,DR_20221209_143805,908.0,0.45906156
2822,E05,DR_20221209_143805,909.0,0.42700285
2823,E06,DR_20221209_143805,910.0,0.25745764
2824,E06,DR_20221209_143805,911.0,0.48121345
2825,E06,DR_20221209_143805,912.0,0.4533634
2826,E06,DR_20221209_143805,913.0,0.47079572
2827,E06,DR_20221209_143805,914.0,0.2980771
2828,E06,DR_20221209_143805,915.0,0.469835
2829,E06,DR_20221209_143805,916.0,0.74031067
2830,E06,DR_20221209_143805,917.0,0.34463352
2831,E06,DR_20221209_143805,918.0,0.15376355
2832,E07,DR_20221209_143805,919.0,0.78584635
2833,E07,DR_20221209_143805,920.0,0.55192995
2834,E07,DR_20221209_143805,921.0,0.5776889
2835,E07,DR_20221209_143805,922.0,0.10960203
2836,E07,DR_20221209_143805,923.0,0.4122466
2837,E07,DR_20221209_143805,924.0,0.38394466
2838,E07,DR_20221209_143805,925.0,0.4567894
2839,E07,DR_20221209_143805,926.0,0.49816236
2840,E07,DR_20221209_143805,927.0,0.10819302
2841,E08,DR_20221209_143805,928.0,0.33048323
2842,E08,DR_20221209_143805,929.0,0.5188545
2843,E08,DR_20221209_143805,930.0,0.454099
2844,E08,DR_20221209_143805,931.0,0.23317906
2845,E08,DR_20221209_143805,932.0,0.48958457
2846,E08,DR_20221209_143805,933.0,0.14181092
2847,E08,DR_20221209_143805,934.0,0.07663135
2848,E08,DR_20221209_143805,935.0,0.43581018
2849,E08,DR_20221209_143805,936.0,0.3161517
2850,E09,DR_20221209_143805,937.0,0.9659798
2851,E09,DR_20221209_143805,938.0,0.9786395
2852,E09,DR_20221209_143805,939.0,1.0560596
2853,E09,DR_20221209_143805,940.0,0.30131498
2854,E09,DR_20221209_143805,941.0,0.26277697
2855,E09,DR_20221209_143805,942.0,1.012428
2856,E09,DR_20221209_143805,943.0,0.36552393
2857,E09,DR_20221209_143805,944.0,0.61942214
2858,E09,DR_20221209_143805,945.0,0.3673238
2859,E10,DR_20221209_143805,946.0,0.9969567
2860,E10,DR_20221209_143805,947.0,1.0975177
2861,E10,DR_20221209_143805,948.0,1.0207868
2862,E10,DR_20221209_143805,949.0,1.0410625
2863,E10,DR_20221209_143805,950.0,1.0048565
2864,E10,DR_20221209_143805,951.0,0.9014482
2865,E10,DR_20221209_143805,952.0,0.76385456
2866,E10,DR_20221209_143805,953.0,1.0773752
2867,E10,DR_20221209_143805,954.0,-0.0787344
2868,E11,DR_20221209_143805,955.0,0.96434563
2869,E11,DR_20221209_143805,956.0,0.12772965
2870,E11,DR_20221209_143805,957.0,0.4497795
2871,E11,DR_20221209_143805,958.0,0.22239426
2872,E11,DR_20221209_143805,959.0,0.24350446
2873,E11,DR_20221209_143805,960.0,0.3856659
2874,E11,DR_20221209_143805,961.0,0.8542963
2875,E11,DR_20221209_143805,962.0,0.14265734
2876,E11,DR_20221209_143805,963.0,0.9576749
2877,E12,DR_20221209_143805,964.0,0.8518621
2878,E12,DR_20221209_143805,965.0,1.1726469
2879,E12,DR_20221209_143805,966.0,0.8397196
2880,E12,DR_20221209_143805,967.0,0.3760038
2881,E12,DR_20221209_143805,968.0,0.09562318
2882,E12,DR_20221209_143805,969.0,0.986564
2883,E12,DR_20221209_143805,970.0,0.9400545
2884,E12,DR_20221209_143805,971.0,-0.015978806
2885,E12,DR_20221209_143805,972.0,0.9734882
2886,E13,DR_20221209_143805,973.0,0.8982117
2887,E13,DR_20221209_143805,974.0,1.0652956
2888,E13,DR_20221209_143805,975.0,1.0561656
2889,E13,DR_20221209_143805,976.0,0.30902216
2890,E13,DR_20221209_143805,977.0,1.0663131
2891,E13,DR_20221209_143805,978.0,1.0708294
2892,E13,DR_20221209_143805,979.0,0.9523085
2893,E13,DR_20221209_143805,980.0,0.6779782
2894,E13,DR_20221209_143805,981.0,0.87158954
2895,E14,DR_20221209_143805,982.0,0.30273014
2896,E14,DR_20221209_143805,983.0,0.6361201
2897,E14,DR_20221209_143805,984.0,0.16958155
2898,E14,DR_20221209_143805,985.0,0.30340442
2899,E14,DR_20221209_143805,986.0,0.17831182
2900,E14,DR_20221209_143805,987.0,1.1437234
2901,E14,DR_20221209_143805,988.0,1.0271053
2902,E14,DR_20221209_143805,989.0,0.6411643
2903,E14,DR_20221209_143805,990.0,-0.0878138
2904,E15,DR_20221209_143805,991.0,0.97183126
2905,E15,DR_20221209_143805,992.0,0.92935365
2906,E15,DR_20221209_143805,993.0,0.25289702
2907,E15,DR_20221209_143805,994.0,0.1743772
2908,E15,DR_20221209_143805,995.0,0.40627292
2909,E15,DR_20221209_143805,996.0,1.0324486
2910,E15,DR_20221209_143805,997.0,0.8138762
2911,E15,DR_20221209_143805,998.0,0.20844577
2912,E15,DR_20221209_143805,999.0,0.40260157
2913,E16,DR_20221209_143805,1000.0,0.5387789
2914,E16,DR_20221209_143805,1001.0,0.87536263
2915,E16,DR_20221209_143805,1002.0,0.69033223
2916,E16,DR_20221209_143805,1003.0,0.30933055
2917,E16,DR_20221209_143805,1004.0,0.27784938
2918,E16,DR_20221209_143805,1005.0,0.82977957
2919,E16,DR_20221209_143805,1006.0,0.70583427
2920,E16,DR_20221209_143805,1007.0,0.31672394
2921,E16,DR_20221209_143805,1008.0,0.54140013
2922,E17,DR_20221209_143805,1009.0,1.0811114
2923,E17,DR_20221209_143805,1010.0,1.0228575
2924,E17,DR_20221209_143805,1011.0,1.0864373
2925,E17,DR_20221209_143805,1012.0,0.24894018
2926,E17,DR_20221209_143805,1013.0,0.28314364
2927,E17,DR_20221209_143805,1014.0,0.57763916
2928,E17,DR_20221209_143805,1015.0,1.1818042
2929,E17,DR_20221209_143805,1016.0,1.1647952
2930,E17,DR_20221209_143805,1017.0,0.21489343
2931,E18,DR_20221209_143805,1018.0,0.24017198
2932,E18,DR_20221209_143805,1019.0,0.89076066
2933,E18,DR_20221209_143805,1020.0,0.6514432
2934,E18,DR_20221209_143805,1021.0,0.27162504
2935,E18,DR_20221209_143805,1022.0,0.21937312
2936,E18,DR_20221209_143805,1023.0,0.8462087
2937,E18,DR_20221209_143805,1024.0,1.0566965
2938,E18,DR_20221209_143805,1025.0,0.78020215
2939,E18,DR_20221209_143805,1026.0,0.91569644
2940,E19,DR_20221209_143805,1027.0,0.51515746
2941,E19,DR_20221209_143805,1028.0,0.021846067
2942,E19,DR_20221209_143805,1029.0,0.42323145
2943,E19,DR_20221209_143805,1030.0,0.28865197
2944,E19,DR_20221209_143805,1031.0,1.0379857
2945,E19,DR_20221209_143805,1032.0,0.9259051
2946,E19,DR_20221209_143805,1033.0,1.036798
2947,E19,DR_20221209_143805,1034.0,0.9113471
2948,E19,DR_20221209_143805,1035.0,0.77324057
2949,E20,DR_20221209_143805,1036.0,1.1175032
2950,E20,DR_20221209_143805,1037.0,0.59721816
2951,E20,DR_20221209_143805,1038.0,1.0022402
2952,E20,DR_20221209_143805,1039.0,0.9960788
2953,E20,DR_20221209_143805,1040.0,0.6047849
2954,E20,DR_20221209_143805,1041.0,1.0220052
2955,E20,DR_20221209_143805,1042.0,1.1173007
2956,E20,DR_20221209_143805,1043.0,0.99066967
2957,E20,DR_20221209_143805,1044.0,0.41845018
2958,E21,DR_20221209_143805,1045.0,0.58090377
2959,E21,DR_20221209_143805,1046.0,0.28571555
2960,E21,DR_20221209_143805,1047.0,0.85050404
2961,E21,DR_20221209_143805,1048.0,0.7372481
2962,E21,DR_20221209_143805,1049.0,0.11908309
2963,E21,DR_20221209_143805,1050.0,0.9341791
2964,E21,DR_20221209_143805,1051.0,1.0717025
2965,E21,DR_20221209_143805,1052.0,1.0807885
2966,E21,DR_20221209_143805,1053.0,0.70737827
2967,E22,DR_20221209_143805,1054.0,0.32524744
2968,E22,DR_20221209_143805,1055.0,0.22713694
2969,E22,DR_20221209_143805,1056.0,0.2245843
2970,E22,DR_20221209_143805,1057.0,0.32654327
2971,E22,DR_20221209_143805,1058.0,0.9447211
2972,E22,DR_20221209_143805,1059.0,0.36595964
2973,E22,DR_20221209_143805,1060.0,0.43172202
2974,E22,DR_20221209_143805,1061.0,0.58050936
2975,E22,DR_20221209_143805,1062.0,0.27953488
3012,F03,DR_20221209_143805,1099.0,0.4690696
3013,F03,DR_20221209_143805,1100.0,0.36002237
3014,F03,DR_20221209_143805,1101.0,0.14199775
3015,F03,DR_20221209_143805,1102.0,0.3910353
3016,F03,DR_20221209_143805,1103.0,0.08835367
3017,F03,DR_20221209_143805,1104.0,0.32565364
3018,F03,DR_20221209_143805,1105.0,0.098983936
3019,F03,DR_20221209_143805,1106.0,0.17142299
3020,F03,DR_20221209_143805,1107.0,0.18902402
3021,F04,DR_20221209_143805,1108.0,0.18593486
3022,F04,DR_20221209_143805,1109.0,0.19067699
3023,F04,DR_20221209_143805,1110.0,0.5780535
3024,F04,DR_20221209_143805,1111.0,0.5204179
3025,F04,DR_20221209_143805,1112.0,0.08129608
3026,F04,DR_20221209_143805,1113.0,0.5295566
3027,F04,DR_20221209_143805,1114.0,0.21759167
3028,F04,DR_20221209_143805,1115.0,0.31058905
3029,F04,DR_20221209_143805,1116.0,0.41249794
3030,F05,DR_20221209_143805,1117.0,0.3344853
3031,F05,DR_20221209_143805,1118.0,0.37119222
3032,F05,DR_20221209_143805,1119.0,0.3083625
3033,F05,DR_20221209_143805,1120.0,0.5281156
3034,F05,DR_20221209_143805,1121.0,0.3558755
3035,F05,DR_20221209_143805,1122.0,0.26261225
3036,F05,DR_20221209_143805,1123.0,0.2607154
3037,F05,DR_20221209_143805,1124.0,0.34019613
3038,F05,DR_20221209_143805,1125.0,0.40010798
3039,F06,DR_20221209_143805,1126.0,0.18993981
3040,F06,DR_20221209_143805,1127.0,0.33891687
3041,F06,DR_20221209_143805,1128.0,0.24639836
3042,F06,DR_20221209_143805,1129.0,0.45672852
3043,F06,DR_20221209_143805,1130.0,0.41601533
3044,F06,DR_20221209_143805,1131.0,0.3617749
3045,F06,DR_20221209_143805,1132.0,0.11792596
3046,F06,DR_20221209_143805,1133.0,0.30631033
3047,F06,DR_20221209_143805,1134.0,0.46327868
3048,F07,DR_20221209_143805,1135.0,0.43291488
3049,F07,DR_20221209_143805,1136.0,0.2614055
3050,F07,DR_20221209_143805,1137.0,0.49036932
3051,F07,DR_20221209_143805,1138.0,0.17191347
3052,F07,DR_20221209_143805,1139.0,0.44530553
3053,F07,DR_20221209_143805,1140.0,0.2877581
3054,F07,DR_20221209_143805,1141.0,0.40761167
3055,F07,DR_20221209_143805,1142.0,0.3055873
3056,F07,DR_20221209_143805,1143.0,0.49098858
3057,F08,DR_20221209_143805,1144.0,0.29333922
3058,F08,DR_20221209_143805,1145.0,0.47070065
3059,F08,DR_20221209_143805,1146.0,0.23650192
3060,F08,DR_20221209_143805,1147.0,0.16859947
3061,F08,DR_20221209_143805,1148.0,0.21026646
3062,F08,DR_20221209_143805,1149.0,0.42658395
3063,F08,DR_20221209_143805,1150.0,0.45928377
3064,F08,DR_20221209_143805,1151.0,0.3679423
3065,F08,DR_20221209_143805,1152.0,0.12247148
3066,F09,DR_20221209_143805,1153.0,0.88123196
3067,F09,DR_20221209_143805,1154.0,0.99629205
3068,F09,DR_20221209_143805,1155.0,0.40867358
3069,F09,DR_20221209_143805,1156.0,0.3513955
3070,F09,DR_20221209_143805,1157.0,0.20306844
3071,F09,DR_20221209_143805,1158.0,0.9799049
3072,F09,DR_20221209_143805,1159.0,0.33419397
3073,F09,DR_20221209_143805,1160.0,0.24093616
3074,F09,DR_20221209_143805,1161.0,0.83986175
3075,F10,DR_20221209_143805,1162.0,0.8660286
3076,F10,DR_20221209_143805,1163.0,0.08128789
3077,F10,DR_20221209_143805,1164.0,0.22403358
3078,F10,DR_20221209_143805,1165.0,0.43137464
3079,F10,DR_20221209_143805,1166.0,0.3291151
3080,F10,DR_20221209_143805,1167.0,0.29001403
3081,F10,DR_20221209_143805,1168.0,0.9236584
3082,F10,DR_20221209_143805,1169.0,0.7193851
3083,F10,DR_20221209_143805,1170.0,0.99941105
3084,F11,DR_20221209_143805,1171.0,1.1639582
3085,F11,DR_20221209_143805,1172.0,0.77085745
3086,F11,DR_20221209_143805,1173.0,1.0105921
3087,F11,DR_20221209_143805,1174.0,0.092553414
3088,F11,DR_20221209_143805,1175.0,0.1260728
3089,F11,DR_20221209_143805,1176.0,0.2031002
3090,F11,DR_20221209_143805,1177.0,0.9061735
3091,F11,DR_20221209_143805,1178.0,0.36186567
3092,F11,DR_20221209_143805,1179.0,0.46865755
3093,F12,DR_20221209_143805,1180.0,1.0009769
3094,F12,DR_20221209_143805,1181.0,1.0144497
3095,F12,DR_20221209_143805,1182.0,0.71354824
3096,F12,DR_20221209_143805,1183.0,0.17879826
3097,F12,DR_20221209_143805,1184.0,0.17082842
3098,F12,DR_20221209_143805,1185.0,1.0440431
3099,F12,DR_20221209_143805,1186.0,0.2895801
3100,F12,DR_20221209_143805,1187.0,0.16837384
3101,F12,DR_20221209_143805,1188.0,0.17601594
3102,F13,DR_20221209_143805,1189.0,0.96657
3103,F13,DR_20221209_143805,1190.0,1.0481577
3104,F13,DR_20221209_143805,1191.0,0.95951587
3105,F13,DR_20221209_143805,1192.0,0.48471645
3106,F13,DR_20221209_143805,1193.0,0.865221
3107,F13,DR_20221209_143805,1194.0,1.1029446
3108,F13,DR_20221209_143805,1195.0,0.37763813
3109,F13,DR_20221209_143805,1196.0,0.40392286
3110,F13,DR_20221209_143805,1197.0,0.19561864
3111,F14,DR_20221209_143805,1198.0,0.97552234
3112,F14,DR_20221209_143805,1199.0,0.038485046
3113,F14,DR_20221209_143805,1200.0,0.28797436
3114,F14,DR_20221209_143805,1201.0,0.18244594
3115,F14,DR_20221209_143805,1202.0,0.17754912
3116,F14,DR_20221209_143805,1203.0,0.09239982
3117,F14,DR_20221209_143805,1204.0,0.39570552
3118,F14,DR_20221209_143805,1205.0,0.07708448
3119,F14,DR_20221209_143805,1206.0,0.2761158
3120,F15,DR_20221209_143805,1207.0,1.0060574
3121,F15,DR_20221209_143805,1208.0,1.0028517
3122,F15,DR_20221209_143805,1209.0,0.39288223
3123,F15,DR_20221209_143805,1210.0,0.25513238
3124,F15,DR_20221209_143805,1211.0,0.3477958
3125,F15,DR_20221209_143805,1212.0,0.91949236
3126,F15,DR_20221209_143805,1213.0,0.48326018
3127,F15,DR_20221209_143805,1214.0,0.61695874
3128,F15,DR_20221209_143805,1215.0,0.09943485
3129,F16,DR_20221209_143805,1216.0,0.9736691
3130,F16,DR_20221209_143805,1217.0,0.5126731
3131,F16,DR_20221209_143805,1218.0,0.30524632
3132,F16,DR_20221209_143805,1219.0,0.25287032
3133,F16,DR_20221209_143805,1220.0,0.22590029
3134,F16,DR_20221209_143805,1221.0,0.41512898
3135,F16,DR_20221209_143805,1222.0,0.29941627
3136,F16,DR_20221209_143805,1223.0,0.40754455
3137,F16,DR_20221209_143805,1224.0,0.2897912
3138,F17,DR_20221209_143805,1225.0,0.172416
3139,F17,DR_20221209_143805,1226.0,0.5188677
3140,F17,DR_20221209_143805,1227.0,0.7837942
3141,F17,DR_20221209_143805,1228.0,0.10769382
3142,F17,DR_20221209_143805,1229.0,0.21690209
3143,F17,DR_20221209_143805,1230.0,0.7703216
3144,F17,DR_20221209_143805,1231.0,1.0878271
3145,F17,DR_20221209_143805,1232.0,0.9328206
3146,F17,DR_20221209_143805,1233.0,0.5596262
3147,F18,DR_20221209_143805,1234.0,0.16396526
3148,F18,DR_20221209_143805,1235.0,0.4229134
3149,F18,DR_20221209_143805,1236.0,0.10218285
3150,F18,DR_20221209_143805,1237.0,0.33483535
3151,F18,DR_20221209_143805,1238.0,0.22022423
3152,F18,DR_20221209_143805,1239.0,0.4089933
3153,F18,DR_20221209_143805,1240.0,1.0463142
3154,F18,DR_20221209_143805,1241.0,0.60194886
3155,F18,DR_20221209_143805,1242.0,0.4129834
3156,F19,DR_20221209_143805,1243.0,1.0832117
3157,F19,DR_20221209_143805,1244.0,0.31518465
3158,F19,DR_20221209_143805,1245.0,0.9719401
3159,F19,DR_20221209_143805,1246.0,0.67153335
3160,F19,DR_20221209_143805,1247.0,0.17927904
3161,F19,DR_20221209_143805,1248.0,0.28507546
3162,F19,DR_20221209_143805,1249.0,1.137217
3163,F19,DR_20221209_143805,1250.0,0.99660575
3164,F19,DR_20221209_143805,1251.0,0.4350802
3165,F20,DR_20221209_143805,1252.0,0.5316918
3166,F20,DR_20221209_143805,1253.0,0.64604956
3167,F20,DR_20221209_143805,1254.0,0.8644608
3168,F20,DR_20221209_143805,1255.0,0.2809056
3169,F20,DR_20221209_143805,1256.0,0.58626693
3170,F20,DR_20221209_143805,1257.0,0.68347126
3171,F20,DR_20221209_143805,1258.0,0.93632376
3172,F20,DR_20221209_143805,1259.0,1.046358
3173,F20,DR_20221209_143805,1260.0,0.34733716
3174,F21,DR_20221209_143805,1261.0,0.29183632
3175,F21,DR_20221209_143805,1262.0,0.7599267
3176,F21,DR_20221209_143805,1263.0,0.7962786
3177,F21,DR_20221209_143805,1264.0,0.2454589
3178,F21,DR_20221209_143805,1265.0,0.37627167
3179,F21,DR_20221209_143805,1266.0,0.19128609
3180,F21,DR_20221209_143805,1267.0,0.79282725
3181,F21,DR_20221209_143805,1268.0,0.21141432
3182,F21,DR_20221209_143805,1269.0,0.38756153
3183,F22,DR_20221209_143805,1270.0,0.49206123
3184,F22,DR_20221209_143805,1271.0,0.5769505
3185,F22,DR_20221209_143805,1272.0,0.36136982
3186,F22,DR_20221209_143805,1273.0,0.37918183
3187,F22,DR_20221209_143805,1274.0,0.99214375
3188,F22,DR_20221209_143805,1275.0,1.021986
3189,F22,DR_20221209_143805,1276.0,0.7593365
3190,F22,DR_20221209_143805,1277.0,0.9998202
3191,F22,DR_20221209_143805,1278.0,0.4090914
3228,G03,DR_20221209_143805,1315.0,0.9881991
3229,G03,DR_20221209_143805,1316.0,0.9314752
3230,G03,DR_20221209_143805,1317.0,1.0877808
3231,G03,DR_20221209_143805,1318.0,0.5012667
3232,G03,DR_20221209_143805,1319.0,0.61700535
3233,G03,DR_20221209_143805,1320.0,0.5878123
3234,G03,DR_20221209_143805,1321.0,1.0890462
3235,G03,DR_20221209_143805,1322.0,0.8955235
3236,G03,DR_20221209_143805,1323.0,0.951123
3237,G04,DR_20221209_143805,1324.0,0.92012596
3238,G04,DR_20221209_143805,1325.0,0.6519805
3239,G04,DR_20221209_143805,1326.0,0.6469618
3240,G04,DR_20221209_143805,1327.0,0.3285841
3241,G04,DR_20221209_143805,1328.0,0.21643804
3242,G04,DR_20221209_143805,1329.0,0.78008074
3243,G04,DR_20221209_143805,1330.0,1.0363687
3244,G04,DR_20221209_143805,1331.0,0.6471677
3245,G04,DR_20221209_143805,1332.0,0.34079683
3246,G05,DR_20221209_143805,1333.0,0.5795476
3247,G05,DR_20221209_143805,1334.0,0.32639045
3248,G05,DR_20221209_143805,1335.0,1.0462022
3249,G05,DR_20221209_143805,1336.0,0.89758223
3250,G05,DR_20221209_143805,1337.0,0.9493152
3251,G05,DR_20221209_143805,1338.0,1.1158042
3252,G05,DR_20221209_143805,1339.0,0.7188452
3253,G05,DR_20221209_143805,1340.0,1.0142174
3254,G05,DR_20221209_143805,1341.0,0.7372059
3255,G06,DR_20221209_143805,1342.0,0.9731387
3256,G06,DR_20221209_143805,1343.0,0.5758123
3257,G06,DR_20221209_143805,1344.0,1.0840372
3258,G06,DR_20221209_143805,1345.0,0.17771392
3259,G06,DR_20221209_143805,1346.0,0.36273426
3260,G06,DR_20221209_143805,1347.0,0.9494264
3261,G06,DR_20221209_143805,1348.0,1.0766857
3262,G06,DR_20221209_143805,1349.0,0.60712576
3263,G06,DR_20221209_143805,1350.0,0.6937551
3264,G07,DR_20221209_143805,1351.0,0.6038399
3265,G07,DR_20221209_143805,1352.0,0.7387375
3266,G07,DR_20221209_143805,1353.0,0.9870175
3267,G07,DR_20221209_143805,1354.0,0.3077415
3268,G07,DR_20221209_143805,1355.0,1.0327928
3269,G07,DR_20221209_143805,1356.0,0.9076174
3270,G07,DR_20221209_143805,1357.0,0.9517179
3271,G07,DR_20221209_143805,1358.0,1.1164073
3272,G07,DR_20221209_143805,1359.0,0.78726035
3273,G08,DR_20221209_143805,1360.0,0.4757602
3274,G08,DR_20221209_143805,1361.0,0.32971284
3275,G08,DR_20221209_143805,1362.0,0.5061848
3276,G08,DR_20221209_143805,1363.0,0.15320815
3277,G08,DR_20221209_143805,1364.0,0.11203152
3278,G08,DR_20221209_143805,1365.0,0.99669224
3279,G08,DR_20221209_143805,1366.0,1.0901593
3280,G08,DR_20221209_143805,1367.0,0.19694458
3281,G08,DR_20221209_143805,1368.0,0.31150392
3282,G09,DR_20221209_143805,1369.0,1.0588602
3283,G09,DR_20221209_143805,1370.0,1.1049286
3284,G09,DR_20221209_143805,1371.0,0.95064217
3285,G09,DR_20221209_143805,1372.0,0.90814495
3286,G09,DR_20221209_143805,1373.0,0.22976427
3287,G09,DR_20221209_143805,1374.0,-0.01073394
3288,G09,DR_20221209_143805,1375.0,0.45310068
3289,G09,DR_20221209_143805,1376.0,0.32206675
3290,G09,DR_20221209_143805,1377.0,0.6791469
3291,G10,DR_20221209_143805,1378.0,1.1312057
3292,G10,DR_20221209_143805,1379.0,0.75607634
3293,G10,DR_20221209_143805,1380.0,0.83322704
3294,G10,DR_20221209_143805,1381.0,1.0284458
3295,G10,DR_20221209_143805,1382.0,0.90946573
3296,G10,DR_20221209_143805,1383.0,0.66784364
3297,G10,DR_20221209_143805,1384.0,0.712632
3298,G10,DR_20221209_143805,1385.0,0.6996989
3299,G10,DR_20221209_143805,1386.0,0.1192943
3300,G11,DR_20221209_143805,1387.0,0.64985204
3301,G11,DR_20221209_143805,1388.0,0.16208524
3302,G11,DR_20221209_143805,1389.0,0.936549
3303,G11,DR_20221209_143805,1390.0,0.12515773
3304,G11,DR_20221209_143805,1391.0,0.2751626
3305,G11,DR_20221209_143805,1392.0,0.5684755
3306,G11,DR_20221209_143805,1393.0,0.9305327
3307,G11,DR_20221209_143805,1394.0,0.96155155
3308,G11,DR_20221209_143805,1395.0,0.6032775
3309,G12,DR_20221209_143805,1396.0,0.9520284
3310,G12,DR_20221209_143805,1397.0,0.65949947
3311,G12,DR_20221209_143805,1398.0,0.26251522
3312,G12,DR_20221209_143805,1399.0,0.2598026
3313,G12,DR_20221209_143805,1400.0,0.14733796
3314,G12,DR_20221209_143805,1401.0,0.22539705
3315,G12,DR_20221209_143805,1402.0,0.9995074
3316,G12,DR_20221209_143805,1403.0,0.3225989
3317,G12,DR_20221209_143805,1404.0,0.3777538
3318,G13,DR_20221209_143805,1405.0,0.3716428
3319,G13,DR_20221209_143805,1406.0,0.90386325
3320,G13,DR_20221209_143805,1407.0,0.42379183
3321,G13,DR_20221209_143805,1408.0,0.36890924
3322,G13,DR_20221209_143805,1409.0,0.34554616
3323,G13,DR_20221209_143805,1410.0,0.16599773
3324,G13,DR_20221209_143805,1411.0,0.92610276
3325,G13,DR_20221209_143805,1412.0,0.05420076
3326,G13,DR_20221209_143805,1413.0,0.7753066
3327,G14,DR_20221209_143805,1414.0,0.3040831
3328,G14,DR_20221209_143805,1415.0,0.23244792
3329,G14,DR_20221209_143805,1416.0,0.9868659
3330,G14,DR_20221209_143805,1417.0,0.79587305
3331,G14,DR_20221209_143805,1418.0,0.098221965
3332,G14,DR_20221209_143805,1419.0,0.038097642
3333,G14,DR_20221209_143805,1420.0,0.6593283
3334,G14,DR_20221209_143805,1421.0,0.56637937
3335,G14,DR_20221209_143805,1422.0,1.0044898
3336,G15,DR_20221209_143805,1423.0,0.856528
3337,G15,DR_20221209_143805,1424.0,-0.02306982
3338,G15,DR_20221209_143805,1425.0,0.3002016
3339,G15,DR_20221209_143805,1426.0,0.35857835
3340,G15,DR_20221209_143805,1427.0,0.10347328
3341,G15,DR_20221209_143805,1428.0,0.27663666
3342,G15,DR_20221209_143805,1429.0,0.11230502
3343,G15,DR_20221209_143805,1430.0,0.91865295
3344,G15,DR_20221209_143805,1431.0,0.23388265
3345,G16,DR_20221209_143805,1432.0,0.25682563
3346,G16,DR_20221209_143805,1433.0,0.917559
3347,G16,DR_20221209_143805,1434.0,0.03263525
3348,G16,DR_20221209_143805,1435.0,-0.06700937
3349,G16,DR_20221209_143805,1436.0,0.28889072
3350,G16,DR_20221209_143805,1437.0,0.08286895
3351,G16,DR_20221209_143805,1438.0,0.32480854
3352,G16,DR_20221209_143805,1439.0,0.40439537
3353,G16,DR_20221209_143805,1440.0,0.21222232
3354,G17,DR_20221209_143805,1441.0,0.4396601
3355,G17,DR_20221209_143805,1442.0,0.39861527
3356,G17,DR_20221209_143805,1443.0,0.14210927
3357,G17,DR_20221209_143805,1444.0,0.24555461
3358,G17,DR_20221209_143805,1445.0,0.16744731
3359,G17,DR_20221209_143805,1446.0,0.8015232
3360,G17,DR_20221209_143805,1447.0,0.9636669
3361,G17,DR_20221209_143805,1448.0,0.9521297
3362,G17,DR_20221209_143805,1449.0,0.4640968
3363,G18,DR_20221209_143805,1450.0,0.35883683
3364,G18,DR_20221209_143805,1451.0,0.36032528
3365,G18,DR_20221209_143805,1452.0,0.40093532
3366,G18,DR_20221209_143805,1453.0,0.16392869
3367,G18,DR_20221209_143805,1454.0,0.062936954
3368,G18,DR_20221209_143805,1455.0,0.560876
3369,G18,DR_20221209_143805,1456.0,0.6251977
3370,G18,DR_20221209_143805,1457.0,0.8961145
3371,G18,DR_20221209_143805,1458.0,0.85555834
3372,G19,DR_20221209_143805,1459.0,0.22402723
3373,G19,DR_20221209_143805,1460.0,0.90316015
3374,G19,DR_20221209_143805,1461.0,0.24397823
3375,G19,DR_20221209_143805,1462.0,0.1971602
3376,G19,DR_20221209_143805,1463.0,0.21311139
3377,G19,DR_20221209_143805,1464.0,1.1687717
3378,G19,DR_20221209_143805,1465.0,1.0682642
3379,G19,DR_20221209_143805,1466.0,0.9709448
3380,G19,DR_20221209_143805,1467.0,0.79160476
3381,G20,DR_20221209_143805,1468.0,1.153725
3382,G20,DR_20221209_143805,1469.0,0.7236928
3383,G20,DR_20221209_143805,1470.0,0.1484224
3384,G20,DR_20221209_143805,1471.0,0.6071933
3385,G20,DR_20221209_143805,1472.0,0.8498117
3386,G20,DR_20221209_143805,1473.0,1.0294132
3387,G20,DR_20221209_143805,1474.0,0.5402355
3388,G20,DR_20221209_143805,1475.0,0.3102076
3389,G20,DR_20221209_143805,1476.0,0.538313
3390,G21,DR_20221209_143805,1477.0,1.1316239
3391,G21,DR_20221209_143805,1478.0,0.30472594
3392,G21,DR_20221209_143805,1479.0,0.92084104
3393,G21,DR_20221209_143805,1480.0,0.31830844
3394,G21,DR_20221209_143805,1481.0,1.0037625
3395,G21,DR_20221209_143805,1482.0,0.91715574
3396,G21,DR_20221209_143805,1483.0,0.20257416
3397,G21,DR_20221209_143805,1484.0,1.0769049
3398,G21,DR_20221209_143805,1485.0,0.34481326
3399,G22,DR_20221209_143805,1486.0,0.7736964
3400,G22,DR_20221209_143805,1487.0,1.0970376
3401,G22,DR_20221209_143805,1488.0,0.63183933
3402,G22,DR_20221209_143805,1489.0,0.20278192
3403,G22,DR_20221209_143805,1490.0,0.45503747
3404,G22,DR_20221209_143805,1491.0,0.9081401
3405,G22,DR_20221209_143805,1492.0,1.0453062
3406,G22,DR_20221209_143805,1493.0,0.9223682
3407,G22,DR_20221209_143805,1494.0,0.5880246
3444,H03,DR_20221209_143805,1531.0,1.0424284
3445,H03,DR_20221209_143805,1532.0,1.0074449
3446,H03,DR_20221209_143805,1533.0,1.012951
3447,H03,DR_20221209_143805,1534.0,0.39122832
3448,H03,DR_20221209_143805,1535.0,0.98960024
3449,H03,DR_20221209_143805,1536.0,0.97928834
3450,H03,DR_20221209_143805,1537.0,1.0450339
3451,H03,DR_20221209_143805,1538.0,1.0546188
3452,H03,DR_20221209_143805,1539.0,1.0230559
3453,H04,DR_20221209_143805,1540.0,0.97149014
3454,H04,DR_20221209_143805,1541.0,0.4386607
3455,H04,DR_20221209_143805,1542.0,0.2636326
3456,H04,DR_20221209_143805,1543.0,0.6428929
3457,H04,DR_20221209_143805,1544.0,0.20323211
3458,H04,DR_20221209_143805,1545.0,0.9389603
3459,H04,DR_20221209_143805,1546.0,0.8640459
3460,H04,DR_20221209_143805,1547.0,1.0355862
3461,H04,DR_20221209_143805,1548.0,0.33943018
3462,H05,DR_20221209_143805,1549.0,0.6754686
3463,H05,DR_20221209_143805,1550.0,0.92207897
3464,H05,DR_20221209_143805,1551.0,0.13114461
3465,H05,DR_20221209_143805,1552.0,0.62253034
3466,H05,DR_20221209_143805,1553.0,1.0014312
3467,H05,DR_20221209_143805,1554.0,1.0315975
3468,H05,DR_20221209_143805,1555.0,1.0457293
3469,H05,DR_20221209_143805,1556.0,0.98525256
3470,H05,DR_20221209_143805,1557.0,0.9666787
3471,H06,DR_20221209_143805,1558.0,0.9412575
3472,H06,DR_20221209_143805,1559.0,0.31148082
3473,H06,DR_20221209_143805,1560.0,0.3927916
3474,H06,DR_20221209_143805,1561.0,0.13267182
3475,H06,DR_20221209_143805,1562.0,0.9272481
3476,H06,DR_20221209_143805,1563.0,0.6039688
3477,H06,DR_20221209_143805,1564.0,1.0582397
3478,H06,DR_20221209_143805,1565.0,0.9506036
3479,H06,DR_20221209_143805,1566.0,0.66597265
3480,H07,DR_20221209_143805,1567.0,0.28572154
3481,H07,DR_20221209_143805,1568.0,0.42442885
3482,H07,DR_20221209_143805,1569.0,0.7967648
3483,H07,DR_20221209_143805,1570.0,0.39204577
3484,H07,DR_20221209_143805,1571.0,0.03680673
3485,H07,DR_20221209_143805,1572.0,0.9931099
3486,H07,DR_20221209_143805,1573.0,0.9445793
3487,H07,DR_20221209_143805,1574.0,1.0268836
3488,H07,DR_20221209_143805,1575.0,0.20983866
3489,H08,DR_20221209_143805,1576.0,1.1213905
3490,H08,DR_20221209_143805,1577.0,0.47578314
3491,H08,DR_20221209_143805,1578.0,0.91225696
3492,H08,DR_20221209_143805,1579.0,0.40108004
3493,H08,DR_20221209_143805,1580.0,0.9015213
3494,H08,DR_20221209_143805,1581.0,0.14899412
3495,H08,DR_20221209_143805,1582.0,0.20206165
3496,H08,DR_20221209_143805,1583.0,0.976004
3497,H08,DR_20221209_143805,1584.0,0.2500061
3498,H09,DR_20221209_143805,1585.0,0.8472078
3499,H09,DR_20221209_143805,1586.0,0.43522003
3500,H09,DR_20221209_143805,1587.0,1.0361025
3501,H09,DR_20221209_143805,1588.0,0.14509924
3502,H09,DR_20221209_143805,1589.0,0.12424193
3503,H09,DR_20221209_143805,1590.0,0.062566675
3504,H09,DR_20221209_143805,1591.0,1.1817385
3505,H09,DR_20221209_143805,1592.0,0.31400385
3506,H09,DR_20221209_143805,1593.0,0.672421
3507,H10,DR_20221209_143805,1594.0,0.9694613
3508,H10,DR_20221209_143805,1595.0,1.0675284
3509,H10,DR_20221209_143805,1596.0,0.97136784
3510,H10,DR_20221209_143805,1597.0,1.0101346
3511,H10,DR_20221209_143805,1598.0,1.0299537
3512,H10,DR_20221209_143805,1599.0,1.0182965
3513,H10,DR_20221209_143805,1600.0,1.1882697
3514,H10,DR_20221209_143805,1601.0,1.019122
3515,H10,DR_20221209_143805,1602.0,1.0810714
3516,H11,DR_20221209_143805,1603.0,1.0207388
3517,H11,DR_20221209_143805,1604.0,0.58369774
3518,H11,DR_20221209_143805,1605.0,0.87986076
3519,H11,DR_20221209_143805,1606.0,0.2601403
3520,H11,DR_20221209_143805,1607.0,0.32061613
3521,H11,DR_20221209_143805,1608.0,1.057312
3522,H11,DR_20221209_143805,1609.0,0.9348082
3523,H11,DR_20221209_143805,1610.0,1.1065916
3524,H11,DR_20221209_143805,1611.0,0.3787676
3525,H12,DR_20221209_143805,1612.0,0.22203732
3526,H12,DR_20221209_143805,1613.0,0.21861106
3527,H12,DR_20221209_143805,1614.0,0.4536163
3528,H12,DR_20221209_143805,1615.0,0.4833809
3529,H12,DR_20221209_143805,1616.0,0.31005123
3530,H12,DR_20221209_143805,1617.0,0.13889919
3531,H12,DR_20221209_143805,1618.0,0.86880076
3532,H12,DR_20221209_143805,1619.0,0.70557475
3533,H12,DR_20221209_143805,1620.0,0.50786513
3534,H13,DR_20221209_143805,1621.0,0.67152727
3535,H13,DR_20221209_143805,1622.0,0.19623004
3536,H13,DR_20221209_143805,1623.0,0.2306852
3537,H13,DR_20221209_143805,1624.0,0.27793756
3538,H13,DR_20221209_143805,1625.0,0.1464306
3539,H13,DR_20221209_143805,1626.0,0.06572262
3540,H13,DR_20221209_143805,1627.0,0.39896968
3541,H13,DR_20221209_143805,1628.0,0.40333393
3542,H13,DR_20221209_143805,1629.0,0.42025962
3543,H14,DR_20221209_143805,1630.0,0.11556439
3544,H14,DR_20221209_143805,1631.0,0.3351074
3545,H14,DR_20221209_143805,1632.0,0.88786244
3546,H14,DR_20221209_143805,1633.0,0.7616204
3547,H14,DR_20221209_143805,1634.0,0.18704294
3548,H14,DR_20221209_143805,1635.0,0.29958767
3549,H14,DR_20221209_143805,1636.0,0.49003193
3550,H14,DR_20221209_143805,1637.0,0.8327193
3551,H14,DR_20221209_143805,1638.0,0.38382182
3552,H15,DR_20221209_143805,1639.0,0.16723916
3553,H15,DR_20221209_143805,1640.0,0.23590115
3554,H15,DR_20221209_143805,1641.0,0.83939856
3555,H15,DR_20221209_143805,1642.0,0.40188134
3556,H15,DR_20221209_143805,1643.0,0.30713683
3557,H15,DR_20221209_143805,1644.0,0.2434106
3558,H15,DR_20221209_143805,1645.0,1.00026
3559,H15,DR_20221209_143805,1646.0,0.421908
3560,H15,DR_20221209_143805,1647.0,0.9818146
3561,H16,DR_20221209_143805,1648.0,0.6381678
3562,H16,DR_20221209_143805,1649.0,1.0434384
3563,H16,DR_20221209_143805,1650.0,0.22337073
3564,H16,DR_20221209_143805,1651.0,1.0212537
3565,H16,DR_20221209_143805,1652.0,0.21520786
3566,H16,DR_20221209_143805,1653.0,0.7518583
3567,H16,DR_20221209_143805,1654.0,0.45143163
3568,H16,DR_20221209_143805,1655.0,0.6269196
3569,H16,DR_20221209_143805,1656.0,0.35607326
3570,H17,DR_20221209_143805,1657.0,0.4112825
3571,H17,DR_20221209_143805,1658.0,0.6384593
3572,H17,DR_20221209_143805,1659.0,0.76789296
3573,H17,DR_20221209_143805,1660.0,0.28846473
3574,H17,DR_20221209_143805,1661.0,0.011007997
3575,H17,DR_20221209_143805,1662.0,0.91799927
3576,H17,DR_20221209_143805,1663.0,1.1059983
3577,H17,DR_20221209_143805,1664.0,1.0331569
3578,H17,DR_20221209_143805,1665.0,0.4689298
3579,H18,DR_20221209_143805,1666.0,0.40679213
3580,H18,DR_20221209_143805,1667.0,0.45827207
3581,H18,DR_20221209_143805,1668.0,0.5829048
3582,H18,DR_20221209_143805,1669.0,0.2735343
3583,H18,DR_20221209_143805,1670.0,0.9126423
3584,H18,DR_20221209_143805,1671.0,0.9840356
3585,H18,DR_20221209_143805,1672.0,1.0829959
3586,H18,DR_20221209_143805,1673.0,1.0829378
3587,H18,DR_20221209_143805,1674.0,0.24439545
3588,H19,DR_20221209_143805,1675.0,0.27863508
3589,H19,DR_20221209_143805,1676.0,0.34954086
3590,H19,DR_20221209_143805,1677.0,0.62492883
3591,H19,DR_20221209_143805,1678.0,0.21992792
3592,H19,DR_20221209_143805,1679.0,0.62900674
3593,H19,DR_20221209_143805,1680.0,1.0927957
3594,H19,DR_20221209_143805,1681.0,1.1169839
3595,H19,DR_20221209_143805,1682.0,0.85760987
3596,H19,DR_20221209_143805,1683.0,0.6171826
3597,H20,DR_20221209_143805,1684.0,0.20896034
3598,H20,DR_20221209_143805,1685.0,0.34414724
3599,H20,DR_20221209_143805,1686.0,0.5840206
3600,H20,DR_20221209_143805,1687.0,0.27421427
3601,H20,DR_20221209_143805,1688.0,0.9924197
3602,H20,DR_20221209_143805,1689.0,0.9334596
3603,H20,DR_20221209_143805,1690.0,1.004246
3604,H20,DR_20221209_143805,1691.0,0.9903729
3605,H20,DR_20221209_143805,1692.0,0.948343
3606,H21,DR_20221209_143805,1693.0,0.44123405
3607,H21,DR_20221209_143805,1694.0,0.40078413
3608,H21,DR_20221209_143805,1695.0,0.7072931
3609,H21,DR_20221209_143805,1696.0,0.23045284
3610,H21,DR_20221209_143805,1697.0,0.20685023
3611,H21,DR_20221209_143805,1698.0,1.2237908
3612,H21,DR_20221209_143805,1699.0,0.97308546
3613,H21,DR_20221209_143805,1700.0,1.0873487
3614,H21,DR_20221209_143805,1701.0,0.40836522
3615,H22,DR_20221209_143805,1702.0,0.18270186
3616,H22,DR_20221209_143805,1703.0,0.23979037
3617,H22,DR_20221209_143805,1704.0,0.22677287
3618,H22,DR_20221209_143805,1705.0,0.16588818
3619,H22,DR_20221209_143805,1706.0,0.20976976
3620,H22,DR_20221209_143805,1707.0,0.55946136
3621,H22,DR_20221209_143805,1708.0,1.0150292
3622,H22,DR_20221209_143805,1709.0,1.1524186
3623,H22,DR_20221209_143805,1710.0,0.105318785
3660,I03,DR_20221209_143805,1747.0,0.9577913
3661,I03,DR_20221209_143805,1748.0,1.1689616
3662,I03,DR_20221209_143805,1749.0,1.0369629
3663,I03,DR_20221209_143805,1750.0,0.54054016
3664,I03,DR_20221209_143805,1751.0,0.72427934
3665,I03,DR_20221209_143805,1752.0,1.0686806
3666,I03,DR_20221209_143805,1753.0,0.81640685
3667,I03,DR_20221209_143805,1754.0,0.2680232
3668,I03,DR_20221209_143805,1755.0,0.7104522
3669,I04,DR_20221209_143805,1756.0,0.89394766
3670,I04,DR_20221209_143805,1757.0,0.6860728
3671,I04,DR_20221209_143805,1758.0,0.7417395
3672,I04,DR_20221209_143805,1759.0,1.0071391
3673,I04,DR_20221209_143805,1760.0,1.0108974
3674,I04,DR_20221209_143805,1761.0,1.084079
3675,I04,DR_20221209_143805,1762.0,0.7507701
3676,I04,DR_20221209_143805,1763.0,0.9429004
3677,I04,DR_20221209_143805,1764.0,0.2966857
3678,I05,DR_20221209_143805,1765.0,0.9886478
3679,I05,DR_20221209_143805,1766.0,1.0063404
3680,I05,DR_20221209_143805,1767.0,1.0457734
3681,I05,DR_20221209_143805,1768.0,0.3527956
3682,I05,DR_20221209_143805,1769.0,1.0095997
3683,I05,DR_20221209_143805,1770.0,0.8650055
3684,I05,DR_20221209_143805,1771.0,0.24538605
3685,I05,DR_20221209_143805,1772.0,1.0145823
3686,I05,DR_20221209_143805,1773.0,1.0176994
3687,I06,DR_20221209_143805,1774.0,0.9754878
3688,I06,DR_20221209_143805,1775.0,1.0360001
3689,I06,DR_20221209_143805,1776.0,0.91802293
3690,I06,DR_20221209_143805,1777.0,0.390806
3691,I06,DR_20221209_143805,1778.0,1.0594618
3692,I06,DR_20221209_143805,1779.0,1.0113773
3693,I06,DR_20221209_143805,1780.0,0.99471664
3694,I06,DR_20221209_143805,1781.0,0.97645473
3695,I06,DR_20221209_143805,1782.0,0.3636954
3696,I07,DR_20221209_143805,1783.0,0.2904423
3697,I07,DR_20221209_143805,1784.0,0.3613066
3698,I07,DR_20221209_143805,1785.0,0.5662435
3699,I07,DR_20221209_143805,1786.0,0.22498143
3700,I07,DR_20221209_143805,1787.0,0.7183827
3701,I07,DR_20221209_143805,1788.0,0.8364099
3702,I07,DR_20221209_143805,1789.0,1.0239261
3703,I07,DR_20221209_143805,1790.0,0.99333423
3704,I07,DR_20221209_143805,1791.0,0.24813268
3705,I08,DR_20221209_143805,1792.0,0.24391098
3706,I08,DR_20221209_143805,1793.0,0.35741547
3707,I08,DR_20221209_143805,1794.0,0.5452891
3708,I08,DR_20221209_143805,1795.0,0.28666708
3709,I08,DR_20221209_143805,1796.0,0.8193572
3710,I08,DR_20221209_143805,1797.0,0.99086696
3711,I08,DR_20221209_143805,1798.0,0.87034744
3712,I08,DR_20221209_143805,1799.0,1.0000967
3713,I08,DR_20221209_143805,1800.0,0.9327794
3714,I09,DR_20221209_143805,1801.0,0.95736426
3715,I09,DR_20221209_143805,1802.0,0.8500552
3716,I09,DR_20221209_143805,1803.0,0.8763919
3717,I09,DR_20221209_143805,1804.0,0.20859815
3718,I09,DR_20221209_143805,1805.0,0.17748009
3719,I09,DR_20221209_143805,1806.0,0.28439483
3720,I09,DR_20221209_143805,1807.0,1.1184244
3721,I09,DR_20221209_143805,1808.0,0.5733986
3722,I09,DR_20221209_143805,1809.0,0.26854277
3723,I10,DR_20221209_143805,1810.0,0.5457113
3724,I10,DR_20221209_143805,1811.0,0.8993569
3725,I10,DR_20221209_143805,1812.0,0.99430937
3726,I10,DR_20221209_143805,1813.0,0.89501154
3727,I10,DR_20221209_143805,1814.0,0.72339237
3728,I10,DR_20221209_143805,1815.0,0.96251583
3729,I10,DR_20221209_143805,1816.0,1.0288496
3730,I10,DR_20221209_143805,1817.0,0.9806874
3731,I10,DR_20221209_143805,1818.0,0.59230393
3732,I11,DR_20221209_143805,1819.0,0.7973609
3733,I11,DR_20221209_143805,1820.0,0.10561834
3734,I11,DR_20221209_143805,1821.0,0.25175893
3735,I11,DR_20221209_143805,1822.0,0.26139396
3736,I11,DR_20221209_143805,1823.0,0.19856547
3737,I11,DR_20221209_143805,1824.0,0.61768246
3738,I11,DR_20221209_143805,1825.0,0.9031096
3739,I11,DR_20221209_143805,1826.0,0.09414597
3740,I11,DR_20221209_143805,1827.0,0.40709233
3741,I12,DR_20221209_143805,1828.0,0.99100393
3742,I12,DR_20221209_143805,1829.0,0.8659911
3743,I12,DR_20221209_143805,1830.0,0.092524976
3744,I12,DR_20221209_143805,1831.0,0.40863734
3745,I12,DR_20221209_143805,1832.0,0.16641012
3746,I12,DR_20221209_143805,1833.0,0.80923736
3747,I12,DR_20221209_143805,1834.0,0.5843798
3748,I12,DR_20221209_143805,1835.0,0.25498492
3749,I12,DR_20221209_143805,1836.0,0.3358662
3750,I13,DR_20221209_143805,1837.0,0.032795165
3751,I13,DR_20221209_143805,1838.0,0.19727983
3752,I13,DR_20221209_143805,1839.0,0.3525294
3753,I13,DR_20221209_143805,1840.0,0.1669595
3754,I13,DR_20221209_143805,1841.0,0.19812989
3755,I13,DR_20221209_143805,1842.0,0.1504885
3756,I13,DR_20221209_143805,1843.0,0.20726115
3757,I13,DR_20221209_143805,1844.0,0.28733626
3758,I13,DR_20221209_143805,1845.0,0.41248718
3759,I14,DR_20221209_143805,1846.0,0.036724962
3760,I14,DR_20221209_143805,1847.0,0.19163287
3761,I14,DR_20221209_143805,1848.0,0.31247315
3762,I14,DR_20221209_143805,1849.0,0.6331883
3763,I14,DR_20221209_143805,1850.0,0.12259539
3764,I14,DR_20221209_143805,1851.0,0.9033556
3765,I14,DR_20221209_143805,1852.0,0.45576075
3766,I14,DR_20221209_143805,1853.0,0.37499958
3767,I14,DR_20221209_143805,1854.0,0.47602117
3768,I15,DR_20221209_143805,1855.0,0.1894412
3769,I15,DR_20221209_143805,1856.0,0.39783955
3770,I15,DR_20221209_143805,1857.0,0.100477286
3771,I15,DR_20221209_143805,1858.0,0.483333
3772,I15,DR_20221209_143805,1859.0,0.17026278
3773,I15,DR_20221209_143805,1860.0,0.0800334
3774,I15,DR_20221209_143805,1861.0,0.931867
3775,I15,DR_20221209_143805,1862.0,0.17610207
3776,I15,DR_20221209_143805,1863.0,0.8872467
3777,I16,DR_20221209_143805,1864.0,0.26669985
3778,I16,DR_20221209_143805,1865.0,0.15539679
3779,I16,DR_20221209_143805,1866.0,0.2954356
3780,I16,DR_20221209_143805,1867.0,0.34045163
3781,I16,DR_20221209_143805,1868.0,0.20291063
3782,I16,DR_20221209_143805,1869.0,0.8929106
3783,I16,DR_20221209_143805,1870.0,0.64940125
3784,I16,DR_20221209_143805,1871.0,0.28294557
3785,I16,DR_20221209_143805,1872.0,0.380409
3786,I17,DR_20221209_143805,1873.0,0.25272992
3787,I17,DR_20221209_143805,1874.0,0.5328971
3788,I17,DR_20221209_143805,1875.0,0.2345667
3789,I17,DR_20221209_143805,1876.0,0.16794811
3790,I17,DR_20221209_143805,1877.0,0.7315862
3791,I17,DR_20221209_143805,1878.0,0.20207697
3792,I17,DR_20221209_143805,1879.0,0.5655161
3793,I17,DR_20221209_143805,1880.0,0.95364445
3794,I17,DR_20221209_143805,1881.0,0.5189995
3795,I18,DR_20221209_143805,1882.0,0.16894233
3796,I18,DR_20221209_143805,1883.0,0.5723806
3797,I18,DR_20221209_143805,1884.0,0.65294427
3798,I18,DR_20221209_143805,1885.0,0.48379707
3799,I18,DR_20221209_143805,1886.0,0.21632245
3800,I18,DR_20221209_143805,1887.0,0.42250744
3801,I18,DR_20221209_143805,1888.0,0.9708325
3802,I18,DR_20221209_143805,1889.0,0.5539766
3803,I18,DR_20221209_143805,1890.0,1.0829598
3804,I19,DR_20221209_143805,1891.0,0.09706933
3805,I19,DR_20221209_143805,1892.0,0.46322638
3806,I19,DR_20221209_143805,1893.0,0.94797903
3807,I19,DR_20221209_143805,1894.0,0.3240032
3808,I19,DR_20221209_143805,1895.0,0.17472786
3809,I19,DR_20221209_143805,1896.0,0.72636634
3810,I19,DR_20221209_143805,1897.0,0.9930841
3811,I19,DR_20221209_143805,1898.0,0.85971636
3812,I19,DR_20221209_143805,1899.0,1.1306654
3813,I20,DR_20221209_143805,1900.0,0.2745637
3814,I20,DR_20221209_143805,1901.0,0.5377998
3815,I20,DR_20221209_143805,1902.0,0.867627
3816,I20,DR_20221209_143805,1903.0,0.46387917
3817,I20,DR_20221209_143805,1904.0,0.90199804
3818,I20,DR_20221209_143805,1905.0,0.8133622
3819,I20,DR_20221209_143805,1906.0,0.95022565
3820,I20,DR_20221209_143805,1907.0,0.9565289
3821,I20,DR_20221209_143805,1908.0,0.45042834
3822,I21,DR_20221209_143805,1909.0,0.15796596
3823,I21,DR_20221209_143805,1910.0,0.7442459
3824,I21,DR_20221209_143805,1911.0,0.79562104
3825,I21,DR_20221209_143805,1912.0,0.9272695
3826,I21,DR_20221209_143805,1913.0,0.20148395
3827,I21,DR_20221209_143805,1914.0,0.11378426
3828,I21,DR_20221209_143805,1915.0,1.0162312
3829,I21,DR_20221209_143805,1916.0,1.0364239
3830,I21,DR_20221209_143805,1917.0,0.8116336
3831,I22,DR_20221209_143805,1918.0,0.21175922
3832,I22,DR_20221209_143805,1919.0,0.21511135
3833,I22,DR_20221209_143805,1920.0,0.21993563
3834,I22,DR_20221209_143805,1921.0,0.5049428
3835,I22,DR_20221209_143805,1922.0,0.16964638
3836,I22,DR_20221209_143805,1923.0,0.19288315
3837,I22,DR_20221209_143805,1924.0,1.0966983
3838,I22,DR_20221209_143805,1925.0,0.35407352
3839,I22,DR_20221209_143805,1926.0,0.29669043
3876,J03,DR_20221209_143805,1963.0,0.5742551
3877,J03,DR_20221209_143805,1964.0,0.5250926
3878,J03,DR_20221209_143805,1965.0,0.72041565
3879,J03,DR_20221209_143805,1966.0,0.5739908
3880,J03,DR_20221209_143805,1967.0,0.55940455
3881,J03,DR_20221209_143805,1968.0,0.49426076
3882,J03,DR_20221209_143805,1969.0,0.7140548
3883,J03,DR_20221209_143805,1970.0,0.35931748
3884,J04,DR_20221209_143805,1971.0,1.0519363
3885,J04,DR_20221209_143805,1972.0,0.4405632
3886,J04,DR_20221209_143805,1973.0,1.0888371
3887,J04,DR_20221209_143805,1974.0,0.78439647
3888,J04,DR_20221209_143805,1975.0,0.9101979
3889,J04,DR_20221209_143805,1976.0,1.1193513
3890,J04,DR_20221209_143805,1977.0,1.1054827
3891,J04,DR_20221209_143805,1978.0,1.1509068
3892,J04,DR_20221209_143805,1979.0,0.43057832
3893,J05,DR_20221209_143805,1980.0,0.8966766
3894,J05,DR_20221209_143805,1981.0,0.93195534
3895,J05,DR_20221209_143805,1982.0,0.8915105
3896,J05,DR_20221209_143805,1983.0,0.59972256
3897,J05,DR_20221209_143805,1984.0,0.8724921
3898,J05,DR_20221209_143805,1985.0,1.0024731
3899,J05,DR_20221209_143805,1986.0,0.36727002
3900,J05,DR_20221209_143805,1987.0,0.51839167
3901,J05,DR_20221209_143805,1988.0,0.7769841
3902,J06,DR_20221209_143805,1989.0,1.0611051
3903,J06,DR_20221209_143805,1990.0,1.0322039
3904,J06,DR_20221209_143805,1991.0,0.9394511
3905,J06,DR_20221209_143805,1992.0,0.4171776
3906,J06,DR_20221209_143805,1993.0,0.7797949
3907,J06,DR_20221209_143805,1994.0,0.9305118
3908,J06,DR_20221209_143805,1995.0,0.9618785
3909,J06,DR_20221209_143805,1996.0,1.0678145
3910,J06,DR_20221209_143805,1997.0,0.9824045
3911,J07,DR_20221209_143805,1998.0,1.053302
3912,J07,DR_20221209_143805,1999.0,0.8841659
3913,J07,DR_20221209_143805,2000.0,0.520151
3914,J07,DR_20221209_143805,2001.0,0.62663794
3915,J07,DR_20221209_143805,2002.0,1.064101
3916,J07,DR_20221209_143805,2003.0,1.193785
3917,J07,DR_20221209_143805,2004.0,0.7747949
3918,J07,DR_20221209_143805,2005.0,1.0433643
3919,J07,DR_20221209_143805,2006.0,1.1013489
3920,J08,DR_20221209_143805,2007.0,0.88614583
3921,J08,DR_20221209_143805,2008.0,1.0012243
3922,J08,DR_20221209_143805,2009.0,0.27312815
3923,J08,DR_20221209_143805,2010.0,0.85409355
3924,J08,DR_20221209_143805,2011.0,1.0288364
3925,J08,DR_20221209_143805,2012.0,0.6321508
3926,J08,DR_20221209_143805,2013.0,0.6032439
3927,J08,DR_20221209_143805,2014.0,0.9282528
3928,J08,DR_20221209_143805,2015.0,0.43605956
3929,J09,DR_20221209_143805,2016.0,1.0559596
3930,J09,DR_20221209_143805,2017.0,0.26098248
3931,J09,DR_20221209_143805,2018.0,1.0394151
3932,J09,DR_20221209_143805,2019.0,0.7339316
3933,J09,DR_20221209_143805,2020.0,0.10516938
3934,J09,DR_20221209_143805,2021.0,0.7820313
3935,J09,DR_20221209_143805,2022.0,1.0371597
3936,J09,DR_20221209_143805,2023.0,0.6676898
3937,J09,DR_20221209_143805,2024.0,1.0279735
3938,J10,DR_20221209_143805,2025.0,0.9813859
3939,J10,DR_20221209_143805,2026.0,0.98367864
3940,J10,DR_20221209_143805,2027.0,0.98556745
3941,J10,DR_20221209_143805,2028.0,1.1334538
3942,J10,DR_20221209_143805,2029.0,0.9239041
3943,J10,DR_20221209_143805,2030.0,0.91341895
3944,J10,DR_20221209_143805,2031.0,0.65596175
3945,J10,DR_20221209_143805,2032.0,0.8577889
3946,J10,DR_20221209_143805,2033.0,0.29125932
3947,J11,DR_20221209_143805,2034.0,0.40840775
3948,J11,DR_20221209_143805,2035.0,0.4067038
3949,J11,DR_20221209_143805,2036.0,0.9992481
3950,J11,DR_20221209_143805,2037.0,0.5404755
3951,J11,DR_20221209_143805,2038.0,0.28791317
3952,J11,DR_20221209_143805,2039.0,0.24318947
3953,J11,DR_20221209_143805,2040.0,0.98379874
3954,J11,DR_20221209_143805,2041.0,0.9446914
3955,J11,DR_20221209_143805,2042.0,0.36361656
3956,J12,DR_20221209_143805,2043.0,1.0784113
3957,J12,DR_20221209_143805,2044.0,0.98011374
3958,J12,DR_20221209_143805,2045.0,0.23344581
3959,J12,DR_20221209_143805,2046.0,0.66983455
3960,J12,DR_20221209_143805,2047.0,0.15060318
3961,J12,DR_20221209_143805,2048.0,0.50543475
3962,J12,DR_20221209_143805,2049.0,0.98318315
3963,J12,DR_20221209_143805,2050.0,1.0059189
3964,J12,DR_20221209_143805,2051.0,0.7788531
3965,J13,DR_20221209_143805,2052.0,1.0039982
3966,J13,DR_20221209_143805,2053.0,0.68938816
3967,J13,DR_20221209_143805,2054.0,0.5597601
3968,J13,DR_20221209_143805,2055.0,0.41048178
3969,J13,DR_20221209_143805,2056.0,0.5847914
3970,J13,DR_20221209_143805,2057.0,0.072888575
3971,J13,DR_20221209_143805,2058.0,0.14655706
3972,J13,DR_20221209_143805,2059.0,1.0503447
3973,J13,DR_20221209_143805,2060.0,0.39507023
3974,J14,DR_20221209_143805,2061.0,0.40622184
3975,J14,DR_20221209_143805,2062.0,0.2579714
3976,J14,DR_20221209_143805,2063.0,0.5946451
3977,J14,DR_20221209_143805,2064.0,0.51092404
3978,J14,DR_20221209_143805,2065.0,0.13782842
3979,J14,DR_20221209_143805,2066.0,0.31531233
3980,J14,DR_20221209_143805,2067.0,0.36851072
3981,J14,DR_20221209_143805,2068.0,0.6581308
3982,J14,DR_20221209_143805,2069.0,0.13734055
3983,J15,DR_20221209_143805,2070.0,0.2502881
3984,J15,DR_20221209_143805,2071.0,0.30455908
3985,J15,DR_20221209_143805,2072.0,0.32728457
3986,J15,DR_20221209_143805,2073.0,0.40769884
3987,J15,DR_20221209_143805,2074.0,0.19640921
3988,J15,DR_20221209_143805,2075.0,0.15831369
3989,J15,DR_20221209_143805,2076.0,0.23367642
3990,J15,DR_20221209_143805,2077.0,1.0519816
3991,J15,DR_20221209_143805,2078.0,0.47535256
3992,J16,DR_20221209_143805,2079.0,0.9541061
3993,J16,DR_20221209_143805,2080.0,0.92979425
3994,J16,DR_20221209_143805,2081.0,0.55618286
3995,J16,DR_20221209_143805,2082.0,0.23822412
3996,J16,DR_20221209_143805,2083.0,0.20138472
3997,J16,DR_20221209_143805,2084.0,0.848608
3998,J16,DR_20221209_143805,2085.0,0.3136366
3999,J16,DR_20221209_143805,2086.0,0.65018815
4000,J16,DR_20221209_143805,2087.0,0.27655596
4001,J17,DR_20221209_143805,2088.0,0.45636585
4002,J17,DR_20221209_143805,2089.0,0.5562631
4003,J17,DR_20221209_143805,2090.0,0.912276
4004,J17,DR_20221209_143805,2091.0,0.51050603
4005,J17,DR_20221209_143805,2092.0,0.38930106
4006,J17,DR_20221209_143805,2093.0,0.27499798
4007,J17,DR_20221209_143805,2094.0,0.8136403
4008,J17,DR_20221209_143805,2095.0,0.71814936
4009,J17,DR_20221209_143805,2096.0,0.75355774
4010,J18,DR_20221209_143805,2097.0,0.32791984
4011,J18,DR_20221209_143805,2098.0,0.6390709
4012,J18,DR_20221209_143805,2099.0,0.17175974
4013,J18,DR_20221209_143805,2100.0,0.28177047
4014,J18,DR_20221209_143805,2101.0,0.963296
4015,J18,DR_20221209_143805,2102.0,0.71575147
4016,J18,DR_20221209_143805,2103.0,1.0693762
4017,J18,DR_20221209_143805,2104.0,0.9273593
4018,J18,DR_20221209_143805,2105.0,0.3329327
4019,J19,DR_20221209_143805,2106.0,0.3581894
4020,J19,DR_20221209_143805,2107.0,0.51432186
4021,J19,DR_20221209_143805,2108.0,0.8926882
4022,J19,DR_20221209_143805,2109.0,0.7773618
4023,J19,DR_20221209_143805,2110.0,0.9150256
4024,J19,DR_20221209_143805,2111.0,0.58451533
4025,J19,DR_20221209_143805,2112.0,1.0271344
4026,J19,DR_20221209_143805,2113.0,0.7347256
4027,J19,DR_20221209_143805,2114.0,0.576258
4028,J20,DR_20221209_143805,2115.0,0.7394996
4029,J20,DR_20221209_143805,2116.0,0.9601238
4030,J20,DR_20221209_143805,2117.0,0.31061074
4031,J20,DR_20221209_143805,2118.0,0.9434825
4032,J20,DR_20221209_143805,2119.0,1.043929
4033,J20,DR_20221209_143805,2120.0,0.9673802
4034,J20,DR_20221209_143805,2121.0,0.61205715
4035,J20,DR_20221209_143805,2122.0,0.5063575
4036,J20,DR_20221209_143805,2123.0,0.76204956
4037,J21,DR_20221209_143805,2124.0,1.0068443
4038,J21,DR_20221209_143805,2125.0,0.39830983
4039,J21,DR_20221209_143805,2126.0,1.0143573
4040,J21,DR_20221209_143805,2127.0,0.46683982
4041,J21,DR_20221209_143805,2128.0,0.92372257
4042,J21,DR_20221209_143805,2129.0,1.1444726
4043,J21,DR_20221209_143805,2130.0,0.8250718
4044,J21,DR_20221209_143805,2131.0,0.9960119
4045,J21,DR_20221209_143805,2132.0,0.3115122
4046,J22,DR_20221209_143805,2133.0,0.54223526
4047,J22,DR_20221209_143805,2134.0,0.6567388
4048,J22,DR_20221209_143805,2135.0,1.0502592
4049,J22,DR_20221209_143805,2136.0,0.6984332
4050,J22,DR_20221209_143805,2137.0,0.47741327
4051,J22,DR_20221209_143805,2138.0,0.74146485
4052,J22,DR_20221209_143805,2139.0,0.96511763
4053,J22,DR_20221209_143805,2140.0,1.0965459
4054,J22,DR_20221209_143805,2141.0,0.18772459
4091,K04,DR_20221209_143805,2187.0,0.95450467
4092,K04,DR_20221209_143805,2188.0,0.93362194
4093,K04,DR_20221209_143805,2189.0,0.9488373
4094,K04,DR_20221209_143805,2190.0,0.41968855
4095,K04,DR_20221209_143805,2191.0,0.37685937
4096,K04,DR_20221209_143805,2192.0,0.99869263
4097,K04,DR_20221209_143805,2193.0,1.1586199
4098,K04,DR_20221209_143805,2194.0,1.0651277
4099,K04,DR_20221209_143805,2195.0,0.49618685
4100,K05,DR_20221209_143805,2196.0,0.65345633
4101,K05,DR_20221209_143805,2197.0,0.76754963
4102,K05,DR_20221209_143805,2198.0,0.8584567
4103,K05,DR_20221209_143805,2199.0,0.48445594
4104,K05,DR_20221209_143805,2200.0,0.4322209
4105,K05,DR_20221209_143805,2201.0,0.856906
4106,K05,DR_20221209_143805,2202.0,0.25192222
4107,K05,DR_20221209_143805,2203.0,0.34826064
4108,K05,DR_20221209_143805,2204.0,0.6165383
4109,K06,DR_20221209_143805,2205.0,1.0144466
4110,K06,DR_20221209_143805,2206.0,1.1368738
4111,K06,DR_20221209_143805,2207.0,0.4880145
4112,K06,DR_20221209_143805,2208.0,0.30147493
4113,K06,DR_20221209_143805,2209.0,0.6840061
4114,K06,DR_20221209_143805,2210.0,1.1761928
4115,K06,DR_20221209_143805,2211.0,0.6046119
4116,K06,DR_20221209_143805,2212.0,0.68011624
4117,K06,DR_20221209_143805,2213.0,1.0513238
4118,K07,DR_20221209_143805,2214.0,1.0265131
4119,K07,DR_20221209_143805,2215.0,0.68593675
4120,K07,DR_20221209_143805,2216.0,0.2925858
4121,K07,DR_20221209_143805,2217.0,0.18211943
4122,K07,DR_20221209_143805,2218.0,0.802854
4123,K07,DR_20221209_143805,2219.0,0.9794221
4124,K07,DR_20221209_143805,2220.0,0.7242115
4125,K07,DR_20221209_143805,2221.0,1.0240034
4126,K07,DR_20221209_143805,2222.0,0.98635083
4127,K08,DR_20221209_143805,2223.0,0.49944785
4128,K08,DR_20221209_143805,2224.0,0.2755147
4129,K08,DR_20221209_143805,2225.0,0.5239461
4130,K08,DR_20221209_143805,2226.0,0.3333616
4131,K08,DR_20221209_143805,2227.0,0.25748068
4132,K08,DR_20221209_143805,2228.0,1.0430764
4133,K08,DR_20221209_143805,2229.0,0.9906592
4134,K08,DR_20221209_143805,2230.0,1.0116293
4135,K08,DR_20221209_143805,2231.0,1.0736028
4136,K09,DR_20221209_143805,2232.0,0.93278956
4137,K09,DR_20221209_143805,2233.0,1.036736
4138,K09,DR_20221209_143805,2234.0,0.71254826
4139,K09,DR_20221209_143805,2235.0,0.26099205
4140,K09,DR_20221209_143805,2236.0,0.12616391
4141,K09,DR_20221209_143805,2237.0,0.33243662
4142,K09,DR_20221209_143805,2238.0,1.0314742
4143,K09,DR_20221209_143805,2239.0,0.18557268
4144,K09,DR_20221209_143805,2240.0,0.43838072
4145,K10,DR_20221209_143805,2241.0,0.08504346
4146,K10,DR_20221209_143805,2242.0,0.2953592
4147,K10,DR_20221209_143805,2243.0,0.38782346
4148,K10,DR_20221209_143805,2244.0,0.19383311
4149,K10,DR_20221209_143805,2245.0,0.037150756
4150,K10,DR_20221209_143805,2246.0,0.9595027
4151,K10,DR_20221209_143805,2247.0,1.2051098
4152,K10,DR_20221209_143805,2248.0,1.0476255
4153,K10,DR_20221209_143805,2249.0,0.3872683
4154,K11,DR_20221209_143805,2250.0,0.9825726
4155,K11,DR_20221209_143805,2251.0,0.16698597
4156,K11,DR_20221209_143805,2252.0,0.92227685
4157,K11,DR_20221209_143805,2253.0,0.41388014
4158,K11,DR_20221209_143805,2254.0,0.7869609
4159,K11,DR_20221209_143805,2255.0,0.5282185
4160,K11,DR_20221209_143805,2256.0,1.025079
4161,K11,DR_20221209_143805,2257.0,0.7884783
4162,K11,DR_20221209_143805,2258.0,1.0726607
4163,K12,DR_20221209_143805,2259.0,1.0803995
4164,K12,DR_20221209_143805,2260.0,0.7229979
4165,K12,DR_20221209_143805,2261.0,0.08257665
4166,K12,DR_20221209_143805,2262.0,0.45634812
4167,K12,DR_20221209_143805,2263.0,0.06300665
4168,K12,DR_20221209_143805,2264.0,0.5855542
4169,K12,DR_20221209_143805,2265.0,0.69898814
4170,K12,DR_20221209_143805,2266.0,0.7958039
4171,K12,DR_20221209_143805,2267.0,0.121468745
4172,K14,DR_20221209_143805,2277.0,1.0323262
4173,K14,DR_20221209_143805,2278.0,0.1949597
4174,K14,DR_20221209_143805,2279.0,0.49852702
4175,K14,DR_20221209_143805,2280.0,0.32806617
4176,K14,DR_20221209_143805,2281.0,0.22758748
4177,K14,DR_20221209_143805,2282.0,0.5452971
4178,K14,DR_20221209_143805,2283.0,0.9186655
4179,K14,DR_20221209_143805,2284.0,0.81995
4180,K14,DR_20221209_143805,2285.0,0.5053778
4181,K18,DR_20221209_143805,2313.0,0.2913915
4182,K18,DR_20221209_143805,2314.0,0.091857485
4183,K18,DR_20221209_143805,2315.0,0.18316676
4184,K18,DR_20221209_143805,2316.0,0.0079442235
4185,K18,DR_20221209_143805,2317.0,0.24001765
4186,K18,DR_20221209_143805,2318.0,0.15777658
4187,K18,DR_20221209_143805,2319.0,0.37232098
4188,K18,DR_20221209_143805,2320.0,0.34719878
4189,K18,DR_20221209_143805,2321.0,0.49730152
4190,K19,DR_20221209_143805,2322.0,0.6333602
4191,K19,DR_20221209_143805,2323.0,0.08877012
4192,K19,DR_20221209_143805,2324.0,0.2152388
4193,K19,DR_20221209_143805,2325.0,0.36112216
4194,K19,DR_20221209_143805,2326.0,0.22419849
4195,K19,DR_20221209_143805,2327.0,0.8481119
4196,K19,DR_20221209_143805,2328.0,0.6433033
4197,K19,DR_20221209_143805,2329.0,0.89949375
4198,K19,DR_20221209_143805,2330.0,0.3163751
4199,K20,DR_20221209_143805,2331.0,1.0298342
4200,K20,DR_20221209_143805,2332.0,0.21987185
4201,K20,DR_20221209_143805,2333.0,0.6365475
4202,K20,DR_20221209_143805,2334.0,0.5370182
4203,K20,DR_20221209_143805,2335.0,0.83484745
4204,K20,DR_20221209_143805,2336.0,0.9110506
4205,K20,DR_20221209_143805,2337.0,0.91906416
4206,K20,DR_20221209_143805,2338.0,1.0817765
4207,K20,DR_20221209_143805,2339.0,0.70108604
4208,K21,DR_20221209_143805,2340.0,0.9501531
4209,K21,DR_20221209_143805,2341.0,0.78094304
4210,K21,DR_20221209_143805,2342.0,1.0254836
4211,K21,DR_20221209_143805,2343.0,0.8592924
4212,K21,DR_20221209_143805,2344.0,0.73637956
4213,K21,DR_20221209_143805,2345.0,0.6215508
4214,K21,DR_20221209_143805,2346.0,1.0082107
4215,K21,DR_20221209_143805,2347.0,0.6259526
4216,K21,DR_20221209_143805,2348.0,0.8258649
4217,K22,DR_20221209_143805,2349.0,0.096465
4218,K22,DR_20221209_143805,2350.0,0.1812292
4219,K22,DR_20221209_143805,2351.0,0.6018919
4220,K22,DR_20221209_143805,2352.0,0.68442434
4221,K22,DR_20221209_143805,2353.0,0.55325234
4222,K22,DR_20221209_143805,2354.0,0.6322044
4223,K22,DR_20221209_143805,2355.0,0.9751367
4224,K22,DR_20221209_143805,2356.0,1.0266918
4225,K22,DR_20221209_143805,2357.0,0.24732986
4262,L04,DR_20221209_143805,2403.0,1.0246401
4263,L04,DR_20221209_143805,2404.0,0.9773852
4264,L04,DR_20221209_143805,2405.0,0.9743494
4265,L04,DR_20221209_143805,2406.0,1.0003415
4266,L04,DR_20221209_143805,2407.0,1.0728724
4267,L04,DR_20221209_143805,2408.0,1.005265
4268,L04,DR_20221209_143805,2409.0,1.0084765
4269,L04,DR_20221209_143805,2410.0,1.0721376
4270,L04,DR_20221209_143805,2411.0,1.019092
4271,L05,DR_20221209_143805,2412.0,0.52876514
4272,L05,DR_20221209_143805,2413.0,1.0795668
4273,L05,DR_20221209_143805,2414.0,0.97466356
4274,L05,DR_20221209_143805,2415.0,0.31801108
4275,L05,DR_20221209_143805,2416.0,0.5756244
4276,L05,DR_20221209_143805,2417.0,0.8130484
4277,L05,DR_20221209_143805,2418.0,0.98901796
4278,L05,DR_20221209_143805,2419.0,0.946904
4279,L05,DR_20221209_143805,2420.0,1.0564983
4280,L06,DR_20221209_143805,2421.0,0.85417765
4281,L06,DR_20221209_143805,2422.0,0.2611651
4282,L06,DR_20221209_143805,2423.0,1.0710719
4283,L06,DR_20221209_143805,2424.0,1.036437
4284,L06,DR_20221209_143805,2425.0,0.79309815
4285,L06,DR_20221209_143805,2426.0,1.0248622
4286,L06,DR_20221209_143805,2427.0,1.0530447
4287,L06,DR_20221209_143805,2428.0,0.97586465
4288,L06,DR_20221209_143805,2429.0,0.37927324
4289,L07,DR_20221209_143805,2430.0,0.5116133
4290,L07,DR_20221209_143805,2431.0,0.53338796
4291,L07,DR_20221209_143805,2432.0,0.37841243
4292,L07,DR_20221209_143805,2433.0,0.34137955
4293,L07,DR_20221209_143805,2434.0,0.41652578
4294,L07,DR_20221209_143805,2435.0,1.1071526
4295,L07,DR_20221209_143805,2436.0,0.9687606
4296,L07,DR_20221209_143805,2437.0,0.8136661
4297,L07,DR_20221209_143805,2438.0,0.38764682
4298,L08,DR_20221209_143805,2439.0,0.55751306
4299,L08,DR_20221209_143805,2440.0,0.53003347
4300,L08,DR_20221209_143805,2441.0,0.44667223
4301,L08,DR_20221209_143805,2442.0,0.42885214
4302,L08,DR_20221209_143805,2443.0,0.058729947
4303,L08,DR_20221209_143805,2444.0,0.98150456
4304,L08,DR_20221209_143805,2445.0,0.96616113
4305,L08,DR_20221209_143805,2446.0,1.1604971
4306,L08,DR_20221209_143805,2447.0,0.6546196
4307,L09,DR_20221209_143805,2448.0,0.9835124
4308,L09,DR_20221209_143805,2449.0,0.024172548
4309,L09,DR_20221209_143805,2450.0,0.7706536
4310,L09,DR_20221209_143805,2451.0,0.87279725
4311,L09,DR_20221209_143805,2452.0,1.0133904
4312,L09,DR_20221209_143805,2453.0,0.9383923
4313,L09,DR_20221209_143805,2454.0,0.21486892
4314,L09,DR_20221209_143805,2455.0,0.93713003
4315,L09,DR_20221209_143805,2456.0,0.92965645
4316,L10,DR_20221209_143805,2457.0,1.0393062
4317,L10,DR_20221209_143805,2458.0,0.33071265
4318,L10,DR_20221209_143805,2459.0,0.040647745
4319,L10,DR_20221209_143805,2460.0,0.90806293
4320,L10,DR_20221209_143805,2461.0,1.0765301
4321,L10,DR_20221209_143805,2462.0,1.1037266
4322,L10,DR_20221209_143805,2463.0,0.7887596
4323,L10,DR_20221209_143805,2464.0,0.7269468
4324,L10,DR_20221209_143805,2465.0,-0.06570454
4325,L11,DR_20221209_143805,2466.0,0.1989037
4326,L11,DR_20221209_143805,2467.0,0.64017785
4327,L11,DR_20221209_143805,2468.0,0.24133821
4328,L11,DR_20221209_143805,2469.0,0.7314783
4329,L11,DR_20221209_143805,2470.0,0.13489366
4330,L11,DR_20221209_143805,2471.0,1.1446884
4331,L11,DR_20221209_143805,2472.0,0.8311198
4332,L11,DR_20221209_143805,2473.0,0.92277527
4333,L11,DR_20221209_143805,2474.0,0.48599058
4334,L12,DR_20221209_143805,2475.0,1.1773034
4335,L12,DR_20221209_143805,2476.0,1.104671
4336,L12,DR_20221209_143805,2477.0,0.7203178
4337,L12,DR_20221209_143805,2478.0,0.26224166
4338,L12,DR_20221209_143805,2479.0,0.98121125
4339,L12,DR_20221209_143805,2480.0,1.0682359
4340,L12,DR_20221209_143805,2481.0,0.7873209
4341,L12,DR_20221209_143805,2482.0,1.0513663
4342,L12,DR_20221209_143805,2483.0,0.9044588
4343,L13,DR_20221209_143805,2484.0,0.42144206
4344,L13,DR_20221209_143805,2485.0,0.038629588
4345,L13,DR_20221209_143805,2486.0,0.5908488
4346,L13,DR_20221209_143805,2487.0,0.35009313
4347,L13,DR_20221209_143805,2488.0,0.3975305
4348,L13,DR_20221209_143805,2489.0,0.9169916
4349,L13,DR_20221209_143805,2490.0,0.44862008
4350,L13,DR_20221209_143805,2491.0,0.37007388
4351,L13,DR_20221209_143805,2492.0,0.43188956
4352,L18,DR_20221209_143805,2529.0,0.32116836
4353,L18,DR_20221209_143805,2530.0,0.64247656
4354,L18,DR_20221209_143805,2531.0,0.23811896
4355,L18,DR_20221209_143805,2532.0,0.30689225
4356,L18,DR_20221209_143805,2533.0,0.21291181
4357,L18,DR_20221209_143805,2534.0,0.7439284
4358,L18,DR_20221209_143805,2535.0,0.32503688
4359,L18,DR_20221209_143805,2536.0,0.69585705
4360,L18,DR_20221209_143805,2537.0,0.3890862
4361,L19,DR_20221209_143805,2538.0,0.98666394
4362,L19,DR_20221209_143805,2539.0,0.8476134
4363,L19,DR_20221209_143805,2540.0,1.0633626
4364,L19,DR_20221209_143805,2541.0,0.87958825
4365,L19,DR_20221209_143805,2542.0,0.5735147
4366,L19,DR_20221209_143805,2543.0,0.96081495
4367,L19,DR_20221209_143805,2544.0,1.0647905
4368,L19,DR_20221209_143805,2545.0,0.9674461
4369,L19,DR_20221209_143805,2546.0,0.90768534
4370,L22,DR_20221209_143805,2565.0,0.9588322
4371,L22,DR_20221209_143805,2566.0,0.54178095
4372,L22,DR_20221209_143805,2567.0,0.3209922
4373,L22,DR_20221209_143805,2568.0,0.48611608
4374,L22,DR_20221209_143805,2569.0,0.8900533
4375,L22,DR_20221209_143805,2570.0,0.64144146
4376,L22,DR_20221209_143805,2571.0,0.8949929
4377,L22,DR_20221209_143805,2572.0,0.9209584
4378,L22,DR_20221209_143805,2573.0,0.1340728
4415,M03,DR_20221209_143805,2610.0,0.5289442
4416,M03,DR_20221209_143805,2611.0,-0.081071205
4417,M03,DR_20221209_143805,2612.0,0.18294185
4418,M03,DR_20221209_143805,2613.0,0.18291402
4419,M03,DR_20221209_143805,2614.0,0.03172449
4420,M03,DR_20221209_143805,2615.0,0.30223733
4421,M03,DR_20221209_143805,2616.0,0.18947993
4422,M03,DR_20221209_143805,2617.0,-0.009637204
4423,M03,DR_20221209_143805,2618.0,0.2879041
4424,M04,DR_20221209_143805,2619.0,0.29115373
4425,M04,DR_20221209_143805,2620.0,0.034071118
4426,M04,DR_20221209_143805,2621.0,0.008784152
4427,M04,DR_20221209_143805,2622.0,0.06432484
4428,M04,DR_20221209_143805,2623.0,0.49214652
4429,M04,DR_20221209_143805,2624.0,-0.15675136
4430,M04,DR_20221209_143805,2625.0,0.867826
4431,M04,DR_20221209_143805,2626.0,0.0736022
4432,M04,DR_20221209_143805,2627.0,0.34078148
4433,M05,DR_20221209_143805,2628.0,0.51391697
4434,M05,DR_20221209_143805,2629.0,0.20185064
4435,M05,DR_20221209_143805,2630.0,0.18284348
4436,M05,DR_20221209_143805,2631.0,0.30308515
4437,M05,DR_20221209_143805,2632.0,0.23721716
4438,M05,DR_20221209_143805,2633.0,0.035223473
4439,M05,DR_20221209_143805,2634.0,0.72018486
4440,M05,DR_20221209_143805,2635.0,0.7023144
4441,M05,DR_20221209_143805,2636.0,0.6353095
4442,M06,DR_20221209_143805,2637.0,1.0530735
4443,M06,DR_20221209_143805,2638.0,0.04049491
4444,M06,DR_20221209_143805,2639.0,0.2079928
4445,M06,DR_20221209_143805,2640.0,0.050791234
4446,M06,DR_20221209_143805,2641.0,-0.12165867
4447,M06,DR_20221209_143805,2642.0,0.4137328
4448,M06,DR_20221209_143805,2643.0,0.4753148
4449,M06,DR_20221209_143805,2644.0,0.18136558
4450,M06,DR_20221209_143805,2645.0,0.21137813
4451,M07,DR_20221209_143805,2646.0,0.8032485
4452,M07,DR_20221209_143805,2647.0,0.90217924
4453,M07,DR_20221209_143805,2648.0,0.38569054
4454,M07,DR_20221209_143805,2649.0,0.7274797
4455,M07,DR_20221209_143805,2650.0,0.7664098
4456,M07,DR_20221209_143805,2651.0,0.60035455
4457,M07,DR_20221209_143805,2652.0,0.52615255
4458,M07,DR_20221209_143805,2653.0,0.5697811
4459,M07,DR_20221209_143805,2654.0,0.22081906
4460,M08,DR_20221209_143805,2655.0,1.1379073
4461,M08,DR_20221209_143805,2656.0,0.9641276
4462,M08,DR_20221209_143805,2657.0,0.37604004
4463,M08,DR_20221209_143805,2658.0,-0.01559982
4464,M08,DR_20221209_143805,2659.0,0.13600317
4465,M08,DR_20221209_143805,2660.0,0.8965185
4466,M08,DR_20221209_143805,2661.0,0.21000692
4467,M08,DR_20221209_143805,2662.0,1.0835477
4468,M08,DR_20221209_143805,2663.0,0.7927634
4469,M09,DR_20221209_143805,2664.0,0.840315
4470,M09,DR_20221209_143805,2665.0,0.7379114
4471,M09,DR_20221209_143805,2666.0,0.9649939
4472,M09,DR_20221209_143805,2667.0,0.41561812
4473,M09,DR_20221209_143805,2668.0,0.9164301
4474,M09,DR_20221209_143805,2669.0,1.0368216
4475,M09,DR_20221209_143805,2670.0,0.07443231
4476,M09,DR_20221209_143805,2671.0,0.89152366
4477,M09,DR_20221209_143805,2672.0,0.8457777
4478,M10,DR_20221209_143805,2673.0,0.40843752
4479,M10,DR_20221209_143805,2674.0,0.26265857
4480,M10,DR_20221209_143805,2675.0,0.31523386
4481,M10,DR_20221209_143805,2676.0,0.24967615
4482,M10,DR_20221209_143805,2677.0,0.25194457
4483,M10,DR_20221209_143805,2678.0,1.0011345
4484,M10,DR_20221209_143805,2679.0,0.91875315
4485,M10,DR_20221209_143805,2680.0,0.74893695
4486,M10,DR_20221209_143805,2681.0,0.3831719
4487,M11,DR_20221209_143805,2682.0,1.0816274
4488,M11,DR_20221209_143805,2683.0,0.7870592
4489,M11,DR_20221209_143805,2684.0,0.22414051
4490,M11,DR_20221209_143805,2685.0,0.06559566
4491,M11,DR_20221209_143805,2686.0,0.24098846
4492,M11,DR_20221209_143805,2687.0,0.832949
4493,M11,DR_20221209_143805,2688.0,0.5061042
4494,M11,DR_20221209_143805,2689.0,0.40746891
4495,M11,DR_20221209_143805,2690.0,0.8134428
4496,M12,DR_20221209_143805,2691.0,0.9930616
4497,M12,DR_20221209_143805,2692.0,1.2122587
4498,M12,DR_20221209_143805,2693.0,0.25772128
4499,M12,DR_20221209_143805,2694.0,0.78723675
4500,M12,DR_20221209_143805,2695.0,0.06279786
4501,M12,DR_20221209_143805,2696.0,0.93824095
4502,M12,DR_20221209_143805,2697.0,0.754832
4503,M12,DR_20221209_143805,2698.0,0.9547138
4504,M12,DR_20221209_143805,2699.0,0.49939066
4514,N03,DR_20221209_143805,2718.0,0.15211855
4515,N03,DR_20221209_143805,2719.0,-0.041330967
4516,N03,DR_20221209_143805,2720.0,0.2543759
4517,N03,DR_20221209_143805,2721.0,0.256666
4518,N03,DR_20221209_143805,2722.0,0.012406803
4519,N03,DR_20221209_143805,2723.0,0.20710538
4520,N03,DR_20221209_143805,2724.0,0.06923342
4521,N03,DR_20221209_143805,2725.0,0.080911286
4522,N03,DR_20221209_143805,2726.0,0.32383075
4523,N04,DR_20221209_143805,2727.0,0.5071453
4524,N04,DR_20221209_143805,2728.0,0.6803105
4525,N04,DR_20221209_143805,2729.0,0.15016265
4526,N04,DR_20221209_143805,2730.0,0.6289792
4527,N04,DR_20221209_143805,2731.0,-0.07271777
4528,N04,DR_20221209_143805,2732.0,0.15213056
4529,N04,DR_20221209_143805,2733.0,-0.04240099
4530,N04,DR_20221209_143805,2734.0,-0.02747115
4531,N04,DR_20221209_143805,2735.0,-0.029244782
4532,N05,DR_20221209_143805,2736.0,0.30942267
4533,N05,DR_20221209_143805,2737.0,-0.0127022015
4534,N05,DR_20221209_143805,2738.0,0.24031134
4535,N05,DR_20221209_143805,2739.0,0.2461585
4536,N05,DR_20221209_143805,2740.0,0.70899767
4537,N05,DR_20221209_143805,2741.0,0.27326435
4538,N05,DR_20221209_143805,2742.0,-0.06438364
4539,N05,DR_20221209_143805,2743.0,0.036336146
4540,N05,DR_20221209_143805,2744.0,-0.050278727
4541,N06,DR_20221209_143805,2745.0,0.30420256
4542,N06,DR_20221209_143805,2746.0,0.585729
4543,N06,DR_20221209_143805,2747.0,0.03603414
4544,N06,DR_20221209_143805,2748.0,-0.01826032
4545,N06,DR_20221209_143805,2749.0,0.33451346
4546,N06,DR_20221209_143805,2750.0,0.8296154
4547,N06,DR_20221209_143805,2751.0,0.86837506
4548,N06,DR_20221209_143805,2752.0,0.53374004
4549,N06,DR_20221209_143805,2753.0,0.1648222
4550,N07,DR_20221209_143805,2754.0,1.0523885
4551,N07,DR_20221209_143805,2755.0,0.6444072
4552,N07,DR_20221209_143805,2756.0,0.6764979
4553,N07,DR_20221209_143805,2757.0,0.6974567
4554,N07,DR_20221209_143805,2758.0,1.0131984
4555,N07,DR_20221209_143805,2759.0,0.99955565
4556,N07,DR_20221209_143805,2760.0,0.9812561
4557,N07,DR_20221209_143805,2761.0,0.4327363
4558,N07,DR_20221209_143805,2762.0,0.70386696
4559,N08,DR_20221209_143805,2763.0,0.9475421
4560,N08,DR_20221209_143805,2764.0,0.027816374
4561,N08,DR_20221209_143805,2765.0,0.30066514
4562,N08,DR_20221209_143805,2766.0,0.8938144
4563,N08,DR_20221209_143805,2767.0,0.5668977
4564,N08,DR_20221209_143805,2768.0,1.006421
4565,N08,DR_20221209_143805,2769.0,0.7656078
4566,N08,DR_20221209_143805,2770.0,0.74735963
4567,N08,DR_20221209_143805,2771.0,0.9745109
4568,N09,DR_20221209_143805,2772.0,0.68705314
4569,N09,DR_20221209_143805,2773.0,0.820968
4570,N09,DR_20221209_143805,2774.0,0.32018566
4571,N09,DR_20221209_143805,2775.0,0.26332402
4572,N09,DR_20221209_143805,2776.0,0.11876592
4573,N09,DR_20221209_143805,2777.0,0.8794589
4574,N09,DR_20221209_143805,2778.0,0.8125105
4575,N09,DR_20221209_143805,2779.0,0.56878227
4576,N09,DR_20221209_143805,2780.0,0.42318076
4577,N10,DR_20221209_143805,2781.0,0.99302864
4578,N10,DR_20221209_143805,2782.0,0.83636624
4579,N10,DR_20221209_143805,2783.0,0.28729764
4580,N10,DR_20221209_143805,2784.0,0.5027624
4581,N10,DR_20221209_143805,2785.0,0.30014658
4582,N10,DR_20221209_143805,2786.0,0.3162575
4583,N10,DR_20221209_143805,2787.0,0.6552749
4584,N10,DR_20221209_143805,2788.0,0.77345884
4585,N10,DR_20221209_143805,2789.0,0.97729945
4586,N11,DR_20221209_143805,2790.0,0.6192904
4587,N11,DR_20221209_143805,2791.0,0.7200155
4588,N11,DR_20221209_143805,2792.0,0.7489541
4589,N11,DR_20221209_143805,2793.0,0.60631347
4590,N11,DR_20221209_143805,2794.0,0.2781871
4591,N11,DR_20221209_143805,2795.0,0.9846327
4592,N11,DR_20221209_143805,2796.0,0.8514179
4593,N11,DR_20221209_143805,2797.0,0.9692354
4594,N11,DR_20221209_143805,2798.0,0.5606498
4595,N12,DR_20221209_143805,2799.0,0.94249165
4596,N12,DR_20221209_143805,2800.0,0.9717299
4597,N12,DR_20221209_143805,2801.0,0.8826615
4598,N12,DR_20221209_143805,2802.0,0.34482595
4599,N12,DR_20221209_143805,2803.0,0.68717676
4600,N12,DR_20221209_143805,2804.0,1.0001887
4601,N12,DR_20221209_143805,2805.0,0.5787573
4602,N12,DR_20221209_143805,2806.0,0.27615604
4603,N12,DR_20221209_143805,2807.0,0.26984045
4622,O04,DR_20221209_143805,2835.0,0.5180971
4623,O04,DR_20221209_143805,2836.0,0.3255041
4624,O04,DR_20221209_143805,2837.0,-0.07614292
4625,O04,DR_20221209_143805,2838.0,-0.05639645
4626,O04,DR_20221209_143805,2839.0,0.05940318
4627,O04,DR_20221209_143805,2840.0,0.3560672
4628,O04,DR_20221209_143805,2841.0,0.4946188
4629,O04,DR_20221209_143805,2842.0,0.16742775
4630,O04,DR_20221209_143805,2843.0,0.41494262
4631,O05,DR_20221209_143805,2844.0,0.67775685
4632,O05,DR_20221209_143805,2845.0,0.7810671
4633,O05,DR_20221209_143805,2846.0,0.16846529
4634,O05,DR_20221209_143805,2847.0,0.30059803
4635,O05,DR_20221209_143805,2848.0,0.6960371
4636,O05,DR_20221209_143805,2849.0,0.7108543
4637,O05,DR_20221209_143805,2850.0,0.7517175
4638,O05,DR_20221209_143805,2851.0,0.45997235
4639,O05,DR_20221209_143805,2852.0,-0.03254005
4640,O06,DR_20221209_143805,2853.0,0.59380513
4641,O06,DR_20221209_143805,2854.0,-0.04194997
4642,O06,DR_20221209_143805,2855.0,0.25737795
4643,O06,DR_20221209_143805,2856.0,0.25856578
4644,O06,DR_20221209_143805,2857.0,0.05300384
4645,O06,DR_20221209_143805,2858.0,0.7385472
4646,O06,DR_20221209_143805,2859.0,0.62888795
4647,O06,DR_20221209_143805,2860.0,0.3223227
4648,O06,DR_20221209_143805,2861.0,0.4277332
4649,O07,DR_20221209_143805,2862.0,0.7265667
4650,O07,DR_20221209_143805,2863.0,0.6378724
4651,O07,DR_20221209_143805,2864.0,0.5854533
4652,O07,DR_20221209_143805,2865.0,0.119813405
4653,O07,DR_20221209_143805,2866.0,0.5744292
4654,O07,DR_20221209_143805,2867.0,0.44397902
4655,O07,DR_20221209_143805,2868.0,0.29499725
4656,O07,DR_20221209_143805,2869.0,0.5438371
4657,O07,DR_20221209_143805,2870.0,0.16907044
4658,O08,DR_20221209_143805,2871.0,0.80660254
4659,O08,DR_20221209_143805,2872.0,0.14487514
4660,O08,DR_20221209_143805,2873.0,0.9930589
4661,O08,DR_20221209_143805,2874.0,0.90497833
4662,O08,DR_20221209_143805,2875.0,0.8927135
4663,O08,DR_20221209_143805,2876.0,0.7337294
4664,O08,DR_20221209_143805,2877.0,0.7660674
4665,O08,DR_20221209_143805,2878.0,0.96626216
4666,O08,DR_20221209_143805,2879.0,1.0438547
4667,O09,DR_20221209_143805,2880.0,0.880875
4668,O09,DR_20221209_143805,2881.0,0.76099974
4669,O09,DR_20221209_143805,2882.0,0.8569194
4670,O09,DR_20221209_143805,2883.0,0.90483063
4671,O09,DR_20221209_143805,2884.0,0.9059652
4672,O09,DR_20221209_143805,2885.0,1.0054436
4673,O09,DR_20221209_143805,2886.0,1.053363
4674,O09,DR_20221209_143805,2887.0,0.30450284
4675,O09,DR_20221209_143805,2888.0,0.40546152
4676,O12,DR_20221209_143805,2907.0,0.8896928
4677,O12,DR_20221209_143805,2908.0,0.5033378
4678,O12,DR_20221209_143805,2909.0,0.46203673
4679,O12,DR_20221209_143805,2910.0,0.88817865
4680,O12,DR_20221209_143805,2911.0,0.21241552
4681,O12,DR_20221209_143805,2912.0,0.65152127
4682,O12,DR_20221209_143805,2913.0,0.81948876
4683,O12,DR_20221209_143805,2914.0,0.3910748
4684,O12,DR_20221209_143805,2915.0,0.29928166
