,Image_Metadata_WellID,Image_Metadata_PlateID,ImageNumber,score
1941,A03,DR_20221209_143805,19.0,0.87855446
1942,A03,DR_20221209_143805,20.0,0.5175398
1943,A03,DR_20221209_143805,21.0,0.6763117
1944,A03,DR_20221209_143805,22.0,0.0363788
1945,A03,DR_20221209_143805,23.0,0.7437088
1946,A03,DR_20221209_143805,24.0,0.8489871
1947,A03,DR_20221209_143805,25.0,0.7982952
1948,A03,DR_20221209_143805,26.0,0.78995776
1949,A03,DR_20221209_143805,27.0,0.03784168
1950,A04,DR_20221209_143805,28.0,0.98590845
1951,A04,DR_20221209_143805,29.0,0.9123739
1952,A04,DR_20221209_143805,30.0,0.99816585
1953,A04,DR_20221209_143805,31.0,1.0085099
1954,A04,DR_20221209_143805,32.0,1.0075712
1955,A04,DR_20221209_143805,33.0,1.0009432
1956,A04,DR_20221209_143805,34.0,0.9985757
1957,A04,DR_20221209_143805,35.0,1.001053
1958,A04,DR_20221209_143805,36.0,0.99804586
1959,A05,DR_20221209_143805,37.0,0.9991093
1960,A05,DR_20221209_143805,38.0,0.9992949
1961,A05,DR_20221209_143805,39.0,1.0005646
1962,A05,DR_20221209_143805,40.0,0.9996899
1963,A05,DR_20221209_143805,41.0,0.99857944
1964,A05,DR_20221209_143805,42.0,1.0057638
1965,A05,DR_20221209_143805,43.0,1.0003619
1966,A05,DR_20221209_143805,44.0,1.0014194
1967,A05,DR_20221209_143805,45.0,0.99931675
1968,A06,DR_20221209_143805,46.0,1.0010668
1969,A06,DR_20221209_143805,47.0,1.0003611
1970,A06,DR_20221209_143805,48.0,1.0001212
1971,A06,DR_20221209_143805,49.0,1.0004723
1972,A06,DR_20221209_143805,50.0,1.0045271
1973,A06,DR_20221209_143805,51.0,0.99857205
1974,A06,DR_20221209_143805,52.0,0.99829006
1975,A06,DR_20221209_143805,53.0,0.9978409
1976,A06,DR_20221209_143805,54.0,0.991275
1977,A07,DR_20221209_143805,55.0,0.99918604
1978,A07,DR_20221209_143805,56.0,0.99553317
1979,A07,DR_20221209_143805,57.0,0.99907315
1980,A07,DR_20221209_143805,58.0,0.99911374
1981,A07,DR_20221209_143805,59.0,1.0007368
1982,A07,DR_20221209_143805,60.0,1.0026028
1983,A07,DR_20221209_143805,61.0,0.9982805
1984,A07,DR_20221209_143805,62.0,1.0083879
1985,A07,DR_20221209_143805,63.0,0.9992425
1986,A08,DR_20221209_143805,64.0,1.0033617
1987,A08,DR_20221209_143805,65.0,1.0012367
1988,A08,DR_20221209_143805,66.0,1.0046793
1989,A08,DR_20221209_143805,67.0,1.000101
1990,A08,DR_20221209_143805,68.0,1.0007126
1991,A08,DR_20221209_143805,69.0,0.9999687
1992,A08,DR_20221209_143805,70.0,0.9723637
1993,A08,DR_20221209_143805,71.0,0.99960846
1994,A08,DR_20221209_143805,72.0,0.9969504
1995,A09,DR_20221209_143805,73.0,1.0137299
1996,A09,DR_20221209_143805,74.0,1.0029627
1997,A09,DR_20221209_143805,75.0,1.0065001
1998,A09,DR_20221209_143805,76.0,0.9994274
1999,A09,DR_20221209_143805,77.0,0.9896816
2000,A09,DR_20221209_143805,78.0,1.0001631
2001,A09,DR_20221209_143805,79.0,1.0047375
2002,A09,DR_20221209_143805,80.0,1.0033143
2003,A09,DR_20221209_143805,81.0,0.99908274
2004,A10,DR_20221209_143805,82.0,1.0028313
2005,A10,DR_20221209_143805,83.0,1.0021559
2006,A10,DR_20221209_143805,84.0,0.9992738
2007,A10,DR_20221209_143805,85.0,1.0000842
2008,A10,DR_20221209_143805,86.0,1.0143883
2009,A10,DR_20221209_143805,87.0,0.9939476
2010,A10,DR_20221209_143805,88.0,1.0009527
2011,A10,DR_20221209_143805,89.0,0.99766105
2012,A10,DR_20221209_143805,90.0,1.0002311
2013,A11,DR_20221209_143805,91.0,0.9982225
2014,A11,DR_20221209_143805,92.0,1.0014734
2015,A11,DR_20221209_143805,93.0,1.0001913
2016,A11,DR_20221209_143805,94.0,0.9962463
2017,A11,DR_20221209_143805,95.0,0.999875
2018,A11,DR_20221209_143805,96.0,0.999605
2019,A11,DR_20221209_143805,97.0,1.0023265
2020,A11,DR_20221209_143805,98.0,0.76628375
2021,A11,DR_20221209_143805,99.0,0.95615333
2022,A12,DR_20221209_143805,100.0,1.0037218
2023,A12,DR_20221209_143805,101.0,1.0011917
2024,A12,DR_20221209_143805,102.0,0.9980647
2025,A12,DR_20221209_143805,103.0,0.9840269
2026,A12,DR_20221209_143805,104.0,0.99833024
2027,A12,DR_20221209_143805,105.0,1.0002776
2028,A12,DR_20221209_143805,106.0,1.0015265
2029,A12,DR_20221209_143805,107.0,1.0018551
2030,A12,DR_20221209_143805,108.0,1.0013968
2031,A13,DR_20221209_143805,109.0,0.9975647
2032,A13,DR_20221209_143805,110.0,1.001194
2033,A13,DR_20221209_143805,111.0,0.9991894
2034,A13,DR_20221209_143805,112.0,1.0029677
2035,A13,DR_20221209_143805,113.0,1.0213503
2036,A13,DR_20221209_143805,114.0,0.9995534
2037,A13,DR_20221209_143805,115.0,0.99876314
2038,A13,DR_20221209_143805,116.0,0.999774
2039,A13,DR_20221209_143805,117.0,0.9989095
2040,A14,DR_20221209_143805,118.0,1.000128
2041,A14,DR_20221209_143805,119.0,0.99735355
2042,A14,DR_20221209_143805,120.0,1.0034733
2043,A14,DR_20221209_143805,121.0,0.99977607
2044,A14,DR_20221209_143805,122.0,0.9997227
2045,A14,DR_20221209_143805,123.0,0.99926955
2046,A14,DR_20221209_143805,124.0,1.0029588
2047,A14,DR_20221209_143805,125.0,0.98886496
2048,A14,DR_20221209_143805,126.0,0.99893975
2049,A15,DR_20221209_143805,127.0,1.0038694
2050,A15,DR_20221209_143805,128.0,0.9998615
2051,A15,DR_20221209_143805,129.0,1.0003077
2052,A15,DR_20221209_143805,130.0,1.000106
2053,A15,DR_20221209_143805,131.0,1.0021088
2054,A15,DR_20221209_143805,132.0,1.0005604
2055,A15,DR_20221209_143805,133.0,0.9708321
2056,A15,DR_20221209_143805,134.0,1.0016464
2057,A15,DR_20221209_143805,135.0,0.9999452
2058,A16,DR_20221209_143805,136.0,1.0035654
2059,A16,DR_20221209_143805,137.0,1.0001657
2060,A16,DR_20221209_143805,138.0,1.0049351
2061,A16,DR_20221209_143805,139.0,0.99839014
2062,A16,DR_20221209_143805,140.0,0.9992877
2063,A16,DR_20221209_143805,141.0,0.99909383
2064,A16,DR_20221209_143805,142.0,1.006609
2065,A16,DR_20221209_143805,143.0,1.0001565
2066,A16,DR_20221209_143805,144.0,0.99954337
2067,A17,DR_20221209_143805,145.0,1.0041217
2068,A17,DR_20221209_143805,146.0,0.9996507
2069,A17,DR_20221209_143805,147.0,1.001702
2070,A17,DR_20221209_143805,148.0,0.99841845
2071,A17,DR_20221209_143805,149.0,1.0013003
2072,A17,DR_20221209_143805,150.0,1.0022643
2073,A17,DR_20221209_143805,151.0,1.0030227
2074,A17,DR_20221209_143805,152.0,0.9924962
2075,A17,DR_20221209_143805,153.0,0.99773395
2076,A18,DR_20221209_143805,154.0,1.0018203
2077,A18,DR_20221209_143805,155.0,1.0018114
2078,A18,DR_20221209_143805,156.0,0.9982984
2079,A18,DR_20221209_143805,157.0,1.0058643
2080,A18,DR_20221209_143805,158.0,1.000442
2081,A18,DR_20221209_143805,159.0,1.0030847
2082,A18,DR_20221209_143805,160.0,1.0008394
2083,A18,DR_20221209_143805,161.0,0.9981365
2084,A18,DR_20221209_143805,162.0,0.998749
2085,A19,DR_20221209_143805,163.0,1.0011737
2086,A19,DR_20221209_143805,164.0,0.9934016
2087,A19,DR_20221209_143805,165.0,1.0000736
2088,A19,DR_20221209_143805,166.0,1.004027
2089,A19,DR_20221209_143805,167.0,0.5809614
2090,A19,DR_20221209_143805,168.0,0.99896824
2091,A19,DR_20221209_143805,169.0,1.0047649
2092,A19,DR_20221209_143805,170.0,1.0106603
2093,A19,DR_20221209_143805,171.0,0.9998903
2094,A20,DR_20221209_143805,172.0,1.0025562
2095,A20,DR_20221209_143805,173.0,0.99529016
2096,A20,DR_20221209_143805,174.0,1.0015752
2097,A20,DR_20221209_143805,175.0,0.9952247
2098,A20,DR_20221209_143805,176.0,0.99770707
2099,A20,DR_20221209_143805,177.0,0.9982462
2100,A20,DR_20221209_143805,178.0,0.9980347
2101,A20,DR_20221209_143805,179.0,1.0033988
2102,A20,DR_20221209_143805,180.0,0.99775505
2103,A21,DR_20221209_143805,181.0,0.9986573
2104,A21,DR_20221209_143805,182.0,0.98754936
2105,A21,DR_20221209_143805,183.0,0.9941492
2106,A21,DR_20221209_143805,184.0,0.99937135
2107,A21,DR_20221209_143805,185.0,0.9960765
2108,A21,DR_20221209_143805,186.0,1.002479
2109,A21,DR_20221209_143805,187.0,0.99979514
2110,A21,DR_20221209_143805,188.0,1.001845
2111,A21,DR_20221209_143805,189.0,1.000132
2112,A22,DR_20221209_143805,190.0,0.9993399
2113,A22,DR_20221209_143805,191.0,1.0002948
2114,A22,DR_20221209_143805,192.0,1.0018499
2115,A22,DR_20221209_143805,193.0,0.9748926
2116,A22,DR_20221209_143805,194.0,0.9988112
2117,A22,DR_20221209_143805,195.0,0.9996337
2118,A22,DR_20221209_143805,196.0,1.0015993
2119,A22,DR_20221209_143805,197.0,1.0001963
2120,A22,DR_20221209_143805,198.0,0.99692905
2157,B03,DR_20221209_143805,235.0,0.9957487
2158,B03,DR_20221209_143805,236.0,1.0018469
2159,B03,DR_20221209_143805,237.0,0.14732227
2160,B03,DR_20221209_143805,238.0,0.14976056
2161,B03,DR_20221209_143805,239.0,0.7933745
2162,B03,DR_20221209_143805,240.0,0.89174855
2163,B03,DR_20221209_143805,241.0,0.88764316
2164,B03,DR_20221209_143805,242.0,0.8914442
2165,B03,DR_20221209_143805,243.0,0.033854555
2166,B04,DR_20221209_143805,244.0,0.26796877
2167,B04,DR_20221209_143805,245.0,0.67990094
2168,B04,DR_20221209_143805,246.0,0.71204144
2169,B04,DR_20221209_143805,247.0,0.7858701
2170,B04,DR_20221209_143805,248.0,0.8739894
2171,B04,DR_20221209_143805,249.0,1.0273426
2172,B04,DR_20221209_143805,250.0,1.037702
2173,B04,DR_20221209_143805,251.0,0.87958455
2174,B04,DR_20221209_143805,252.0,0.043350544
2175,B05,DR_20221209_143805,253.0,0.996446
2176,B05,DR_20221209_143805,254.0,0.997443
2177,B05,DR_20221209_143805,255.0,1.0010333
2178,B05,DR_20221209_143805,256.0,1.0041
2179,B05,DR_20221209_143805,257.0,1.001553
2180,B05,DR_20221209_143805,258.0,1.0006151
2181,B05,DR_20221209_143805,259.0,0.9566049
2182,B05,DR_20221209_143805,260.0,1.0019131
2183,B05,DR_20221209_143805,261.0,1.0002999
2184,B06,DR_20221209_143805,262.0,0.9991521
2185,B06,DR_20221209_143805,263.0,0.99739385
2186,B06,DR_20221209_143805,264.0,1.0007625
2187,B06,DR_20221209_143805,265.0,0.9664348
2188,B06,DR_20221209_143805,266.0,0.9948234
2189,B06,DR_20221209_143805,267.0,0.99913853
2190,B06,DR_20221209_143805,268.0,0.9978254
2191,B06,DR_20221209_143805,269.0,1.00516
2192,B06,DR_20221209_143805,270.0,0.99816895
2193,B07,DR_20221209_143805,271.0,1.0034775
2194,B07,DR_20221209_143805,272.0,0.99997646
2195,B07,DR_20221209_143805,273.0,0.9997603
2196,B07,DR_20221209_143805,274.0,0.98395485
2197,B07,DR_20221209_143805,275.0,0.9988157
2198,B07,DR_20221209_143805,276.0,0.99896425
2199,B07,DR_20221209_143805,277.0,0.9984693
2200,B07,DR_20221209_143805,278.0,1.0029384
2201,B07,DR_20221209_143805,279.0,0.99864537
2202,B08,DR_20221209_143805,280.0,0.9994584
2203,B08,DR_20221209_143805,281.0,0.9992603
2204,B08,DR_20221209_143805,282.0,1.0016209
2205,B08,DR_20221209_143805,283.0,1.0031595
2206,B08,DR_20221209_143805,284.0,1.0010644
2207,B08,DR_20221209_143805,285.0,0.9987911
2208,B08,DR_20221209_143805,286.0,1.0000539
2209,B08,DR_20221209_143805,287.0,1.000199
2210,B08,DR_20221209_143805,288.0,0.99941653
2211,B09,DR_20221209_143805,289.0,1.0036684
2212,B09,DR_20221209_143805,290.0,1.0010308
2213,B09,DR_20221209_143805,291.0,1.0001589
2214,B09,DR_20221209_143805,292.0,0.9913536
2215,B09,DR_20221209_143805,293.0,0.99436593
2216,B09,DR_20221209_143805,294.0,0.9993848
2217,B09,DR_20221209_143805,295.0,0.99653697
2218,B09,DR_20221209_143805,296.0,0.99620414
2219,B09,DR_20221209_143805,297.0,0.99232113
2220,B10,DR_20221209_143805,298.0,0.9997653
2221,B10,DR_20221209_143805,299.0,0.99596626
2222,B10,DR_20221209_143805,300.0,0.99088156
2223,B10,DR_20221209_143805,301.0,0.59226936
2224,B10,DR_20221209_143805,302.0,1.016863
2225,B10,DR_20221209_143805,303.0,1.0310107
2226,B10,DR_20221209_143805,304.0,1.0025806
2227,B10,DR_20221209_143805,305.0,0.5715411
2228,B10,DR_20221209_143805,306.0,1.0015887
2229,B11,DR_20221209_143805,307.0,1.0001928
2230,B11,DR_20221209_143805,308.0,0.9958754
2231,B11,DR_20221209_143805,309.0,0.972708
2232,B11,DR_20221209_143805,310.0,0.9988048
2233,B11,DR_20221209_143805,311.0,1.0143843
2234,B11,DR_20221209_143805,312.0,0.9992979
2235,B11,DR_20221209_143805,313.0,0.9996552
2236,B11,DR_20221209_143805,314.0,1.0018559
2237,B11,DR_20221209_143805,315.0,1.00337
2238,B12,DR_20221209_143805,316.0,1.0132388
2239,B12,DR_20221209_143805,317.0,0.999058
2240,B12,DR_20221209_143805,318.0,0.99886686
2241,B12,DR_20221209_143805,319.0,0.99879944
2242,B12,DR_20221209_143805,320.0,0.99912816
2243,B12,DR_20221209_143805,321.0,1.0032345
2244,B12,DR_20221209_143805,322.0,0.99892485
2245,B12,DR_20221209_143805,323.0,1.0004082
2246,B12,DR_20221209_143805,324.0,0.9995636
2247,B13,DR_20221209_143805,325.0,1.0058193
2248,B13,DR_20221209_143805,326.0,0.9995655
2249,B13,DR_20221209_143805,327.0,1.004199
2250,B13,DR_20221209_143805,328.0,1.0008061
2251,B13,DR_20221209_143805,329.0,1.0027103
2252,B13,DR_20221209_143805,330.0,0.9996264
2253,B13,DR_20221209_143805,331.0,0.9994616
2254,B13,DR_20221209_143805,332.0,0.9753093
2255,B13,DR_20221209_143805,333.0,0.99980015
2256,B14,DR_20221209_143805,334.0,0.998735
2257,B14,DR_20221209_143805,335.0,1.0094131
2258,B14,DR_20221209_143805,336.0,0.99855584
2259,B14,DR_20221209_143805,337.0,1.0239207
2260,B14,DR_20221209_143805,338.0,0.6167644
2261,B14,DR_20221209_143805,339.0,1.0049042
2262,B14,DR_20221209_143805,340.0,1.0015239
2263,B14,DR_20221209_143805,341.0,0.9934376
2264,B14,DR_20221209_143805,342.0,0.97874767
2265,B15,DR_20221209_143805,343.0,0.99842125
2266,B15,DR_20221209_143805,344.0,0.99912727
2267,B15,DR_20221209_143805,345.0,1.0015612
2268,B15,DR_20221209_143805,346.0,0.9971981
2269,B15,DR_20221209_143805,347.0,1.0035685
2270,B15,DR_20221209_143805,348.0,1.0010815
2271,B15,DR_20221209_143805,349.0,1.0001098
2272,B15,DR_20221209_143805,350.0,0.997768
2273,B15,DR_20221209_143805,351.0,0.9980967
2274,B16,DR_20221209_143805,352.0,1.0020884
2275,B16,DR_20221209_143805,353.0,1.0006402
2276,B16,DR_20221209_143805,354.0,1.0005118
2277,B16,DR_20221209_143805,355.0,0.9995301
2278,B16,DR_20221209_143805,356.0,0.9933114
2279,B16,DR_20221209_143805,357.0,1.0004572
2280,B16,DR_20221209_143805,358.0,0.97388726
2281,B16,DR_20221209_143805,359.0,0.96735585
2282,B16,DR_20221209_143805,360.0,0.9979779
2283,B17,DR_20221209_143805,361.0,1.0098789
2284,B17,DR_20221209_143805,362.0,0.99886614
2285,B17,DR_20221209_143805,363.0,0.5289977
2286,B17,DR_20221209_143805,364.0,0.99489486
2287,B17,DR_20221209_143805,365.0,1.017643
2288,B17,DR_20221209_143805,366.0,0.9988989
2289,B17,DR_20221209_143805,367.0,0.9747218
2290,B17,DR_20221209_143805,368.0,0.99999523
2291,B17,DR_20221209_143805,369.0,0.9986248
2292,B18,DR_20221209_143805,370.0,0.9914832
2293,B18,DR_20221209_143805,371.0,1.0016363
2294,B18,DR_20221209_143805,372.0,1.0017191
2295,B18,DR_20221209_143805,373.0,1.0007826
2296,B18,DR_20221209_143805,374.0,1.0230838
2297,B18,DR_20221209_143805,375.0,0.9993311
2298,B18,DR_20221209_143805,376.0,0.9990915
2299,B18,DR_20221209_143805,377.0,0.99991524
2300,B18,DR_20221209_143805,378.0,1.0000576
2301,B19,DR_20221209_143805,379.0,1.0010308
2302,B19,DR_20221209_143805,380.0,1.0005339
2303,B19,DR_20221209_143805,381.0,0.97733885
2304,B19,DR_20221209_143805,382.0,0.9890695
2305,B19,DR_20221209_143805,383.0,1.0216951
2306,B19,DR_20221209_143805,384.0,1.0058564
2307,B19,DR_20221209_143805,385.0,0.9992989
2308,B19,DR_20221209_143805,386.0,1.0016028
2309,B19,DR_20221209_143805,387.0,1.0020345
2310,B20,DR_20221209_143805,388.0,0.9992998
2311,B20,DR_20221209_143805,389.0,0.99944043
2312,B20,DR_20221209_143805,390.0,1.0064951
2313,B20,DR_20221209_143805,391.0,0.9756146
2314,B20,DR_20221209_143805,392.0,0.9976999
2315,B20,DR_20221209_143805,393.0,1.0027515
2316,B20,DR_20221209_143805,394.0,0.99929124
2317,B20,DR_20221209_143805,395.0,0.994381
2318,B20,DR_20221209_143805,396.0,1.001989
2319,B21,DR_20221209_143805,397.0,0.9981517
2320,B21,DR_20221209_143805,398.0,1.009471
2321,B21,DR_20221209_143805,399.0,1.0042294
2322,B21,DR_20221209_143805,400.0,1.0034533
2323,B21,DR_20221209_143805,401.0,0.99405414
2324,B21,DR_20221209_143805,402.0,1.002822
2325,B21,DR_20221209_143805,403.0,1.0047021
2326,B21,DR_20221209_143805,404.0,1.0016348
2327,B21,DR_20221209_143805,405.0,0.9995427
2328,B22,DR_20221209_143805,406.0,0.9997025
2329,B22,DR_20221209_143805,407.0,0.9980106
2330,B22,DR_20221209_143805,408.0,0.9998189
2331,B22,DR_20221209_143805,409.0,1.0022261
2332,B22,DR_20221209_143805,410.0,0.9994816
2333,B22,DR_20221209_143805,411.0,0.99731123
2334,B22,DR_20221209_143805,412.0,0.53954536
2335,B22,DR_20221209_143805,413.0,1.0011442
2336,B22,DR_20221209_143805,414.0,1.0002631
2373,C03,DR_20221209_143805,451.0,1.0192528
2374,C03,DR_20221209_143805,452.0,1.0021763
2375,C03,DR_20221209_143805,453.0,1.0025772
2376,C03,DR_20221209_143805,454.0,1.0028571
2377,C03,DR_20221209_143805,455.0,1.0068982
2378,C03,DR_20221209_143805,456.0,1.008277
2379,C03,DR_20221209_143805,457.0,1.0034685
2380,C03,DR_20221209_143805,458.0,0.9990487
2381,C03,DR_20221209_143805,459.0,1.0032439
2382,C04,DR_20221209_143805,460.0,1.025199
2383,C04,DR_20221209_143805,461.0,0.8890716
2384,C04,DR_20221209_143805,462.0,1.0298914
2385,C04,DR_20221209_143805,463.0,0.81553787
2386,C04,DR_20221209_143805,464.0,0.67659956
2387,C04,DR_20221209_143805,465.0,0.90191615
2388,C04,DR_20221209_143805,466.0,0.4841524
2389,C04,DR_20221209_143805,467.0,0.88590324
2390,C04,DR_20221209_143805,468.0,0.9953952
2391,C05,DR_20221209_143805,469.0,1.0686111
2392,C05,DR_20221209_143805,470.0,0.9670418
2393,C05,DR_20221209_143805,471.0,0.8921396
2394,C05,DR_20221209_143805,472.0,0.8273645
2395,C05,DR_20221209_143805,473.0,1.0321983
2396,C05,DR_20221209_143805,474.0,1.0280455
2397,C05,DR_20221209_143805,475.0,0.96558124
2398,C05,DR_20221209_143805,476.0,1.0454526
2399,C05,DR_20221209_143805,477.0,0.8804718
2400,C06,DR_20221209_143805,478.0,1.0132445
2401,C06,DR_20221209_143805,479.0,1.0000294
2402,C06,DR_20221209_143805,480.0,1.0017586
2403,C06,DR_20221209_143805,481.0,0.9997909
2404,C06,DR_20221209_143805,482.0,1.0040411
2405,C06,DR_20221209_143805,483.0,0.9984793
2406,C06,DR_20221209_143805,484.0,0.99932736
2407,C06,DR_20221209_143805,485.0,1.0002015
2408,C06,DR_20221209_143805,486.0,1.000235
2409,C07,DR_20221209_143805,487.0,0.9994614
2410,C07,DR_20221209_143805,488.0,0.99352336
2411,C07,DR_20221209_143805,489.0,0.9992661
2412,C07,DR_20221209_143805,490.0,0.9912567
2413,C07,DR_20221209_143805,491.0,1.0012934
2414,C07,DR_20221209_143805,492.0,0.99985117
2415,C07,DR_20221209_143805,493.0,0.99934703
2416,C07,DR_20221209_143805,494.0,0.99865997
2417,C07,DR_20221209_143805,495.0,1.0000968
2418,C08,DR_20221209_143805,496.0,0.9935381
2419,C08,DR_20221209_143805,497.0,0.99448436
2420,C08,DR_20221209_143805,498.0,1.0018342
2421,C08,DR_20221209_143805,499.0,1.0009135
2422,C08,DR_20221209_143805,500.0,0.5904164
2423,C08,DR_20221209_143805,501.0,1.0001187
2424,C08,DR_20221209_143805,502.0,0.99880224
2425,C08,DR_20221209_143805,503.0,1.0026121
2426,C08,DR_20221209_143805,504.0,0.5635017
2427,C09,DR_20221209_143805,505.0,1.004606
2428,C09,DR_20221209_143805,506.0,1.001483
2429,C09,DR_20221209_143805,507.0,1.003334
2430,C09,DR_20221209_143805,508.0,1.0024095
2431,C09,DR_20221209_143805,509.0,1.0012734
2432,C09,DR_20221209_143805,510.0,0.9998229
2433,C09,DR_20221209_143805,511.0,1.0004457
2434,C09,DR_20221209_143805,512.0,1.0000525
2435,C09,DR_20221209_143805,513.0,1.0013146
2436,C10,DR_20221209_143805,514.0,1.000145
2437,C10,DR_20221209_143805,515.0,0.99862474
2438,C10,DR_20221209_143805,516.0,1.0033582
2439,C10,DR_20221209_143805,517.0,0.99041194
2440,C10,DR_20221209_143805,518.0,0.9997266
2441,C10,DR_20221209_143805,519.0,0.9996159
2442,C10,DR_20221209_143805,520.0,1.0129696
2443,C10,DR_20221209_143805,521.0,1.0014433
2444,C10,DR_20221209_143805,522.0,1.0055566
2445,C11,DR_20221209_143805,523.0,0.9982607
2446,C11,DR_20221209_143805,524.0,1.0001278
2447,C11,DR_20221209_143805,525.0,0.998446
2448,C11,DR_20221209_143805,526.0,1.0013309
2449,C11,DR_20221209_143805,527.0,0.9974339
2450,C11,DR_20221209_143805,528.0,0.9997756
2451,C11,DR_20221209_143805,529.0,1.0016724
2452,C11,DR_20221209_143805,530.0,0.56779855
2453,C11,DR_20221209_143805,531.0,1.000964
2454,C12,DR_20221209_143805,532.0,0.9995283
2455,C12,DR_20221209_143805,533.0,0.9999938
2456,C12,DR_20221209_143805,534.0,1.0019765
2457,C12,DR_20221209_143805,535.0,0.9846629
2458,C12,DR_20221209_143805,536.0,0.9965743
2459,C12,DR_20221209_143805,537.0,0.999532
2460,C12,DR_20221209_143805,538.0,0.9996117
2461,C12,DR_20221209_143805,539.0,1.000187
2462,C12,DR_20221209_143805,540.0,0.998949
2463,C13,DR_20221209_143805,541.0,1.006735
2464,C13,DR_20221209_143805,542.0,0.99895465
2465,C13,DR_20221209_143805,543.0,0.9997002
2466,C13,DR_20221209_143805,544.0,1.0052271
2467,C13,DR_20221209_143805,545.0,1.0115284
2468,C13,DR_20221209_143805,546.0,1.0000315
2469,C13,DR_20221209_143805,547.0,1.0002577
2470,C13,DR_20221209_143805,548.0,1.0030664
2471,C13,DR_20221209_143805,549.0,1.0058192
2472,C14,DR_20221209_143805,550.0,0.9953895
2473,C14,DR_20221209_143805,551.0,1.0141654
2474,C14,DR_20221209_143805,552.0,0.9996956
2475,C14,DR_20221209_143805,553.0,0.9983417
2476,C14,DR_20221209_143805,554.0,0.9941089
2477,C14,DR_20221209_143805,555.0,1.0025896
2478,C14,DR_20221209_143805,556.0,0.9993694
2479,C14,DR_20221209_143805,557.0,0.9951483
2480,C14,DR_20221209_143805,558.0,0.9976646
2481,C15,DR_20221209_143805,559.0,0.998595
2482,C15,DR_20221209_143805,560.0,0.9985386
2483,C15,DR_20221209_143805,561.0,0.99889255
2484,C15,DR_20221209_143805,562.0,0.99423146
2485,C15,DR_20221209_143805,563.0,0.5908607
2486,C15,DR_20221209_143805,564.0,1.000527
2487,C15,DR_20221209_143805,565.0,1.000026
2488,C15,DR_20221209_143805,566.0,1.001169
2489,C15,DR_20221209_143805,567.0,0.9985967
2490,C16,DR_20221209_143805,568.0,1.0032903
2491,C16,DR_20221209_143805,569.0,0.9992585
2492,C16,DR_20221209_143805,570.0,1.0017139
2493,C16,DR_20221209_143805,571.0,0.999342
2494,C16,DR_20221209_143805,572.0,1.0233244
2495,C16,DR_20221209_143805,573.0,0.99888337
2496,C16,DR_20221209_143805,574.0,0.97745645
2497,C16,DR_20221209_143805,575.0,1.0007737
2498,C16,DR_20221209_143805,576.0,0.9738885
2499,C17,DR_20221209_143805,577.0,0.9997848
2500,C17,DR_20221209_143805,578.0,1.0002643
2501,C17,DR_20221209_143805,579.0,0.99977154
2502,C17,DR_20221209_143805,580.0,0.9981942
2503,C17,DR_20221209_143805,581.0,0.9998115
2504,C17,DR_20221209_143805,582.0,0.99940985
2505,C17,DR_20221209_143805,583.0,0.9983137
2506,C17,DR_20221209_143805,584.0,0.99931765
2507,C17,DR_20221209_143805,585.0,0.9991604
2508,C18,DR_20221209_143805,586.0,1.0016297
2509,C18,DR_20221209_143805,587.0,0.9903816
2510,C18,DR_20221209_143805,588.0,0.9128089
2511,C18,DR_20221209_143805,589.0,1.002616
2512,C18,DR_20221209_143805,590.0,1.0054593
2513,C18,DR_20221209_143805,591.0,0.99963456
2514,C18,DR_20221209_143805,592.0,1.0035537
2515,C18,DR_20221209_143805,593.0,0.998152
2516,C18,DR_20221209_143805,594.0,1.017822
2517,C19,DR_20221209_143805,595.0,0.9998283
2518,C19,DR_20221209_143805,596.0,1.0005203
2519,C19,DR_20221209_143805,597.0,0.9998445
2520,C19,DR_20221209_143805,598.0,0.98823196
2521,C19,DR_20221209_143805,599.0,1.0135406
2522,C19,DR_20221209_143805,600.0,0.9979562
2523,C19,DR_20221209_143805,601.0,0.99851507
2524,C19,DR_20221209_143805,602.0,0.9978859
2525,C19,DR_20221209_143805,603.0,1.0019406
2526,C20,DR_20221209_143805,604.0,1.0132922
2527,C20,DR_20221209_143805,605.0,0.99450976
2528,C20,DR_20221209_143805,606.0,0.99963117
2529,C20,DR_20221209_143805,607.0,1.0001314
2530,C20,DR_20221209_143805,608.0,1.0005726
2531,C20,DR_20221209_143805,609.0,1.0003539
2532,C20,DR_20221209_143805,610.0,0.9999833
2533,C20,DR_20221209_143805,611.0,1.0016421
2534,C20,DR_20221209_143805,612.0,1.003661
2535,C21,DR_20221209_143805,613.0,0.9999803
2536,C21,DR_20221209_143805,614.0,0.9954736
2537,C21,DR_20221209_143805,615.0,0.999485
2538,C21,DR_20221209_143805,616.0,0.99844116
2539,C21,DR_20221209_143805,617.0,1.0007215
2540,C21,DR_20221209_143805,618.0,0.9990985
2541,C21,DR_20221209_143805,619.0,1.0024756
2542,C21,DR_20221209_143805,620.0,1.0007126
2543,C21,DR_20221209_143805,621.0,1.0016091
2544,C22,DR_20221209_143805,622.0,0.9998348
2545,C22,DR_20221209_143805,623.0,1.0005333
2546,C22,DR_20221209_143805,624.0,0.99996746
2547,C22,DR_20221209_143805,625.0,1.0041931
2548,C22,DR_20221209_143805,626.0,0.9982439
2549,C22,DR_20221209_143805,627.0,0.996831
2550,C22,DR_20221209_143805,628.0,0.99731976
2551,C22,DR_20221209_143805,629.0,1.0011597
2552,C22,DR_20221209_143805,630.0,0.99336237
2589,D03,DR_20221209_143805,667.0,0.8719844
2590,D03,DR_20221209_143805,668.0,1.0441331
2591,D03,DR_20221209_143805,669.0,0.34625414
2592,D03,DR_20221209_143805,670.0,0.8081585
2593,D03,DR_20221209_143805,671.0,0.84670717
2594,D03,DR_20221209_143805,672.0,1.0447078
2595,D03,DR_20221209_143805,673.0,0.28989574
2596,D03,DR_20221209_143805,674.0,1.0384005
2597,D03,DR_20221209_143805,675.0,0.8004511
2598,D04,DR_20221209_143805,676.0,0.99858105
2599,D04,DR_20221209_143805,677.0,1.0020708
2600,D04,DR_20221209_143805,678.0,0.9796536
2601,D04,DR_20221209_143805,679.0,0.063436344
2602,D04,DR_20221209_143805,680.0,0.9660536
2603,D04,DR_20221209_143805,681.0,0.14991313
2604,D04,DR_20221209_143805,682.0,1.0130163
2605,D04,DR_20221209_143805,683.0,0.3875121
2606,D04,DR_20221209_143805,684.0,1.000123
2607,D05,DR_20221209_143805,685.0,0.01845935
2608,D05,DR_20221209_143805,686.0,0.94309264
2609,D05,DR_20221209_143805,687.0,1.0039339
2610,D05,DR_20221209_143805,688.0,0.02237941
2611,D05,DR_20221209_143805,689.0,1.0064127
2612,D05,DR_20221209_143805,690.0,1.0172402
2613,D05,DR_20221209_143805,691.0,1.0024698
2614,D05,DR_20221209_143805,692.0,1.0026636
2615,D05,DR_20221209_143805,693.0,1.0040513
2616,D06,DR_20221209_143805,694.0,0.95766294
2617,D06,DR_20221209_143805,695.0,0.7881987
2618,D06,DR_20221209_143805,696.0,0.54320073
2619,D06,DR_20221209_143805,697.0,0.9108274
2620,D06,DR_20221209_143805,698.0,0.8245191
2621,D06,DR_20221209_143805,699.0,0.90037566
2622,D06,DR_20221209_143805,700.0,0.078925766
2623,D06,DR_20221209_143805,701.0,0.6795681
2624,D06,DR_20221209_143805,702.0,0.79398084
2625,D07,DR_20221209_143805,703.0,0.87254554
2626,D07,DR_20221209_143805,704.0,0.9152036
2627,D07,DR_20221209_143805,705.0,0.9986979
2628,D07,DR_20221209_143805,706.0,0.7649819
2629,D07,DR_20221209_143805,707.0,0.8491136
2630,D07,DR_20221209_143805,708.0,0.9863758
2631,D07,DR_20221209_143805,709.0,0.40680334
2632,D07,DR_20221209_143805,710.0,0.9839847
2633,D07,DR_20221209_143805,711.0,0.9169977
2634,D09,DR_20221209_143805,721.0,1.0047731
2635,D09,DR_20221209_143805,722.0,0.99875146
2636,D09,DR_20221209_143805,723.0,0.99854916
2637,D09,DR_20221209_143805,724.0,1.0009662
2638,D09,DR_20221209_143805,725.0,1.0171607
2639,D09,DR_20221209_143805,726.0,1.0194038
2640,D09,DR_20221209_143805,727.0,0.9985862
2641,D09,DR_20221209_143805,728.0,0.9948406
2642,D09,DR_20221209_143805,729.0,0.82383335
2643,D10,DR_20221209_143805,730.0,1.0011241
2644,D10,DR_20221209_143805,731.0,0.9992893
2645,D10,DR_20221209_143805,732.0,0.96623945
2646,D10,DR_20221209_143805,733.0,0.9962885
2647,D10,DR_20221209_143805,734.0,0.9989928
2648,D10,DR_20221209_143805,735.0,0.9986331
2649,D10,DR_20221209_143805,736.0,0.8060294
2650,D10,DR_20221209_143805,737.0,0.99901336
2651,D10,DR_20221209_143805,738.0,1.0078274
2652,D11,DR_20221209_143805,739.0,1.0022335
2653,D11,DR_20221209_143805,740.0,1.018611
2654,D11,DR_20221209_143805,741.0,1.001604
2655,D11,DR_20221209_143805,742.0,1.00271
2656,D11,DR_20221209_143805,743.0,1.041119
2657,D11,DR_20221209_143805,744.0,0.99936134
2658,D11,DR_20221209_143805,745.0,0.9987394
2659,D11,DR_20221209_143805,746.0,1.0032345
2660,D11,DR_20221209_143805,747.0,0.9565014
2661,D12,DR_20221209_143805,748.0,0.9990957
2662,D12,DR_20221209_143805,749.0,1.0112578
2663,D12,DR_20221209_143805,750.0,1.000828
2664,D12,DR_20221209_143805,751.0,1.0189412
2665,D12,DR_20221209_143805,752.0,1.0100673
2666,D12,DR_20221209_143805,753.0,1.0171019
2667,D12,DR_20221209_143805,754.0,0.9990967
2668,D12,DR_20221209_143805,755.0,1.0007141
2669,D12,DR_20221209_143805,756.0,1.002495
2670,D13,DR_20221209_143805,757.0,0.9963821
2671,D13,DR_20221209_143805,758.0,1.0010566
2672,D13,DR_20221209_143805,759.0,1.0136592
2673,D13,DR_20221209_143805,760.0,0.99985576
2674,D13,DR_20221209_143805,761.0,0.9370616
2675,D13,DR_20221209_143805,762.0,0.9862475
2676,D13,DR_20221209_143805,763.0,0.9928861
2677,D13,DR_20221209_143805,764.0,1.004396
2678,D13,DR_20221209_143805,765.0,0.9980663
2679,D14,DR_20221209_143805,766.0,1.0302647
2680,D14,DR_20221209_143805,767.0,0.57269603
2681,D14,DR_20221209_143805,768.0,0.5575012
2682,D14,DR_20221209_143805,769.0,1.0465416
2683,D14,DR_20221209_143805,770.0,0.5566021
2684,D14,DR_20221209_143805,771.0,0.99521315
2685,D14,DR_20221209_143805,772.0,1.0008266
2686,D14,DR_20221209_143805,773.0,0.99772775
2687,D14,DR_20221209_143805,774.0,0.9990414
2688,D15,DR_20221209_143805,775.0,0.9985454
2689,D15,DR_20221209_143805,776.0,0.56414074
2690,D15,DR_20221209_143805,777.0,0.56851995
2691,D15,DR_20221209_143805,778.0,0.53491575
2692,D15,DR_20221209_143805,779.0,0.50608015
2693,D15,DR_20221209_143805,780.0,0.5610219
2694,D15,DR_20221209_143805,781.0,0.99871194
2695,D15,DR_20221209_143805,782.0,0.56344575
2696,D15,DR_20221209_143805,783.0,0.9635997
2697,D16,DR_20221209_143805,784.0,1.0104206
2698,D16,DR_20221209_143805,785.0,1.0006801
2699,D16,DR_20221209_143805,786.0,0.99357605
2700,D16,DR_20221209_143805,787.0,0.57045335
2701,D16,DR_20221209_143805,788.0,0.536634
2702,D16,DR_20221209_143805,789.0,0.9985198
2703,D16,DR_20221209_143805,790.0,0.5643855
2704,D16,DR_20221209_143805,791.0,0.56622446
2705,D16,DR_20221209_143805,792.0,1.0104823
2706,D17,DR_20221209_143805,793.0,1.0083612
2707,D17,DR_20221209_143805,794.0,0.99945426
2708,D17,DR_20221209_143805,795.0,1.0002126
2709,D17,DR_20221209_143805,796.0,0.9922073
2710,D17,DR_20221209_143805,797.0,0.9970244
2711,D17,DR_20221209_143805,798.0,0.9999602
2712,D17,DR_20221209_143805,799.0,1.0051146
2713,D17,DR_20221209_143805,800.0,1.0027293
2714,D17,DR_20221209_143805,801.0,0.9977033
2715,D18,DR_20221209_143805,802.0,1.0083005
2716,D18,DR_20221209_143805,803.0,0.9978203
2717,D18,DR_20221209_143805,804.0,1.0005008
2718,D18,DR_20221209_143805,805.0,0.9986293
2719,D18,DR_20221209_143805,806.0,0.9997272
2720,D18,DR_20221209_143805,807.0,0.99993217
2721,D18,DR_20221209_143805,808.0,1.0086495
2722,D18,DR_20221209_143805,809.0,0.9894439
2723,D18,DR_20221209_143805,810.0,0.97120523
2724,D19,DR_20221209_143805,811.0,1.0147
2725,D19,DR_20221209_143805,812.0,0.9801971
2726,D19,DR_20221209_143805,813.0,0.8197005
2727,D19,DR_20221209_143805,814.0,0.57616717
2728,D19,DR_20221209_143805,815.0,1.0003811
2729,D19,DR_20221209_143805,816.0,0.99751395
2730,D19,DR_20221209_143805,817.0,1.0051802
2731,D19,DR_20221209_143805,818.0,0.5630037
2732,D19,DR_20221209_143805,819.0,1.0008636
2733,D20,DR_20221209_143805,820.0,0.99898744
2734,D20,DR_20221209_143805,821.0,0.9991882
2735,D20,DR_20221209_143805,822.0,1.0004922
2736,D20,DR_20221209_143805,823.0,0.99718094
2737,D20,DR_20221209_143805,824.0,1.0003273
2738,D20,DR_20221209_143805,825.0,0.99939364
2739,D20,DR_20221209_143805,826.0,0.99952394
2740,D20,DR_20221209_143805,827.0,0.99934345
2741,D20,DR_20221209_143805,828.0,1.0004439
2742,D21,DR_20221209_143805,829.0,0.99663347
2743,D21,DR_20221209_143805,830.0,0.99947804
2744,D21,DR_20221209_143805,831.0,0.92933404
2745,D21,DR_20221209_143805,832.0,0.9857182
2746,D21,DR_20221209_143805,833.0,1.0027378
2747,D21,DR_20221209_143805,834.0,0.99952585
2748,D21,DR_20221209_143805,835.0,0.9952647
2749,D21,DR_20221209_143805,836.0,0.9984977
2750,D21,DR_20221209_143805,837.0,0.94431007
2751,D22,DR_20221209_143805,838.0,0.99978954
2752,D22,DR_20221209_143805,839.0,1.0230052
2753,D22,DR_20221209_143805,840.0,0.8731999
2754,D22,DR_20221209_143805,841.0,1.0013808
2755,D22,DR_20221209_143805,842.0,1.0191877
2756,D22,DR_20221209_143805,843.0,1.0019488
2757,D22,DR_20221209_143805,844.0,1.0012225
2758,D22,DR_20221209_143805,845.0,0.9962316
2759,D22,DR_20221209_143805,846.0,1.0003759
2796,E03,DR_20221209_143805,883.0,0.99947536
2797,E03,DR_20221209_143805,884.0,1.0003408
2798,E03,DR_20221209_143805,885.0,1.0181942
2799,E03,DR_20221209_143805,886.0,0.047146246
2800,E03,DR_20221209_143805,887.0,0.951021
2801,E03,DR_20221209_143805,888.0,0.8275623
2802,E03,DR_20221209_143805,889.0,0.88539785
2803,E03,DR_20221209_143805,890.0,0.40236965
2804,E03,DR_20221209_143805,891.0,0.38723892
2805,E04,DR_20221209_143805,892.0,0.95124024
2806,E04,DR_20221209_143805,893.0,0.28036615
2807,E04,DR_20221209_143805,894.0,0.73272383
2808,E04,DR_20221209_143805,895.0,0.9822844
2809,E04,DR_20221209_143805,896.0,0.9792073
2810,E04,DR_20221209_143805,897.0,0.5617441
2811,E04,DR_20221209_143805,898.0,0.4377341
2812,E04,DR_20221209_143805,899.0,0.7566553
2813,E04,DR_20221209_143805,900.0,1.0025264
2814,E05,DR_20221209_143805,901.0,1.0338471
2815,E05,DR_20221209_143805,902.0,1.0112518
2816,E05,DR_20221209_143805,903.0,0.30220288
2817,E05,DR_20221209_143805,904.0,0.6807176
2818,E05,DR_20221209_143805,905.0,1.03842
2819,E05,DR_20221209_143805,906.0,1.0414276
2820,E05,DR_20221209_143805,907.0,0.33185026
2821,E05,DR_20221209_143805,908.0,0.38983127
2822,E05,DR_20221209_143805,909.0,1.0377506
2823,E06,DR_20221209_143805,910.0,1.0637665
2824,E06,DR_20221209_143805,911.0,0.36436212
2825,E06,DR_20221209_143805,912.0,0.70539594
2826,E06,DR_20221209_143805,913.0,0.33887544
2827,E06,DR_20221209_143805,914.0,0.70283985
2828,E06,DR_20221209_143805,915.0,1.0414793
2829,E06,DR_20221209_143805,916.0,0.27046704
2830,E06,DR_20221209_143805,917.0,1.0311893
2831,E06,DR_20221209_143805,918.0,0.47762904
2832,E07,DR_20221209_143805,919.0,0.8778975
2833,E07,DR_20221209_143805,920.0,0.14981152
2834,E07,DR_20221209_143805,921.0,0.13744774
2835,E07,DR_20221209_143805,922.0,1.0027057
2836,E07,DR_20221209_143805,923.0,0.799271
2837,E07,DR_20221209_143805,924.0,0.9148958
2838,E07,DR_20221209_143805,925.0,0.88049537
2839,E07,DR_20221209_143805,926.0,0.9804117
2840,E07,DR_20221209_143805,927.0,0.031569365
2841,E08,DR_20221209_143805,928.0,0.8657816
2842,E08,DR_20221209_143805,929.0,1.0511801
2843,E08,DR_20221209_143805,930.0,1.0062166
2844,E08,DR_20221209_143805,931.0,1.0015589
2845,E08,DR_20221209_143805,932.0,0.5677028
2846,E08,DR_20221209_143805,933.0,1.0560656
2847,E08,DR_20221209_143805,934.0,0.9289962
2848,E08,DR_20221209_143805,935.0,0.7374917
2849,E08,DR_20221209_143805,936.0,0.036989372
2850,E09,DR_20221209_143805,937.0,0.9992196
2851,E09,DR_20221209_143805,938.0,0.99970466
2852,E09,DR_20221209_143805,939.0,1.0016962
2853,E09,DR_20221209_143805,940.0,0.9994465
2854,E09,DR_20221209_143805,941.0,1.0280877
2855,E09,DR_20221209_143805,942.0,1.0048397
2856,E09,DR_20221209_143805,943.0,0.9951869
2857,E09,DR_20221209_143805,944.0,0.99589443
2858,E09,DR_20221209_143805,945.0,0.99269396
2859,E10,DR_20221209_143805,946.0,0.9962913
2860,E10,DR_20221209_143805,947.0,1.0018495
2861,E10,DR_20221209_143805,948.0,1.0012395
2862,E10,DR_20221209_143805,949.0,1.0002375
2863,E10,DR_20221209_143805,950.0,0.9986823
2864,E10,DR_20221209_143805,951.0,1.000073
2865,E10,DR_20221209_143805,952.0,0.99649334
2866,E10,DR_20221209_143805,953.0,0.9991976
2867,E10,DR_20221209_143805,954.0,1.00438
2868,E11,DR_20221209_143805,955.0,1.0000558
2869,E11,DR_20221209_143805,956.0,0.99950534
2870,E11,DR_20221209_143805,957.0,1.001902
2871,E11,DR_20221209_143805,958.0,0.99961334
2872,E11,DR_20221209_143805,959.0,1.0454222
2873,E11,DR_20221209_143805,960.0,1.017918
2874,E11,DR_20221209_143805,961.0,1.006283
2875,E11,DR_20221209_143805,962.0,1.0023527
2876,E11,DR_20221209_143805,963.0,1.0020416
2877,E12,DR_20221209_143805,964.0,0.99952984
2878,E12,DR_20221209_143805,965.0,1.0007226
2879,E12,DR_20221209_143805,966.0,0.99712986
2880,E12,DR_20221209_143805,967.0,1.0001612
2881,E12,DR_20221209_143805,968.0,1.0014815
2882,E12,DR_20221209_143805,969.0,1.0001166
2883,E12,DR_20221209_143805,970.0,0.9979741
2884,E12,DR_20221209_143805,971.0,1.0214167
2885,E12,DR_20221209_143805,972.0,1.001309
2886,E13,DR_20221209_143805,973.0,1.0037804
2887,E13,DR_20221209_143805,974.0,0.9981887
2888,E13,DR_20221209_143805,975.0,1.0010225
2889,E13,DR_20221209_143805,976.0,0.99987483
2890,E13,DR_20221209_143805,977.0,1.0013957
2891,E13,DR_20221209_143805,978.0,1.0005059
2892,E13,DR_20221209_143805,979.0,0.9975635
2893,E13,DR_20221209_143805,980.0,1.0009557
2894,E13,DR_20221209_143805,981.0,0.99897057
2895,E14,DR_20221209_143805,982.0,0.9974179
2896,E14,DR_20221209_143805,983.0,0.99610984
2897,E14,DR_20221209_143805,984.0,0.13442975
2898,E14,DR_20221209_143805,985.0,0.545015
2899,E14,DR_20221209_143805,986.0,0.5746193
2900,E14,DR_20221209_143805,987.0,0.99949986
2901,E14,DR_20221209_143805,988.0,1.0005746
2902,E14,DR_20221209_143805,989.0,0.9949804
2903,E14,DR_20221209_143805,990.0,0.9918701
2904,E15,DR_20221209_143805,991.0,0.9992828
2905,E15,DR_20221209_143805,992.0,1.0041307
2906,E15,DR_20221209_143805,993.0,1.0029387
2907,E15,DR_20221209_143805,994.0,0.9960429
2908,E15,DR_20221209_143805,995.0,0.57140446
2909,E15,DR_20221209_143805,996.0,0.99853987
2910,E15,DR_20221209_143805,997.0,1.000431
2911,E15,DR_20221209_143805,998.0,0.9979423
2912,E15,DR_20221209_143805,999.0,1.0017908
2913,E16,DR_20221209_143805,1000.0,0.99867845
2914,E16,DR_20221209_143805,1001.0,1.0014995
2915,E16,DR_20221209_143805,1002.0,1.000399
2916,E16,DR_20221209_143805,1003.0,0.999094
2917,E16,DR_20221209_143805,1004.0,0.9806517
2918,E16,DR_20221209_143805,1005.0,0.9992917
2919,E16,DR_20221209_143805,1006.0,0.5469771
2920,E16,DR_20221209_143805,1007.0,0.99644053
2921,E16,DR_20221209_143805,1008.0,1.0047797
2922,E17,DR_20221209_143805,1009.0,0.99884444
2923,E17,DR_20221209_143805,1010.0,0.99877566
2924,E17,DR_20221209_143805,1011.0,1.0003474
2925,E17,DR_20221209_143805,1012.0,1.0040519
2926,E17,DR_20221209_143805,1013.0,0.99983597
2927,E17,DR_20221209_143805,1014.0,0.99533266
2928,E17,DR_20221209_143805,1015.0,0.99967474
2929,E17,DR_20221209_143805,1016.0,0.9932632
2930,E17,DR_20221209_143805,1017.0,0.9974724
2931,E18,DR_20221209_143805,1018.0,0.9998425
2932,E18,DR_20221209_143805,1019.0,0.99886525
2933,E18,DR_20221209_143805,1020.0,0.998501
2934,E18,DR_20221209_143805,1021.0,1.0016016
2935,E18,DR_20221209_143805,1022.0,1.0046996
2936,E18,DR_20221209_143805,1023.0,0.99576586
2937,E18,DR_20221209_143805,1024.0,0.9988914
2938,E18,DR_20221209_143805,1025.0,0.9963575
2939,E18,DR_20221209_143805,1026.0,0.97278416
2940,E19,DR_20221209_143805,1027.0,0.9970261
2941,E19,DR_20221209_143805,1028.0,1.0022478
2942,E19,DR_20221209_143805,1029.0,0.99794626
2943,E19,DR_20221209_143805,1030.0,1.0019736
2944,E19,DR_20221209_143805,1031.0,0.9996852
2945,E19,DR_20221209_143805,1032.0,0.9987836
2946,E19,DR_20221209_143805,1033.0,0.9974969
2947,E19,DR_20221209_143805,1034.0,1.0011531
2948,E19,DR_20221209_143805,1035.0,0.99890333
2949,E20,DR_20221209_143805,1036.0,0.9991578
2950,E20,DR_20221209_143805,1037.0,1.0018657
2951,E20,DR_20221209_143805,1038.0,1.0017227
2952,E20,DR_20221209_143805,1039.0,0.96660626
2953,E20,DR_20221209_143805,1040.0,0.9996859
2954,E20,DR_20221209_143805,1041.0,0.9974196
2955,E20,DR_20221209_143805,1042.0,0.99904627
2956,E20,DR_20221209_143805,1043.0,1.00992
2957,E20,DR_20221209_143805,1044.0,1.004724
2958,E21,DR_20221209_143805,1045.0,0.99402946
2959,E21,DR_20221209_143805,1046.0,0.9752506
2960,E21,DR_20221209_143805,1047.0,0.9985718
2961,E21,DR_20221209_143805,1048.0,0.9982847
2962,E21,DR_20221209_143805,1049.0,1.002985
2963,E21,DR_20221209_143805,1050.0,1.00215
2964,E21,DR_20221209_143805,1051.0,0.9998439
2965,E21,DR_20221209_143805,1052.0,0.9982161
2966,E21,DR_20221209_143805,1053.0,0.9994042
2967,E22,DR_20221209_143805,1054.0,0.97634107
2968,E22,DR_20221209_143805,1055.0,0.99087334
2969,E22,DR_20221209_143805,1056.0,0.9860199
2970,E22,DR_20221209_143805,1057.0,1.0013832
2971,E22,DR_20221209_143805,1058.0,1.007976
2972,E22,DR_20221209_143805,1059.0,1.0010828
2973,E22,DR_20221209_143805,1060.0,1.0002298
2974,E22,DR_20221209_143805,1061.0,1.0001731
2975,E22,DR_20221209_143805,1062.0,0.99962324
3012,F03,DR_20221209_143805,1099.0,1.0511116
3013,F03,DR_20221209_143805,1100.0,1.0267493
3014,F03,DR_20221209_143805,1101.0,0.998738
3015,F03,DR_20221209_143805,1102.0,1.003282
3016,F03,DR_20221209_143805,1103.0,0.81187886
3017,F03,DR_20221209_143805,1104.0,0.84416753
3018,F03,DR_20221209_143805,1105.0,0.90656936
3019,F03,DR_20221209_143805,1106.0,0.032376096
3020,F03,DR_20221209_143805,1107.0,0.034054104
3021,F04,DR_20221209_143805,1108.0,1.0458901
3022,F04,DR_20221209_143805,1109.0,1.057555
3023,F04,DR_20221209_143805,1110.0,0.5884109
3024,F04,DR_20221209_143805,1111.0,0.7930572
3025,F04,DR_20221209_143805,1112.0,0.8805656
3026,F04,DR_20221209_143805,1113.0,0.27959543
3027,F04,DR_20221209_143805,1114.0,0.42021528
3028,F04,DR_20221209_143805,1115.0,1.0145935
3029,F04,DR_20221209_143805,1116.0,0.27168918
3030,F05,DR_20221209_143805,1117.0,1.0145463
3031,F05,DR_20221209_143805,1118.0,0.87774116
3032,F05,DR_20221209_143805,1119.0,0.26995498
3033,F05,DR_20221209_143805,1120.0,0.8589297
3034,F05,DR_20221209_143805,1121.0,0.81329346
3035,F05,DR_20221209_143805,1122.0,0.2580083
3036,F05,DR_20221209_143805,1123.0,0.79523766
3037,F05,DR_20221209_143805,1124.0,0.82986647
3038,F05,DR_20221209_143805,1125.0,0.79766554
3039,F06,DR_20221209_143805,1126.0,1.0601248
3040,F06,DR_20221209_143805,1127.0,0.8545321
3041,F06,DR_20221209_143805,1128.0,0.9097584
3042,F06,DR_20221209_143805,1129.0,0.79568315
3043,F06,DR_20221209_143805,1130.0,0.5989173
3044,F06,DR_20221209_143805,1131.0,1.0367621
3045,F06,DR_20221209_143805,1132.0,0.24364418
3046,F06,DR_20221209_143805,1133.0,0.6093825
3047,F06,DR_20221209_143805,1134.0,0.98626256
3048,F07,DR_20221209_143805,1135.0,0.9324258
3049,F07,DR_20221209_143805,1136.0,1.0437943
3050,F07,DR_20221209_143805,1137.0,0.70213807
3051,F07,DR_20221209_143805,1138.0,1.0087396
3052,F07,DR_20221209_143805,1139.0,0.8751204
3053,F07,DR_20221209_143805,1140.0,0.8694086
3054,F07,DR_20221209_143805,1141.0,0.80231017
3055,F07,DR_20221209_143805,1142.0,0.6867256
3056,F07,DR_20221209_143805,1143.0,0.02881174
3057,F08,DR_20221209_143805,1144.0,0.7550415
3058,F08,DR_20221209_143805,1145.0,0.98085153
3059,F08,DR_20221209_143805,1146.0,0.9966864
3060,F08,DR_20221209_143805,1147.0,1.0135033
3061,F08,DR_20221209_143805,1148.0,0.82280636
3062,F08,DR_20221209_143805,1149.0,1.0561254
3063,F08,DR_20221209_143805,1150.0,0.07542722
3064,F08,DR_20221209_143805,1151.0,0.8963298
3065,F08,DR_20221209_143805,1152.0,0.8685038
3066,F09,DR_20221209_143805,1153.0,1.0034176
3067,F09,DR_20221209_143805,1154.0,0.99996597
3068,F09,DR_20221209_143805,1155.0,0.9881063
3069,F09,DR_20221209_143805,1156.0,0.99749845
3070,F09,DR_20221209_143805,1157.0,1.0140074
3071,F09,DR_20221209_143805,1158.0,0.9989003
3072,F09,DR_20221209_143805,1159.0,1.0019088
3073,F09,DR_20221209_143805,1160.0,1.0248125
3074,F09,DR_20221209_143805,1161.0,0.99866784
3075,F10,DR_20221209_143805,1162.0,1.0009975
3076,F10,DR_20221209_143805,1163.0,1.0365719
3077,F10,DR_20221209_143805,1164.0,0.99650395
3078,F10,DR_20221209_143805,1165.0,0.9983583
3079,F10,DR_20221209_143805,1166.0,1.016724
3080,F10,DR_20221209_143805,1167.0,1.021505
3081,F10,DR_20221209_143805,1168.0,0.9943567
3082,F10,DR_20221209_143805,1169.0,0.81737626
3083,F10,DR_20221209_143805,1170.0,1.00374
3084,F11,DR_20221209_143805,1171.0,0.99939114
3085,F11,DR_20221209_143805,1172.0,1.0006082
3086,F11,DR_20221209_143805,1173.0,1.0013055
3087,F11,DR_20221209_143805,1174.0,1.0025818
3088,F11,DR_20221209_143805,1175.0,1.0187807
3089,F11,DR_20221209_143805,1176.0,1.0258763
3090,F11,DR_20221209_143805,1177.0,1.0003742
3091,F11,DR_20221209_143805,1178.0,0.99465936
3092,F11,DR_20221209_143805,1179.0,1.0002917
3093,F12,DR_20221209_143805,1180.0,1.00167
3094,F12,DR_20221209_143805,1181.0,1.0003096
3095,F12,DR_20221209_143805,1182.0,0.99988186
3096,F12,DR_20221209_143805,1183.0,0.99201477
3097,F12,DR_20221209_143805,1184.0,1.0188386
3098,F12,DR_20221209_143805,1185.0,0.9970368
3099,F12,DR_20221209_143805,1186.0,1.0009223
3100,F12,DR_20221209_143805,1187.0,0.9988743
3101,F12,DR_20221209_143805,1188.0,0.98995847
3102,F13,DR_20221209_143805,1189.0,1.0049789
3103,F13,DR_20221209_143805,1190.0,0.99905396
3104,F13,DR_20221209_143805,1191.0,1.00745
3105,F13,DR_20221209_143805,1192.0,1.0028633
3106,F13,DR_20221209_143805,1193.0,1.0067819
3107,F13,DR_20221209_143805,1194.0,0.99922097
3108,F13,DR_20221209_143805,1195.0,0.9814028
3109,F13,DR_20221209_143805,1196.0,0.9999247
3110,F13,DR_20221209_143805,1197.0,0.99996066
3111,F14,DR_20221209_143805,1198.0,0.9979684
3112,F14,DR_20221209_143805,1199.0,1.0005769
3113,F14,DR_20221209_143805,1200.0,1.001188
3114,F14,DR_20221209_143805,1201.0,0.56272817
3115,F14,DR_20221209_143805,1202.0,0.5849968
3116,F14,DR_20221209_143805,1203.0,0.9890017
3117,F14,DR_20221209_143805,1204.0,0.99809974
3118,F14,DR_20221209_143805,1205.0,1.0277605
3119,F14,DR_20221209_143805,1206.0,0.97692025
3120,F15,DR_20221209_143805,1207.0,0.9993649
3121,F15,DR_20221209_143805,1208.0,1.004595
3122,F15,DR_20221209_143805,1209.0,0.99990636
3123,F15,DR_20221209_143805,1210.0,1.0046725
3124,F15,DR_20221209_143805,1211.0,0.9378862
3125,F15,DR_20221209_143805,1212.0,0.9989852
3126,F15,DR_20221209_143805,1213.0,1.0014325
3127,F15,DR_20221209_143805,1214.0,1.0021151
3128,F15,DR_20221209_143805,1215.0,1.0024526
3129,F16,DR_20221209_143805,1216.0,0.9992176
3130,F16,DR_20221209_143805,1217.0,1.0010389
3131,F16,DR_20221209_143805,1218.0,0.9947052
3132,F16,DR_20221209_143805,1219.0,1.0017227
3133,F16,DR_20221209_143805,1220.0,0.9264508
3134,F16,DR_20221209_143805,1221.0,1.0047059
3135,F16,DR_20221209_143805,1222.0,1.022578
3136,F16,DR_20221209_143805,1223.0,0.5541746
3137,F16,DR_20221209_143805,1224.0,0.9770986
3138,F17,DR_20221209_143805,1225.0,1.0166641
3139,F17,DR_20221209_143805,1226.0,1.0011096
3140,F17,DR_20221209_143805,1227.0,0.9990564
3141,F17,DR_20221209_143805,1228.0,1.0230112
3142,F17,DR_20221209_143805,1229.0,0.565975
3143,F17,DR_20221209_143805,1230.0,0.9984423
3144,F17,DR_20221209_143805,1231.0,1.0048683
3145,F17,DR_20221209_143805,1232.0,1.0003506
3146,F17,DR_20221209_143805,1233.0,1.0025163
3147,F18,DR_20221209_143805,1234.0,1.0012826
3148,F18,DR_20221209_143805,1235.0,0.59398407
3149,F18,DR_20221209_143805,1236.0,0.9949636
3150,F18,DR_20221209_143805,1237.0,1.0002575
3151,F18,DR_20221209_143805,1238.0,0.5760064
3152,F18,DR_20221209_143805,1239.0,1.0049489
3153,F18,DR_20221209_143805,1240.0,0.99876624
3154,F18,DR_20221209_143805,1241.0,0.5600952
3155,F18,DR_20221209_143805,1242.0,1.003276
3156,F19,DR_20221209_143805,1243.0,0.99937814
3157,F19,DR_20221209_143805,1244.0,0.981389
3158,F19,DR_20221209_143805,1245.0,1.0029765
3159,F19,DR_20221209_143805,1246.0,0.9895923
3160,F19,DR_20221209_143805,1247.0,0.56550306
3161,F19,DR_20221209_143805,1248.0,1.0067308
3162,F19,DR_20221209_143805,1249.0,0.9977996
3163,F19,DR_20221209_143805,1250.0,0.55919725
3164,F19,DR_20221209_143805,1251.0,0.99752086
3165,F20,DR_20221209_143805,1252.0,1.0032147
3166,F20,DR_20221209_143805,1253.0,0.99805707
3167,F20,DR_20221209_143805,1254.0,1.0046403
3168,F20,DR_20221209_143805,1255.0,1.0002325
3169,F20,DR_20221209_143805,1256.0,0.9981701
3170,F20,DR_20221209_143805,1257.0,0.99944645
3171,F20,DR_20221209_143805,1258.0,1.0045466
3172,F20,DR_20221209_143805,1259.0,1.0051826
3173,F20,DR_20221209_143805,1260.0,0.9745166
3174,F21,DR_20221209_143805,1261.0,1.0137814
3175,F21,DR_20221209_143805,1262.0,0.9984172
3176,F21,DR_20221209_143805,1263.0,0.9634575
3177,F21,DR_20221209_143805,1264.0,0.58572936
3178,F21,DR_20221209_143805,1265.0,1.0021663
3179,F21,DR_20221209_143805,1266.0,0.9972792
3180,F21,DR_20221209_143805,1267.0,1.0005382
3181,F21,DR_20221209_143805,1268.0,1.0036833
3182,F21,DR_20221209_143805,1269.0,0.984047
3183,F22,DR_20221209_143805,1270.0,0.9978452
3184,F22,DR_20221209_143805,1271.0,0.99624985
3185,F22,DR_20221209_143805,1272.0,0.9995894
3186,F22,DR_20221209_143805,1273.0,0.995223
3187,F22,DR_20221209_143805,1274.0,0.99992806
3188,F22,DR_20221209_143805,1275.0,0.9986778
3189,F22,DR_20221209_143805,1276.0,0.99949694
3190,F22,DR_20221209_143805,1277.0,0.9994588
3191,F22,DR_20221209_143805,1278.0,0.99957645
3228,G03,DR_20221209_143805,1315.0,0.9993643
3229,G03,DR_20221209_143805,1316.0,0.9998307
3230,G03,DR_20221209_143805,1317.0,0.9995015
3231,G03,DR_20221209_143805,1318.0,0.97333616
3232,G03,DR_20221209_143805,1319.0,1.0050141
3233,G03,DR_20221209_143805,1320.0,1.0002806
3234,G03,DR_20221209_143805,1321.0,1.0039871
3235,G03,DR_20221209_143805,1322.0,1.0209545
3236,G03,DR_20221209_143805,1323.0,1.0001849
3237,G04,DR_20221209_143805,1324.0,1.0017546
3238,G04,DR_20221209_143805,1325.0,1.0038326
3239,G04,DR_20221209_143805,1326.0,0.9993126
3240,G04,DR_20221209_143805,1327.0,0.99994504
3241,G04,DR_20221209_143805,1328.0,1.0165966
3242,G04,DR_20221209_143805,1329.0,1.0004276
3243,G04,DR_20221209_143805,1330.0,0.9987449
3244,G04,DR_20221209_143805,1331.0,1.0092998
3245,G04,DR_20221209_143805,1332.0,0.99389946
3246,G05,DR_20221209_143805,1333.0,1.0030919
3247,G05,DR_20221209_143805,1334.0,0.99769515
3248,G05,DR_20221209_143805,1335.0,0.99945605
3249,G05,DR_20221209_143805,1336.0,0.9997098
3250,G05,DR_20221209_143805,1337.0,1.0001013
3251,G05,DR_20221209_143805,1338.0,0.9997453
3252,G05,DR_20221209_143805,1339.0,1.0017072
3253,G05,DR_20221209_143805,1340.0,0.9980728
3254,G05,DR_20221209_143805,1341.0,1.0023934
3255,G06,DR_20221209_143805,1342.0,0.9999498
3256,G06,DR_20221209_143805,1343.0,0.9988706
3257,G06,DR_20221209_143805,1344.0,1.0001962
3258,G06,DR_20221209_143805,1345.0,1.0022601
3259,G06,DR_20221209_143805,1346.0,0.99945897
3260,G06,DR_20221209_143805,1347.0,1.0089382
3261,G06,DR_20221209_143805,1348.0,1.00101
3262,G06,DR_20221209_143805,1349.0,1.0078225
3263,G06,DR_20221209_143805,1350.0,0.99851555
3264,G07,DR_20221209_143805,1351.0,0.99908704
3265,G07,DR_20221209_143805,1352.0,0.9793121
3266,G07,DR_20221209_143805,1353.0,1.0009992
3267,G07,DR_20221209_143805,1354.0,0.9984083
3268,G07,DR_20221209_143805,1355.0,1.005068
3269,G07,DR_20221209_143805,1356.0,0.9983412
3270,G07,DR_20221209_143805,1357.0,0.9994173
3271,G07,DR_20221209_143805,1358.0,1.0038632
3272,G07,DR_20221209_143805,1359.0,0.9982352
3273,G08,DR_20221209_143805,1360.0,1.0010602
3274,G08,DR_20221209_143805,1361.0,1.0021206
3275,G08,DR_20221209_143805,1362.0,1.0005251
3276,G08,DR_20221209_143805,1363.0,0.97473294
3277,G08,DR_20221209_143805,1364.0,1.0298579
3278,G08,DR_20221209_143805,1365.0,0.99961233
3279,G08,DR_20221209_143805,1366.0,1.0041696
3280,G08,DR_20221209_143805,1367.0,0.99819297
3281,G08,DR_20221209_143805,1368.0,0.7891159
3282,G09,DR_20221209_143805,1369.0,1.0000998
3283,G09,DR_20221209_143805,1370.0,1.0000945
3284,G09,DR_20221209_143805,1371.0,1.0028342
3285,G09,DR_20221209_143805,1372.0,0.99846125
3286,G09,DR_20221209_143805,1373.0,0.59889233
3287,G09,DR_20221209_143805,1374.0,1.0120585
3288,G09,DR_20221209_143805,1375.0,1.0031419
3289,G09,DR_20221209_143805,1376.0,0.5744949
3290,G09,DR_20221209_143805,1377.0,0.9995634
3291,G10,DR_20221209_143805,1378.0,1.0005656
3292,G10,DR_20221209_143805,1379.0,1.0002669
3293,G10,DR_20221209_143805,1380.0,0.9993642
3294,G10,DR_20221209_143805,1381.0,1.0025083
3295,G10,DR_20221209_143805,1382.0,1.0108287
3296,G10,DR_20221209_143805,1383.0,1.0016841
3297,G10,DR_20221209_143805,1384.0,1.0042664
3298,G10,DR_20221209_143805,1385.0,0.99929076
3299,G10,DR_20221209_143805,1386.0,-0.00033937668
3300,G11,DR_20221209_143805,1387.0,1.001092
3301,G11,DR_20221209_143805,1388.0,0.99930066
3302,G11,DR_20221209_143805,1389.0,0.9991101
3303,G11,DR_20221209_143805,1390.0,0.8209142
3304,G11,DR_20221209_143805,1391.0,0.5956624
3305,G11,DR_20221209_143805,1392.0,1.00245
3306,G11,DR_20221209_143805,1393.0,0.99976623
3307,G11,DR_20221209_143805,1394.0,0.5682432
3308,G11,DR_20221209_143805,1395.0,1.0004721
3309,G12,DR_20221209_143805,1396.0,0.9979031
3310,G12,DR_20221209_143805,1397.0,1.001559
3311,G12,DR_20221209_143805,1398.0,0.9981837
3312,G12,DR_20221209_143805,1399.0,1.0207113
3313,G12,DR_20221209_143805,1400.0,0.5787595
3314,G12,DR_20221209_143805,1401.0,1.0152289
3315,G12,DR_20221209_143805,1402.0,1.004847
3316,G12,DR_20221209_143805,1403.0,0.9924415
3317,G12,DR_20221209_143805,1404.0,1.000908
3318,G13,DR_20221209_143805,1405.0,1.0054065
3319,G13,DR_20221209_143805,1406.0,1.004319
3320,G13,DR_20221209_143805,1407.0,0.9977789
3321,G13,DR_20221209_143805,1408.0,0.5705657
3322,G13,DR_20221209_143805,1409.0,1.0060624
3323,G13,DR_20221209_143805,1410.0,1.0168201
3324,G13,DR_20221209_143805,1411.0,0.9978447
3325,G13,DR_20221209_143805,1412.0,0.9560723
3326,G13,DR_20221209_143805,1413.0,1.0006449
3327,G14,DR_20221209_143805,1414.0,0.9693294
3328,G14,DR_20221209_143805,1415.0,1.0001556
3329,G14,DR_20221209_143805,1416.0,1.000597
3330,G14,DR_20221209_143805,1417.0,0.57063067
3331,G14,DR_20221209_143805,1418.0,1.0105664
3332,G14,DR_20221209_143805,1419.0,1.0012541
3333,G14,DR_20221209_143805,1420.0,1.0004461
3334,G14,DR_20221209_143805,1421.0,0.988417
3335,G14,DR_20221209_143805,1422.0,1.0015068
3336,G15,DR_20221209_143805,1423.0,1.0052432
3337,G15,DR_20221209_143805,1424.0,0.5596601
3338,G15,DR_20221209_143805,1425.0,0.56588477
3339,G15,DR_20221209_143805,1426.0,0.56068933
3340,G15,DR_20221209_143805,1427.0,0.5641437
3341,G15,DR_20221209_143805,1428.0,0.9882629
3342,G15,DR_20221209_143805,1429.0,0.5416008
3343,G15,DR_20221209_143805,1430.0,0.9999575
3344,G15,DR_20221209_143805,1431.0,1.0031414
3345,G16,DR_20221209_143805,1432.0,0.97516805
3346,G16,DR_20221209_143805,1433.0,0.9989661
3347,G16,DR_20221209_143805,1434.0,1.002923
3348,G16,DR_20221209_143805,1435.0,0.9991492
3349,G16,DR_20221209_143805,1436.0,1.019896
3350,G16,DR_20221209_143805,1437.0,0.9987944
3351,G16,DR_20221209_143805,1438.0,1.0001647
3352,G16,DR_20221209_143805,1439.0,1.02887
3353,G16,DR_20221209_143805,1440.0,1.0048273
3354,G17,DR_20221209_143805,1441.0,0.991917
3355,G17,DR_20221209_143805,1442.0,1.0150212
3356,G17,DR_20221209_143805,1443.0,-0.00064784335
3357,G17,DR_20221209_143805,1444.0,1.0035605
3358,G17,DR_20221209_143805,1445.0,1.0177137
3359,G17,DR_20221209_143805,1446.0,1.004622
3360,G17,DR_20221209_143805,1447.0,1.0001857
3361,G17,DR_20221209_143805,1448.0,1.0016046
3362,G17,DR_20221209_143805,1449.0,1.0032961
3363,G18,DR_20221209_143805,1450.0,0.560729
3364,G18,DR_20221209_143805,1451.0,1.0021424
3365,G18,DR_20221209_143805,1452.0,0.99951094
3366,G18,DR_20221209_143805,1453.0,1.0142401
3367,G18,DR_20221209_143805,1454.0,0.99628526
3368,G18,DR_20221209_143805,1455.0,1.0003815
3369,G18,DR_20221209_143805,1456.0,0.99946123
3370,G18,DR_20221209_143805,1457.0,0.9959673
3371,G18,DR_20221209_143805,1458.0,1.0011253
3372,G19,DR_20221209_143805,1459.0,1.0028626
3373,G19,DR_20221209_143805,1460.0,0.99888474
3374,G19,DR_20221209_143805,1461.0,0.99208003
3375,G19,DR_20221209_143805,1462.0,1.0054693
3376,G19,DR_20221209_143805,1463.0,1.0113964
3377,G19,DR_20221209_143805,1464.0,0.9992909
3378,G19,DR_20221209_143805,1465.0,0.9991681
3379,G19,DR_20221209_143805,1466.0,0.99374413
3380,G19,DR_20221209_143805,1467.0,1.0019858
3381,G20,DR_20221209_143805,1468.0,1.0016202
3382,G20,DR_20221209_143805,1469.0,0.99867284
3383,G20,DR_20221209_143805,1470.0,1.0022023
3384,G20,DR_20221209_143805,1471.0,0.99775
3385,G20,DR_20221209_143805,1472.0,1.0005175
3386,G20,DR_20221209_143805,1473.0,1.0017865
3387,G20,DR_20221209_143805,1474.0,1.0044264
3388,G20,DR_20221209_143805,1475.0,1.0004643
3389,G20,DR_20221209_143805,1476.0,0.9992948
3390,G21,DR_20221209_143805,1477.0,0.99905956
3391,G21,DR_20221209_143805,1478.0,0.9984615
3392,G21,DR_20221209_143805,1479.0,0.9991727
3393,G21,DR_20221209_143805,1480.0,1.002204
3394,G21,DR_20221209_143805,1481.0,1.0039518
3395,G21,DR_20221209_143805,1482.0,0.99797446
3396,G21,DR_20221209_143805,1483.0,1.0003958
3397,G21,DR_20221209_143805,1484.0,1.0007555
3398,G21,DR_20221209_143805,1485.0,1.0040282
3399,G22,DR_20221209_143805,1486.0,1.0028001
3400,G22,DR_20221209_143805,1487.0,0.99737656
3401,G22,DR_20221209_143805,1488.0,1.0025201
3402,G22,DR_20221209_143805,1489.0,0.9974012
3403,G22,DR_20221209_143805,1490.0,1.0006075
3404,G22,DR_20221209_143805,1491.0,0.9992208
3405,G22,DR_20221209_143805,1492.0,1.0013076
3406,G22,DR_20221209_143805,1493.0,0.9998095
3407,G22,DR_20221209_143805,1494.0,0.9990226
3444,H03,DR_20221209_143805,1531.0,1.0000391
3445,H03,DR_20221209_143805,1532.0,0.99945855
3446,H03,DR_20221209_143805,1533.0,1.0007119
3447,H03,DR_20221209_143805,1534.0,1.0035883
3448,H03,DR_20221209_143805,1535.0,1.0002159
3449,H03,DR_20221209_143805,1536.0,0.99970776
3450,H03,DR_20221209_143805,1537.0,0.99886125
3451,H03,DR_20221209_143805,1538.0,1.0087804
3452,H03,DR_20221209_143805,1539.0,1.0003787
3453,H04,DR_20221209_143805,1540.0,0.9998731
3454,H04,DR_20221209_143805,1541.0,0.99878913
3455,H04,DR_20221209_143805,1542.0,1.0005709
3456,H04,DR_20221209_143805,1543.0,1.0001025
3457,H04,DR_20221209_143805,1544.0,1.00009
3458,H04,DR_20221209_143805,1545.0,0.9999632
3459,H04,DR_20221209_143805,1546.0,0.9999319
3460,H04,DR_20221209_143805,1547.0,0.9997198
3461,H04,DR_20221209_143805,1548.0,1.0003349
3462,H05,DR_20221209_143805,1549.0,0.99562633
3463,H05,DR_20221209_143805,1550.0,1.0042605
3464,H05,DR_20221209_143805,1551.0,1.0004975
3465,H05,DR_20221209_143805,1552.0,0.99865836
3466,H05,DR_20221209_143805,1553.0,0.99953526
3467,H05,DR_20221209_143805,1554.0,1.01616
3468,H05,DR_20221209_143805,1555.0,1.0041724
3469,H05,DR_20221209_143805,1556.0,0.9997383
3470,H05,DR_20221209_143805,1557.0,0.9983014
3471,H06,DR_20221209_143805,1558.0,0.99949396
3472,H06,DR_20221209_143805,1559.0,0.999858
3473,H06,DR_20221209_143805,1560.0,1.0028144
3474,H06,DR_20221209_143805,1561.0,0.91536117
3475,H06,DR_20221209_143805,1562.0,0.99815804
3476,H06,DR_20221209_143805,1563.0,1.000164
3477,H06,DR_20221209_143805,1564.0,0.9994751
3478,H06,DR_20221209_143805,1565.0,1.0015637
3479,H06,DR_20221209_143805,1566.0,1.0072784
3480,H07,DR_20221209_143805,1567.0,1.0016006
3481,H07,DR_20221209_143805,1568.0,0.9983649
3482,H07,DR_20221209_143805,1569.0,1.0020345
3483,H07,DR_20221209_143805,1570.0,0.9971328
3484,H07,DR_20221209_143805,1571.0,1.0054253
3485,H07,DR_20221209_143805,1572.0,0.9993334
3486,H07,DR_20221209_143805,1573.0,1.0024803
3487,H07,DR_20221209_143805,1574.0,0.9996979
3488,H07,DR_20221209_143805,1575.0,1.0019417
3489,H08,DR_20221209_143805,1576.0,0.9694819
3490,H08,DR_20221209_143805,1577.0,0.9875278
3491,H08,DR_20221209_143805,1578.0,0.9993133
3492,H08,DR_20221209_143805,1579.0,0.99934274
3493,H08,DR_20221209_143805,1580.0,1.0016196
3494,H08,DR_20221209_143805,1581.0,1.0016556
3495,H08,DR_20221209_143805,1582.0,0.9936217
3496,H08,DR_20221209_143805,1583.0,1.0013988
3497,H08,DR_20221209_143805,1584.0,1.0011663
3498,H09,DR_20221209_143805,1585.0,0.99988455
3499,H09,DR_20221209_143805,1586.0,1.0143697
3500,H09,DR_20221209_143805,1587.0,1.000245
3501,H09,DR_20221209_143805,1588.0,1.0158638
3502,H09,DR_20221209_143805,1589.0,1.0367546
3503,H09,DR_20221209_143805,1590.0,1.0185137
3504,H09,DR_20221209_143805,1591.0,0.99956447
3505,H09,DR_20221209_143805,1592.0,1.0001615
3506,H09,DR_20221209_143805,1593.0,0.99805003
3507,H10,DR_20221209_143805,1594.0,0.998801
3508,H10,DR_20221209_143805,1595.0,0.98433757
3509,H10,DR_20221209_143805,1596.0,0.9984389
3510,H10,DR_20221209_143805,1597.0,1.0033581
3511,H10,DR_20221209_143805,1598.0,1.0012969
3512,H10,DR_20221209_143805,1599.0,0.99914217
3513,H10,DR_20221209_143805,1600.0,0.9985937
3514,H10,DR_20221209_143805,1601.0,1.0079085
3515,H10,DR_20221209_143805,1602.0,0.99997896
3516,H11,DR_20221209_143805,1603.0,0.999928
3517,H11,DR_20221209_143805,1604.0,1.0000489
3518,H11,DR_20221209_143805,1605.0,0.97294986
3519,H11,DR_20221209_143805,1606.0,1.0000178
3520,H11,DR_20221209_143805,1607.0,0.99659693
3521,H11,DR_20221209_143805,1608.0,0.9999782
3522,H11,DR_20221209_143805,1609.0,0.99914485
3523,H11,DR_20221209_143805,1610.0,1.0021784
3524,H11,DR_20221209_143805,1611.0,1.0003904
3525,H12,DR_20221209_143805,1612.0,0.98612523
3526,H12,DR_20221209_143805,1613.0,0.9990048
3527,H12,DR_20221209_143805,1614.0,0.99969155
3528,H12,DR_20221209_143805,1615.0,1.0059012
3529,H12,DR_20221209_143805,1616.0,0.6026099
3530,H12,DR_20221209_143805,1617.0,1.0053657
3531,H12,DR_20221209_143805,1618.0,1.000817
3532,H12,DR_20221209_143805,1619.0,1.0043759
3533,H12,DR_20221209_143805,1620.0,1.0008919
3534,H13,DR_20221209_143805,1621.0,0.99613404
3535,H13,DR_20221209_143805,1622.0,1.0211815
3536,H13,DR_20221209_143805,1623.0,0.9766714
3537,H13,DR_20221209_143805,1624.0,0.98866415
3538,H13,DR_20221209_143805,1625.0,1.0217451
3539,H13,DR_20221209_143805,1626.0,1.0147016
3540,H13,DR_20221209_143805,1627.0,1.0009165
3541,H13,DR_20221209_143805,1628.0,0.9973758
3542,H13,DR_20221209_143805,1629.0,0.98040426
3543,H14,DR_20221209_143805,1630.0,0.59848064
3544,H14,DR_20221209_143805,1631.0,1.0014017
3545,H14,DR_20221209_143805,1632.0,1.0020871
3546,H14,DR_20221209_143805,1633.0,1.0030637
3547,H14,DR_20221209_143805,1634.0,0.5786183
3548,H14,DR_20221209_143805,1635.0,0.9905854
3549,H14,DR_20221209_143805,1636.0,0.9995942
3550,H14,DR_20221209_143805,1637.0,0.949642
3551,H14,DR_20221209_143805,1638.0,1.0028791
3552,H15,DR_20221209_143805,1639.0,1.0037254
3553,H15,DR_20221209_143805,1640.0,1.0068688
3554,H15,DR_20221209_143805,1641.0,0.99786997
3555,H15,DR_20221209_143805,1642.0,0.9991753
3556,H15,DR_20221209_143805,1643.0,1.0357748
3557,H15,DR_20221209_143805,1644.0,1.032088
3558,H15,DR_20221209_143805,1645.0,1.0019189
3559,H15,DR_20221209_143805,1646.0,0.5823498
3560,H15,DR_20221209_143805,1647.0,1.0013218
3561,H16,DR_20221209_143805,1648.0,1.000883
3562,H16,DR_20221209_143805,1649.0,0.99946886
3563,H16,DR_20221209_143805,1650.0,0.98254967
3564,H16,DR_20221209_143805,1651.0,1.0019625
3565,H16,DR_20221209_143805,1652.0,1.0167558
3566,H16,DR_20221209_143805,1653.0,0.9966332
3567,H16,DR_20221209_143805,1654.0,0.95911735
3568,H16,DR_20221209_143805,1655.0,0.9446992
3569,H16,DR_20221209_143805,1656.0,0.9990241
3570,H17,DR_20221209_143805,1657.0,0.998602
3571,H17,DR_20221209_143805,1658.0,1.0020169
3572,H17,DR_20221209_143805,1659.0,1.0001503
3573,H17,DR_20221209_143805,1660.0,1.0020567
3574,H17,DR_20221209_143805,1661.0,1.0162174
3575,H17,DR_20221209_143805,1662.0,0.99838656
3576,H17,DR_20221209_143805,1663.0,0.9986675
3577,H17,DR_20221209_143805,1664.0,0.9803553
3578,H17,DR_20221209_143805,1665.0,1.0007802
3579,H18,DR_20221209_143805,1666.0,0.99966913
3580,H18,DR_20221209_143805,1667.0,0.9958067
3581,H18,DR_20221209_143805,1668.0,0.9146171
3582,H18,DR_20221209_143805,1669.0,1.0173719
3583,H18,DR_20221209_143805,1670.0,1.000893
3584,H18,DR_20221209_143805,1671.0,0.99908656
3585,H18,DR_20221209_143805,1672.0,0.9992016
3586,H18,DR_20221209_143805,1673.0,0.99920654
3587,H18,DR_20221209_143805,1674.0,0.99753994
3588,H19,DR_20221209_143805,1675.0,1.000869
3589,H19,DR_20221209_143805,1676.0,1.0120236
3590,H19,DR_20221209_143805,1677.0,0.99900156
3591,H19,DR_20221209_143805,1678.0,0.9983919
3592,H19,DR_20221209_143805,1679.0,1.0207814
3593,H19,DR_20221209_143805,1680.0,0.9991727
3594,H19,DR_20221209_143805,1681.0,0.9995785
3595,H19,DR_20221209_143805,1682.0,0.999818
3596,H19,DR_20221209_143805,1683.0,1.0021563
3597,H20,DR_20221209_143805,1684.0,1.004129
3598,H20,DR_20221209_143805,1685.0,0.98677766
3599,H20,DR_20221209_143805,1686.0,1.0011636
3600,H20,DR_20221209_143805,1687.0,1.0101767
3601,H20,DR_20221209_143805,1688.0,1.0007963
3602,H20,DR_20221209_143805,1689.0,1.0078541
3603,H20,DR_20221209_143805,1690.0,1.0044575
3604,H20,DR_20221209_143805,1691.0,1.0003954
3605,H20,DR_20221209_143805,1692.0,0.99938726
3606,H21,DR_20221209_143805,1693.0,0.99909925
3607,H21,DR_20221209_143805,1694.0,1.0135181
3608,H21,DR_20221209_143805,1695.0,1.0004365
3609,H21,DR_20221209_143805,1696.0,1.0182308
3610,H21,DR_20221209_143805,1697.0,1.0131805
3611,H21,DR_20221209_143805,1698.0,0.99941355
3612,H21,DR_20221209_143805,1699.0,1.0014335
3613,H21,DR_20221209_143805,1700.0,0.99667126
3614,H21,DR_20221209_143805,1701.0,0.9931533
3615,H22,DR_20221209_143805,1702.0,1.0330648
3616,H22,DR_20221209_143805,1703.0,0.9889276
3617,H22,DR_20221209_143805,1704.0,0.9911496
3618,H22,DR_20221209_143805,1705.0,0.99625635
3619,H22,DR_20221209_143805,1706.0,1.0041878
3620,H22,DR_20221209_143805,1707.0,0.9988525
3621,H22,DR_20221209_143805,1708.0,0.9994812
3622,H22,DR_20221209_143805,1709.0,0.9981767
3623,H22,DR_20221209_143805,1710.0,0.9990187
3660,I03,DR_20221209_143805,1747.0,0.9987661
3661,I03,DR_20221209_143805,1748.0,0.999385
3662,I03,DR_20221209_143805,1749.0,1.0021018
3663,I03,DR_20221209_143805,1750.0,0.99858147
3664,I03,DR_20221209_143805,1751.0,1.0017905
3665,I03,DR_20221209_143805,1752.0,0.99849737
3666,I03,DR_20221209_143805,1753.0,0.9988094
3667,I03,DR_20221209_143805,1754.0,0.9979732
3668,I03,DR_20221209_143805,1755.0,0.9979941
3669,I04,DR_20221209_143805,1756.0,0.9995728
3670,I04,DR_20221209_143805,1757.0,0.99951273
3671,I04,DR_20221209_143805,1758.0,0.9964298
3672,I04,DR_20221209_143805,1759.0,0.9988964
3673,I04,DR_20221209_143805,1760.0,0.99891794
3674,I04,DR_20221209_143805,1761.0,1.0001773
3675,I04,DR_20221209_143805,1762.0,1.0016043
3676,I04,DR_20221209_143805,1763.0,0.9987484
3677,I04,DR_20221209_143805,1764.0,1.0010139
3678,I05,DR_20221209_143805,1765.0,0.9996361
3679,I05,DR_20221209_143805,1766.0,0.99967194
3680,I05,DR_20221209_143805,1767.0,0.99895483
3681,I05,DR_20221209_143805,1768.0,0.99975336
3682,I05,DR_20221209_143805,1769.0,1.0006548
3683,I05,DR_20221209_143805,1770.0,1.0000678
3684,I05,DR_20221209_143805,1771.0,0.99634767
3685,I05,DR_20221209_143805,1772.0,0.9990396
3686,I05,DR_20221209_143805,1773.0,1.0023822
3687,I06,DR_20221209_143805,1774.0,0.9993643
3688,I06,DR_20221209_143805,1775.0,1.0004293
3689,I06,DR_20221209_143805,1776.0,1.00029
3690,I06,DR_20221209_143805,1777.0,1.0177301
3691,I06,DR_20221209_143805,1778.0,0.9990281
3692,I06,DR_20221209_143805,1779.0,0.99810725
3693,I06,DR_20221209_143805,1780.0,1.0015144
3694,I06,DR_20221209_143805,1781.0,0.99930876
3695,I06,DR_20221209_143805,1782.0,1.0072173
3696,I07,DR_20221209_143805,1783.0,1.0113256
3697,I07,DR_20221209_143805,1784.0,0.99940085
3698,I07,DR_20221209_143805,1785.0,1.0003523
3699,I07,DR_20221209_143805,1786.0,1.0007176
3700,I07,DR_20221209_143805,1787.0,0.99986684
3701,I07,DR_20221209_143805,1788.0,0.99935
3702,I07,DR_20221209_143805,1789.0,0.99969655
3703,I07,DR_20221209_143805,1790.0,1.0144125
3704,I07,DR_20221209_143805,1791.0,1.0030435
3705,I08,DR_20221209_143805,1792.0,0.99976456
3706,I08,DR_20221209_143805,1793.0,0.97724247
3707,I08,DR_20221209_143805,1794.0,0.9990238
3708,I08,DR_20221209_143805,1795.0,0.9944806
3709,I08,DR_20221209_143805,1796.0,0.99653625
3710,I08,DR_20221209_143805,1797.0,0.99959356
3711,I08,DR_20221209_143805,1798.0,0.99908864
3712,I08,DR_20221209_143805,1799.0,1.0000389
3713,I08,DR_20221209_143805,1800.0,0.9994234
3714,I09,DR_20221209_143805,1801.0,1.0048013
3715,I09,DR_20221209_143805,1802.0,1.0028403
3716,I09,DR_20221209_143805,1803.0,0.99329686
3717,I09,DR_20221209_143805,1804.0,1.001786
3718,I09,DR_20221209_143805,1805.0,0.5984027
3719,I09,DR_20221209_143805,1806.0,1.0051525
3720,I09,DR_20221209_143805,1807.0,0.99955386
3721,I09,DR_20221209_143805,1808.0,0.5702476
3722,I09,DR_20221209_143805,1809.0,0.99490345
3723,I10,DR_20221209_143805,1810.0,0.9953737
3724,I10,DR_20221209_143805,1811.0,0.9844311
3725,I10,DR_20221209_143805,1812.0,1.0005068
3726,I10,DR_20221209_143805,1813.0,0.56831706
3727,I10,DR_20221209_143805,1814.0,1.0034184
3728,I10,DR_20221209_143805,1815.0,1.0003115
3729,I10,DR_20221209_143805,1816.0,0.99994034
3730,I10,DR_20221209_143805,1817.0,1.0028806
3731,I10,DR_20221209_143805,1818.0,0.9996901
3732,I11,DR_20221209_143805,1819.0,0.99887204
3733,I11,DR_20221209_143805,1820.0,1.0194131
3734,I11,DR_20221209_143805,1821.0,0.9966482
3735,I11,DR_20221209_143805,1822.0,1.0032856
3736,I11,DR_20221209_143805,1823.0,1.0166924
3737,I11,DR_20221209_143805,1824.0,1.0003073
3738,I11,DR_20221209_143805,1825.0,0.9991077
3739,I11,DR_20221209_143805,1826.0,1.0140916
3740,I11,DR_20221209_143805,1827.0,0.9999818
3741,I12,DR_20221209_143805,1828.0,0.99413294
3742,I12,DR_20221209_143805,1829.0,0.9984405
3743,I12,DR_20221209_143805,1830.0,1.0037953
3744,I12,DR_20221209_143805,1831.0,1.0042439
3745,I12,DR_20221209_143805,1832.0,1.0152153
3746,I12,DR_20221209_143805,1833.0,1.0102526
3747,I12,DR_20221209_143805,1834.0,0.9972736
3748,I12,DR_20221209_143805,1835.0,0.5610968
3749,I12,DR_20221209_143805,1836.0,0.9974842
3750,I13,DR_20221209_143805,1837.0,1.0054461
3751,I13,DR_20221209_143805,1838.0,0.9960895
3752,I13,DR_20221209_143805,1839.0,0.9925836
3753,I13,DR_20221209_143805,1840.0,0.5618513
3754,I13,DR_20221209_143805,1841.0,1.0277665
3755,I13,DR_20221209_143805,1842.0,1.0084336
3756,I13,DR_20221209_143805,1843.0,0.97541046
3757,I13,DR_20221209_143805,1844.0,0.5690981
3758,I13,DR_20221209_143805,1845.0,0.9992136
3759,I14,DR_20221209_143805,1846.0,1.0033756
3760,I14,DR_20221209_143805,1847.0,1.0201526
3761,I14,DR_20221209_143805,1848.0,0.95514077
3762,I14,DR_20221209_143805,1849.0,0.5745164
3763,I14,DR_20221209_143805,1850.0,0.5846459
3764,I14,DR_20221209_143805,1851.0,1.0047187
3765,I14,DR_20221209_143805,1852.0,0.99541473
3766,I14,DR_20221209_143805,1853.0,0.98360807
3767,I14,DR_20221209_143805,1854.0,0.9964131
3768,I15,DR_20221209_143805,1855.0,0.990381
3769,I15,DR_20221209_143805,1856.0,1.0022386
3770,I15,DR_20221209_143805,1857.0,1.0313506
3771,I15,DR_20221209_143805,1858.0,0.9989038
3772,I15,DR_20221209_143805,1859.0,0.58629525
3773,I15,DR_20221209_143805,1860.0,1.0079263
3774,I15,DR_20221209_143805,1861.0,0.99972004
3775,I15,DR_20221209_143805,1862.0,0.992702
3776,I15,DR_20221209_143805,1863.0,1.0027599
3777,I16,DR_20221209_143805,1864.0,0.998945
3778,I16,DR_20221209_143805,1865.0,0.9985852
3779,I16,DR_20221209_143805,1866.0,0.7881993
3780,I16,DR_20221209_143805,1867.0,1.0149164
3781,I16,DR_20221209_143805,1868.0,1.0179795
3782,I16,DR_20221209_143805,1869.0,0.99990755
3783,I16,DR_20221209_143805,1870.0,0.9315522
3784,I16,DR_20221209_143805,1871.0,0.9615615
3785,I16,DR_20221209_143805,1872.0,1.0249441
3786,I17,DR_20221209_143805,1873.0,0.99907964
3787,I17,DR_20221209_143805,1874.0,1.0178031
3788,I17,DR_20221209_143805,1875.0,1.0044214
3789,I17,DR_20221209_143805,1876.0,1.004619
3790,I17,DR_20221209_143805,1877.0,1.0030059
3791,I17,DR_20221209_143805,1878.0,1.0037186
3792,I17,DR_20221209_143805,1879.0,1.0015972
3793,I17,DR_20221209_143805,1880.0,1.0013402
3794,I17,DR_20221209_143805,1881.0,1.0022024
3795,I18,DR_20221209_143805,1882.0,0.99730444
3796,I18,DR_20221209_143805,1883.0,1.0006527
3797,I18,DR_20221209_143805,1884.0,0.9983495
3798,I18,DR_20221209_143805,1885.0,0.99841505
3799,I18,DR_20221209_143805,1886.0,1.0159969
3800,I18,DR_20221209_143805,1887.0,1.0030209
3801,I18,DR_20221209_143805,1888.0,1.0013705
3802,I18,DR_20221209_143805,1889.0,0.9995262
3803,I18,DR_20221209_143805,1890.0,0.9997083
3804,I19,DR_20221209_143805,1891.0,1.0024664
3805,I19,DR_20221209_143805,1892.0,0.99119043
3806,I19,DR_20221209_143805,1893.0,1.0015548
3807,I19,DR_20221209_143805,1894.0,1.0014284
3808,I19,DR_20221209_143805,1895.0,1.0193179
3809,I19,DR_20221209_143805,1896.0,1.002103
3810,I19,DR_20221209_143805,1897.0,1.0008419
3811,I19,DR_20221209_143805,1898.0,1.0035121
3812,I19,DR_20221209_143805,1899.0,1.0010757
3813,I20,DR_20221209_143805,1900.0,0.9975423
3814,I20,DR_20221209_143805,1901.0,1.0013449
3815,I20,DR_20221209_143805,1902.0,1.0012228
3816,I20,DR_20221209_143805,1903.0,1.0018777
3817,I20,DR_20221209_143805,1904.0,0.9979892
3818,I20,DR_20221209_143805,1905.0,1.0034848
3819,I20,DR_20221209_143805,1906.0,1.0021967
3820,I20,DR_20221209_143805,1907.0,1.0060662
3821,I20,DR_20221209_143805,1908.0,0.9987208
3822,I21,DR_20221209_143805,1909.0,1.0028534
3823,I21,DR_20221209_143805,1910.0,0.9953378
3824,I21,DR_20221209_143805,1911.0,0.9978847
3825,I21,DR_20221209_143805,1912.0,1.0073224
3826,I21,DR_20221209_143805,1913.0,1.001111
3827,I21,DR_20221209_143805,1914.0,1.0023302
3828,I21,DR_20221209_143805,1915.0,0.99999374
3829,I21,DR_20221209_143805,1916.0,1.003545
3830,I21,DR_20221209_143805,1917.0,1.0153402
3831,I22,DR_20221209_143805,1918.0,0.94988334
3832,I22,DR_20221209_143805,1919.0,0.9991346
3833,I22,DR_20221209_143805,1920.0,0.9799111
3834,I22,DR_20221209_143805,1921.0,0.99937
3835,I22,DR_20221209_143805,1922.0,1.0153176
3836,I22,DR_20221209_143805,1923.0,1.0015988
3837,I22,DR_20221209_143805,1924.0,1.0140114
3838,I22,DR_20221209_143805,1925.0,0.9990367
3839,I22,DR_20221209_143805,1926.0,1.0008252
3876,J03,DR_20221209_143805,1963.0,1.0141425
3877,J03,DR_20221209_143805,1964.0,1.0036006
3878,J03,DR_20221209_143805,1965.0,1.0053545
3879,J03,DR_20221209_143805,1966.0,0.5596001
3880,J03,DR_20221209_143805,1967.0,0.9612094
3881,J03,DR_20221209_143805,1968.0,0.57915115
3882,J03,DR_20221209_143805,1969.0,0.5486871
3883,J03,DR_20221209_143805,1970.0,0.570377
3884,J04,DR_20221209_143805,1971.0,0.9991526
3885,J04,DR_20221209_143805,1972.0,1.0008392
3886,J04,DR_20221209_143805,1973.0,1.0045847
3887,J04,DR_20221209_143805,1974.0,0.9945204
3888,J04,DR_20221209_143805,1975.0,0.9985809
3889,J04,DR_20221209_143805,1976.0,1.0176469
3890,J04,DR_20221209_143805,1977.0,1.0002757
3891,J04,DR_20221209_143805,1978.0,1.0185072
3892,J04,DR_20221209_143805,1979.0,1.0050225
3893,J05,DR_20221209_143805,1980.0,0.9998689
3894,J05,DR_20221209_143805,1981.0,1.0000004
3895,J05,DR_20221209_143805,1982.0,1.0015562
3896,J05,DR_20221209_143805,1983.0,0.99856895
3897,J05,DR_20221209_143805,1984.0,1.0002321
3898,J05,DR_20221209_143805,1985.0,1.0001259
3899,J05,DR_20221209_143805,1986.0,1.000819
3900,J05,DR_20221209_143805,1987.0,0.9980996
3901,J05,DR_20221209_143805,1988.0,1.0015707
3902,J06,DR_20221209_143805,1989.0,0.99955916
3903,J06,DR_20221209_143805,1990.0,1.0023978
3904,J06,DR_20221209_143805,1991.0,1.0003586
3905,J06,DR_20221209_143805,1992.0,0.99616605
3906,J06,DR_20221209_143805,1993.0,0.9993117
3907,J06,DR_20221209_143805,1994.0,1.0022194
3908,J06,DR_20221209_143805,1995.0,1.003831
3909,J06,DR_20221209_143805,1996.0,0.99858767
3910,J06,DR_20221209_143805,1997.0,0.99905837
3911,J07,DR_20221209_143805,1998.0,0.9986319
3912,J07,DR_20221209_143805,1999.0,0.9966939
3913,J07,DR_20221209_143805,2000.0,1.0035366
3914,J07,DR_20221209_143805,2001.0,1.0001454
3915,J07,DR_20221209_143805,2002.0,0.99975353
3916,J07,DR_20221209_143805,2003.0,1.0006839
3917,J07,DR_20221209_143805,2004.0,0.9993052
3918,J07,DR_20221209_143805,2005.0,1.0028642
3919,J07,DR_20221209_143805,2006.0,0.99934417
3920,J08,DR_20221209_143805,2007.0,0.9997589
3921,J08,DR_20221209_143805,2008.0,0.99922144
3922,J08,DR_20221209_143805,2009.0,1.0141963
3923,J08,DR_20221209_143805,2010.0,0.99989367
3924,J08,DR_20221209_143805,2011.0,1.0017145
3925,J08,DR_20221209_143805,2012.0,0.99035996
3926,J08,DR_20221209_143805,2013.0,0.9967823
3927,J08,DR_20221209_143805,2014.0,0.99314576
3928,J08,DR_20221209_143805,2015.0,0.996815
3929,J09,DR_20221209_143805,2016.0,0.9976839
3930,J09,DR_20221209_143805,2017.0,0.99978656
3931,J09,DR_20221209_143805,2018.0,0.9990776
3932,J09,DR_20221209_143805,2019.0,1.0030454
3933,J09,DR_20221209_143805,2020.0,1.0113908
3934,J09,DR_20221209_143805,2021.0,1.0006148
3935,J09,DR_20221209_143805,2022.0,0.9998619
3936,J09,DR_20221209_143805,2023.0,0.55782896
3937,J09,DR_20221209_143805,2024.0,1.0003281
3938,J10,DR_20221209_143805,2025.0,1.0041281
3939,J10,DR_20221209_143805,2026.0,0.9994621
3940,J10,DR_20221209_143805,2027.0,1.0045354
3941,J10,DR_20221209_143805,2028.0,1.004509
3942,J10,DR_20221209_143805,2029.0,1.0010793
3943,J10,DR_20221209_143805,2030.0,0.9967981
3944,J10,DR_20221209_143805,2031.0,0.99913514
3945,J10,DR_20221209_143805,2032.0,0.99992615
3946,J10,DR_20221209_143805,2033.0,0.9927956
3947,J11,DR_20221209_143805,2034.0,0.99875534
3948,J11,DR_20221209_143805,2035.0,0.996408
3949,J11,DR_20221209_143805,2036.0,0.9971455
3950,J11,DR_20221209_143805,2037.0,0.99815416
3951,J11,DR_20221209_143805,2038.0,1.0101949
3952,J11,DR_20221209_143805,2039.0,1.0067481
3953,J11,DR_20221209_143805,2040.0,0.99758434
3954,J11,DR_20221209_143805,2041.0,1.0072656
3955,J11,DR_20221209_143805,2042.0,0.78785646
3956,J12,DR_20221209_143805,2043.0,1.0063602
3957,J12,DR_20221209_143805,2044.0,1.0056335
3958,J12,DR_20221209_143805,2045.0,1.0041282
3959,J12,DR_20221209_143805,2046.0,1.0093664
3960,J12,DR_20221209_143805,2047.0,1.0106063
3961,J12,DR_20221209_143805,2048.0,0.9915422
3962,J12,DR_20221209_143805,2049.0,0.9996347
3963,J12,DR_20221209_143805,2050.0,0.9995566
3964,J12,DR_20221209_143805,2051.0,1.0014521
3965,J13,DR_20221209_143805,2052.0,1.0057548
3966,J13,DR_20221209_143805,2053.0,1.0064191
3967,J13,DR_20221209_143805,2054.0,1.0003335
3968,J13,DR_20221209_143805,2055.0,0.9992328
3969,J13,DR_20221209_143805,2056.0,0.99886185
3970,J13,DR_20221209_143805,2057.0,1.0032257
3971,J13,DR_20221209_143805,2058.0,0.9743031
3972,J13,DR_20221209_143805,2059.0,0.56479675
3973,J13,DR_20221209_143805,2060.0,1.0027263
3974,J14,DR_20221209_143805,2061.0,1.0159521
3975,J14,DR_20221209_143805,2062.0,0.795282
3976,J14,DR_20221209_143805,2063.0,1.0150166
3977,J14,DR_20221209_143805,2064.0,1.003512
3978,J14,DR_20221209_143805,2065.0,1.0175025
3979,J14,DR_20221209_143805,2066.0,1.0012687
3980,J14,DR_20221209_143805,2067.0,0.99882096
3981,J14,DR_20221209_143805,2068.0,0.9981007
3982,J14,DR_20221209_143805,2069.0,0.9952322
3983,J15,DR_20221209_143805,2070.0,1.0042925
3984,J15,DR_20221209_143805,2071.0,0.79701596
3985,J15,DR_20221209_143805,2072.0,0.7871918
3986,J15,DR_20221209_143805,2073.0,0.95247084
3987,J15,DR_20221209_143805,2074.0,1.0340637
3988,J15,DR_20221209_143805,2075.0,0.59057814
3989,J15,DR_20221209_143805,2076.0,0.99814653
3990,J15,DR_20221209_143805,2077.0,0.9954757
3991,J15,DR_20221209_143805,2078.0,0.9758961
3992,J16,DR_20221209_143805,2079.0,0.9990279
3993,J16,DR_20221209_143805,2080.0,0.9999252
3994,J16,DR_20221209_143805,2081.0,0.9746164
3995,J16,DR_20221209_143805,2082.0,1.0011189
3996,J16,DR_20221209_143805,2083.0,1.0135987
3997,J16,DR_20221209_143805,2084.0,1.0001863
3998,J16,DR_20221209_143805,2085.0,1.0155232
3999,J16,DR_20221209_143805,2086.0,1.0004724
4000,J16,DR_20221209_143805,2087.0,1.016495
4001,J17,DR_20221209_143805,2088.0,0.8594682
4002,J17,DR_20221209_143805,2089.0,0.5638984
4003,J17,DR_20221209_143805,2090.0,0.99312466
4004,J17,DR_20221209_143805,2091.0,0.00024330684
4005,J17,DR_20221209_143805,2092.0,1.002117
4006,J17,DR_20221209_143805,2093.0,1.0001285
4007,J17,DR_20221209_143805,2094.0,1.0028567
4008,J17,DR_20221209_143805,2095.0,0.99523884
4009,J17,DR_20221209_143805,2096.0,0.9962723
4010,J18,DR_20221209_143805,2097.0,1.0134226
4011,J18,DR_20221209_143805,2098.0,0.9994658
4012,J18,DR_20221209_143805,2099.0,0.99988246
4013,J18,DR_20221209_143805,2100.0,0.99804455
4014,J18,DR_20221209_143805,2101.0,0.99956334
4015,J18,DR_20221209_143805,2102.0,1.0061262
4016,J18,DR_20221209_143805,2103.0,0.9994331
4017,J18,DR_20221209_143805,2104.0,1.0022007
4018,J18,DR_20221209_143805,2105.0,0.979009
4019,J19,DR_20221209_143805,2106.0,1.0005562
4020,J19,DR_20221209_143805,2107.0,0.99814075
4021,J19,DR_20221209_143805,2108.0,0.9998811
4022,J19,DR_20221209_143805,2109.0,0.9983157
4023,J19,DR_20221209_143805,2110.0,0.99995065
4024,J19,DR_20221209_143805,2111.0,0.9997427
4025,J19,DR_20221209_143805,2112.0,0.9922453
4026,J19,DR_20221209_143805,2113.0,1.0138259
4027,J19,DR_20221209_143805,2114.0,1.0002801
4028,J20,DR_20221209_143805,2115.0,1.0006815
4029,J20,DR_20221209_143805,2116.0,0.9979361
4030,J20,DR_20221209_143805,2117.0,0.99843085
4031,J20,DR_20221209_143805,2118.0,0.9971614
4032,J20,DR_20221209_143805,2119.0,0.9982876
4033,J20,DR_20221209_143805,2120.0,0.9998026
4034,J20,DR_20221209_143805,2121.0,0.99902296
4035,J20,DR_20221209_143805,2122.0,1.0022057
4036,J20,DR_20221209_143805,2123.0,0.9772408
4037,J21,DR_20221209_143805,2124.0,1.0001856
4038,J21,DR_20221209_143805,2125.0,0.99885684
4039,J21,DR_20221209_143805,2126.0,0.9613801
4040,J21,DR_20221209_143805,2127.0,1.0015597
4041,J21,DR_20221209_143805,2128.0,1.0022397
4042,J21,DR_20221209_143805,2129.0,0.9991615
4043,J21,DR_20221209_143805,2130.0,1.025003
4044,J21,DR_20221209_143805,2131.0,0.99434316
4045,J21,DR_20221209_143805,2132.0,1.0179231
4046,J22,DR_20221209_143805,2133.0,0.00033546766
4047,J22,DR_20221209_143805,2134.0,1.0048865
4048,J22,DR_20221209_143805,2135.0,1.0003606
4049,J22,DR_20221209_143805,2136.0,0.99977213
4050,J22,DR_20221209_143805,2137.0,1.0000327
4051,J22,DR_20221209_143805,2138.0,0.9983055
4052,J22,DR_20221209_143805,2139.0,0.999876
4053,J22,DR_20221209_143805,2140.0,0.99964815
4054,J22,DR_20221209_143805,2141.0,1.0087003
4091,K04,DR_20221209_143805,2187.0,1.0004598
4092,K04,DR_20221209_143805,2188.0,0.9997646
4093,K04,DR_20221209_143805,2189.0,1.0028192
4094,K04,DR_20221209_143805,2190.0,1.0032786
4095,K04,DR_20221209_143805,2191.0,1.0020598
4096,K04,DR_20221209_143805,2192.0,1.0003062
4097,K04,DR_20221209_143805,2193.0,0.999491
4098,K04,DR_20221209_143805,2194.0,1.0006168
4099,K04,DR_20221209_143805,2195.0,1.0029505
4100,K05,DR_20221209_143805,2196.0,1.0000422
4101,K05,DR_20221209_143805,2197.0,0.99974996
4102,K05,DR_20221209_143805,2198.0,1.006269
4103,K05,DR_20221209_143805,2199.0,0.99983203
4104,K05,DR_20221209_143805,2200.0,0.99865204
4105,K05,DR_20221209_143805,2201.0,1.0004828
4106,K05,DR_20221209_143805,2202.0,1.0025264
4107,K05,DR_20221209_143805,2203.0,0.9995052
4108,K05,DR_20221209_143805,2204.0,0.99903464
4109,K06,DR_20221209_143805,2205.0,1.0013623
4110,K06,DR_20221209_143805,2206.0,0.9995923
4111,K06,DR_20221209_143805,2207.0,1.002758
4112,K06,DR_20221209_143805,2208.0,0.9991407
4113,K06,DR_20221209_143805,2209.0,1.0053926
4114,K06,DR_20221209_143805,2210.0,0.9991763
4115,K06,DR_20221209_143805,2211.0,0.9993887
4116,K06,DR_20221209_143805,2212.0,1.0032022
4117,K06,DR_20221209_143805,2213.0,0.9991395
4118,K07,DR_20221209_143805,2214.0,0.9970202
4119,K07,DR_20221209_143805,2215.0,0.978591
4120,K07,DR_20221209_143805,2216.0,0.9903981
4121,K07,DR_20221209_143805,2217.0,1.0013716
4122,K07,DR_20221209_143805,2218.0,0.9980695
4123,K07,DR_20221209_143805,2219.0,0.9994867
4124,K07,DR_20221209_143805,2220.0,0.99764526
4125,K07,DR_20221209_143805,2221.0,0.9992628
4126,K07,DR_20221209_143805,2222.0,1.0000231
4127,K08,DR_20221209_143805,2223.0,-0.005091619
4128,K08,DR_20221209_143805,2224.0,1.0159527
4129,K08,DR_20221209_143805,2225.0,0.9980322
4130,K08,DR_20221209_143805,2226.0,1.0158889
4131,K08,DR_20221209_143805,2227.0,1.0127242
4132,K08,DR_20221209_143805,2228.0,0.9991184
4133,K08,DR_20221209_143805,2229.0,0.9979876
4134,K08,DR_20221209_143805,2230.0,1.004018
4135,K08,DR_20221209_143805,2231.0,1.0027392
4136,K09,DR_20221209_143805,2232.0,1.0145336
4137,K09,DR_20221209_143805,2233.0,0.9990268
4138,K09,DR_20221209_143805,2234.0,1.0044512
4139,K09,DR_20221209_143805,2235.0,0.9981053
4140,K09,DR_20221209_143805,2236.0,0.9990761
4141,K09,DR_20221209_143805,2237.0,0.99350536
4142,K09,DR_20221209_143805,2238.0,0.99837315
4143,K09,DR_20221209_143805,2239.0,0.5607505
4144,K09,DR_20221209_143805,2240.0,1.0168947
4145,K10,DR_20221209_143805,2241.0,0.59033453
4146,K10,DR_20221209_143805,2242.0,1.0203968
4147,K10,DR_20221209_143805,2243.0,1.0109305
4148,K10,DR_20221209_143805,2244.0,0.8108258
4149,K10,DR_20221209_143805,2245.0,1.0158844
4150,K10,DR_20221209_143805,2246.0,0.998396
4151,K10,DR_20221209_143805,2247.0,1.000094
4152,K10,DR_20221209_143805,2248.0,1.0021057
4153,K10,DR_20221209_143805,2249.0,1.0012506
4154,K11,DR_20221209_143805,2250.0,1.0056796
4155,K11,DR_20221209_143805,2251.0,1.0031358
4156,K11,DR_20221209_143805,2252.0,0.8211713
4157,K11,DR_20221209_143805,2253.0,0.9993112
4158,K11,DR_20221209_143805,2254.0,0.99789846
4159,K11,DR_20221209_143805,2255.0,1.0049789
4160,K11,DR_20221209_143805,2256.0,0.999926
4161,K11,DR_20221209_143805,2257.0,0.9982312
4162,K11,DR_20221209_143805,2258.0,0.9987482
4163,K12,DR_20221209_143805,2259.0,1.0055437
4164,K12,DR_20221209_143805,2260.0,0.9991567
4165,K12,DR_20221209_143805,2261.0,1.0168527
4166,K12,DR_20221209_143805,2262.0,1.008216
4167,K12,DR_20221209_143805,2263.0,1.0191602
4168,K12,DR_20221209_143805,2264.0,1.0002365
4169,K12,DR_20221209_143805,2265.0,1.006734
4170,K12,DR_20221209_143805,2266.0,1.0008157
4171,K12,DR_20221209_143805,2267.0,1.0058771
4172,K14,DR_20221209_143805,2277.0,0.9998357
4173,K14,DR_20221209_143805,2278.0,1.004365
4174,K14,DR_20221209_143805,2279.0,1.0038922
4175,K14,DR_20221209_143805,2280.0,1.007138
4176,K14,DR_20221209_143805,2281.0,0.99194676
4177,K14,DR_20221209_143805,2282.0,1.0008223
4178,K14,DR_20221209_143805,2283.0,1.0139236
4179,K14,DR_20221209_143805,2284.0,0.99384576
4180,K14,DR_20221209_143805,2285.0,1.0002358
4181,K18,DR_20221209_143805,2313.0,1.0049222
4182,K18,DR_20221209_143805,2314.0,1.0070242
4183,K18,DR_20221209_143805,2315.0,0.81838787
4184,K18,DR_20221209_143805,2316.0,0.059500318
4185,K18,DR_20221209_143805,2317.0,1.0316201
4186,K18,DR_20221209_143805,2318.0,1.0001206
4187,K18,DR_20221209_143805,2319.0,1.002156
4188,K18,DR_20221209_143805,2320.0,0.9924332
4189,K18,DR_20221209_143805,2321.0,1.0239075
4190,K19,DR_20221209_143805,2322.0,1.0078186
4191,K19,DR_20221209_143805,2323.0,1.0062342
4192,K19,DR_20221209_143805,2324.0,0.98036647
4193,K19,DR_20221209_143805,2325.0,1.0095711
4194,K19,DR_20221209_143805,2326.0,1.0266925
4195,K19,DR_20221209_143805,2327.0,1.0025606
4196,K19,DR_20221209_143805,2328.0,1.0004869
4197,K19,DR_20221209_143805,2329.0,1.0035046
4198,K19,DR_20221209_143805,2330.0,0.99287695
4199,K20,DR_20221209_143805,2331.0,1.0001351
4200,K20,DR_20221209_143805,2332.0,0.9993871
4201,K20,DR_20221209_143805,2333.0,0.99561745
4202,K20,DR_20221209_143805,2334.0,0.99841964
4203,K20,DR_20221209_143805,2335.0,1.0002831
4204,K20,DR_20221209_143805,2336.0,1.0003506
4205,K20,DR_20221209_143805,2337.0,0.999809
4206,K20,DR_20221209_143805,2338.0,1.0008119
4207,K20,DR_20221209_143805,2339.0,0.9774412
4208,K21,DR_20221209_143805,2340.0,1.0018617
4209,K21,DR_20221209_143805,2341.0,0.9987187
4210,K21,DR_20221209_143805,2342.0,0.9752013
4211,K21,DR_20221209_143805,2343.0,1.0009137
4212,K21,DR_20221209_143805,2344.0,0.99948776
4213,K21,DR_20221209_143805,2345.0,1.0017064
4214,K21,DR_20221209_143805,2346.0,0.99972856
4215,K21,DR_20221209_143805,2347.0,1.0011187
4216,K21,DR_20221209_143805,2348.0,0.99260074
4217,K22,DR_20221209_143805,2349.0,0.8521983
4218,K22,DR_20221209_143805,2350.0,1.0089742
4219,K22,DR_20221209_143805,2351.0,0.8346757
4220,K22,DR_20221209_143805,2352.0,1.0067104
4221,K22,DR_20221209_143805,2353.0,1.0029329
4222,K22,DR_20221209_143805,2354.0,1.0004077
4223,K22,DR_20221209_143805,2355.0,0.9993542
4224,K22,DR_20221209_143805,2356.0,0.99506116
4225,K22,DR_20221209_143805,2357.0,0.9836017
4262,L04,DR_20221209_143805,2403.0,1.0154682
4263,L04,DR_20221209_143805,2404.0,0.9997378
4264,L04,DR_20221209_143805,2405.0,0.9986025
4265,L04,DR_20221209_143805,2406.0,0.9993935
4266,L04,DR_20221209_143805,2407.0,0.9999516
4267,L04,DR_20221209_143805,2408.0,0.99978864
4268,L04,DR_20221209_143805,2409.0,1.0038693
4269,L04,DR_20221209_143805,2410.0,1.0010859
4270,L04,DR_20221209_143805,2411.0,0.9996917
4271,L05,DR_20221209_143805,2412.0,0.99860585
4272,L05,DR_20221209_143805,2413.0,0.99892336
4273,L05,DR_20221209_143805,2414.0,0.9995013
4274,L05,DR_20221209_143805,2415.0,1.0022407
4275,L05,DR_20221209_143805,2416.0,0.99995935
4276,L05,DR_20221209_143805,2417.0,1.0001328
4277,L05,DR_20221209_143805,2418.0,1.0036986
4278,L05,DR_20221209_143805,2419.0,1.0026686
4279,L05,DR_20221209_143805,2420.0,0.9989844
4280,L06,DR_20221209_143805,2421.0,0.99889565
4281,L06,DR_20221209_143805,2422.0,1.0020415
4282,L06,DR_20221209_143805,2423.0,0.9803831
4283,L06,DR_20221209_143805,2424.0,0.99974483
4284,L06,DR_20221209_143805,2425.0,1.0015553
4285,L06,DR_20221209_143805,2426.0,1.000172
4286,L06,DR_20221209_143805,2427.0,0.9994581
4287,L06,DR_20221209_143805,2428.0,1.0008531
4288,L06,DR_20221209_143805,2429.0,0.9974992
4289,L07,DR_20221209_143805,2430.0,1.0014253
4290,L07,DR_20221209_143805,2431.0,1.0021098
4291,L07,DR_20221209_143805,2432.0,1.0238186
4292,L07,DR_20221209_143805,2433.0,0.996062
4293,L07,DR_20221209_143805,2434.0,1.0027924
4294,L07,DR_20221209_143805,2435.0,1.0000454
4295,L07,DR_20221209_143805,2436.0,1.0023633
4296,L07,DR_20221209_143805,2437.0,0.99865234
4297,L07,DR_20221209_143805,2438.0,-0.006020427
4298,L08,DR_20221209_143805,2439.0,0.9994291
4299,L08,DR_20221209_143805,2440.0,1.0004478
4300,L08,DR_20221209_143805,2441.0,1.0032367
4301,L08,DR_20221209_143805,2442.0,1.0006223
4302,L08,DR_20221209_143805,2443.0,1.0180683
4303,L08,DR_20221209_143805,2444.0,1.0018834
4304,L08,DR_20221209_143805,2445.0,1.0011609
4305,L08,DR_20221209_143805,2446.0,1.0033437
4306,L08,DR_20221209_143805,2447.0,0.9989278
4307,L09,DR_20221209_143805,2448.0,0.9978307
4308,L09,DR_20221209_143805,2449.0,1.0124209
4309,L09,DR_20221209_143805,2450.0,0.53024167
4310,L09,DR_20221209_143805,2451.0,1.0036001
4311,L09,DR_20221209_143805,2452.0,0.9998832
4312,L09,DR_20221209_143805,2453.0,0.9975047
4313,L09,DR_20221209_143805,2454.0,0.99646306
4314,L09,DR_20221209_143805,2455.0,0.99969566
4315,L09,DR_20221209_143805,2456.0,0.9997331
4316,L10,DR_20221209_143805,2457.0,0.9994138
4317,L10,DR_20221209_143805,2458.0,1.0031645
4318,L10,DR_20221209_143805,2459.0,1.0017288
4319,L10,DR_20221209_143805,2460.0,1.0005891
4320,L10,DR_20221209_143805,2461.0,1.0013379
4321,L10,DR_20221209_143805,2462.0,0.99954444
4322,L10,DR_20221209_143805,2463.0,0.99670786
4323,L10,DR_20221209_143805,2464.0,1.0038604
4324,L10,DR_20221209_143805,2465.0,1.0017785
4325,L11,DR_20221209_143805,2466.0,1.0040526
4326,L11,DR_20221209_143805,2467.0,1.0126911
4327,L11,DR_20221209_143805,2468.0,0.9941044
4328,L11,DR_20221209_143805,2469.0,0.9941405
4329,L11,DR_20221209_143805,2470.0,1.0059432
4330,L11,DR_20221209_143805,2471.0,0.9982072
4331,L11,DR_20221209_143805,2472.0,0.9972243
4332,L11,DR_20221209_143805,2473.0,0.98667836
4333,L11,DR_20221209_143805,2474.0,0.9974969
4334,L12,DR_20221209_143805,2475.0,1.0008022
4335,L12,DR_20221209_143805,2476.0,1.0025651
4336,L12,DR_20221209_143805,2477.0,0.557602
4337,L12,DR_20221209_143805,2478.0,1.004352
4338,L12,DR_20221209_143805,2479.0,0.9999006
4339,L12,DR_20221209_143805,2480.0,1.0008569
4340,L12,DR_20221209_143805,2481.0,1.0161204
4341,L12,DR_20221209_143805,2482.0,1.0043731
4342,L12,DR_20221209_143805,2483.0,0.9680253
4343,L13,DR_20221209_143805,2484.0,0.9969801
4344,L13,DR_20221209_143805,2485.0,0.99651265
4345,L13,DR_20221209_143805,2486.0,1.0028412
4346,L13,DR_20221209_143805,2487.0,0.99735695
4347,L13,DR_20221209_143805,2488.0,1.0006557
4348,L13,DR_20221209_143805,2489.0,0.9993535
4349,L13,DR_20221209_143805,2490.0,0.997706
4350,L13,DR_20221209_143805,2491.0,1.0017362
4351,L13,DR_20221209_143805,2492.0,1.0017066
4352,L18,DR_20221209_143805,2529.0,0.998334
4353,L18,DR_20221209_143805,2530.0,1.00737
4354,L18,DR_20221209_143805,2531.0,0.9682126
4355,L18,DR_20221209_143805,2532.0,0.9961351
4356,L18,DR_20221209_143805,2533.0,1.0207317
4357,L18,DR_20221209_143805,2534.0,1.0020537
4358,L18,DR_20221209_143805,2535.0,1.0020233
4359,L18,DR_20221209_143805,2536.0,0.9987047
4360,L18,DR_20221209_143805,2537.0,0.98533446
4361,L19,DR_20221209_143805,2538.0,1.0024204
4362,L19,DR_20221209_143805,2539.0,0.9983784
4363,L19,DR_20221209_143805,2540.0,1.0002112
4364,L19,DR_20221209_143805,2541.0,1.0009348
4365,L19,DR_20221209_143805,2542.0,0.99954504
4366,L19,DR_20221209_143805,2543.0,1.0019721
4367,L19,DR_20221209_143805,2544.0,0.9986989
4368,L19,DR_20221209_143805,2545.0,0.9978843
4369,L19,DR_20221209_143805,2546.0,0.9996492
4370,L22,DR_20221209_143805,2565.0,0.99964076
4371,L22,DR_20221209_143805,2566.0,0.9983114
4372,L22,DR_20221209_143805,2567.0,0.6605605
4373,L22,DR_20221209_143805,2568.0,0.9977689
4374,L22,DR_20221209_143805,2569.0,1.0025256
4375,L22,DR_20221209_143805,2570.0,0.99853045
4376,L22,DR_20221209_143805,2571.0,0.99931705
4377,L22,DR_20221209_143805,2572.0,0.99981725
4378,L22,DR_20221209_143805,2573.0,0.94074845
4415,M03,DR_20221209_143805,2610.0,0.75095874
4416,M03,DR_20221209_143805,2611.0,0.9286299
4417,M03,DR_20221209_143805,2612.0,0.85801643
4418,M03,DR_20221209_143805,2613.0,0.4382273
4419,M03,DR_20221209_143805,2614.0,0.79345775
4420,M03,DR_20221209_143805,2615.0,0.78748316
4421,M03,DR_20221209_143805,2616.0,0.18631378
4422,M03,DR_20221209_143805,2617.0,0.52849466
4423,M03,DR_20221209_143805,2618.0,0.56900233
4424,M04,DR_20221209_143805,2619.0,0.87877476
4425,M04,DR_20221209_143805,2620.0,1.0259668
4426,M04,DR_20221209_143805,2621.0,0.26630515
4427,M04,DR_20221209_143805,2622.0,0.9641289
4428,M04,DR_20221209_143805,2623.0,0.9141606
4429,M04,DR_20221209_143805,2624.0,0.9053234
4430,M04,DR_20221209_143805,2625.0,0.9236409
4431,M04,DR_20221209_143805,2626.0,0.33564255
4432,M04,DR_20221209_143805,2627.0,0.92909443
4433,M05,DR_20221209_143805,2628.0,0.39098594
4434,M05,DR_20221209_143805,2629.0,0.44538742
4435,M05,DR_20221209_143805,2630.0,0.4666582
4436,M05,DR_20221209_143805,2631.0,0.82435155
4437,M05,DR_20221209_143805,2632.0,0.90724385
4438,M05,DR_20221209_143805,2633.0,0.44563004
4439,M05,DR_20221209_143805,2634.0,0.53741145
4440,M05,DR_20221209_143805,2635.0,0.51676047
4441,M05,DR_20221209_143805,2636.0,0.5584482
4442,M06,DR_20221209_143805,2637.0,0.11097035
4443,M06,DR_20221209_143805,2638.0,0.94729716
4444,M06,DR_20221209_143805,2639.0,0.8028274
4445,M06,DR_20221209_143805,2640.0,0.72972786
4446,M06,DR_20221209_143805,2641.0,1.0267025
4447,M06,DR_20221209_143805,2642.0,0.13633606
4448,M06,DR_20221209_143805,2643.0,0.007536571
4449,M06,DR_20221209_143805,2644.0,0.52889794
4450,M06,DR_20221209_143805,2645.0,-0.010854132
4451,M07,DR_20221209_143805,2646.0,0.30085796
4452,M07,DR_20221209_143805,2647.0,0.33842292
4453,M07,DR_20221209_143805,2648.0,0.009566824
4454,M07,DR_20221209_143805,2649.0,1.0145053
4455,M07,DR_20221209_143805,2650.0,0.78773326
4456,M07,DR_20221209_143805,2651.0,0.343201
4457,M07,DR_20221209_143805,2652.0,0.43098983
4458,M07,DR_20221209_143805,2653.0,0.2829144
4459,M07,DR_20221209_143805,2654.0,0.3376723
4460,M08,DR_20221209_143805,2655.0,1.004281
4461,M08,DR_20221209_143805,2656.0,1.003197
4462,M08,DR_20221209_143805,2657.0,1.0187659
4463,M08,DR_20221209_143805,2658.0,1.0124335
4464,M08,DR_20221209_143805,2659.0,1.0179299
4465,M08,DR_20221209_143805,2660.0,1.0007349
4466,M08,DR_20221209_143805,2661.0,0.99926275
4467,M08,DR_20221209_143805,2662.0,0.991337
4468,M08,DR_20221209_143805,2663.0,1.0063423
4469,M09,DR_20221209_143805,2664.0,1.0031174
4470,M09,DR_20221209_143805,2665.0,0.9984635
4471,M09,DR_20221209_143805,2666.0,1.0018955
4472,M09,DR_20221209_143805,2667.0,0.97889715
4473,M09,DR_20221209_143805,2668.0,1.00512
4474,M09,DR_20221209_143805,2669.0,1.0003983
4475,M09,DR_20221209_143805,2670.0,0.96451026
4476,M09,DR_20221209_143805,2671.0,1.001986
4477,M09,DR_20221209_143805,2672.0,0.9994866
4478,M10,DR_20221209_143805,2673.0,0.99956775
4479,M10,DR_20221209_143805,2674.0,1.0363504
4480,M10,DR_20221209_143805,2675.0,0.99354905
4481,M10,DR_20221209_143805,2676.0,1.0180349
4482,M10,DR_20221209_143805,2677.0,1.0143206
4483,M10,DR_20221209_143805,2678.0,0.9968271
4484,M10,DR_20221209_143805,2679.0,0.9972949
4485,M10,DR_20221209_143805,2680.0,0.9978873
4486,M10,DR_20221209_143805,2681.0,0.8481744
4487,M11,DR_20221209_143805,2682.0,1.0046198
4488,M11,DR_20221209_143805,2683.0,1.0015068
4489,M11,DR_20221209_143805,2684.0,1.001432
4490,M11,DR_20221209_143805,2685.0,0.03460669
4491,M11,DR_20221209_143805,2686.0,0.600778
4492,M11,DR_20221209_143805,2687.0,1.0034587
4493,M11,DR_20221209_143805,2688.0,1.0026305
4494,M11,DR_20221209_143805,2689.0,0.9903459
4495,M11,DR_20221209_143805,2690.0,1.0021706
4496,M12,DR_20221209_143805,2691.0,0.99795127
4497,M12,DR_20221209_143805,2692.0,1.000128
4498,M12,DR_20221209_143805,2693.0,1.0016539
4499,M12,DR_20221209_143805,2694.0,0.99832785
4500,M12,DR_20221209_143805,2695.0,1.0223744
4501,M12,DR_20221209_143805,2696.0,1.0013847
4502,M12,DR_20221209_143805,2697.0,1.0021284
4503,M12,DR_20221209_143805,2698.0,1.0005132
4504,M12,DR_20221209_143805,2699.0,1.0029498
4514,N03,DR_20221209_143805,2718.0,0.4739203
4515,N03,DR_20221209_143805,2719.0,1.0293605
4516,N03,DR_20221209_143805,2720.0,0.8850863
4517,N03,DR_20221209_143805,2721.0,0.81090367
4518,N03,DR_20221209_143805,2722.0,0.86838514
4519,N03,DR_20221209_143805,2723.0,1.0226414
4520,N03,DR_20221209_143805,2724.0,0.20061797
4521,N03,DR_20221209_143805,2725.0,0.10482804
4522,N03,DR_20221209_143805,2726.0,0.024325425
4523,N04,DR_20221209_143805,2727.0,0.83452046
4524,N04,DR_20221209_143805,2728.0,0.17263924
4525,N04,DR_20221209_143805,2729.0,0.520002
4526,N04,DR_20221209_143805,2730.0,0.23735519
4527,N04,DR_20221209_143805,2731.0,0.85965174
4528,N04,DR_20221209_143805,2732.0,1.0246596
4529,N04,DR_20221209_143805,2733.0,0.22742154
4530,N04,DR_20221209_143805,2734.0,0.84476703
4531,N04,DR_20221209_143805,2735.0,0.085809454
4532,N05,DR_20221209_143805,2736.0,0.5039289
4533,N05,DR_20221209_143805,2737.0,0.9802552
4534,N05,DR_20221209_143805,2738.0,0.047161162
4535,N05,DR_20221209_143805,2739.0,0.1565468
4536,N05,DR_20221209_143805,2740.0,0.8660967
4537,N05,DR_20221209_143805,2741.0,0.8864214
4538,N05,DR_20221209_143805,2742.0,0.21033849
4539,N05,DR_20221209_143805,2743.0,0.67345583
4540,N05,DR_20221209_143805,2744.0,0.18659244
4541,N06,DR_20221209_143805,2745.0,0.10690104
4542,N06,DR_20221209_143805,2746.0,0.84400296
4543,N06,DR_20221209_143805,2747.0,0.18704127
4544,N06,DR_20221209_143805,2748.0,1.0056764
4545,N06,DR_20221209_143805,2749.0,0.9791442
4546,N06,DR_20221209_143805,2750.0,0.89620936
4547,N06,DR_20221209_143805,2751.0,0.58267987
4548,N06,DR_20221209_143805,2752.0,0.93876463
4549,N06,DR_20221209_143805,2753.0,0.99659234
4550,N07,DR_20221209_143805,2754.0,0.29676977
4551,N07,DR_20221209_143805,2755.0,1.0166129
4552,N07,DR_20221209_143805,2756.0,0.29030082
4553,N07,DR_20221209_143805,2757.0,1.0005541
4554,N07,DR_20221209_143805,2758.0,0.4560098
4555,N07,DR_20221209_143805,2759.0,0.16867238
4556,N07,DR_20221209_143805,2760.0,0.110541455
4557,N07,DR_20221209_143805,2761.0,0.54254633
4558,N07,DR_20221209_143805,2762.0,0.55400735
4559,N08,DR_20221209_143805,2763.0,0.9986267
4560,N08,DR_20221209_143805,2764.0,1.0038656
4561,N08,DR_20221209_143805,2765.0,0.9751344
4562,N08,DR_20221209_143805,2766.0,1.0022737
4563,N08,DR_20221209_143805,2767.0,0.9719308
4564,N08,DR_20221209_143805,2768.0,0.99360067
4565,N08,DR_20221209_143805,2769.0,0.7914083
4566,N08,DR_20221209_143805,2770.0,0.9832533
4567,N08,DR_20221209_143805,2771.0,0.999827
4568,N09,DR_20221209_143805,2772.0,0.520223
4569,N09,DR_20221209_143805,2773.0,0.5400146
4570,N09,DR_20221209_143805,2774.0,0.77266794
4571,N09,DR_20221209_143805,2775.0,0.5556264
4572,N09,DR_20221209_143805,2776.0,0.50213605
4573,N09,DR_20221209_143805,2777.0,0.9195931
4574,N09,DR_20221209_143805,2778.0,0.95177734
4575,N09,DR_20221209_143805,2779.0,0.9172762
4576,N09,DR_20221209_143805,2780.0,0.8121964
4577,N10,DR_20221209_143805,2781.0,0.9990779
4578,N10,DR_20221209_143805,2782.0,1.003451
4579,N10,DR_20221209_143805,2783.0,0.7921722
4580,N10,DR_20221209_143805,2784.0,0.9969335
4581,N10,DR_20221209_143805,2785.0,0.99701667
4582,N10,DR_20221209_143805,2786.0,1.0143244
4583,N10,DR_20221209_143805,2787.0,0.99198395
4584,N10,DR_20221209_143805,2788.0,1.0039047
4585,N10,DR_20221209_143805,2789.0,0.9933011
4586,N11,DR_20221209_143805,2790.0,0.9978261
4587,N11,DR_20221209_143805,2791.0,0.99886745
4588,N11,DR_20221209_143805,2792.0,0.9967444
4589,N11,DR_20221209_143805,2793.0,0.9927534
4590,N11,DR_20221209_143805,2794.0,1.0045043
4591,N11,DR_20221209_143805,2795.0,0.9998704
4592,N11,DR_20221209_143805,2796.0,1.000526
4593,N11,DR_20221209_143805,2797.0,1.0011834
4594,N11,DR_20221209_143805,2798.0,0.99961597
4595,N12,DR_20221209_143805,2799.0,1.0009973
4596,N12,DR_20221209_143805,2800.0,1.0006696
4597,N12,DR_20221209_143805,2801.0,0.9970508
4598,N12,DR_20221209_143805,2802.0,1.0052834
4599,N12,DR_20221209_143805,2803.0,1.0034969
4600,N12,DR_20221209_143805,2804.0,0.9985679
4601,N12,DR_20221209_143805,2805.0,1.0006033
4602,N12,DR_20221209_143805,2806.0,1.0165917
4603,N12,DR_20221209_143805,2807.0,0.9992605
4622,O04,DR_20221209_143805,2835.0,0.25121757
4623,O04,DR_20221209_143805,2836.0,0.99407274
4624,O04,DR_20221209_143805,2837.0,0.23794045
4625,O04,DR_20221209_143805,2838.0,0.30307147
4626,O04,DR_20221209_143805,2839.0,0.29181796
4627,O04,DR_20221209_143805,2840.0,0.5240457
4628,O04,DR_20221209_143805,2841.0,0.4287139
4629,O04,DR_20221209_143805,2842.0,0.2825342
4630,O04,DR_20221209_143805,2843.0,0.21557145
4631,O05,DR_20221209_143805,2844.0,0.0956564
4632,O05,DR_20221209_143805,2845.0,0.26319456
4633,O05,DR_20221209_143805,2846.0,0.9101036
4634,O05,DR_20221209_143805,2847.0,0.51342624
4635,O05,DR_20221209_143805,2848.0,0.28364334
4636,O05,DR_20221209_143805,2849.0,0.90103656
4637,O05,DR_20221209_143805,2850.0,0.818146
4638,O05,DR_20221209_143805,2851.0,0.13732679
4639,O05,DR_20221209_143805,2852.0,0.89941627
4640,O06,DR_20221209_143805,2853.0,0.40878516
4641,O06,DR_20221209_143805,2854.0,0.6270594
4642,O06,DR_20221209_143805,2855.0,0.30702463
4643,O06,DR_20221209_143805,2856.0,0.9914101
4644,O06,DR_20221209_143805,2857.0,0.5869032
4645,O06,DR_20221209_143805,2858.0,0.987699
4646,O06,DR_20221209_143805,2859.0,0.27183303
4647,O06,DR_20221209_143805,2860.0,0.1201954
4648,O06,DR_20221209_143805,2861.0,0.58207047
4649,O07,DR_20221209_143805,2862.0,0.785602
4650,O07,DR_20221209_143805,2863.0,0.41870958
4651,O07,DR_20221209_143805,2864.0,1.0044916
4652,O07,DR_20221209_143805,2865.0,1.0236593
4653,O07,DR_20221209_143805,2866.0,1.0281669
4654,O07,DR_20221209_143805,2867.0,0.9977154
4655,O07,DR_20221209_143805,2868.0,0.29369724
4656,O07,DR_20221209_143805,2869.0,0.2517349
4657,O07,DR_20221209_143805,2870.0,1.0037946
4658,O08,DR_20221209_143805,2871.0,0.9997673
4659,O08,DR_20221209_143805,2872.0,0.8263132
4660,O08,DR_20221209_143805,2873.0,0.96978855
4661,O08,DR_20221209_143805,2874.0,0.99940234
4662,O08,DR_20221209_143805,2875.0,1.0005207
4663,O08,DR_20221209_143805,2876.0,1.0001111
4664,O08,DR_20221209_143805,2877.0,0.9994773
4665,O08,DR_20221209_143805,2878.0,1.0015593
4666,O08,DR_20221209_143805,2879.0,1.0001477
4667,O09,DR_20221209_143805,2880.0,0.9950513
4668,O09,DR_20221209_143805,2881.0,1.0066694
4669,O09,DR_20221209_143805,2882.0,0.99476
4670,O09,DR_20221209_143805,2883.0,0.99482083
4671,O09,DR_20221209_143805,2884.0,1.0140135
4672,O09,DR_20221209_143805,2885.0,1.0022832
4673,O09,DR_20221209_143805,2886.0,0.9996053
4674,O09,DR_20221209_143805,2887.0,0.95557547
4675,O09,DR_20221209_143805,2888.0,1.0001101
4676,O12,DR_20221209_143805,2907.0,0.9783487
4677,O12,DR_20221209_143805,2908.0,0.983249
4678,O12,DR_20221209_143805,2909.0,0.96349144
4679,O12,DR_20221209_143805,2910.0,1.0018377
4680,O12,DR_20221209_143805,2911.0,0.56450015
4681,O12,DR_20221209_143805,2912.0,0.9779223
4682,O12,DR_20221209_143805,2913.0,0.9965197
4683,O12,DR_20221209_143805,2914.0,0.973965
4684,O12,DR_20221209_143805,2915.0,1.0108525
