,Image_Metadata_WellID,Image_Metadata_PlateID,ImageNumber,score
1941,A03,DR_20221209_143805,19.0,8.7216766e-05
1942,A03,DR_20221209_143805,20.0,0.00033670003
1943,A03,DR_20221209_143805,21.0,0.89606667
1944,A03,DR_20221209_143805,22.0,0.89777285
1945,A03,DR_20221209_143805,23.0,0.9029701
1946,A03,DR_20221209_143805,24.0,0.9029701
1947,A03,DR_20221209_143805,25.0,0.90195113
1948,A03,DR_20221209_143805,26.0,0.90195113
1949,A03,DR_20221209_143805,27.0,0.9013646
1950,A04,DR_20221209_143805,28.0,1.002999
1951,A04,DR_20221209_143805,29.0,0.27056348
1952,A04,DR_20221209_143805,30.0,1.0005777
1953,A04,DR_20221209_143805,31.0,0.8844646
1954,A04,DR_20221209_143805,32.0,0.9019362
1955,A04,DR_20221209_143805,33.0,0.9085551
1956,A04,DR_20221209_143805,34.0,0.988597
1957,A04,DR_20221209_143805,35.0,0.89933836
1958,A04,DR_20221209_143805,36.0,0.9001934
1959,A05,DR_20221209_143805,37.0,0.2704734
1960,A05,DR_20221209_143805,38.0,0.43681815
1961,A05,DR_20221209_143805,39.0,0.27029133
1962,A05,DR_20221209_143805,40.0,0.43550837
1963,A05,DR_20221209_143805,41.0,0.43681815
1964,A05,DR_20221209_143805,42.0,0.34122914
1965,A05,DR_20221209_143805,43.0,0.9951617
1966,A05,DR_20221209_143805,44.0,0.9010343
1967,A05,DR_20221209_143805,45.0,0.79452944
1968,A06,DR_20221209_143805,46.0,0.2702305
1969,A06,DR_20221209_143805,47.0,0.27111658
1970,A06,DR_20221209_143805,48.0,0.28488597
1971,A06,DR_20221209_143805,49.0,0.2711774
1972,A06,DR_20221209_143805,50.0,0.27029133
1973,A06,DR_20221209_143805,51.0,0.2702305
1974,A06,DR_20221209_143805,52.0,0.2694391
1975,A06,DR_20221209_143805,53.0,0.27113158
1976,A06,DR_20221209_143805,54.0,0.9647218
1977,A07,DR_20221209_143805,55.0,0.98877424
1978,A07,DR_20221209_143805,56.0,0.98816943
1979,A07,DR_20221209_143805,57.0,0.9997344
1980,A07,DR_20221209_143805,58.0,1.0028902
1981,A07,DR_20221209_143805,59.0,0.27022922
1982,A07,DR_20221209_143805,60.0,0.4436671
1983,A07,DR_20221209_143805,61.0,0.98877424
1984,A07,DR_20221209_143805,62.0,1.0028944
1985,A07,DR_20221209_143805,63.0,0.9896603
1986,A08,DR_20221209_143805,64.0,0.27113158
1987,A08,DR_20221209_143805,65.0,1.0036075
1988,A08,DR_20221209_143805,66.0,0.887579
1989,A08,DR_20221209_143805,67.0,1.0038971
1990,A08,DR_20221209_143805,68.0,0.44459453
1991,A08,DR_20221209_143805,69.0,1.0038427
1992,A08,DR_20221209_143805,70.0,0.9784122
1993,A08,DR_20221209_143805,71.0,0.27022472
1994,A08,DR_20221209_143805,72.0,0.4312371
1995,A09,DR_20221209_143805,73.0,1.0029278
1996,A09,DR_20221209_143805,74.0,0.4345908
1997,A09,DR_20221209_143805,75.0,0.9879761
1998,A09,DR_20221209_143805,76.0,0.9000723
1999,A09,DR_20221209_143805,77.0,1.0031666
2000,A09,DR_20221209_143805,78.0,0.9062365
2001,A09,DR_20221209_143805,79.0,0.89319575
2002,A09,DR_20221209_143805,80.0,0.97258943
2003,A09,DR_20221209_143805,81.0,0.97948444
2004,A10,DR_20221209_143805,82.0,0.27113158
2005,A10,DR_20221209_143805,83.0,1.0031666
2006,A10,DR_20221209_143805,84.0,0.8939351
2007,A10,DR_20221209_143805,85.0,0.99940926
2008,A10,DR_20221209_143805,86.0,1.001526
2009,A10,DR_20221209_143805,87.0,1.0031844
2010,A10,DR_20221209_143805,88.0,0.43550837
2011,A10,DR_20221209_143805,89.0,0.2724872
2012,A10,DR_20221209_143805,90.0,0.44459453
2013,A11,DR_20221209_143805,91.0,0.9665805
2014,A11,DR_20221209_143805,92.0,1.0031223
2015,A11,DR_20221209_143805,93.0,0.98906326
2016,A11,DR_20221209_143805,94.0,0.9061201
2017,A11,DR_20221209_143805,95.0,1.0035118
2018,A11,DR_20221209_143805,96.0,1.0008166
2019,A11,DR_20221209_143805,97.0,0.73566586
2020,A11,DR_20221209_143805,98.0,1.0221229
2021,A11,DR_20221209_143805,99.0,0.9667508
2022,A12,DR_20221209_143805,100.0,0.44391295
2023,A12,DR_20221209_143805,101.0,0.8953953
2024,A12,DR_20221209_143805,102.0,0.954628
2025,A12,DR_20221209_143805,103.0,0.90625733
2026,A12,DR_20221209_143805,104.0,0.9068582
2027,A12,DR_20221209_143805,105.0,0.44459453
2028,A12,DR_20221209_143805,106.0,0.8799822
2029,A12,DR_20221209_143805,107.0,0.89267904
2030,A12,DR_20221209_143805,108.0,0.98415345
2031,A13,DR_20221209_143805,109.0,0.83736396
2032,A13,DR_20221209_143805,110.0,0.8970769
2033,A13,DR_20221209_143805,111.0,1.0311753
2034,A13,DR_20221209_143805,112.0,1.0028902
2035,A13,DR_20221209_143805,113.0,1.0012746
2036,A13,DR_20221209_143805,114.0,1.0052481
2037,A13,DR_20221209_143805,115.0,0.98983127
2038,A13,DR_20221209_143805,116.0,1.0028902
2039,A13,DR_20221209_143805,117.0,0.9816803
2040,A14,DR_20221209_143805,118.0,0.98962677
2041,A14,DR_20221209_143805,119.0,0.9000723
2042,A14,DR_20221209_143805,120.0,0.8375766
2043,A14,DR_20221209_143805,121.0,0.9881359
2044,A14,DR_20221209_143805,122.0,0.898063
2045,A14,DR_20221209_143805,123.0,1.000612
2046,A14,DR_20221209_143805,124.0,0.73614585
2047,A14,DR_20221209_143805,125.0,1.0009044
2048,A14,DR_20221209_143805,126.0,0.98174727
2049,A15,DR_20221209_143805,127.0,0.26774848
2050,A15,DR_20221209_143805,128.0,0.8855853
2051,A15,DR_20221209_143805,129.0,0.9995712
2052,A15,DR_20221209_143805,130.0,0.8843704
2053,A15,DR_20221209_143805,131.0,1.0051523
2054,A15,DR_20221209_143805,132.0,0.2704545
2055,A15,DR_20221209_143805,133.0,0.70966274
2056,A15,DR_20221209_143805,134.0,1.0014747
2057,A15,DR_20221209_143805,135.0,1.0028902
2058,A16,DR_20221209_143805,136.0,0.2702305
2059,A16,DR_20221209_143805,137.0,1.00352
2060,A16,DR_20221209_143805,138.0,0.2708548
2061,A16,DR_20221209_143805,139.0,0.9667426
2062,A16,DR_20221209_143805,140.0,0.2711774
2063,A16,DR_20221209_143805,141.0,0.9063029
2064,A16,DR_20221209_143805,142.0,1.0051316
2065,A16,DR_20221209_143805,143.0,0.99564195
2066,A16,DR_20221209_143805,144.0,0.89139766
2067,A17,DR_20221209_143805,145.0,1.0027738
2068,A17,DR_20221209_143805,146.0,0.99336976
2069,A17,DR_20221209_143805,147.0,1.0010334
2070,A17,DR_20221209_143805,148.0,0.98956186
2071,A17,DR_20221209_143805,149.0,0.43681815
2072,A17,DR_20221209_143805,150.0,0.27111658
2073,A17,DR_20221209_143805,151.0,0.9895801
2074,A17,DR_20221209_143805,152.0,0.9560466
2075,A17,DR_20221209_143805,153.0,0.45237005
2076,A18,DR_20221209_143805,154.0,1.0052481
2077,A18,DR_20221209_143805,155.0,0.98313797
2078,A18,DR_20221209_143805,156.0,1.00084
2079,A18,DR_20221209_143805,157.0,0.8975954
2080,A18,DR_20221209_143805,158.0,1.0051523
2081,A18,DR_20221209_143805,159.0,1.003822
2082,A18,DR_20221209_143805,160.0,0.7359099
2083,A18,DR_20221209_143805,161.0,0.25709146
2084,A18,DR_20221209_143805,162.0,0.9910429
2085,A19,DR_20221209_143805,163.0,0.2704734
2086,A19,DR_20221209_143805,164.0,0.9024714
2087,A19,DR_20221209_143805,165.0,0.98802274
2088,A19,DR_20221209_143805,166.0,0.89908624
2089,A19,DR_20221209_143805,167.0,1.0026743
2090,A19,DR_20221209_143805,168.0,0.27113158
2091,A19,DR_20221209_143805,169.0,1.00045
2092,A19,DR_20221209_143805,170.0,0.9571207
2093,A19,DR_20221209_143805,171.0,0.90515494
2094,A20,DR_20221209_143805,172.0,0.27105448
2095,A20,DR_20221209_143805,173.0,1.003375
2096,A20,DR_20221209_143805,174.0,1.0052481
2097,A20,DR_20221209_143805,175.0,0.9894723
2098,A20,DR_20221209_143805,176.0,0.2711774
2099,A20,DR_20221209_143805,177.0,0.9007564
2100,A20,DR_20221209_143805,178.0,0.9629684
2101,A20,DR_20221209_143805,179.0,0.2711924
2102,A20,DR_20221209_143805,180.0,0.44594565
2103,A21,DR_20221209_143805,181.0,0.98734117
2104,A21,DR_20221209_143805,182.0,1.0002942
2105,A21,DR_20221209_143805,183.0,0.98969907
2106,A21,DR_20221209_143805,184.0,0.8975954
2107,A21,DR_20221209_143805,185.0,1.0046096
2108,A21,DR_20221209_143805,186.0,0.8928337
2109,A21,DR_20221209_143805,187.0,0.923223
2110,A21,DR_20221209_143805,188.0,0.27113158
2111,A21,DR_20221209_143805,189.0,0.99918187
2112,A22,DR_20221209_143805,190.0,0.73614585
2113,A22,DR_20221209_143805,191.0,0.9038038
2114,A22,DR_20221209_143805,192.0,0.9894873
2115,A22,DR_20221209_143805,193.0,1.0026728
2116,A22,DR_20221209_143805,194.0,0.2711774
2117,A22,DR_20221209_143805,195.0,1.0004352
2118,A22,DR_20221209_143805,196.0,0.96571994
2119,A22,DR_20221209_143805,197.0,0.27111658
2120,A22,DR_20221209_143805,198.0,0.27111658
2157,B03,DR_20221209_143805,235.0,0.907204
2158,B03,DR_20221209_143805,236.0,0.90113527
2159,B03,DR_20221209_143805,237.0,1.0038575
2160,B03,DR_20221209_143805,238.0,0.8986872
2161,B03,DR_20221209_143805,239.0,0.9024864
2162,B03,DR_20221209_143805,240.0,0.90113527
2163,B03,DR_20221209_143805,241.0,0.8849314
2164,B03,DR_20221209_143805,242.0,0.88775474
2165,B03,DR_20221209_143805,243.0,0.9013525
2166,B04,DR_20221209_143805,244.0,0.88428235
2167,B04,DR_20221209_143805,245.0,0.88430315
2168,B04,DR_20221209_143805,246.0,0.90326744
2169,B04,DR_20221209_143805,247.0,0.89764
2170,B04,DR_20221209_143805,248.0,0.88430315
2171,B04,DR_20221209_143805,249.0,1.0601136e-05
2172,B04,DR_20221209_143805,250.0,0.00033670003
2173,B04,DR_20221209_143805,251.0,0.88428235
2174,B04,DR_20221209_143805,252.0,0.9022778
2175,B05,DR_20221209_143805,253.0,0.2711924
2176,B05,DR_20221209_143805,254.0,0.2711924
2177,B05,DR_20221209_143805,255.0,0.27116364
2178,B05,DR_20221209_143805,256.0,0.9080049
2179,B05,DR_20221209_143805,257.0,0.3383121
2180,B05,DR_20221209_143805,258.0,0.27113158
2181,B05,DR_20221209_143805,259.0,0.9004014
2182,B05,DR_20221209_143805,260.0,0.34810635
2183,B05,DR_20221209_143805,261.0,0.9080049
2184,B06,DR_20221209_143805,262.0,0.2610764
2185,B06,DR_20221209_143805,263.0,0.27113608
2186,B06,DR_20221209_143805,264.0,0.4353321
2187,B06,DR_20221209_143805,265.0,1.0030855
2188,B06,DR_20221209_143805,266.0,0.27113608
2189,B06,DR_20221209_143805,267.0,0.2711774
2190,B06,DR_20221209_143805,268.0,0.27051082
2191,B06,DR_20221209_143805,269.0,0.26225904
2192,B06,DR_20221209_143805,270.0,0.4446696
2193,B07,DR_20221209_143805,271.0,0.43558344
2194,B07,DR_20221209_143805,272.0,0.43504074
2195,B07,DR_20221209_143805,273.0,0.2711774
2196,B07,DR_20221209_143805,274.0,1.004726
2197,B07,DR_20221209_143805,275.0,0.2711774
2198,B07,DR_20221209_143805,276.0,0.27029133
2199,B07,DR_20221209_143805,277.0,0.98544025
2200,B07,DR_20221209_143805,278.0,0.2711924
2201,B07,DR_20221209_143805,279.0,1.0052481
2202,B08,DR_20221209_143805,280.0,0.2702305
2203,B08,DR_20221209_143805,281.0,0.2704584
2204,B08,DR_20221209_143805,282.0,0.81940365
2205,B08,DR_20221209_143805,283.0,1.0028902
2206,B08,DR_20221209_143805,284.0,0.43681815
2207,B08,DR_20221209_143805,285.0,0.34795594
2208,B08,DR_20221209_143805,286.0,0.89132255
2209,B08,DR_20221209_143805,287.0,0.9061409
2210,B08,DR_20221209_143805,288.0,0.9988849
2211,B09,DR_20221209_143805,289.0,0.27025
2212,B09,DR_20221209_143805,290.0,0.27029133
2213,B09,DR_20221209_143805,291.0,1.0036075
2214,B09,DR_20221209_143805,292.0,0.9061409
2215,B09,DR_20221209_143805,293.0,1.002969
2216,B09,DR_20221209_143805,294.0,0.2610764
2217,B09,DR_20221209_143805,295.0,1.002969
2218,B09,DR_20221209_143805,296.0,1.002969
2219,B09,DR_20221209_143805,297.0,1.0016425
2220,B10,DR_20221209_143805,298.0,0.27113608
2221,B10,DR_20221209_143805,299.0,0.2719445
2222,B10,DR_20221209_143805,300.0,1.0031666
2223,B10,DR_20221209_143805,301.0,1.001526
2224,B10,DR_20221209_143805,302.0,0.90487254
2225,B10,DR_20221209_143805,303.0,0.9002469
2226,B10,DR_20221209_143805,304.0,1.0038427
2227,B10,DR_20221209_143805,305.0,1.0051937
2228,B10,DR_20221209_143805,306.0,0.99736744
2229,B11,DR_20221209_143805,307.0,0.9889937
2230,B11,DR_20221209_143805,308.0,0.2702455
2231,B11,DR_20221209_143805,309.0,1.0367589
2232,B11,DR_20221209_143805,310.0,1.0004116
2233,B11,DR_20221209_143805,311.0,0.9084988
2234,B11,DR_20221209_143805,312.0,0.9997757
2235,B11,DR_20221209_143805,313.0,0.9661552
2236,B11,DR_20221209_143805,314.0,1.0013583
2237,B11,DR_20221209_143805,315.0,0.99097013
2238,B12,DR_20221209_143805,316.0,0.42479327
2239,B12,DR_20221209_143805,317.0,0.9002342
2240,B12,DR_20221209_143805,318.0,0.997317
2241,B12,DR_20221209_143805,319.0,1.003822
2242,B12,DR_20221209_143805,320.0,0.270435
2243,B12,DR_20221209_143805,321.0,0.9884847
2244,B12,DR_20221209_143805,322.0,0.99736744
2245,B12,DR_20221209_143805,323.0,0.9892479
2246,B12,DR_20221209_143805,324.0,0.9825606
2247,B13,DR_20221209_143805,325.0,1.0005707
2248,B13,DR_20221209_143805,326.0,0.43538743
2249,B13,DR_20221209_143805,327.0,0.9887539
2250,B13,DR_20221209_143805,328.0,1.00228
2251,B13,DR_20221209_143805,329.0,1.0035118
2252,B13,DR_20221209_143805,330.0,1.0052481
2253,B13,DR_20221209_143805,331.0,0.9806612
2254,B13,DR_20221209_143805,332.0,0.9819679
2255,B13,DR_20221209_143805,333.0,1.0004499
2256,B14,DR_20221209_143805,334.0,0.84392923
2257,B14,DR_20221209_143805,335.0,0.82983804
2258,B14,DR_20221209_143805,336.0,0.982987
2259,B14,DR_20221209_143805,337.0,0.90036196
2260,B14,DR_20221209_143805,338.0,0.8991306
2261,B14,DR_20221209_143805,339.0,0.88614184
2262,B14,DR_20221209_143805,340.0,0.983517
2263,B14,DR_20221209_143805,341.0,0.90415525
2264,B14,DR_20221209_143805,342.0,0.9872029
2265,B15,DR_20221209_143805,343.0,0.26535246
2266,B15,DR_20221209_143805,344.0,0.2702179
2267,B15,DR_20221209_143805,345.0,1.0038427
2268,B15,DR_20221209_143805,346.0,0.2711924
2269,B15,DR_20221209_143805,347.0,0.43604562
2270,B15,DR_20221209_143805,348.0,0.2711108
2271,B15,DR_20221209_143805,349.0,0.9836136
2272,B15,DR_20221209_143805,350.0,0.83844364
2273,B15,DR_20221209_143805,351.0,1.0004116
2274,B16,DR_20221209_143805,352.0,0.44122434
2275,B16,DR_20221209_143805,353.0,0.3508857
2276,B16,DR_20221209_143805,354.0,0.9896753
2277,B16,DR_20221209_143805,355.0,0.83708227
2278,B16,DR_20221209_143805,356.0,0.9084988
2279,B16,DR_20221209_143805,357.0,1.0051316
2280,B16,DR_20221209_143805,358.0,0.97372144
2281,B16,DR_20221209_143805,359.0,0.9908468
2282,B16,DR_20221209_143805,360.0,1.0052688
2283,B17,DR_20221209_143805,361.0,1.0051523
2284,B17,DR_20221209_143805,362.0,0.9842807
2285,B17,DR_20221209_143805,363.0,0.96836334
2286,B17,DR_20221209_143805,364.0,0.9652539
2287,B17,DR_20221209_143805,365.0,1.0051523
2288,B17,DR_20221209_143805,366.0,0.44459453
2289,B17,DR_20221209_143805,367.0,0.4522179
2290,B17,DR_20221209_143805,368.0,0.27111658
2291,B17,DR_20221209_143805,369.0,0.88276815
2292,B18,DR_20221209_143805,370.0,1.0052481
2293,B18,DR_20221209_143805,371.0,0.8980866
2294,B18,DR_20221209_143805,372.0,0.98937386
2295,B18,DR_20221209_143805,373.0,0.90515494
2296,B18,DR_20221209_143805,374.0,0.43627545
2297,B18,DR_20221209_143805,375.0,0.270435
2298,B18,DR_20221209_143805,376.0,0.27113158
2299,B18,DR_20221209_143805,377.0,0.27111658
2300,B18,DR_20221209_143805,378.0,0.99512994
2301,B19,DR_20221209_143805,379.0,1.0051523
2302,B19,DR_20221209_143805,380.0,1.0046096
2303,B19,DR_20221209_143805,381.0,1.0009019
2304,B19,DR_20221209_143805,382.0,1.001526
2305,B19,DR_20221209_143805,383.0,0.90440345
2306,B19,DR_20221209_143805,384.0,0.89497197
2307,B19,DR_20221209_143805,385.0,0.84172225
2308,B19,DR_20221209_143805,386.0,0.8980866
2309,B19,DR_20221209_143805,387.0,0.98956186
2310,B20,DR_20221209_143805,388.0,0.2702305
2311,B20,DR_20221209_143805,389.0,0.90861523
2312,B20,DR_20221209_143805,390.0,0.9828975
2313,B20,DR_20221209_143805,391.0,1.003375
2314,B20,DR_20221209_143805,392.0,0.27113608
2315,B20,DR_20221209_143805,393.0,0.42519882
2316,B20,DR_20221209_143805,394.0,0.72059596
2317,B20,DR_20221209_143805,395.0,0.4348502
2318,B20,DR_20221209_143805,396.0,0.9831444
2319,B21,DR_20221209_143805,397.0,0.2711774
2320,B21,DR_20221209_143805,398.0,0.27111658
2321,B21,DR_20221209_143805,399.0,0.83756965
2322,B21,DR_20221209_143805,400.0,0.43406788
2323,B21,DR_20221209_143805,401.0,0.2724872
2324,B21,DR_20221209_143805,402.0,0.27111658
2325,B21,DR_20221209_143805,403.0,0.83572334
2326,B21,DR_20221209_143805,404.0,0.74754685
2327,B21,DR_20221209_143805,405.0,0.9960163
2328,B22,DR_20221209_143805,406.0,1.0051523
2329,B22,DR_20221209_143805,407.0,1.0028902
2330,B22,DR_20221209_143805,408.0,0.9880542
2331,B22,DR_20221209_143805,409.0,1.0033
2332,B22,DR_20221209_143805,410.0,0.43546703
2333,B22,DR_20221209_143805,411.0,0.9084988
2334,B22,DR_20221209_143805,412.0,0.83429915
2335,B22,DR_20221209_143805,413.0,0.90291774
2336,B22,DR_20221209_143805,414.0,0.9969171
2373,C03,DR_20221209_143805,451.0,0.90113527
2374,C03,DR_20221209_143805,452.0,0.90113527
2375,C03,DR_20221209_143805,453.0,1.0004594
2376,C03,DR_20221209_143805,454.0,0.90226287
2377,C03,DR_20221209_143805,455.0,0.90113527
2378,C03,DR_20221209_143805,456.0,0.90052927
2379,C03,DR_20221209_143805,457.0,0.7879912
2380,C03,DR_20221209_143805,458.0,0.74049264
2381,C03,DR_20221209_143805,459.0,0.8100975
2382,C04,DR_20221209_143805,460.0,0.90052927
2383,C04,DR_20221209_143805,461.0,0.9005926
2384,C04,DR_20221209_143805,462.0,0.90052927
2385,C04,DR_20221209_143805,463.0,0.9012857
2386,C04,DR_20221209_143805,464.0,0.88428235
2387,C04,DR_20221209_143805,465.0,0.88697904
2388,C04,DR_20221209_143805,466.0,0.9059647
2389,C04,DR_20221209_143805,467.0,0.88697904
2390,C04,DR_20221209_143805,468.0,0.8869503
2391,C05,DR_20221209_143805,469.0,-1.0172041e-05
2392,C05,DR_20221209_143805,470.0,-1.0172041e-05
2393,C05,DR_20221209_143805,471.0,0.076806195
2394,C05,DR_20221209_143805,472.0,0.8842744
2395,C05,DR_20221209_143805,473.0,1.0601136e-05
2396,C05,DR_20221209_143805,474.0,-1.0172041e-05
2397,C05,DR_20221209_143805,475.0,0.6722505
2398,C05,DR_20221209_143805,476.0,-1.8156905e-05
2399,C05,DR_20221209_143805,477.0,0.88249177
2400,C06,DR_20221209_143805,478.0,0.27242637
2401,C06,DR_20221209_143805,479.0,0.4446696
2402,C06,DR_20221209_143805,480.0,0.27125248
2403,C06,DR_20221209_143805,481.0,1.0036283
2404,C06,DR_20221209_143805,482.0,0.2724872
2405,C06,DR_20221209_143805,483.0,0.27049583
2406,C06,DR_20221209_143805,484.0,0.2711774
2407,C06,DR_20221209_143805,485.0,0.2711774
2408,C06,DR_20221209_143805,486.0,1.0014567
2409,C07,DR_20221209_143805,487.0,1.0004163
2410,C07,DR_20221209_143805,488.0,1.0002942
2411,C07,DR_20221209_143805,489.0,1.0038427
2412,C07,DR_20221209_143805,490.0,1.0030855
2413,C07,DR_20221209_143805,491.0,0.27113608
2414,C07,DR_20221209_143805,492.0,0.270435
2415,C07,DR_20221209_143805,493.0,0.27113158
2416,C07,DR_20221209_143805,494.0,0.2702455
2417,C07,DR_20221209_143805,495.0,0.9885341
2418,C08,DR_20221209_143805,496.0,1.001526
2419,C08,DR_20221209_143805,497.0,0.43515906
2420,C08,DR_20221209_143805,498.0,1.0035118
2421,C08,DR_20221209_143805,499.0,1.0035118
2422,C08,DR_20221209_143805,500.0,0.9005736
2423,C08,DR_20221209_143805,501.0,0.43681815
2424,C08,DR_20221209_143805,502.0,0.27051923
2425,C08,DR_20221209_143805,503.0,0.2724872
2426,C08,DR_20221209_143805,504.0,0.9833324
2427,C09,DR_20221209_143805,505.0,0.26857492
2428,C09,DR_20221209_143805,506.0,0.2711774
2429,C09,DR_20221209_143805,507.0,1.0052688
2430,C09,DR_20221209_143805,508.0,1.0035118
2431,C09,DR_20221209_143805,509.0,0.9082829
2432,C09,DR_20221209_143805,510.0,0.2724872
2433,C09,DR_20221209_143805,511.0,0.2702455
2434,C09,DR_20221209_143805,512.0,0.43681815
2435,C09,DR_20221209_143805,513.0,0.4459043
2436,C10,DR_20221209_143805,514.0,1.0035118
2437,C10,DR_20221209_143805,515.0,1.0035118
2438,C10,DR_20221209_143805,516.0,1.0052688
2439,C10,DR_20221209_143805,517.0,1.0022517
2440,C10,DR_20221209_143805,518.0,1.0038385
2441,C10,DR_20221209_143805,519.0,0.270014
2442,C10,DR_20221209_143805,520.0,0.27043763
2443,C10,DR_20221209_143805,521.0,0.270199
2444,C10,DR_20221209_143805,522.0,0.9899249
2445,C11,DR_20221209_143805,523.0,1.0031611
2446,C11,DR_20221209_143805,524.0,1.0052688
2447,C11,DR_20221209_143805,525.0,0.98950106
2448,C11,DR_20221209_143805,526.0,1.002911
2449,C11,DR_20221209_143805,527.0,0.43681815
2450,C11,DR_20221209_143805,528.0,0.27045
2451,C11,DR_20221209_143805,529.0,0.9432125
2452,C11,DR_20221209_143805,530.0,0.88668877
2453,C11,DR_20221209_143805,531.0,0.98109645
2454,C12,DR_20221209_143805,532.0,0.43536666
2455,C12,DR_20221209_143805,533.0,0.43550837
2456,C12,DR_20221209_143805,534.0,0.95754457
2457,C12,DR_20221209_143805,535.0,1.0022517
2458,C12,DR_20221209_143805,536.0,1.005095
2459,C12,DR_20221209_143805,537.0,1.003491
2460,C12,DR_20221209_143805,538.0,1.0006847
2461,C12,DR_20221209_143805,539.0,0.4459043
2462,C12,DR_20221209_143805,540.0,0.99940926
2463,C13,DR_20221209_143805,541.0,0.44358566
2464,C13,DR_20221209_143805,542.0,0.2704584
2465,C13,DR_20221209_143805,543.0,1.0026736
2466,C13,DR_20221209_143805,544.0,1.0027738
2467,C13,DR_20221209_143805,545.0,1.0035118
2468,C13,DR_20221209_143805,546.0,1.0051523
2469,C13,DR_20221209_143805,547.0,1.0029565
2470,C13,DR_20221209_143805,548.0,1.0052481
2471,C13,DR_20221209_143805,549.0,1.0038718
2472,C14,DR_20221209_143805,550.0,1.0014107
2473,C14,DR_20221209_143805,551.0,0.27111658
2474,C14,DR_20221209_143805,552.0,1.0029242
2475,C14,DR_20221209_143805,553.0,0.90366405
2476,C14,DR_20221209_143805,554.0,0.44426376
2477,C14,DR_20221209_143805,555.0,1.0037806
2478,C14,DR_20221209_143805,556.0,0.9332219
2479,C14,DR_20221209_143805,557.0,0.27167594
2480,C14,DR_20221209_143805,558.0,0.98191786
2481,C15,DR_20221209_143805,559.0,1.0029358
2482,C15,DR_20221209_143805,560.0,0.43463308
2483,C15,DR_20221209_143805,561.0,0.98952055
2484,C15,DR_20221209_143805,562.0,0.82277864
2485,C15,DR_20221209_143805,563.0,0.90111625
2486,C15,DR_20221209_143805,564.0,0.9084988
2487,C15,DR_20221209_143805,565.0,0.98835415
2488,C15,DR_20221209_143805,566.0,1.0035118
2489,C15,DR_20221209_143805,567.0,1.0010334
2490,C16,DR_20221209_143805,568.0,0.2702305
2491,C16,DR_20221209_143805,569.0,0.2704734
2492,C16,DR_20221209_143805,570.0,1.0109328
2493,C16,DR_20221209_143805,571.0,0.89016306
2494,C16,DR_20221209_143805,572.0,1.0052688
2495,C16,DR_20221209_143805,573.0,1.0031844
2496,C16,DR_20221209_143805,574.0,0.9954504
2497,C16,DR_20221209_143805,575.0,0.9084988
2498,C16,DR_20221209_143805,576.0,0.9544824
2499,C17,DR_20221209_143805,577.0,1.0027945
2500,C17,DR_20221209_143805,578.0,0.8977118
2501,C17,DR_20221209_143805,579.0,0.98802274
2502,C17,DR_20221209_143805,580.0,0.90631557
2503,C17,DR_20221209_143805,581.0,1.0051523
2504,C17,DR_20221209_143805,582.0,0.27045
2505,C17,DR_20221209_143805,583.0,0.81131154
2506,C17,DR_20221209_143805,584.0,0.27045
2507,C17,DR_20221209_143805,585.0,0.892867
2508,C18,DR_20221209_143805,586.0,1.0051523
2509,C18,DR_20221209_143805,587.0,0.90056086
2510,C18,DR_20221209_143805,588.0,0.9715959
2511,C18,DR_20221209_143805,589.0,0.88614184
2512,C18,DR_20221209_143805,590.0,0.4459043
2513,C18,DR_20221209_143805,591.0,1.0051316
2514,C18,DR_20221209_143805,592.0,0.71110207
2515,C18,DR_20221209_143805,593.0,0.27113158
2516,C18,DR_20221209_143805,594.0,0.89964604
2517,C19,DR_20221209_143805,595.0,1.0051523
2518,C19,DR_20221209_143805,596.0,1.0051937
2519,C19,DR_20221209_143805,597.0,0.9807742
2520,C19,DR_20221209_143805,598.0,0.9006811
2521,C19,DR_20221209_143805,599.0,0.9084988
2522,C19,DR_20221209_143805,600.0,0.27113158
2523,C19,DR_20221209_143805,601.0,0.7147095
2524,C19,DR_20221209_143805,602.0,0.4312521
2525,C19,DR_20221209_143805,603.0,0.99097013
2526,C20,DR_20221209_143805,604.0,0.27111658
2527,C20,DR_20221209_143805,605.0,0.2711774
2528,C20,DR_20221209_143805,606.0,0.27111658
2529,C20,DR_20221209_143805,607.0,1.0041158
2530,C20,DR_20221209_143805,608.0,0.2711774
2531,C20,DR_20221209_143805,609.0,0.2724677
2532,C20,DR_20221209_143805,610.0,0.22576903
2533,C20,DR_20221209_143805,611.0,0.27113158
2534,C20,DR_20221209_143805,612.0,0.98008823
2535,C21,DR_20221209_143805,613.0,0.9896603
2536,C21,DR_20221209_143805,614.0,0.9067215
2537,C21,DR_20221209_143805,615.0,0.8368921
2538,C21,DR_20221209_143805,616.0,0.9023295
2539,C21,DR_20221209_143805,617.0,0.2711774
2540,C21,DR_20221209_143805,618.0,0.44459453
2541,C21,DR_20221209_143805,619.0,0.9423569
2542,C21,DR_20221209_143805,620.0,0.27113158
2543,C21,DR_20221209_143805,621.0,0.8858544
2544,C22,DR_20221209_143805,622.0,0.98331153
2545,C22,DR_20221209_143805,623.0,0.8867984
2546,C22,DR_20221209_143805,624.0,0.83893776
2547,C22,DR_20221209_143805,625.0,0.8975954
2548,C22,DR_20221209_143805,626.0,1.0052688
2549,C22,DR_20221209_143805,627.0,1.0051316
2550,C22,DR_20221209_143805,628.0,0.9028275
2551,C22,DR_20221209_143805,629.0,0.27111658
2552,C22,DR_20221209_143805,630.0,0.98244435
2589,D03,DR_20221209_143805,667.0,0.9029493
2590,D03,DR_20221209_143805,668.0,0.049423024
2591,D03,DR_20221209_143805,669.0,0.8842744
2592,D03,DR_20221209_143805,670.0,0.8869503
2593,D03,DR_20221209_143805,671.0,0.88430315
2594,D03,DR_20221209_143805,672.0,0.049423024
2595,D03,DR_20221209_143805,673.0,0.88428235
2596,D03,DR_20221209_143805,674.0,0.8871118
2597,D03,DR_20221209_143805,675.0,0.9006797
2598,D04,DR_20221209_143805,676.0,0.88671845
2599,D04,DR_20221209_143805,677.0,0.90113527
2600,D04,DR_20221209_143805,678.0,0.9958795
2601,D04,DR_20221209_143805,679.0,0.900959
2602,D04,DR_20221209_143805,680.0,0.88697904
2603,D04,DR_20221209_143805,681.0,0.89676577
2604,D04,DR_20221209_143805,682.0,0.9614312
2605,D04,DR_20221209_143805,683.0,0.88728803
2606,D04,DR_20221209_143805,684.0,0.8606551
2607,D05,DR_20221209_143805,685.0,0.9009179
2608,D05,DR_20221209_143805,686.0,0.88697904
2609,D05,DR_20221209_143805,687.0,0.99543554
2610,D05,DR_20221209_143805,688.0,0.8949108
2611,D05,DR_20221209_143805,689.0,0.90113527
2612,D05,DR_20221209_143805,690.0,0.90113527
2613,D05,DR_20221209_143805,691.0,0.74049264
2614,D05,DR_20221209_143805,692.0,0.89850855
2615,D05,DR_20221209_143805,693.0,0.8124883
2616,D06,DR_20221209_143805,694.0,0.9999496
2617,D06,DR_20221209_143805,695.0,0.8869503
2618,D06,DR_20221209_143805,696.0,0.8842744
2619,D06,DR_20221209_143805,697.0,0.900959
2620,D06,DR_20221209_143805,698.0,0.88430315
2621,D06,DR_20221209_143805,699.0,0.88428235
2622,D06,DR_20221209_143805,700.0,0.9049413
2623,D06,DR_20221209_143805,701.0,0.88428235
2624,D06,DR_20221209_143805,702.0,0.900353
2625,D07,DR_20221209_143805,703.0,0.88430315
2626,D07,DR_20221209_143805,704.0,0.88697904
2627,D07,DR_20221209_143805,705.0,0.8877659
2628,D07,DR_20221209_143805,706.0,0.049394265
2629,D07,DR_20221209_143805,707.0,0.88430315
2630,D07,DR_20221209_143805,708.0,-1.0172041e-05
2631,D07,DR_20221209_143805,709.0,0.9958748
2632,D07,DR_20221209_143805,710.0,0.05814727
2633,D07,DR_20221209_143805,711.0,0.8877659
2634,D09,DR_20221209_143805,721.0,0.26103505
2635,D09,DR_20221209_143805,722.0,0.27113608
2636,D09,DR_20221209_143805,723.0,1.0027945
2637,D09,DR_20221209_143805,724.0,1.0027945
2638,D09,DR_20221209_143805,725.0,1.002969
2639,D09,DR_20221209_143805,726.0,0.9024301
2640,D09,DR_20221209_143805,727.0,0.2714687
2641,D09,DR_20221209_143805,728.0,0.90631557
2642,D09,DR_20221209_143805,729.0,0.97305423
2643,D10,DR_20221209_143805,730.0,0.9896753
2644,D10,DR_20221209_143805,731.0,0.98213774
2645,D10,DR_20221209_143805,732.0,0.988075
2646,D10,DR_20221209_143805,733.0,0.2704734
2647,D10,DR_20221209_143805,734.0,0.2711774
2648,D10,DR_20221209_143805,735.0,0.4094902
2649,D10,DR_20221209_143805,736.0,0.9984543
2650,D10,DR_20221209_143805,737.0,0.2702455
2651,D10,DR_20221209_143805,738.0,0.43366233
2652,D11,DR_20221209_143805,739.0,1.0051937
2653,D11,DR_20221209_143805,740.0,0.8975954
2654,D11,DR_20221209_143805,741.0,0.88547873
2655,D11,DR_20221209_143805,742.0,0.89315444
2656,D11,DR_20221209_143805,743.0,0.8991306
2657,D11,DR_20221209_143805,744.0,1.0038427
2658,D11,DR_20221209_143805,745.0,0.8441172
2659,D11,DR_20221209_143805,746.0,0.8975954
2660,D11,DR_20221209_143805,747.0,0.9747066
2661,D12,DR_20221209_143805,748.0,0.27107525
2662,D12,DR_20221209_143805,749.0,0.9079562
2663,D12,DR_20221209_143805,750.0,0.9022131
2664,D12,DR_20221209_143805,751.0,0.9061409
2665,D12,DR_20221209_143805,752.0,0.25898167
2666,D12,DR_20221209_143805,753.0,0.90683985
2667,D12,DR_20221209_143805,754.0,0.27111658
2668,D12,DR_20221209_143805,755.0,1.0051523
2669,D12,DR_20221209_143805,756.0,0.98250794
2670,D13,DR_20221209_143805,757.0,0.24983628
2671,D13,DR_20221209_143805,758.0,0.27113158
2672,D13,DR_20221209_143805,759.0,0.67419297
2673,D13,DR_20221209_143805,760.0,0.9038038
2674,D13,DR_20221209_143805,761.0,0.2705014
2675,D13,DR_20221209_143805,762.0,0.2706347
2676,D13,DR_20221209_143805,763.0,1.00045
2677,D13,DR_20221209_143805,764.0,1.0052688
2678,D13,DR_20221209_143805,765.0,0.99101144
2679,D14,DR_20221209_143805,766.0,0.43483236
2680,D14,DR_20221209_143805,767.0,0.2708281
2681,D14,DR_20221209_143805,768.0,0.2708086
2682,D14,DR_20221209_143805,769.0,0.8980866
2683,D14,DR_20221209_143805,770.0,0.27248403
2684,D14,DR_20221209_143805,771.0,0.26225904
2685,D14,DR_20221209_143805,772.0,0.27113158
2686,D14,DR_20221209_143805,773.0,0.27113158
2687,D14,DR_20221209_143805,774.0,0.99802023
2688,D15,DR_20221209_143805,775.0,0.26695243
2689,D15,DR_20221209_143805,776.0,0.27231252
2690,D15,DR_20221209_143805,777.0,1.0021353
2691,D15,DR_20221209_143805,778.0,1.004651
2692,D15,DR_20221209_143805,779.0,0.25975412
2693,D15,DR_20221209_143805,780.0,0.27231252
2694,D15,DR_20221209_143805,781.0,0.4346223
2695,D15,DR_20221209_143805,782.0,1.003283
2696,D15,DR_20221209_143805,783.0,0.27200007
2697,D16,DR_20221209_143805,784.0,0.27029133
2698,D16,DR_20221209_143805,785.0,0.27113158
2699,D16,DR_20221209_143805,786.0,0.9977091
2700,D16,DR_20221209_143805,787.0,0.99101144
2701,D16,DR_20221209_143805,788.0,0.26062223
2702,D16,DR_20221209_143805,789.0,0.2711774
2703,D16,DR_20221209_143805,790.0,0.95833313
2704,D16,DR_20221209_143805,791.0,1.0051523
2705,D16,DR_20221209_143805,792.0,1.0019258
2706,D17,DR_20221209_143805,793.0,1.0047053
2707,D17,DR_20221209_143805,794.0,1.0016425
2708,D17,DR_20221209_143805,795.0,0.43120104
2709,D17,DR_20221209_143805,796.0,1.0027945
2710,D17,DR_20221209_143805,797.0,0.26029405
2711,D17,DR_20221209_143805,798.0,0.27045
2712,D17,DR_20221209_143805,799.0,1.0166248
2713,D17,DR_20221209_143805,800.0,0.27045
2714,D17,DR_20221209_143805,801.0,0.9896603
2715,D18,DR_20221209_143805,802.0,0.4459043
2716,D18,DR_20221209_143805,803.0,0.8916097
2717,D18,DR_20221209_143805,804.0,0.9432125
2718,D18,DR_20221209_143805,805.0,1.0052688
2719,D18,DR_20221209_143805,806.0,0.2711774
2720,D18,DR_20221209_143805,807.0,0.27113158
2721,D18,DR_20221209_143805,808.0,0.74811965
2722,D18,DR_20221209_143805,809.0,0.8228966
2723,D18,DR_20221209_143805,810.0,0.97350276
2724,D19,DR_20221209_143805,811.0,1.0011854
2725,D19,DR_20221209_143805,812.0,1.003283
2726,D19,DR_20221209_143805,813.0,0.9716626
2727,D19,DR_20221209_143805,814.0,0.99736744
2728,D19,DR_20221209_143805,815.0,1.0051523
2729,D19,DR_20221209_143805,816.0,0.44460952
2730,D19,DR_20221209_143805,817.0,0.7984706
2731,D19,DR_20221209_143805,818.0,0.9883227
2732,D19,DR_20221209_143805,819.0,1.0038718
2733,D20,DR_20221209_143805,820.0,0.44120935
2734,D20,DR_20221209_143805,821.0,1.0052688
2735,D20,DR_20221209_143805,822.0,1.0051937
2736,D20,DR_20221209_143805,823.0,1.0028902
2737,D20,DR_20221209_143805,824.0,1.0035118
2738,D20,DR_20221209_143805,825.0,0.270435
2739,D20,DR_20221209_143805,826.0,0.9492218
2740,D20,DR_20221209_143805,827.0,0.2704584
2741,D20,DR_20221209_143805,828.0,1.005165
2742,D21,DR_20221209_143805,829.0,1.0023475
2743,D21,DR_20221209_143805,830.0,0.8865637
2744,D21,DR_20221209_143805,831.0,0.98562175
2745,D21,DR_20221209_143805,832.0,0.969136
2746,D21,DR_20221209_143805,833.0,1.0051523
2747,D21,DR_20221209_143805,834.0,1.0035224
2748,D21,DR_20221209_143805,835.0,0.8343616
2749,D21,DR_20221209_143805,836.0,0.27117524
2750,D21,DR_20221209_143805,837.0,0.8716573
2751,D22,DR_20221209_143805,838.0,0.99078214
2752,D22,DR_20221209_143805,839.0,0.9000723
2753,D22,DR_20221209_143805,840.0,0.9780992
2754,D22,DR_20221209_143805,841.0,0.90710175
2755,D22,DR_20221209_143805,842.0,0.43681815
2756,D22,DR_20221209_143805,843.0,1.0052688
2757,D22,DR_20221209_143805,844.0,0.2702413
2758,D22,DR_20221209_143805,845.0,0.9989826
2759,D22,DR_20221209_143805,846.0,0.893235
2796,E03,DR_20221209_143805,883.0,0.2702179
2797,E03,DR_20221209_143805,884.0,0.90113527
2798,E03,DR_20221209_143805,885.0,0.90113527
2799,E03,DR_20221209_143805,886.0,0.9067421
2800,E03,DR_20221209_143805,887.0,0.9005926
2801,E03,DR_20221209_143805,888.0,0.887931
2802,E03,DR_20221209_143805,889.0,0.87891936
2803,E03,DR_20221209_143805,890.0,0.8871118
2804,E03,DR_20221209_143805,891.0,0.88426554
2805,E04,DR_20221209_143805,892.0,0.068668485
2806,E04,DR_20221209_143805,893.0,0.88430315
2807,E04,DR_20221209_143805,894.0,0.8869503
2808,E04,DR_20221209_143805,895.0,0.88737994
2809,E04,DR_20221209_143805,896.0,0.88697904
2810,E04,DR_20221209_143805,897.0,0.88430315
2811,E04,DR_20221209_143805,898.0,0.5311879
2812,E04,DR_20221209_143805,899.0,0.8869503
2813,E04,DR_20221209_143805,900.0,0.900604
2814,E05,DR_20221209_143805,901.0,-1.0172041e-05
2815,E05,DR_20221209_143805,902.0,1.0601136e-05
2816,E05,DR_20221209_143805,903.0,0.88428235
2817,E05,DR_20221209_143805,904.0,0.8842744
2818,E05,DR_20221209_143805,905.0,0.058168046
2819,E05,DR_20221209_143805,906.0,-1.0172041e-05
2820,E05,DR_20221209_143805,907.0,0.8796933
2821,E05,DR_20221209_143805,908.0,0.049394265
2822,E05,DR_20221209_143805,909.0,0.8869503
2823,E06,DR_20221209_143805,910.0,0.05814727
2824,E06,DR_20221209_143805,911.0,0.049980804
2825,E06,DR_20221209_143805,912.0,0.8842744
2826,E06,DR_20221209_143805,913.0,0.8842744
2827,E06,DR_20221209_143805,914.0,0.88430315
2828,E06,DR_20221209_143805,915.0,0.049402248
2829,E06,DR_20221209_143805,916.0,0.90239596
2830,E06,DR_20221209_143805,917.0,0.05848842
2831,E06,DR_20221209_143805,918.0,0.058139287
2832,E07,DR_20221209_143805,919.0,0.89171094
2833,E07,DR_20221209_143805,920.0,0.89979553
2834,E07,DR_20221209_143805,921.0,0.90742487
2835,E07,DR_20221209_143805,922.0,0.9041325
2836,E07,DR_20221209_143805,923.0,0.90113527
2837,E07,DR_20221209_143805,924.0,0.90032136
2838,E07,DR_20221209_143805,925.0,1.0004724
2839,E07,DR_20221209_143805,926.0,0.9002216
2840,E07,DR_20221209_143805,927.0,0.99830914
2841,E08,DR_20221209_143805,928.0,0.88430315
2842,E08,DR_20221209_143805,929.0,0.88697904
2843,E08,DR_20221209_143805,930.0,0.90021455
2844,E08,DR_20221209_143805,931.0,0.906342
2845,E08,DR_20221209_143805,932.0,0.88430315
2846,E08,DR_20221209_143805,933.0,0.049423024
2847,E08,DR_20221209_143805,934.0,0.887931
2848,E08,DR_20221209_143805,935.0,0.8869503
2849,E08,DR_20221209_143805,936.0,0.90589017
2850,E09,DR_20221209_143805,937.0,0.27029133
2851,E09,DR_20221209_143805,938.0,0.27051923
2852,E09,DR_20221209_143805,939.0,1.0038013
2853,E09,DR_20221209_143805,940.0,1.0035118
2854,E09,DR_20221209_143805,941.0,1.0031666
2855,E09,DR_20221209_143805,942.0,1.0039178
2856,E09,DR_20221209_143805,943.0,0.89952964
2857,E09,DR_20221209_143805,944.0,1.0016425
2858,E09,DR_20221209_143805,945.0,1.0009044
2859,E10,DR_20221209_143805,946.0,0.98575586
2860,E10,DR_20221209_143805,947.0,1.0052688
2861,E10,DR_20221209_143805,948.0,0.44459453
2862,E10,DR_20221209_143805,949.0,0.27113158
2863,E10,DR_20221209_143805,950.0,0.2724872
2864,E10,DR_20221209_143805,951.0,0.27113158
2865,E10,DR_20221209_143805,952.0,0.25554258
2866,E10,DR_20221209_143805,953.0,0.27113158
2867,E10,DR_20221209_143805,954.0,0.39373872
2868,E11,DR_20221209_143805,955.0,1.0038427
2869,E11,DR_20221209_143805,956.0,0.9000723
2870,E11,DR_20221209_143805,957.0,0.8867984
2871,E11,DR_20221209_143805,958.0,0.8983986
2872,E11,DR_20221209_143805,959.0,0.8991306
2873,E11,DR_20221209_143805,960.0,0.9000723
2874,E11,DR_20221209_143805,961.0,0.95640427
2875,E11,DR_20221209_143805,962.0,0.8975954
2876,E11,DR_20221209_143805,963.0,0.9960163
2877,E12,DR_20221209_143805,964.0,0.2702305
2878,E12,DR_20221209_143805,965.0,0.27113158
2879,E12,DR_20221209_143805,966.0,0.99717945
2880,E12,DR_20221209_143805,967.0,0.8868154
2881,E12,DR_20221209_143805,968.0,1.0035118
2882,E12,DR_20221209_143805,969.0,0.2711774
2883,E12,DR_20221209_143805,970.0,0.44258028
2884,E12,DR_20221209_143805,971.0,1.0035118
2885,E12,DR_20221209_143805,972.0,0.8850685
2886,E13,DR_20221209_143805,973.0,0.25185958
2887,E13,DR_20221209_143805,974.0,0.2711774
2888,E13,DR_20221209_143805,975.0,0.27113158
2889,E13,DR_20221209_143805,976.0,1.0052688
2890,E13,DR_20221209_143805,977.0,0.2711774
2891,E13,DR_20221209_143805,978.0,0.27111658
2892,E13,DR_20221209_143805,979.0,0.9038038
2893,E13,DR_20221209_143805,980.0,1.0052688
2894,E13,DR_20221209_143805,981.0,0.9960163
2895,E14,DR_20221209_143805,982.0,0.2711774
2896,E14,DR_20221209_143805,983.0,0.34874937
2897,E14,DR_20221209_143805,984.0,0.2710583
2898,E14,DR_20221209_143805,985.0,0.90652573
2899,E14,DR_20221209_143805,986.0,0.2708281
2900,E14,DR_20221209_143805,987.0,0.27113158
2901,E14,DR_20221209_143805,988.0,0.27113158
2902,E14,DR_20221209_143805,989.0,0.44403493
2903,E14,DR_20221209_143805,990.0,0.4314493
2904,E15,DR_20221209_143805,991.0,0.26227403
2905,E15,DR_20221209_143805,992.0,0.26225904
2906,E15,DR_20221209_143805,993.0,0.89750713
2907,E15,DR_20221209_143805,994.0,0.9085401
2908,E15,DR_20221209_143805,995.0,0.27081066
2909,E15,DR_20221209_143805,996.0,0.2711774
2910,E15,DR_20221209_143805,997.0,0.27113158
2911,E15,DR_20221209_143805,998.0,0.27145827
2912,E15,DR_20221209_143805,999.0,0.271267
2913,E16,DR_20221209_143805,1000.0,0.2711774
2914,E16,DR_20221209_143805,1001.0,0.27113158
2915,E16,DR_20221209_143805,1002.0,0.99769413
2916,E16,DR_20221209_143805,1003.0,1.0051937
2917,E16,DR_20221209_143805,1004.0,0.25906473
2918,E16,DR_20221209_143805,1005.0,0.27113158
2919,E16,DR_20221209_143805,1006.0,0.9896193
2920,E16,DR_20221209_143805,1007.0,1.003283
2921,E16,DR_20221209_143805,1008.0,0.99769413
2922,E17,DR_20221209_143805,1009.0,0.2711774
2923,E17,DR_20221209_143805,1010.0,0.2711774
2924,E17,DR_20221209_143805,1011.0,0.26893112
2925,E17,DR_20221209_143805,1012.0,0.44602072
2926,E17,DR_20221209_143805,1013.0,0.2713506
2927,E17,DR_20221209_143805,1014.0,0.2561857
2928,E17,DR_20221209_143805,1015.0,0.2702455
2929,E17,DR_20221209_143805,1016.0,0.2704734
2930,E17,DR_20221209_143805,1017.0,0.9970915
2931,E18,DR_20221209_143805,1018.0,1.0051523
2932,E18,DR_20221209_143805,1019.0,0.9894873
2933,E18,DR_20221209_143805,1020.0,0.4932278
2934,E18,DR_20221209_143805,1021.0,1.0052688
2935,E18,DR_20221209_143805,1022.0,0.2728139
2936,E18,DR_20221209_143805,1023.0,0.2724677
2937,E18,DR_20221209_143805,1024.0,0.28175342
2938,E18,DR_20221209_143805,1025.0,0.27113158
2939,E18,DR_20221209_143805,1026.0,0.96992683
2940,E19,DR_20221209_143805,1027.0,0.2724677
2941,E19,DR_20221209_143805,1028.0,1.0051523
2942,E19,DR_20221209_143805,1029.0,0.9808894
2943,E19,DR_20221209_143805,1030.0,0.99101144
2944,E19,DR_20221209_143805,1031.0,0.2711774
2945,E19,DR_20221209_143805,1032.0,1.0038013
2946,E19,DR_20221209_143805,1033.0,0.9838134
2947,E19,DR_20221209_143805,1034.0,0.9896603
2948,E19,DR_20221209_143805,1035.0,0.9061409
2949,E20,DR_20221209_143805,1036.0,0.2704734
2950,E20,DR_20221209_143805,1037.0,1.005165
2951,E20,DR_20221209_143805,1038.0,0.27111658
2952,E20,DR_20221209_143805,1039.0,0.2706347
2953,E20,DR_20221209_143805,1040.0,0.27252853
2954,E20,DR_20221209_143805,1041.0,0.4345947
2955,E20,DR_20221209_143805,1042.0,0.8346501
2956,E20,DR_20221209_143805,1043.0,0.2702455
2957,E20,DR_20221209_143805,1044.0,1.0046586
2958,E21,DR_20221209_143805,1045.0,1.004726
2959,E21,DR_20221209_143805,1046.0,1.003283
2960,E21,DR_20221209_143805,1047.0,0.98937386
2961,E21,DR_20221209_143805,1048.0,1.0018085
2962,E21,DR_20221209_143805,1049.0,0.2724872
2963,E21,DR_20221209_143805,1050.0,0.2711774
2964,E21,DR_20221209_143805,1051.0,0.98878497
2965,E21,DR_20221209_143805,1052.0,0.27113158
2966,E21,DR_20221209_143805,1053.0,0.9960163
2967,E22,DR_20221209_143805,1054.0,1.0031666
2968,E22,DR_20221209_143805,1055.0,1.0046096
2969,E22,DR_20221209_143805,1056.0,0.70195645
2970,E22,DR_20221209_143805,1057.0,0.90366405
2971,E22,DR_20221209_143805,1058.0,1.0038013
2972,E22,DR_20221209_143805,1059.0,1.0051523
2973,E22,DR_20221209_143805,1060.0,1.0052481
2974,E22,DR_20221209_143805,1061.0,1.0052375
2975,E22,DR_20221209_143805,1062.0,0.90366405
3012,F03,DR_20221209_143805,1099.0,0.00302764
3013,F03,DR_20221209_143805,1100.0,0.049423024
3014,F03,DR_20221209_143805,1101.0,0.9334117
3015,F03,DR_20221209_143805,1102.0,0.90750194
3016,F03,DR_20221209_143805,1103.0,0.88430315
3017,F03,DR_20221209_143805,1104.0,0.88430315
3018,F03,DR_20221209_143805,1105.0,0.7405846
3019,F03,DR_20221209_143805,1106.0,0.90607464
3020,F03,DR_20221209_143805,1107.0,0.9036094
3021,F04,DR_20221209_143805,1108.0,1.0601136e-05
3022,F04,DR_20221209_143805,1109.0,0.058168046
3023,F04,DR_20221209_143805,1110.0,0.90294135
3024,F04,DR_20221209_143805,1111.0,0.8869503
3025,F04,DR_20221209_143805,1112.0,0.88697904
3026,F04,DR_20221209_143805,1113.0,0.88428235
3027,F04,DR_20221209_143805,1114.0,0.8816952
3028,F04,DR_20221209_143805,1115.0,0.8869503
3029,F04,DR_20221209_143805,1116.0,0.8784181
3030,F05,DR_20221209_143805,1117.0,-1.0172041e-05
3031,F05,DR_20221209_143805,1118.0,0.88428235
3032,F05,DR_20221209_143805,1119.0,0.88430315
3033,F05,DR_20221209_143805,1120.0,0.8869503
3034,F05,DR_20221209_143805,1121.0,0.88430315
3035,F05,DR_20221209_143805,1122.0,0.88428235
3036,F05,DR_20221209_143805,1123.0,0.900353
3037,F05,DR_20221209_143805,1124.0,0.8871118
3038,F05,DR_20221209_143805,1125.0,0.8870926
3039,F06,DR_20221209_143805,1126.0,0.058168046
3040,F06,DR_20221209_143805,1127.0,0.88430315
3041,F06,DR_20221209_143805,1128.0,0.8986872
3042,F06,DR_20221209_143805,1129.0,0.90195113
3043,F06,DR_20221209_143805,1130.0,0.8842744
3044,F06,DR_20221209_143805,1131.0,0.049423024
3045,F06,DR_20221209_143805,1132.0,0.90032744
3046,F06,DR_20221209_143805,1133.0,0.8838656
3047,F06,DR_20221209_143805,1134.0,0.8869503
3048,F07,DR_20221209_143805,1135.0,0.88697904
3049,F07,DR_20221209_143805,1136.0,0.88794214
3050,F07,DR_20221209_143805,1137.0,0.8842744
3051,F07,DR_20221209_143805,1138.0,0.89794976
3052,F07,DR_20221209_143805,1139.0,0.88430315
3053,F07,DR_20221209_143805,1140.0,0.88428235
3054,F07,DR_20221209_143805,1141.0,0.8848898
3055,F07,DR_20221209_143805,1142.0,0.88430315
3056,F07,DR_20221209_143805,1143.0,0.9041396
3057,F08,DR_20221209_143805,1144.0,0.88430315
3058,F08,DR_20221209_143805,1145.0,0.8869503
3059,F08,DR_20221209_143805,1146.0,0.90388566
3060,F08,DR_20221209_143805,1147.0,0.8996793
3061,F08,DR_20221209_143805,1148.0,0.90227044
3062,F08,DR_20221209_143805,1149.0,0.88728803
3063,F08,DR_20221209_143805,1150.0,0.9017294
3064,F08,DR_20221209_143805,1151.0,0.8869503
3065,F08,DR_20221209_143805,1152.0,0.90576035
3066,F09,DR_20221209_143805,1153.0,0.27029133
3067,F09,DR_20221209_143805,1154.0,0.2711774
3068,F09,DR_20221209_143805,1155.0,1.0016425
3069,F09,DR_20221209_143805,1156.0,1.0035118
3070,F09,DR_20221209_143805,1157.0,0.90487254
3071,F09,DR_20221209_143805,1158.0,0.2711774
3072,F09,DR_20221209_143805,1159.0,0.8975954
3073,F09,DR_20221209_143805,1160.0,0.90487254
3074,F09,DR_20221209_143805,1161.0,1.0017672
3075,F10,DR_20221209_143805,1162.0,0.9894873
3076,F10,DR_20221209_143805,1163.0,0.9005736
3077,F10,DR_20221209_143805,1164.0,0.900806
3078,F10,DR_20221209_143805,1165.0,0.96568257
3079,F10,DR_20221209_143805,1166.0,0.9072849
3080,F10,DR_20221209_143805,1167.0,0.9018875
3081,F10,DR_20221209_143805,1168.0,0.41045278
3082,F10,DR_20221209_143805,1169.0,0.43671775
3083,F10,DR_20221209_143805,1170.0,0.96690506
3084,F11,DR_20221209_143805,1171.0,0.2702455
3085,F11,DR_20221209_143805,1172.0,0.9011203
3086,F11,DR_20221209_143805,1173.0,0.98105204
3087,F11,DR_20221209_143805,1174.0,1.0051523
3088,F11,DR_20221209_143805,1175.0,1.0038385
3089,F11,DR_20221209_143805,1176.0,0.3394293
3090,F11,DR_20221209_143805,1177.0,0.42569435
3091,F11,DR_20221209_143805,1178.0,1.0030648
3092,F11,DR_20221209_143805,1179.0,0.98365694
3093,F12,DR_20221209_143805,1180.0,0.2704734
3094,F12,DR_20221209_143805,1181.0,0.2704734
3095,F12,DR_20221209_143805,1182.0,1.0051937
3096,F12,DR_20221209_143805,1183.0,1.0035118
3097,F12,DR_20221209_143805,1184.0,0.44227797
3098,F12,DR_20221209_143805,1185.0,0.907189
3099,F12,DR_20221209_143805,1186.0,1.0018085
3100,F12,DR_20221209_143805,1187.0,1.0051523
3101,F12,DR_20221209_143805,1188.0,1.0051523
3102,F13,DR_20221209_143805,1189.0,0.27113158
3103,F13,DR_20221209_143805,1190.0,0.27113158
3104,F13,DR_20221209_143805,1191.0,0.44541794
3105,F13,DR_20221209_143805,1192.0,0.2728139
3106,F13,DR_20221209_143805,1193.0,0.27231252
3107,F13,DR_20221209_143805,1194.0,0.2711924
3108,F13,DR_20221209_143805,1195.0,1.0041158
3109,F13,DR_20221209_143805,1196.0,0.9901271
3110,F13,DR_20221209_143805,1197.0,0.89910483
3111,F14,DR_20221209_143805,1198.0,0.2711774
3112,F14,DR_20221209_143805,1199.0,1.0046096
3113,F14,DR_20221209_143805,1200.0,0.89234257
3114,F14,DR_20221209_143805,1201.0,1.0053126
3115,F14,DR_20221209_143805,1202.0,0.26918754
3116,F14,DR_20221209_143805,1203.0,0.44391853
3117,F14,DR_20221209_143805,1204.0,1.0003177
3118,F14,DR_20221209_143805,1205.0,1.001526
3119,F14,DR_20221209_143805,1206.0,0.99044365
3120,F15,DR_20221209_143805,1207.0,0.2501316
3121,F15,DR_20221209_143805,1208.0,0.27113158
3122,F15,DR_20221209_143805,1209.0,0.99769413
3123,F15,DR_20221209_143805,1210.0,0.4459043
3124,F15,DR_20221209_143805,1211.0,0.2707561
3125,F15,DR_20221209_143805,1212.0,0.26361015
3126,F15,DR_20221209_143805,1213.0,1.0047219
3127,F15,DR_20221209_143805,1214.0,0.2728139
3128,F15,DR_20221209_143805,1215.0,1.0010334
3129,F16,DR_20221209_143805,1216.0,0.2703029
3130,F16,DR_20221209_143805,1217.0,0.27111658
3131,F16,DR_20221209_143805,1218.0,0.9750628
3132,F16,DR_20221209_143805,1219.0,0.2727944
3133,F16,DR_20221209_143805,1220.0,0.2591932
3134,F16,DR_20221209_143805,1221.0,1.0051523
3135,F16,DR_20221209_143805,1222.0,0.88614184
3136,F16,DR_20221209_143805,1223.0,1.004651
3137,F16,DR_20221209_143805,1224.0,0.99393225
3138,F17,DR_20221209_143805,1225.0,0.9084988
3139,F17,DR_20221209_143805,1226.0,1.0010569
3140,F17,DR_20221209_143805,1227.0,0.9894857
3141,F17,DR_20221209_143805,1228.0,1.0046096
3142,F17,DR_20221209_143805,1229.0,0.27098438
3143,F17,DR_20221209_143805,1230.0,0.2702305
3144,F17,DR_20221209_143805,1231.0,0.27045
3145,F17,DR_20221209_143805,1232.0,0.2702413
3146,F17,DR_20221209_143805,1233.0,0.99732614
3147,F18,DR_20221209_143805,1234.0,0.43681815
3148,F18,DR_20221209_143805,1235.0,0.9018875
3149,F18,DR_20221209_143805,1236.0,1.022313
3150,F18,DR_20221209_143805,1237.0,0.98280287
3151,F18,DR_20221209_143805,1238.0,0.3592171
3152,F18,DR_20221209_143805,1239.0,0.43739673
3153,F18,DR_20221209_143805,1240.0,0.27028495
3154,F18,DR_20221209_143805,1241.0,0.99578243
3155,F18,DR_20221209_143805,1242.0,0.973938
3156,F19,DR_20221209_143805,1243.0,0.27111658
3157,F19,DR_20221209_143805,1244.0,0.9019288
3158,F19,DR_20221209_143805,1245.0,0.9896918
3159,F19,DR_20221209_143805,1246.0,0.2724827
3160,F19,DR_20221209_143805,1247.0,0.27285522
3161,F19,DR_20221209_143805,1248.0,0.2724827
3162,F19,DR_20221209_143805,1249.0,0.27051705
3163,F19,DR_20221209_143805,1250.0,1.0018233
3164,F19,DR_20221209_143805,1251.0,0.90625733
3165,F20,DR_20221209_143805,1252.0,0.26533812
3166,F20,DR_20221209_143805,1253.0,0.44602072
3167,F20,DR_20221209_143805,1254.0,1.024441
3168,F20,DR_20221209_143805,1255.0,1.0028071
3169,F20,DR_20221209_143805,1256.0,0.2724872
3170,F20,DR_20221209_143805,1257.0,0.8443355
3171,F20,DR_20221209_143805,1258.0,0.82246006
3172,F20,DR_20221209_143805,1259.0,0.2704734
3173,F20,DR_20221209_143805,1260.0,1.003018
3174,F21,DR_20221209_143805,1261.0,1.002969
3175,F21,DR_20221209_143805,1262.0,0.9080726
3176,F21,DR_20221209_143805,1263.0,0.96819556
3177,F21,DR_20221209_143805,1264.0,0.9084988
3178,F21,DR_20221209_143805,1265.0,0.2724872
3179,F21,DR_20221209_143805,1266.0,1.0052481
3180,F21,DR_20221209_143805,1267.0,0.9560025
3181,F21,DR_20221209_143805,1268.0,0.43693456
3182,F21,DR_20221209_143805,1269.0,1.0046222
3183,F22,DR_20221209_143805,1270.0,1.0053126
3184,F22,DR_20221209_143805,1271.0,1.0022644
3185,F22,DR_20221209_143805,1272.0,0.9830731
3186,F22,DR_20221209_143805,1273.0,1.0023682
3187,F22,DR_20221209_143805,1274.0,0.4445532
3188,F22,DR_20221209_143805,1275.0,0.270435
3189,F22,DR_20221209_143805,1276.0,0.140322
3190,F22,DR_20221209_143805,1277.0,0.8443796
3191,F22,DR_20221209_143805,1278.0,0.8372327
3228,G03,DR_20221209_143805,1315.0,0.26137295
3229,G03,DR_20221209_143805,1316.0,0.2711774
3230,G03,DR_20221209_143805,1317.0,0.2711774
3231,G03,DR_20221209_143805,1318.0,1.0016425
3232,G03,DR_20221209_143805,1319.0,0.2711774
3233,G03,DR_20221209_143805,1320.0,0.2711774
3234,G03,DR_20221209_143805,1321.0,0.2711924
3235,G03,DR_20221209_143805,1322.0,0.89964604
3236,G03,DR_20221209_143805,1323.0,0.9072641
3237,G04,DR_20221209_143805,1324.0,0.26606634
3238,G04,DR_20221209_143805,1325.0,0.2724872
3239,G04,DR_20221209_143805,1326.0,1.0052688
3240,G04,DR_20221209_143805,1327.0,1.0035118
3241,G04,DR_20221209_143805,1328.0,1.0035118
3242,G04,DR_20221209_143805,1329.0,0.2711774
3243,G04,DR_20221209_143805,1330.0,0.2711924
3244,G04,DR_20221209_143805,1331.0,0.2724872
3245,G04,DR_20221209_143805,1332.0,1.0029817
3246,G05,DR_20221209_143805,1333.0,0.2610764
3247,G05,DR_20221209_143805,1334.0,0.27029133
3248,G05,DR_20221209_143805,1335.0,0.27111658
3249,G05,DR_20221209_143805,1336.0,1.003814
3250,G05,DR_20221209_143805,1337.0,0.2711774
3251,G05,DR_20221209_143805,1338.0,0.2711774
3252,G05,DR_20221209_143805,1339.0,1.0052481
3253,G05,DR_20221209_143805,1340.0,0.27125248
3254,G05,DR_20221209_143805,1341.0,1.0052688
3255,G06,DR_20221209_143805,1342.0,0.2659535
3256,G06,DR_20221209_143805,1343.0,1.0052688
3257,G06,DR_20221209_143805,1344.0,0.43504074
3258,G06,DR_20221209_143805,1345.0,1.0036283
3259,G06,DR_20221209_143805,1346.0,0.2724872
3260,G06,DR_20221209_143805,1347.0,0.2711774
3261,G06,DR_20221209_143805,1348.0,0.27049583
3262,G06,DR_20221209_143805,1349.0,1.0052688
3263,G06,DR_20221209_143805,1350.0,1.0027945
3264,G07,DR_20221209_143805,1351.0,0.90515494
3265,G07,DR_20221209_143805,1352.0,0.8980992
3266,G07,DR_20221209_143805,1353.0,1.0036665
3267,G07,DR_20221209_143805,1354.0,1.002911
3268,G07,DR_20221209_143805,1355.0,0.2711774
3269,G07,DR_20221209_143805,1356.0,0.27113158
3270,G07,DR_20221209_143805,1357.0,0.2704734
3271,G07,DR_20221209_143805,1358.0,0.2702455
3272,G07,DR_20221209_143805,1359.0,0.98952055
3273,G08,DR_20221209_143805,1360.0,0.9000723
3274,G08,DR_20221209_143805,1361.0,0.8802548
3275,G08,DR_20221209_143805,1362.0,0.8871664
3276,G08,DR_20221209_143805,1363.0,0.9001159
3277,G08,DR_20221209_143805,1364.0,0.8991306
3278,G08,DR_20221209_143805,1365.0,0.907189
3279,G08,DR_20221209_143805,1366.0,0.43182647
3280,G08,DR_20221209_143805,1367.0,1.0053126
3281,G08,DR_20221209_143805,1368.0,0.9710822
3282,G09,DR_20221209_143805,1369.0,0.2711774
3283,G09,DR_20221209_143805,1370.0,0.2711924
3284,G09,DR_20221209_143805,1371.0,0.98128676
3285,G09,DR_20221209_143805,1372.0,0.9815254
3286,G09,DR_20221209_143805,1373.0,0.8991306
3287,G09,DR_20221209_143805,1374.0,0.90044445
3288,G09,DR_20221209_143805,1375.0,0.990002
3289,G09,DR_20221209_143805,1376.0,0.8992644
3290,G09,DR_20221209_143805,1377.0,0.8870034
3291,G10,DR_20221209_143805,1378.0,1.0018085
3292,G10,DR_20221209_143805,1379.0,0.4454104
3293,G10,DR_20221209_143805,1380.0,0.45052004
3294,G10,DR_20221209_143805,1381.0,0.27042922
3295,G10,DR_20221209_143805,1382.0,0.2711774
3296,G10,DR_20221209_143805,1383.0,0.27113158
3297,G10,DR_20221209_143805,1384.0,0.9560135
3298,G10,DR_20221209_143805,1385.0,0.27113158
3299,G10,DR_20221209_143805,1386.0,0.26907834
3300,G11,DR_20221209_143805,1387.0,0.89290833
3301,G11,DR_20221209_143805,1388.0,0.9000723
3302,G11,DR_20221209_143805,1389.0,0.8975954
3303,G11,DR_20221209_143805,1390.0,0.97058105
3304,G11,DR_20221209_143805,1391.0,0.90111625
3305,G11,DR_20221209_143805,1392.0,0.9024301
3306,G11,DR_20221209_143805,1393.0,0.7192485
3307,G11,DR_20221209_143805,1394.0,0.98713666
3308,G11,DR_20221209_143805,1395.0,0.8848419
3309,G12,DR_20221209_143805,1396.0,0.44391295
3310,G12,DR_20221209_143805,1397.0,0.89931756
3311,G12,DR_20221209_143805,1398.0,1.0005664
3312,G12,DR_20221209_143805,1399.0,0.89119333
3313,G12,DR_20221209_143805,1400.0,0.90631557
3314,G12,DR_20221209_143805,1401.0,0.9061201
3315,G12,DR_20221209_143805,1402.0,0.96574223
3316,G12,DR_20221209_143805,1403.0,0.9813941
3317,G12,DR_20221209_143805,1404.0,0.8966871
3318,G13,DR_20221209_143805,1405.0,1.0032634
3319,G13,DR_20221209_143805,1406.0,0.2711924
3320,G13,DR_20221209_143805,1407.0,0.9958766
3321,G13,DR_20221209_143805,1408.0,1.0051523
3322,G13,DR_20221209_143805,1409.0,0.90498894
3323,G13,DR_20221209_143805,1410.0,1.0022436
3324,G13,DR_20221209_143805,1411.0,0.98855865
3325,G13,DR_20221209_143805,1412.0,0.8975954
3326,G13,DR_20221209_143805,1413.0,0.8381067
3327,G14,DR_20221209_143805,1414.0,1.0248463
3328,G14,DR_20221209_143805,1415.0,1.0027945
3329,G14,DR_20221209_143805,1416.0,0.9809589
3330,G14,DR_20221209_143805,1417.0,0.83553797
3331,G14,DR_20221209_143805,1418.0,0.9024301
3332,G14,DR_20221209_143805,1419.0,1.0052688
3333,G14,DR_20221209_143805,1420.0,0.7667652
3334,G14,DR_20221209_143805,1421.0,0.45237005
3335,G14,DR_20221209_143805,1422.0,0.8453552
3336,G15,DR_20221209_143805,1423.0,0.2711774
3337,G15,DR_20221209_143805,1424.0,0.99617
3338,G15,DR_20221209_143805,1425.0,0.9650158
3339,G15,DR_20221209_143805,1426.0,0.9085401
3340,G15,DR_20221209_143805,1427.0,0.34049127
3341,G15,DR_20221209_143805,1428.0,1.0023682
3342,G15,DR_20221209_143805,1429.0,0.96999854
3343,G15,DR_20221209_143805,1430.0,0.8843087
3344,G15,DR_20221209_143805,1431.0,1.0010334
3345,G16,DR_20221209_143805,1432.0,1.0069934
3346,G16,DR_20221209_143805,1433.0,0.44459453
3347,G16,DR_20221209_143805,1434.0,0.9586598
3348,G16,DR_20221209_143805,1435.0,0.9573087
3349,G16,DR_20221209_143805,1436.0,0.4453616
3350,G16,DR_20221209_143805,1437.0,0.99736744
3351,G16,DR_20221209_143805,1438.0,0.9031214
3352,G16,DR_20221209_143805,1439.0,0.89952964
3353,G16,DR_20221209_143805,1440.0,0.88659847
3354,G17,DR_20221209_143805,1441.0,0.98783934
3355,G17,DR_20221209_143805,1442.0,0.90078956
3356,G17,DR_20221209_143805,1443.0,1.0019735
3357,G17,DR_20221209_143805,1444.0,0.98937386
3358,G17,DR_20221209_143805,1445.0,1.0051523
3359,G17,DR_20221209_143805,1446.0,0.98897874
3360,G17,DR_20221209_143805,1447.0,0.83734196
3361,G17,DR_20221209_143805,1448.0,0.9995436
3362,G17,DR_20221209_143805,1449.0,0.8801103
3363,G18,DR_20221209_143805,1450.0,0.99772286
3364,G18,DR_20221209_143805,1451.0,0.9027568
3365,G18,DR_20221209_143805,1452.0,0.9809589
3366,G18,DR_20221209_143805,1453.0,0.9057147
3367,G18,DR_20221209_143805,1454.0,0.43681815
3368,G18,DR_20221209_143805,1455.0,0.43689835
3369,G18,DR_20221209_143805,1456.0,0.2724677
3370,G18,DR_20221209_143805,1457.0,0.27119678
3371,G18,DR_20221209_143805,1458.0,0.990002
3372,G19,DR_20221209_143805,1459.0,0.98957306
3373,G19,DR_20221209_143805,1460.0,0.9011954
3374,G19,DR_20221209_143805,1461.0,0.37288657
3375,G19,DR_20221209_143805,1462.0,0.9080049
3376,G19,DR_20221209_143805,1463.0,0.9084988
3377,G19,DR_20221209_143805,1464.0,0.27111658
3378,G19,DR_20221209_143805,1465.0,0.98878497
3379,G19,DR_20221209_143805,1466.0,0.27028495
3380,G19,DR_20221209_143805,1467.0,0.9876109
3381,G20,DR_20221209_143805,1468.0,0.2702455
3382,G20,DR_20221209_143805,1469.0,0.44155103
3383,G20,DR_20221209_143805,1470.0,0.8129141
3384,G20,DR_20221209_143805,1471.0,1.0051937
3385,G20,DR_20221209_143805,1472.0,0.27025
3386,G20,DR_20221209_143805,1473.0,0.2711774
3387,G20,DR_20221209_143805,1474.0,0.43389022
3388,G20,DR_20221209_143805,1475.0,0.26608133
3389,G20,DR_20221209_143805,1476.0,0.98910564
3390,G21,DR_20221209_143805,1477.0,0.27111658
3391,G21,DR_20221209_143805,1478.0,1.005165
3392,G21,DR_20221209_143805,1479.0,0.9896603
3393,G21,DR_20221209_143805,1480.0,1.0046378
3394,G21,DR_20221209_143805,1481.0,0.2711774
3395,G21,DR_20221209_143805,1482.0,1.0038013
3396,G21,DR_20221209_143805,1483.0,0.9247541
3397,G21,DR_20221209_143805,1484.0,0.270435
3398,G21,DR_20221209_143805,1485.0,1.0027945
3399,G22,DR_20221209_143805,1486.0,0.9908549
3400,G22,DR_20221209_143805,1487.0,0.90065277
3401,G22,DR_20221209_143805,1488.0,0.8114118
3402,G22,DR_20221209_143805,1489.0,1.002911
3403,G22,DR_20221209_143805,1490.0,1.0051523
3404,G22,DR_20221209_143805,1491.0,0.44459453
3405,G22,DR_20221209_143805,1492.0,0.70854455
3406,G22,DR_20221209_143805,1493.0,1.0038971
3407,G22,DR_20221209_143805,1494.0,0.98274857
3444,H03,DR_20221209_143805,1531.0,0.26606634
3445,H03,DR_20221209_143805,1532.0,0.2711774
3446,H03,DR_20221209_143805,1533.0,0.27113158
3447,H03,DR_20221209_143805,1534.0,0.90053916
3448,H03,DR_20221209_143805,1535.0,0.2711774
3449,H03,DR_20221209_143805,1536.0,0.2711774
3450,H03,DR_20221209_143805,1537.0,0.2711924
3451,H03,DR_20221209_143805,1538.0,0.2706347
3452,H03,DR_20221209_143805,1539.0,0.27113158
3453,H04,DR_20221209_143805,1540.0,0.2711774
3454,H04,DR_20221209_143805,1541.0,0.43681815
3455,H04,DR_20221209_143805,1542.0,1.003018
3456,H04,DR_20221209_143805,1543.0,1.0052688
3457,H04,DR_20221209_143805,1544.0,1.0035118
3458,H04,DR_20221209_143805,1545.0,0.2711774
3459,H04,DR_20221209_143805,1546.0,0.26157746
3460,H04,DR_20221209_143805,1547.0,0.2711774
3461,H04,DR_20221209_143805,1548.0,1.0036283
3462,H05,DR_20221209_143805,1549.0,0.27252853
3463,H05,DR_20221209_143805,1550.0,0.27051082
3464,H05,DR_20221209_143805,1551.0,0.43578154
3465,H05,DR_20221209_143805,1552.0,0.90861523
3466,H05,DR_20221209_143805,1553.0,0.2711774
3467,H05,DR_20221209_143805,1554.0,0.2711924
3468,H05,DR_20221209_143805,1555.0,1.0052688
3469,H05,DR_20221209_143805,1556.0,0.2711774
3470,H05,DR_20221209_143805,1557.0,0.90625733
3471,H06,DR_20221209_143805,1558.0,0.27025
3472,H06,DR_20221209_143805,1559.0,1.0036283
3473,H06,DR_20221209_143805,1560.0,1.00228
3474,H06,DR_20221209_143805,1561.0,1.0010322
3475,H06,DR_20221209_143805,1562.0,0.27113608
3476,H06,DR_20221209_143805,1563.0,0.27029133
3477,H06,DR_20221209_143805,1564.0,0.27030212
3478,H06,DR_20221209_143805,1565.0,0.2711774
3479,H06,DR_20221209_143805,1566.0,1.002911
3480,H07,DR_20221209_143805,1567.0,1.0036283
3481,H07,DR_20221209_143805,1568.0,1.0036283
3482,H07,DR_20221209_143805,1569.0,1.0028902
3483,H07,DR_20221209_143805,1570.0,0.90625733
3484,H07,DR_20221209_143805,1571.0,0.43751314
3485,H07,DR_20221209_143805,1572.0,0.27029133
3486,H07,DR_20221209_143805,1573.0,0.27049583
3487,H07,DR_20221209_143805,1574.0,0.2711774
3488,H07,DR_20221209_143805,1575.0,1.0027738
3489,H08,DR_20221209_143805,1576.0,0.88022953
3490,H08,DR_20221209_143805,1577.0,0.8990357
3491,H08,DR_20221209_143805,1578.0,0.9794668
3492,H08,DR_20221209_143805,1579.0,0.9001887
3493,H08,DR_20221209_143805,1580.0,1.0038013
3494,H08,DR_20221209_143805,1581.0,0.95610434
3495,H08,DR_20221209_143805,1582.0,0.9467829
3496,H08,DR_20221209_143805,1583.0,0.27113158
3497,H08,DR_20221209_143805,1584.0,1.002911
3498,H09,DR_20221209_143805,1585.0,0.27029133
3499,H09,DR_20221209_143805,1586.0,1.0051523
3500,H09,DR_20221209_143805,1587.0,0.90235424
3501,H09,DR_20221209_143805,1588.0,0.9000723
3502,H09,DR_20221209_143805,1589.0,0.9002469
3503,H09,DR_20221209_143805,1590.0,1.002969
3504,H09,DR_20221209_143805,1591.0,0.27049583
3505,H09,DR_20221209_143805,1592.0,0.9055983
3506,H09,DR_20221209_143805,1593.0,0.9061409
3507,H10,DR_20221209_143805,1594.0,1.0038013
3508,H10,DR_20221209_143805,1595.0,0.44547802
3509,H10,DR_20221209_143805,1596.0,0.27125248
3510,H10,DR_20221209_143805,1597.0,0.2711924
3511,H10,DR_20221209_143805,1598.0,0.2711774
3512,H10,DR_20221209_143805,1599.0,0.2711924
3513,H10,DR_20221209_143805,1600.0,0.2704734
3514,H10,DR_20221209_143805,1601.0,0.2711924
3515,H10,DR_20221209_143805,1602.0,0.2711924
3516,H11,DR_20221209_143805,1603.0,0.98816943
3517,H11,DR_20221209_143805,1604.0,0.8977118
3518,H11,DR_20221209_143805,1605.0,0.98331153
3519,H11,DR_20221209_143805,1606.0,0.9866273
3520,H11,DR_20221209_143805,1607.0,0.9057147
3521,H11,DR_20221209_143805,1608.0,1.0038575
3522,H11,DR_20221209_143805,1609.0,0.8443287
3523,H11,DR_20221209_143805,1610.0,1.0003718
3524,H11,DR_20221209_143805,1611.0,0.98968846
3525,H12,DR_20221209_143805,1612.0,1.0034842
3526,H12,DR_20221209_143805,1613.0,0.98937386
3527,H12,DR_20221209_143805,1614.0,0.9856084
3528,H12,DR_20221209_143805,1615.0,0.878605
3529,H12,DR_20221209_143805,1616.0,0.9005736
3530,H12,DR_20221209_143805,1617.0,0.8966871
3531,H12,DR_20221209_143805,1618.0,0.9960163
3532,H12,DR_20221209_143805,1619.0,1.0052688
3533,H12,DR_20221209_143805,1620.0,0.98365694
3534,H13,DR_20221209_143805,1621.0,0.28619576
3535,H13,DR_20221209_143805,1622.0,1.0052688
3536,H13,DR_20221209_143805,1623.0,1.003283
3537,H13,DR_20221209_143805,1624.0,1.0016425
3538,H13,DR_20221209_143805,1625.0,1.0046096
3539,H13,DR_20221209_143805,1626.0,1.002969
3540,H13,DR_20221209_143805,1627.0,1.0018085
3541,H13,DR_20221209_143805,1628.0,1.0027945
3542,H13,DR_20221209_143805,1629.0,0.9958766
3543,H14,DR_20221209_143805,1630.0,0.9024301
3544,H14,DR_20221209_143805,1631.0,0.8976367
3545,H14,DR_20221209_143805,1632.0,0.98212534
3546,H14,DR_20221209_143805,1633.0,1.0003177
3547,H14,DR_20221209_143805,1634.0,1.0032958
3548,H14,DR_20221209_143805,1635.0,1.0052527
3549,H14,DR_20221209_143805,1636.0,0.83461696
3550,H14,DR_20221209_143805,1637.0,0.98937386
3551,H14,DR_20221209_143805,1638.0,0.98951524
3552,H15,DR_20221209_143805,1639.0,1.0014747
3553,H15,DR_20221209_143805,1640.0,0.8975954
3554,H15,DR_20221209_143805,1641.0,0.98956186
3555,H15,DR_20221209_143805,1642.0,0.83583665
3556,H15,DR_20221209_143805,1643.0,0.90039897
3557,H15,DR_20221209_143805,1644.0,0.89952964
3558,H15,DR_20221209_143805,1645.0,0.9896753
3559,H15,DR_20221209_143805,1646.0,1.0017225
3560,H15,DR_20221209_143805,1647.0,0.98821074
3561,H16,DR_20221209_143805,1648.0,1.0046378
3562,H16,DR_20221209_143805,1649.0,1.0004724
3563,H16,DR_20221209_143805,1650.0,0.8683025
3564,H16,DR_20221209_143805,1651.0,0.8930093
3565,H16,DR_20221209_143805,1652.0,0.90044445
3566,H16,DR_20221209_143805,1653.0,1.0018085
3567,H16,DR_20221209_143805,1654.0,0.9416439
3568,H16,DR_20221209_143805,1655.0,1.0125093
3569,H16,DR_20221209_143805,1656.0,0.9080049
3570,H17,DR_20221209_143805,1657.0,0.98968846
3571,H17,DR_20221209_143805,1658.0,0.8867984
3572,H17,DR_20221209_143805,1659.0,0.9840555
3573,H17,DR_20221209_143805,1660.0,0.73410535
3574,H17,DR_20221209_143805,1661.0,1.0051523
3575,H17,DR_20221209_143805,1662.0,0.27051705
3576,H17,DR_20221209_143805,1663.0,0.44459453
3577,H17,DR_20221209_143805,1664.0,0.80814445
3578,H17,DR_20221209_143805,1665.0,0.8857066
3579,H18,DR_20221209_143805,1666.0,0.9907768
3580,H18,DR_20221209_143805,1667.0,0.90746224
3581,H18,DR_20221209_143805,1668.0,0.973831
3582,H18,DR_20221209_143805,1669.0,1.0027945
3583,H18,DR_20221209_143805,1670.0,0.27252853
3584,H18,DR_20221209_143805,1671.0,0.2702029
3585,H18,DR_20221209_143805,1672.0,0.864781
3586,H18,DR_20221209_143805,1673.0,0.9993391
3587,H18,DR_20221209_143805,1674.0,0.98274857
3588,H19,DR_20221209_143805,1675.0,1.0051523
3589,H19,DR_20221209_143805,1676.0,0.8990357
3590,H19,DR_20221209_143805,1677.0,0.98348886
3591,H19,DR_20221209_143805,1678.0,0.90861523
3592,H19,DR_20221209_143805,1679.0,0.2724872
3593,H19,DR_20221209_143805,1680.0,0.27113158
3594,H19,DR_20221209_143805,1681.0,0.27113158
3595,H19,DR_20221209_143805,1682.0,0.99617046
3596,H19,DR_20221209_143805,1683.0,0.98765606
3597,H20,DR_20221209_143805,1684.0,1.003283
3598,H20,DR_20221209_143805,1685.0,0.90416783
3599,H20,DR_20221209_143805,1686.0,0.9577905
3600,H20,DR_20221209_143805,1687.0,0.9057147
3601,H20,DR_20221209_143805,1688.0,0.2724872
3602,H20,DR_20221209_143805,1689.0,1.0038013
3603,H20,DR_20221209_143805,1690.0,0.9223092
3604,H20,DR_20221209_143805,1691.0,0.270435
3605,H20,DR_20221209_143805,1692.0,0.8468048
3606,H21,DR_20221209_143805,1693.0,0.9813941
3607,H21,DR_20221209_143805,1694.0,0.9020039
3608,H21,DR_20221209_143805,1695.0,0.89290833
3609,H21,DR_20221209_143805,1696.0,0.9084988
3610,H21,DR_20221209_143805,1697.0,1.004726
3611,H21,DR_20221209_143805,1698.0,0.9995436
3612,H21,DR_20221209_143805,1699.0,0.9896603
3613,H21,DR_20221209_143805,1700.0,0.27111658
3614,H21,DR_20221209_143805,1701.0,0.98769754
3615,H22,DR_20221209_143805,1702.0,0.89952964
3616,H22,DR_20221209_143805,1703.0,1.003283
3617,H22,DR_20221209_143805,1704.0,0.9715552
3618,H22,DR_20221209_143805,1705.0,0.9037077
3619,H22,DR_20221209_143805,1706.0,1.0051523
3620,H22,DR_20221209_143805,1707.0,1.0052688
3621,H22,DR_20221209_143805,1708.0,0.84456336
3622,H22,DR_20221209_143805,1709.0,0.27113158
3623,H22,DR_20221209_143805,1710.0,0.8975954
3660,I03,DR_20221209_143805,1747.0,0.27049583
3661,I03,DR_20221209_143805,1748.0,0.27113158
3662,I03,DR_20221209_143805,1749.0,0.90465486
3663,I03,DR_20221209_143805,1750.0,0.89883757
3664,I03,DR_20221209_143805,1751.0,0.9071477
3665,I03,DR_20221209_143805,1752.0,0.27111658
3666,I03,DR_20221209_143805,1753.0,0.9038038
3667,I03,DR_20221209_143805,1754.0,0.9001887
3668,I03,DR_20221209_143805,1755.0,0.8840944
3669,I04,DR_20221209_143805,1756.0,0.27073172
3670,I04,DR_20221209_143805,1757.0,0.43693456
3671,I04,DR_20221209_143805,1758.0,1.0041158
3672,I04,DR_20221209_143805,1759.0,1.005165
3673,I04,DR_20221209_143805,1760.0,0.2711774
3674,I04,DR_20221209_143805,1761.0,0.2711774
3675,I04,DR_20221209_143805,1762.0,0.27113158
3676,I04,DR_20221209_143805,1763.0,0.2711924
3677,I04,DR_20221209_143805,1764.0,0.43632424
3678,I05,DR_20221209_143805,1765.0,0.27051923
3679,I05,DR_20221209_143805,1766.0,0.27029133
3680,I05,DR_20221209_143805,1767.0,0.2711774
3681,I05,DR_20221209_143805,1768.0,1.0036283
3682,I05,DR_20221209_143805,1769.0,0.90861523
3683,I05,DR_20221209_143805,1770.0,0.27029133
3684,I05,DR_20221209_143805,1771.0,1.0027945
3685,I05,DR_20221209_143805,1772.0,1.0039178
3686,I05,DR_20221209_143805,1773.0,1.0039616
3687,I06,DR_20221209_143805,1774.0,0.2711774
3688,I06,DR_20221209_143805,1775.0,0.27125248
3689,I06,DR_20221209_143805,1776.0,0.2711774
3690,I06,DR_20221209_143805,1777.0,1.0052688
3691,I06,DR_20221209_143805,1778.0,0.2711774
3692,I06,DR_20221209_143805,1779.0,0.27029133
3693,I06,DR_20221209_143805,1780.0,0.2704734
3694,I06,DR_20221209_143805,1781.0,0.2711774
3695,I06,DR_20221209_143805,1782.0,1.003018
3696,I07,DR_20221209_143805,1783.0,1.0036283
3697,I07,DR_20221209_143805,1784.0,1.0036283
3698,I07,DR_20221209_143805,1785.0,1.002911
3699,I07,DR_20221209_143805,1786.0,1.0036283
3700,I07,DR_20221209_143805,1787.0,0.2724872
3701,I07,DR_20221209_143805,1788.0,0.27029133
3702,I07,DR_20221209_143805,1789.0,0.2702305
3703,I07,DR_20221209_143805,1790.0,0.27051923
3704,I07,DR_20221209_143805,1791.0,1.0027864
3705,I08,DR_20221209_143805,1792.0,1.0036283
3706,I08,DR_20221209_143805,1793.0,1.0010322
3707,I08,DR_20221209_143805,1794.0,1.0052688
3708,I08,DR_20221209_143805,1795.0,1.0036283
3709,I08,DR_20221209_143805,1796.0,0.27113608
3710,I08,DR_20221209_143805,1797.0,0.27029133
3711,I08,DR_20221209_143805,1798.0,0.2704734
3712,I08,DR_20221209_143805,1799.0,0.2711924
3713,I08,DR_20221209_143805,1800.0,0.9072641
3714,I09,DR_20221209_143805,1801.0,0.27051923
3715,I09,DR_20221209_143805,1802.0,0.9071477
3716,I09,DR_20221209_143805,1803.0,0.90366405
3717,I09,DR_20221209_143805,1804.0,0.9084988
3718,I09,DR_20221209_143805,1805.0,0.90077114
3719,I09,DR_20221209_143805,1806.0,0.90221417
3720,I09,DR_20221209_143805,1807.0,0.27111658
3721,I09,DR_20221209_143805,1808.0,1.0051961
3722,I09,DR_20221209_143805,1809.0,1.0046096
3723,I10,DR_20221209_143805,1810.0,1.0031666
3724,I10,DR_20221209_143805,1811.0,0.2722712
3725,I10,DR_20221209_143805,1812.0,0.27125248
3726,I10,DR_20221209_143805,1813.0,0.27254352
3727,I10,DR_20221209_143805,1814.0,0.27285522
3728,I10,DR_20221209_143805,1815.0,0.2711774
3729,I10,DR_20221209_143805,1816.0,0.2711924
3730,I10,DR_20221209_143805,1817.0,0.2711924
3731,I10,DR_20221209_143805,1818.0,0.27252853
3732,I11,DR_20221209_143805,1819.0,0.2711774
3733,I11,DR_20221209_143805,1820.0,1.0035118
3734,I11,DR_20221209_143805,1821.0,0.9001887
3735,I11,DR_20221209_143805,1822.0,1.0036283
3736,I11,DR_20221209_143805,1823.0,1.0054791
3737,I11,DR_20221209_143805,1824.0,0.2711774
3738,I11,DR_20221209_143805,1825.0,0.27049583
3739,I11,DR_20221209_143805,1826.0,1.0035118
3740,I11,DR_20221209_143805,1827.0,1.0037553
3741,I12,DR_20221209_143805,1828.0,1.0111583
3742,I12,DR_20221209_143805,1829.0,0.27113158
3743,I12,DR_20221209_143805,1830.0,0.96429133
3744,I12,DR_20221209_143805,1831.0,1.0046586
3745,I12,DR_20221209_143805,1832.0,0.9082829
3746,I12,DR_20221209_143805,1833.0,0.88693815
3747,I12,DR_20221209_143805,1834.0,0.9582892
3748,I12,DR_20221209_143805,1835.0,1.0051937
3749,I12,DR_20221209_143805,1836.0,1.0051937
3750,I13,DR_20221209_143805,1837.0,0.2618951
3751,I13,DR_20221209_143805,1838.0,1.0029881
3752,I13,DR_20221209_143805,1839.0,0.99940926
3753,I13,DR_20221209_143805,1840.0,1.0068015
3754,I13,DR_20221209_143805,1841.0,1.003283
3755,I13,DR_20221209_143805,1842.0,1.001526
3756,I13,DR_20221209_143805,1843.0,1.0055963
3757,I13,DR_20221209_143805,1844.0,1.002911
3758,I13,DR_20221209_143805,1845.0,0.99083406
3759,I14,DR_20221209_143805,1846.0,0.99564195
3760,I14,DR_20221209_143805,1847.0,0.8975954
3761,I14,DR_20221209_143805,1848.0,0.9735554
3762,I14,DR_20221209_143805,1849.0,0.8130896
3763,I14,DR_20221209_143805,1850.0,1.0051523
3764,I14,DR_20221209_143805,1851.0,0.27113158
3765,I14,DR_20221209_143805,1852.0,0.9299752
3766,I14,DR_20221209_143805,1853.0,1.0069934
3767,I14,DR_20221209_143805,1854.0,0.98293996
3768,I15,DR_20221209_143805,1855.0,1.0035487
3769,I15,DR_20221209_143805,1856.0,0.8451672
3770,I15,DR_20221209_143805,1857.0,0.9707975
3771,I15,DR_20221209_143805,1858.0,0.8381067
3772,I15,DR_20221209_143805,1859.0,1.0018528
3773,I15,DR_20221209_143805,1860.0,0.89296645
3774,I15,DR_20221209_143805,1861.0,0.8114377
3775,I15,DR_20221209_143805,1862.0,1.003283
3776,I15,DR_20221209_143805,1863.0,0.98988855
3777,I16,DR_20221209_143805,1864.0,0.9999026
3778,I16,DR_20221209_143805,1865.0,0.990002
3779,I16,DR_20221209_143805,1866.0,0.9669893
3780,I16,DR_20221209_143805,1867.0,0.8989884
3781,I16,DR_20221209_143805,1868.0,1.0010569
3782,I16,DR_20221209_143805,1869.0,0.74991655
3783,I16,DR_20221209_143805,1870.0,0.32683364
3784,I16,DR_20221209_143805,1871.0,0.8868397
3785,I16,DR_20221209_143805,1872.0,0.87829125
3786,I17,DR_20221209_143805,1873.0,1.0051523
3787,I17,DR_20221209_143805,1874.0,0.9001887
3788,I17,DR_20221209_143805,1875.0,0.81852967
3789,I17,DR_20221209_143805,1876.0,1.0003703
3790,I17,DR_20221209_143805,1877.0,0.2724872
3791,I17,DR_20221209_143805,1878.0,0.2726036
3792,I17,DR_20221209_143805,1879.0,1.0018085
3793,I17,DR_20221209_143805,1880.0,0.27113158
3794,I17,DR_20221209_143805,1881.0,0.8927488
3795,I18,DR_20221209_143805,1882.0,1.0051937
3796,I18,DR_20221209_143805,1883.0,1.0052326
3797,I18,DR_20221209_143805,1884.0,0.95696956
3798,I18,DR_20221209_143805,1885.0,0.8926737
3799,I18,DR_20221209_143805,1886.0,1.0051523
3800,I18,DR_20221209_143805,1887.0,1.0052688
3801,I18,DR_20221209_143805,1888.0,0.83641016
3802,I18,DR_20221209_143805,1889.0,1.0030957
3803,I18,DR_20221209_143805,1890.0,0.8358816
3804,I19,DR_20221209_143805,1891.0,0.9000723
3805,I19,DR_20221209_143805,1892.0,0.9080726
3806,I19,DR_20221209_143805,1893.0,0.9946193
3807,I19,DR_20221209_143805,1894.0,0.7462256
3808,I19,DR_20221209_143805,1895.0,0.9084988
3809,I19,DR_20221209_143805,1896.0,1.0052688
3810,I19,DR_20221209_143805,1897.0,0.2702413
3811,I19,DR_20221209_143805,1898.0,0.27026996
3812,I19,DR_20221209_143805,1899.0,0.90378046
3813,I20,DR_20221209_143805,1900.0,1.0051937
3814,I20,DR_20221209_143805,1901.0,0.9025465
3815,I20,DR_20221209_143805,1902.0,0.98821074
3816,I20,DR_20221209_143805,1903.0,1.0018085
3817,I20,DR_20221209_143805,1904.0,0.27252853
3818,I20,DR_20221209_143805,1905.0,0.2702263
3819,I20,DR_20221209_143805,1906.0,0.35160565
3820,I20,DR_20221209_143805,1907.0,0.2711774
3821,I20,DR_20221209_143805,1908.0,0.90861523
3822,I21,DR_20221209_143805,1909.0,0.88682985
3823,I21,DR_20221209_143805,1910.0,0.9080726
3824,I21,DR_20221209_143805,1911.0,0.9896603
3825,I21,DR_20221209_143805,1912.0,0.27002555
3826,I21,DR_20221209_143805,1913.0,1.0051523
3827,I21,DR_20221209_143805,1914.0,1.0032595
3828,I21,DR_20221209_143805,1915.0,0.8201201
3829,I21,DR_20221209_143805,1916.0,0.72148204
3830,I21,DR_20221209_143805,1917.0,0.8125874
3831,I22,DR_20221209_143805,1918.0,0.8799157
3832,I22,DR_20221209_143805,1919.0,0.89768034
3833,I22,DR_20221209_143805,1920.0,1.0124981
3834,I22,DR_20221209_143805,1921.0,0.90618455
3835,I22,DR_20221209_143805,1922.0,1.0054791
3836,I22,DR_20221209_143805,1923.0,1.0029547
3837,I22,DR_20221209_143805,1924.0,0.84311384
3838,I22,DR_20221209_143805,1925.0,1.0031708
3839,I22,DR_20221209_143805,1926.0,0.8929551
3876,J03,DR_20221209_143805,1963.0,0.0029631143
3877,J03,DR_20221209_143805,1964.0,0.27117825
3878,J03,DR_20221209_143805,1965.0,0.28854182
3879,J03,DR_20221209_143805,1966.0,0.9894873
3880,J03,DR_20221209_143805,1967.0,0.08026127
3881,J03,DR_20221209_143805,1968.0,0.27117825
3882,J03,DR_20221209_143805,1969.0,0.26315123
3883,J03,DR_20221209_143805,1970.0,0.4345925
3884,J04,DR_20221209_143805,1971.0,0.2711774
3885,J04,DR_20221209_143805,1972.0,0.2715041
3886,J04,DR_20221209_143805,1973.0,0.2706497
3887,J04,DR_20221209_143805,1974.0,1.0052688
3888,J04,DR_20221209_143805,1975.0,0.9011203
3889,J04,DR_20221209_143805,1976.0,0.2711924
3890,J04,DR_20221209_143805,1977.0,0.27113158
3891,J04,DR_20221209_143805,1978.0,0.2711924
3892,J04,DR_20221209_143805,1979.0,0.2715191
3893,J05,DR_20221209_143805,1980.0,0.2704779
3894,J05,DR_20221209_143805,1981.0,0.27051923
3895,J05,DR_20221209_143805,1982.0,1.0039178
3896,J05,DR_20221209_143805,1983.0,0.9001887
3897,J05,DR_20221209_143805,1984.0,1.0030003
3898,J05,DR_20221209_143805,1985.0,0.27028322
3899,J05,DR_20221209_143805,1986.0,1.0027738
3900,J05,DR_20221209_143805,1987.0,0.90625733
3901,J05,DR_20221209_143805,1988.0,0.90625733
3902,J06,DR_20221209_143805,1989.0,0.27111658
3903,J06,DR_20221209_143805,1990.0,0.43550837
3904,J06,DR_20221209_143805,1991.0,0.9894406
3905,J06,DR_20221209_143805,1992.0,0.90625733
3906,J06,DR_20221209_143805,1993.0,0.2711774
3907,J06,DR_20221209_143805,1994.0,0.27026373
3908,J06,DR_20221209_143805,1995.0,0.98878497
3909,J06,DR_20221209_143805,1996.0,0.27045
3910,J06,DR_20221209_143805,1997.0,0.988512
3911,J07,DR_20221209_143805,1998.0,1.0038427
3912,J07,DR_20221209_143805,1999.0,0.90861523
3913,J07,DR_20221209_143805,2000.0,1.0051937
3914,J07,DR_20221209_143805,2001.0,1.005165
3915,J07,DR_20221209_143805,2002.0,0.27053422
3916,J07,DR_20221209_143805,2003.0,0.27113158
3917,J07,DR_20221209_143805,2004.0,0.2702413
3918,J07,DR_20221209_143805,2005.0,0.2702413
3919,J07,DR_20221209_143805,2006.0,0.98145175
3920,J08,DR_20221209_143805,2007.0,0.9896753
3921,J08,DR_20221209_143805,2008.0,0.44460952
3922,J08,DR_20221209_143805,2009.0,0.990002
3923,J08,DR_20221209_143805,2010.0,0.9896753
3924,J08,DR_20221209_143805,2011.0,0.2711924
3925,J08,DR_20221209_143805,2012.0,0.93047106
3926,J08,DR_20221209_143805,2013.0,0.22515012
3927,J08,DR_20221209_143805,2014.0,0.27113158
3928,J08,DR_20221209_143805,2015.0,0.9687382
3929,J09,DR_20221209_143805,2016.0,0.43454581
3930,J09,DR_20221209_143805,2017.0,0.9025465
3931,J09,DR_20221209_143805,2018.0,0.9879761
3932,J09,DR_20221209_143805,2019.0,0.9001887
3933,J09,DR_20221209_143805,2020.0,0.90111625
3934,J09,DR_20221209_143805,2021.0,0.27049583
3935,J09,DR_20221209_143805,2022.0,0.2702413
3936,J09,DR_20221209_143805,2023.0,0.27121177
3937,J09,DR_20221209_143805,2024.0,0.8370028
3938,J10,DR_20221209_143805,2025.0,0.9675969
3939,J10,DR_20221209_143805,2026.0,0.89957833
3940,J10,DR_20221209_143805,2027.0,0.95577765
3941,J10,DR_20221209_143805,2028.0,0.27117163
3942,J10,DR_20221209_143805,2029.0,0.2706188
3943,J10,DR_20221209_143805,2030.0,0.2702413
3944,J10,DR_20221209_143805,2031.0,0.2561247
3945,J10,DR_20221209_143805,2032.0,0.2702179
3946,J10,DR_20221209_143805,2033.0,1.001801
3947,J11,DR_20221209_143805,2034.0,1.0016811
3948,J11,DR_20221209_143805,2035.0,0.90039897
3949,J11,DR_20221209_143805,2036.0,0.98212534
3950,J11,DR_20221209_143805,2037.0,0.9001159
3951,J11,DR_20221209_143805,2038.0,0.4355043
3952,J11,DR_20221209_143805,2039.0,1.0046378
3953,J11,DR_20221209_143805,2040.0,0.9995712
3954,J11,DR_20221209_143805,2041.0,0.98854214
3955,J11,DR_20221209_143805,2042.0,0.97494704
3956,J12,DR_20221209_143805,2043.0,0.2711924
3957,J12,DR_20221209_143805,2044.0,0.27058887
3958,J12,DR_20221209_143805,2045.0,0.27245393
3959,J12,DR_20221209_143805,2046.0,1.0051937
3960,J12,DR_20221209_143805,2047.0,0.34049127
3961,J12,DR_20221209_143805,2048.0,0.9885736
3962,J12,DR_20221209_143805,2049.0,0.811571
3963,J12,DR_20221209_143805,2050.0,0.9657869
3964,J12,DR_20221209_143805,2051.0,0.8225414
3965,J13,DR_20221209_143805,2052.0,1.0026723
3966,J13,DR_20221209_143805,2053.0,0.9894873
3967,J13,DR_20221209_143805,2054.0,0.99717945
3968,J13,DR_20221209_143805,2055.0,1.0018085
3969,J13,DR_20221209_143805,2056.0,0.90861523
3970,J13,DR_20221209_143805,2057.0,0.9079562
3971,J13,DR_20221209_143805,2058.0,0.2722661
3972,J13,DR_20221209_143805,2059.0,0.9804128
3973,J13,DR_20221209_143805,2060.0,0.9894023
3974,J14,DR_20221209_143805,2061.0,0.8992231
3975,J14,DR_20221209_143805,2062.0,0.9743541
3976,J14,DR_20221209_143805,2063.0,0.88614184
3977,J14,DR_20221209_143805,2064.0,0.886842
3978,J14,DR_20221209_143805,2065.0,0.9027568
3979,J14,DR_20221209_143805,2066.0,0.9001887
3980,J14,DR_20221209_143805,2067.0,1.0051937
3981,J14,DR_20221209_143805,2068.0,1.0004027
3982,J14,DR_20221209_143805,2069.0,0.99754816
3983,J15,DR_20221209_143805,2070.0,1.003952
3984,J15,DR_20221209_143805,2071.0,0.96970016
3985,J15,DR_20221209_143805,2072.0,0.9738815
3986,J15,DR_20221209_143805,2073.0,0.9809714
3987,J15,DR_20221209_143805,2074.0,0.89816684
3988,J15,DR_20221209_143805,2075.0,0.8912692
3989,J15,DR_20221209_143805,2076.0,1.0051961
3990,J15,DR_20221209_143805,2077.0,0.97990024
3991,J15,DR_20221209_143805,2078.0,0.9909102
3992,J16,DR_20221209_143805,2079.0,0.8445676
3993,J16,DR_20221209_143805,2080.0,0.811571
3994,J16,DR_20221209_143805,2081.0,0.84684694
3995,J16,DR_20221209_143805,2082.0,0.8781838
3996,J16,DR_20221209_143805,2083.0,0.90690184
3997,J16,DR_20221209_143805,2084.0,0.9824623
3998,J16,DR_20221209_143805,2085.0,0.8967307
3999,J16,DR_20221209_143805,2086.0,0.9833752
4000,J16,DR_20221209_143805,2087.0,1.0033728
4001,J17,DR_20221209_143805,2088.0,0.9730976
4002,J17,DR_20221209_143805,2089.0,0.8979634
4003,J17,DR_20221209_143805,2090.0,0.9842435
4004,J17,DR_20221209_143805,2091.0,1.0046467
4005,J17,DR_20221209_143805,2092.0,1.0030544
4006,J17,DR_20221209_143805,2093.0,0.44370425
4007,J17,DR_20221209_143805,2094.0,0.27113158
4008,J17,DR_20221209_143805,2095.0,0.9660736
4009,J17,DR_20221209_143805,2096.0,0.974768
4010,J18,DR_20221209_143805,2097.0,0.98348886
4011,J18,DR_20221209_143805,2098.0,0.89272034
4012,J18,DR_20221209_143805,2099.0,0.990002
4013,J18,DR_20221209_143805,2100.0,1.0017672
4014,J18,DR_20221209_143805,2101.0,0.43608695
4015,J18,DR_20221209_143805,2102.0,0.4019686
4016,J18,DR_20221209_143805,2103.0,0.27113158
4017,J18,DR_20221209_143805,2104.0,0.2702413
4018,J18,DR_20221209_143805,2105.0,0.9890776
4019,J19,DR_20221209_143805,2106.0,1.0052481
4020,J19,DR_20221209_143805,2107.0,1.0052688
4021,J19,DR_20221209_143805,2108.0,1.0113463
4022,J19,DR_20221209_143805,2109.0,0.89267904
4023,J19,DR_20221209_143805,2110.0,0.43693456
4024,J19,DR_20221209_143805,2111.0,0.2724827
4025,J19,DR_20221209_143805,2112.0,0.47752994
4026,J19,DR_20221209_143805,2113.0,0.9891521
4027,J19,DR_20221209_143805,2114.0,1.005165
4028,J20,DR_20221209_143805,2115.0,1.0005707
4029,J20,DR_20221209_143805,2116.0,1.005165
4030,J20,DR_20221209_143805,2117.0,0.42625692
4031,J20,DR_20221209_143805,2118.0,0.9896753
4032,J20,DR_20221209_143805,2119.0,0.27252853
4033,J20,DR_20221209_143805,2120.0,0.2702413
4034,J20,DR_20221209_143805,2121.0,0.41933313
4035,J20,DR_20221209_143805,2122.0,0.96574223
4036,J20,DR_20221209_143805,2123.0,0.4448677
4037,J21,DR_20221209_143805,2124.0,0.95693266
4038,J21,DR_20221209_143805,2125.0,1.0041158
4039,J21,DR_20221209_143805,2126.0,1.0216066
4040,J21,DR_20221209_143805,2127.0,1.0018085
4041,J21,DR_20221209_143805,2128.0,0.2711774
4042,J21,DR_20221209_143805,2129.0,0.2702263
4043,J21,DR_20221209_143805,2130.0,0.7467291
4044,J21,DR_20221209_143805,2131.0,0.84416246
4045,J21,DR_20221209_143805,2132.0,0.27034187
4046,J22,DR_20221209_143805,2133.0,0.9907879
4047,J22,DR_20221209_143805,2134.0,0.25752974
4048,J22,DR_20221209_143805,2135.0,0.8354011
4049,J22,DR_20221209_143805,2136.0,0.83835393
4050,J22,DR_20221209_143805,2137.0,0.89876246
4051,J22,DR_20221209_143805,2138.0,0.90116394
4052,J22,DR_20221209_143805,2139.0,0.8385577
4053,J22,DR_20221209_143805,2140.0,0.8443754
4054,J22,DR_20221209_143805,2141.0,0.27096304
4091,K04,DR_20221209_143805,2187.0,0.2711774
4092,K04,DR_20221209_143805,2188.0,0.27125248
4093,K04,DR_20221209_143805,2189.0,1.0036665
4094,K04,DR_20221209_143805,2190.0,0.9001887
4095,K04,DR_20221209_143805,2191.0,0.90090597
4096,K04,DR_20221209_143805,2192.0,0.2711774
4097,K04,DR_20221209_143805,2193.0,0.27113158
4098,K04,DR_20221209_143805,2194.0,0.2711774
4099,K04,DR_20221209_143805,2195.0,0.9052818
4100,K05,DR_20221209_143805,2196.0,0.26102695
4101,K05,DR_20221209_143805,2197.0,0.27051923
4102,K05,DR_20221209_143805,2198.0,1.0039178
4103,K05,DR_20221209_143805,2199.0,0.90008485
4104,K05,DR_20221209_143805,2200.0,0.43681815
4105,K05,DR_20221209_143805,2201.0,0.27051923
4106,K05,DR_20221209_143805,2202.0,1.0028902
4107,K05,DR_20221209_143805,2203.0,1.002911
4108,K05,DR_20221209_143805,2204.0,0.90560603
4109,K06,DR_20221209_143805,2205.0,0.27113158
4110,K06,DR_20221209_143805,2206.0,0.27028713
4111,K06,DR_20221209_143805,2207.0,1.0044186
4112,K06,DR_20221209_143805,2208.0,1.0052688
4113,K06,DR_20221209_143805,2209.0,0.27113608
4114,K06,DR_20221209_143805,2210.0,0.27113158
4115,K06,DR_20221209_143805,2211.0,0.2695847
4116,K06,DR_20221209_143805,2212.0,1.0051316
4117,K06,DR_20221209_143805,2213.0,0.9978402
4118,K07,DR_20221209_143805,2214.0,1.0038427
4119,K07,DR_20221209_143805,2215.0,0.9036613
4120,K07,DR_20221209_143805,2216.0,0.89282525
4121,K07,DR_20221209_143805,2217.0,1.0004342
4122,K07,DR_20221209_143805,2218.0,0.2711774
4123,K07,DR_20221209_143805,2219.0,0.2700134
4124,K07,DR_20221209_143805,2220.0,0.7076896
4125,K07,DR_20221209_143805,2221.0,0.27051082
4126,K07,DR_20221209_143805,2222.0,0.9894873
4127,K08,DR_20221209_143805,2223.0,0.98035544
4128,K08,DR_20221209_143805,2224.0,0.9000723
4129,K08,DR_20221209_143805,2225.0,0.8966871
4130,K08,DR_20221209_143805,2226.0,0.9000723
4131,K08,DR_20221209_143805,2227.0,0.9027568
4132,K08,DR_20221209_143805,2228.0,1.0004724
4133,K08,DR_20221209_143805,2229.0,0.956794
4134,K08,DR_20221209_143805,2230.0,0.98951876
4135,K08,DR_20221209_143805,2231.0,0.88276654
4136,K09,DR_20221209_143805,2232.0,0.27029133
4137,K09,DR_20221209_143805,2233.0,0.2711774
4138,K09,DR_20221209_143805,2234.0,0.89866644
4139,K09,DR_20221209_143805,2235.0,0.9025465
4140,K09,DR_20221209_143805,2236.0,0.8991306
4141,K09,DR_20221209_143805,2237.0,0.3435088
4142,K09,DR_20221209_143805,2238.0,0.27117524
4143,K09,DR_20221209_143805,2239.0,1.0029547
4144,K09,DR_20221209_143805,2240.0,0.89964604
4145,K10,DR_20221209_143805,2241.0,0.8932818
4146,K10,DR_20221209_143805,2242.0,0.9027568
4147,K10,DR_20221209_143805,2243.0,0.88372517
4148,K10,DR_20221209_143805,2244.0,0.94922686
4149,K10,DR_20221209_143805,2245.0,0.9001159
4150,K10,DR_20221209_143805,2246.0,0.27111658
4151,K10,DR_20221209_143805,2247.0,0.27113158
4152,K10,DR_20221209_143805,2248.0,0.27113158
4153,K10,DR_20221209_143805,2249.0,0.8687543
4154,K11,DR_20221209_143805,2250.0,0.27051082
4155,K11,DR_20221209_143805,2251.0,0.9026786
4156,K11,DR_20221209_143805,2252.0,0.98078614
4157,K11,DR_20221209_143805,2253.0,0.8840944
4158,K11,DR_20221209_143805,2254.0,0.90861523
4159,K11,DR_20221209_143805,2255.0,0.9024301
4160,K11,DR_20221209_143805,2256.0,0.2703215
4161,K11,DR_20221209_143805,2257.0,0.9000723
4162,K11,DR_20221209_143805,2258.0,0.8373822
4163,K12,DR_20221209_143805,2259.0,0.2702413
4164,K12,DR_20221209_143805,2260.0,0.27113158
4165,K12,DR_20221209_143805,2261.0,0.97468984
4166,K12,DR_20221209_143805,2262.0,0.87788165
4167,K12,DR_20221209_143805,2263.0,0.9024301
4168,K12,DR_20221209_143805,2264.0,0.9084988
4169,K12,DR_20221209_143805,2265.0,0.27113158
4170,K12,DR_20221209_143805,2266.0,0.886605
4171,K12,DR_20221209_143805,2267.0,0.8799157
4172,K14,DR_20221209_143805,2277.0,0.83803415
4173,K14,DR_20221209_143805,2278.0,0.88664395
4174,K14,DR_20221209_143805,2279.0,0.88486165
4175,K14,DR_20221209_143805,2280.0,0.8825162
4176,K14,DR_20221209_143805,2281.0,0.9000723
4177,K14,DR_20221209_143805,2282.0,0.8923805
4178,K14,DR_20221209_143805,2283.0,0.27111658
4179,K14,DR_20221209_143805,2284.0,0.8370447
4180,K14,DR_20221209_143805,2285.0,0.90275574
4181,K18,DR_20221209_143805,2313.0,0.88676846
4182,K18,DR_20221209_143805,2314.0,0.88011247
4183,K18,DR_20221209_143805,2315.0,0.9820678
4184,K18,DR_20221209_143805,2316.0,1.0006292
4185,K18,DR_20221209_143805,2317.0,0.8998563
4186,K18,DR_20221209_143805,2318.0,0.90618455
4187,K18,DR_20221209_143805,2319.0,0.9084988
4188,K18,DR_20221209_143805,2320.0,0.9958766
4189,K18,DR_20221209_143805,2321.0,0.898203
4190,K19,DR_20221209_143805,2322.0,0.8783766
4191,K19,DR_20221209_143805,2323.0,0.9000723
4192,K19,DR_20221209_143805,2324.0,0.82283527
4193,K19,DR_20221209_143805,2325.0,0.8819353
4194,K19,DR_20221209_143805,2326.0,0.22148907
4195,K19,DR_20221209_143805,2327.0,1.0038971
4196,K19,DR_20221209_143805,2328.0,0.43246487
4197,K19,DR_20221209_143805,2329.0,0.4446382
4198,K19,DR_20221209_143805,2330.0,1.0052688
4199,K20,DR_20221209_143805,2331.0,0.98101956
4200,K20,DR_20221209_143805,2332.0,0.9061822
4201,K20,DR_20221209_143805,2333.0,0.8114692
4202,K20,DR_20221209_143805,2334.0,0.90861523
4203,K20,DR_20221209_143805,2335.0,0.9011203
4204,K20,DR_20221209_143805,2336.0,0.2702413
4205,K20,DR_20221209_143805,2337.0,0.44459453
4206,K20,DR_20221209_143805,2338.0,0.27113158
4207,K20,DR_20221209_143805,2339.0,1.0041158
4208,K21,DR_20221209_143805,2340.0,0.9824623
4209,K21,DR_20221209_143805,2341.0,0.740157
4210,K21,DR_20221209_143805,2342.0,0.8356936
4211,K21,DR_20221209_143805,2343.0,0.42481205
4212,K21,DR_20221209_143805,2344.0,0.9062987
4213,K21,DR_20221209_143805,2345.0,0.90023
4214,K21,DR_20221209_143805,2346.0,0.98213774
4215,K21,DR_20221209_143805,2347.0,0.42569435
4216,K21,DR_20221209_143805,2348.0,0.491334
4217,K22,DR_20221209_143805,2349.0,0.794372
4218,K22,DR_20221209_143805,2350.0,0.7423924
4219,K22,DR_20221209_143805,2351.0,0.98125136
4220,K22,DR_20221209_143805,2352.0,0.74244505
4221,K22,DR_20221209_143805,2353.0,0.9024301
4222,K22,DR_20221209_143805,2354.0,0.74016374
4223,K22,DR_20221209_143805,2355.0,0.83586526
4224,K22,DR_20221209_143805,2356.0,0.9993391
4225,K22,DR_20221209_143805,2357.0,1.0031292
4262,L04,DR_20221209_143805,2403.0,0.27111658
4263,L04,DR_20221209_143805,2404.0,0.2711774
4264,L04,DR_20221209_143805,2405.0,1.0005327
4265,L04,DR_20221209_143805,2406.0,1.0036665
4266,L04,DR_20221209_143805,2407.0,0.27049583
4267,L04,DR_20221209_143805,2408.0,0.2711774
4268,L04,DR_20221209_143805,2409.0,0.3790596
4269,L04,DR_20221209_143805,2410.0,0.2711924
4270,L04,DR_20221209_143805,2411.0,0.98877
4271,L05,DR_20221209_143805,2412.0,0.27029133
4272,L05,DR_20221209_143805,2413.0,0.27111658
4273,L05,DR_20221209_143805,2414.0,1.0000415
4274,L05,DR_20221209_143805,2415.0,0.90625733
4275,L05,DR_20221209_143805,2416.0,0.43751314
4276,L05,DR_20221209_143805,2417.0,0.4445532
4277,L05,DR_20221209_143805,2418.0,0.27113158
4278,L05,DR_20221209_143805,2419.0,1.0039178
4279,L05,DR_20221209_143805,2420.0,0.84264994
4280,L06,DR_20221209_143805,2421.0,0.43558344
4281,L06,DR_20221209_143805,2422.0,0.27146277
4282,L06,DR_20221209_143805,2423.0,1.0031586
4283,L06,DR_20221209_143805,2424.0,1.0039178
4284,L06,DR_20221209_143805,2425.0,0.27198583
4285,L06,DR_20221209_143805,2426.0,0.2711924
4286,L06,DR_20221209_143805,2427.0,0.27051923
4287,L06,DR_20221209_143805,2428.0,0.27051923
4288,L06,DR_20221209_143805,2429.0,1.0036283
4289,L07,DR_20221209_143805,2430.0,0.8866104
4290,L07,DR_20221209_143805,2431.0,0.9000723
4291,L07,DR_20221209_143805,2432.0,0.9692168
4292,L07,DR_20221209_143805,2433.0,0.9813941
4293,L07,DR_20221209_143805,2434.0,0.9011203
4294,L07,DR_20221209_143805,2435.0,0.27113158
4295,L07,DR_20221209_143805,2436.0,0.95577765
4296,L07,DR_20221209_143805,2437.0,0.2702179
4297,L07,DR_20221209_143805,2438.0,1.0002246
4298,L08,DR_20221209_143805,2439.0,1.0036283
4299,L08,DR_20221209_143805,2440.0,1.0035118
4300,L08,DR_20221209_143805,2441.0,0.90861523
4301,L08,DR_20221209_143805,2442.0,0.9001887
4302,L08,DR_20221209_143805,2443.0,0.43739673
4303,L08,DR_20221209_143805,2444.0,0.2711774
4304,L08,DR_20221209_143805,2445.0,0.2704584
4305,L08,DR_20221209_143805,2446.0,0.27028713
4306,L08,DR_20221209_143805,2447.0,1.0027945
4307,L09,DR_20221209_143805,2448.0,0.27113158
4308,L09,DR_20221209_143805,2449.0,0.27169296
4309,L09,DR_20221209_143805,2450.0,0.95744604
4310,L09,DR_20221209_143805,2451.0,0.89876246
4311,L09,DR_20221209_143805,2452.0,0.2711774
4312,L09,DR_20221209_143805,2453.0,0.27113158
4313,L09,DR_20221209_143805,2454.0,0.25739762
4314,L09,DR_20221209_143805,2455.0,0.2702455
4315,L09,DR_20221209_143805,2456.0,0.9894723
4316,L10,DR_20221209_143805,2457.0,0.27113158
4317,L10,DR_20221209_143805,2458.0,0.4292208
4318,L10,DR_20221209_143805,2459.0,0.42961136
4319,L10,DR_20221209_143805,2460.0,0.27113158
4320,L10,DR_20221209_143805,2461.0,0.2711924
4321,L10,DR_20221209_143805,2462.0,0.27113158
4322,L10,DR_20221209_143805,2463.0,0.27113158
4323,L10,DR_20221209_143805,2464.0,0.27113158
4324,L10,DR_20221209_143805,2465.0,0.26943302
4325,L11,DR_20221209_143805,2466.0,0.8979221
4326,L11,DR_20221209_143805,2467.0,0.87744474
4327,L11,DR_20221209_143805,2468.0,0.9637151
4328,L11,DR_20221209_143805,2469.0,1.0021353
4329,L11,DR_20221209_143805,2470.0,0.9027568
4330,L11,DR_20221209_143805,2471.0,0.27113158
4331,L11,DR_20221209_143805,2472.0,0.27005705
4332,L11,DR_20221209_143805,2473.0,0.811571
4333,L11,DR_20221209_143805,2474.0,0.9001887
4334,L12,DR_20221209_143805,2475.0,0.98674715
4335,L12,DR_20221209_143805,2476.0,0.34795594
4336,L12,DR_20221209_143805,2477.0,0.9958433
4337,L12,DR_20221209_143805,2478.0,0.9669826
4338,L12,DR_20221209_143805,2479.0,0.2711774
4339,L12,DR_20221209_143805,2480.0,0.27005705
4340,L12,DR_20221209_143805,2481.0,0.27145767
4341,L12,DR_20221209_143805,2482.0,0.2702455
4342,L12,DR_20221209_143805,2483.0,0.968948
4343,L13,DR_20221209_143805,2484.0,0.89267904
4344,L13,DR_20221209_143805,2485.0,0.8844277
4345,L13,DR_20221209_143805,2486.0,0.8381067
4346,L13,DR_20221209_143805,2487.0,0.9804391
4347,L13,DR_20221209_143805,2488.0,0.8866104
4348,L13,DR_20221209_143805,2489.0,0.9993391
4349,L13,DR_20221209_143805,2490.0,0.4368595
4350,L13,DR_20221209_143805,2491.0,1.0036283
4351,L13,DR_20221209_143805,2492.0,0.90625733
4352,L18,DR_20221209_143805,2529.0,0.86981946
4353,L18,DR_20221209_143805,2530.0,0.733844
4354,L18,DR_20221209_143805,2531.0,0.100139104
4355,L18,DR_20221209_143805,2532.0,0.7947845
4356,L18,DR_20221209_143805,2533.0,0.90247375
4357,L18,DR_20221209_143805,2534.0,1.0053126
4358,L18,DR_20221209_143805,2535.0,0.26804504
4359,L18,DR_20221209_143805,2536.0,0.9999026
4360,L18,DR_20221209_143805,2537.0,0.99379134
4361,L19,DR_20221209_143805,2538.0,0.8187257
4362,L19,DR_20221209_143805,2539.0,0.8953773
4363,L19,DR_20221209_143805,2540.0,0.95460206
4364,L19,DR_20221209_143805,2541.0,0.7400072
4365,L19,DR_20221209_143805,2542.0,0.9000723
4366,L19,DR_20221209_143805,2543.0,0.9883075
4367,L19,DR_20221209_143805,2544.0,0.270435
4368,L19,DR_20221209_143805,2545.0,0.27111658
4369,L19,DR_20221209_143805,2546.0,0.9879761
4370,L22,DR_20221209_143805,2565.0,0.835194
4371,L22,DR_20221209_143805,2566.0,0.8977118
4372,L22,DR_20221209_143805,2567.0,0.9985672
4373,L22,DR_20221209_143805,2568.0,0.9042351
4374,L22,DR_20221209_143805,2569.0,0.90861523
4375,L22,DR_20221209_143805,2570.0,0.9002323
4376,L22,DR_20221209_143805,2571.0,0.4614952
4377,L22,DR_20221209_143805,2572.0,0.4312371
4378,L22,DR_20221209_143805,2573.0,1.003018
4415,M03,DR_20221209_143805,2610.0,-1.0172041e-05
4416,M03,DR_20221209_143805,2611.0,-8.0763755e-05
4417,M03,DR_20221209_143805,2612.0,1.0601136e-05
4418,M03,DR_20221209_143805,2613.0,1.0601136e-05
4419,M03,DR_20221209_143805,2614.0,1.0601136e-05
4420,M03,DR_20221209_143805,2615.0,-0.007911419
4421,M03,DR_20221209_143805,2616.0,0.013073998
4422,M03,DR_20221209_143805,2617.0,-4.271845e-05
4423,M03,DR_20221209_143805,2618.0,0.00016104973
4424,M04,DR_20221209_143805,2619.0,-1.9944557e-05
4425,M04,DR_20221209_143805,2620.0,-1.0172041e-05
4426,M04,DR_20221209_143805,2621.0,1.0601136e-05
4427,M04,DR_20221209_143805,2622.0,-1.8156905e-05
4428,M04,DR_20221209_143805,2623.0,0.000100643236
4429,M04,DR_20221209_143805,2624.0,0.00017990805
4430,M04,DR_20221209_143805,2625.0,-6.166125e-05
4431,M04,DR_20221209_143805,2626.0,0.001362793
4432,M04,DR_20221209_143805,2627.0,-2.703247e-05
4433,M05,DR_20221209_143805,2628.0,4.6858764e-05
4434,M05,DR_20221209_143805,2629.0,-1.0172041e-05
4435,M05,DR_20221209_143805,2630.0,-1.8156905e-05
4436,M05,DR_20221209_143805,2631.0,7.142031e-05
4437,M05,DR_20221209_143805,2632.0,1.0601136e-05
4438,M05,DR_20221209_143805,2633.0,-6.166125e-05
4439,M05,DR_20221209_143805,2634.0,-9.0419286e-05
4440,M05,DR_20221209_143805,2635.0,-8.420672e-07
4441,M05,DR_20221209_143805,2636.0,0.42569435
4442,M06,DR_20221209_143805,2637.0,0.0014626161
4443,M06,DR_20221209_143805,2638.0,-1.0172041e-05
4444,M06,DR_20221209_143805,2639.0,0.00010189828
4445,M06,DR_20221209_143805,2640.0,1.0601136e-05
4446,M06,DR_20221209_143805,2641.0,0.00016146245
4447,M06,DR_20221209_143805,2642.0,0.00013408558
4448,M06,DR_20221209_143805,2643.0,1.0333469
4449,M06,DR_20221209_143805,2644.0,0.000100643236
4450,M06,DR_20221209_143805,2645.0,0.9162339
4451,M07,DR_20221209_143805,2646.0,-0.00010059702
4452,M07,DR_20221209_143805,2647.0,0.33805674
4453,M07,DR_20221209_143805,2648.0,0.9993897
4454,M07,DR_20221209_143805,2649.0,0.99482954
4455,M07,DR_20221209_143805,2650.0,0.0038567088
4456,M07,DR_20221209_143805,2651.0,0.0034369272
4457,M07,DR_20221209_143805,2652.0,0.0029164418
4458,M07,DR_20221209_143805,2653.0,-1.3960414e-05
4459,M07,DR_20221209_143805,2654.0,0.9601989
4460,M08,DR_20221209_143805,2655.0,0.9783949
4461,M08,DR_20221209_143805,2656.0,0.9894873
4462,M08,DR_20221209_143805,2657.0,0.81956816
4463,M08,DR_20221209_143805,2658.0,0.9000723
4464,M08,DR_20221209_143805,2659.0,0.9084988
4465,M08,DR_20221209_143805,2660.0,0.27111658
4466,M08,DR_20221209_143805,2661.0,0.88997066
4467,M08,DR_20221209_143805,2662.0,0.9819777
4468,M08,DR_20221209_143805,2663.0,0.9672367
4469,M09,DR_20221209_143805,2664.0,0.27117524
4470,M09,DR_20221209_143805,2665.0,0.27113158
4471,M09,DR_20221209_143805,2666.0,0.956794
4472,M09,DR_20221209_143805,2667.0,0.90750587
4473,M09,DR_20221209_143805,2668.0,0.2711774
4474,M09,DR_20221209_143805,2669.0,0.9894873
4475,M09,DR_20221209_143805,2670.0,0.966473
4476,M09,DR_20221209_143805,2671.0,0.98874664
4477,M09,DR_20221209_143805,2672.0,0.98956186
4478,M10,DR_20221209_143805,2673.0,1.0032879
4479,M10,DR_20221209_143805,2674.0,0.89957327
4480,M10,DR_20221209_143805,2675.0,0.98968846
4481,M10,DR_20221209_143805,2676.0,0.8976466
4482,M10,DR_20221209_143805,2677.0,0.90111625
4483,M10,DR_20221209_143805,2678.0,0.9038038
4484,M10,DR_20221209_143805,2679.0,0.9896753
4485,M10,DR_20221209_143805,2680.0,0.845203
4486,M10,DR_20221209_143805,2681.0,0.97347033
4487,M11,DR_20221209_143805,2682.0,0.27045
4488,M11,DR_20221209_143805,2683.0,0.27117524
4489,M11,DR_20221209_143805,2684.0,0.8734176
4490,M11,DR_20221209_143805,2685.0,1.0004383
4491,M11,DR_20221209_143805,2686.0,0.90077114
4492,M11,DR_20221209_143805,2687.0,0.74109393
4493,M11,DR_20221209_143805,2688.0,0.8844067
4494,M11,DR_20221209_143805,2689.0,1.000359
4495,M11,DR_20221209_143805,2690.0,0.989987
4496,M12,DR_20221209_143805,2691.0,0.2704734
4497,M12,DR_20221209_143805,2692.0,0.27113158
4498,M12,DR_20221209_143805,2693.0,0.990002
4499,M12,DR_20221209_143805,2694.0,0.27113158
4500,M12,DR_20221209_143805,2695.0,0.9088255
4501,M12,DR_20221209_143805,2696.0,0.27113158
4502,M12,DR_20221209_143805,2697.0,0.9894873
4503,M12,DR_20221209_143805,2698.0,0.98942566
4504,M12,DR_20221209_143805,2699.0,1.0052688
4514,N03,DR_20221209_143805,2718.0,-1.0172041e-05
4515,N03,DR_20221209_143805,2719.0,1.0601136e-05
4516,N03,DR_20221209_143805,2720.0,0.16491783
4517,N03,DR_20221209_143805,2721.0,-5.9337137e-05
4518,N03,DR_20221209_143805,2722.0,-6.166125e-05
4519,N03,DR_20221209_143805,2723.0,-1.0172041e-05
4520,N03,DR_20221209_143805,2724.0,-0.0023974087
4521,N03,DR_20221209_143805,2725.0,0.00033420557
4522,N03,DR_20221209_143805,2726.0,0.10522597
4523,N04,DR_20221209_143805,2727.0,0.0009399466
4524,N04,DR_20221209_143805,2728.0,0.00013408558
4525,N04,DR_20221209_143805,2729.0,-0.00014155176
4526,N04,DR_20221209_143805,2730.0,0.0949405
4527,N04,DR_20221209_143805,2731.0,1.0601136e-05
4528,N04,DR_20221209_143805,2732.0,-1.3960414e-05
4529,N04,DR_20221209_143805,2733.0,0.11531192
4530,N04,DR_20221209_143805,2734.0,-5.469305e-05
4531,N04,DR_20221209_143805,2735.0,0.9804815
4532,N05,DR_20221209_143805,2736.0,-0.0015323459
4533,N05,DR_20221209_143805,2737.0,1.0601136e-05
4534,N05,DR_20221209_143805,2738.0,0.3853839
4535,N05,DR_20221209_143805,2739.0,8.7485176e-05
4536,N05,DR_20221209_143805,2740.0,7.142031e-05
4537,N05,DR_20221209_143805,2741.0,-1.0172041e-05
4538,N05,DR_20221209_143805,2742.0,-1.4173167e-05
4539,N05,DR_20221209_143805,2743.0,-1.8156905e-05
4540,N05,DR_20221209_143805,2744.0,0.92412937
4541,N06,DR_20221209_143805,2745.0,0.0009399466
4542,N06,DR_20221209_143805,2746.0,-6.166125e-05
4543,N06,DR_20221209_143805,2747.0,0.115142606
4544,N06,DR_20221209_143805,2748.0,0.2728094
4545,N06,DR_20221209_143805,2749.0,7.142031e-05
4546,N06,DR_20221209_143805,2750.0,-6.166125e-05
4547,N06,DR_20221209_143805,2751.0,0.9856777
4548,N06,DR_20221209_143805,2752.0,0.002998882
4549,N06,DR_20221209_143805,2753.0,0.12533402
4550,N07,DR_20221209_143805,2754.0,0.2701846
4551,N07,DR_20221209_143805,2755.0,0.99714774
4552,N07,DR_20221209_143805,2756.0,0.85602903
4553,N07,DR_20221209_143805,2757.0,1.0002431
4554,N07,DR_20221209_143805,2758.0,0.0030884591
4555,N07,DR_20221209_143805,2759.0,0.0022821648
4556,N07,DR_20221209_143805,2760.0,0.16688205
4557,N07,DR_20221209_143805,2761.0,0.43088186
4558,N07,DR_20221209_143805,2762.0,0.9896753
4559,N08,DR_20221209_143805,2763.0,0.4202646
4560,N08,DR_20221209_143805,2764.0,0.96577823
4561,N08,DR_20221209_143805,2765.0,0.97540116
4562,N08,DR_20221209_143805,2766.0,0.89712524
4563,N08,DR_20221209_143805,2767.0,0.90662956
4564,N08,DR_20221209_143805,2768.0,0.35343423
4565,N08,DR_20221209_143805,2769.0,0.97282416
4566,N08,DR_20221209_143805,2770.0,0.44541794
4567,N08,DR_20221209_143805,2771.0,0.98937386
4568,N09,DR_20221209_143805,2772.0,0.99827385
4569,N09,DR_20221209_143805,2773.0,1.0048476
4570,N09,DR_20221209_143805,2774.0,0.9588571
4571,N09,DR_20221209_143805,2775.0,0.8101585
4572,N09,DR_20221209_143805,2776.0,1.0095932
4573,N09,DR_20221209_143805,2777.0,0.9901319
4574,N09,DR_20221209_143805,2778.0,0.97600204
4575,N09,DR_20221209_143805,2779.0,0.9878429
4576,N09,DR_20221209_143805,2780.0,0.9720978
4577,N10,DR_20221209_143805,2781.0,1.0136683
4578,N10,DR_20221209_143805,2782.0,0.27113158
4579,N10,DR_20221209_143805,2783.0,0.96471924
4580,N10,DR_20221209_143805,2784.0,0.90618455
4581,N10,DR_20221209_143805,2785.0,0.9088255
4582,N10,DR_20221209_143805,2786.0,0.9001159
4583,N10,DR_20221209_143805,2787.0,0.9423432
4584,N10,DR_20221209_143805,2788.0,0.7375722
4585,N10,DR_20221209_143805,2789.0,0.9833276
4586,N11,DR_20221209_143805,2790.0,0.2704734
4587,N11,DR_20221209_143805,2791.0,0.2713388
4588,N11,DR_20221209_143805,2792.0,0.95640427
4589,N11,DR_20221209_143805,2793.0,0.94997835
4590,N11,DR_20221209_143805,2794.0,0.9027568
4591,N11,DR_20221209_143805,2795.0,0.9650669
4592,N11,DR_20221209_143805,2796.0,0.892867
4593,N11,DR_20221209_143805,2797.0,0.90235424
4594,N11,DR_20221209_143805,2798.0,0.90366405
4595,N12,DR_20221209_143805,2799.0,1.0003799
4596,N12,DR_20221209_143805,2800.0,0.27121177
4597,N12,DR_20221209_143805,2801.0,0.98937386
4598,N12,DR_20221209_143805,2802.0,0.88660735
4599,N12,DR_20221209_143805,2803.0,1.0051523
4600,N12,DR_20221209_143805,2804.0,0.99935406
4601,N12,DR_20221209_143805,2805.0,1.0052688
4602,N12,DR_20221209_143805,2806.0,0.9010331
4603,N12,DR_20221209_143805,2807.0,0.98274857
4622,O04,DR_20221209_143805,2835.0,0.052101623
4623,O04,DR_20221209_143805,2836.0,0.0001453758
4624,O04,DR_20221209_143805,2837.0,-0.00017918537
4625,O04,DR_20221209_143805,2838.0,0.10682266
4626,O04,DR_20221209_143805,2839.0,4.0835595e-05
4627,O04,DR_20221209_143805,2840.0,-0.0001382306
4628,O04,DR_20221209_143805,2841.0,0.35526523
4629,O04,DR_20221209_143805,2842.0,0.0003956926
4630,O04,DR_20221209_143805,2843.0,0.8798615
4631,O05,DR_20221209_143805,2844.0,0.8436637
4632,O05,DR_20221209_143805,2845.0,-6.166125e-05
4633,O05,DR_20221209_143805,2846.0,0.00010189828
4634,O05,DR_20221209_143805,2847.0,0.00010189828
4635,O05,DR_20221209_143805,2848.0,-6.166125e-05
4636,O05,DR_20221209_143805,2849.0,1.0601136e-05
4637,O05,DR_20221209_143805,2850.0,0.94727385
4638,O05,DR_20221209_143805,2851.0,0.15886089
4639,O05,DR_20221209_143805,2852.0,0.15804659
4640,O06,DR_20221209_143805,2853.0,-0.0008985314
4641,O06,DR_20221209_143805,2854.0,1.0601136e-05
4642,O06,DR_20221209_143805,2855.0,0.00013408558
4643,O06,DR_20221209_143805,2856.0,0.00033670003
4644,O06,DR_20221209_143805,2857.0,1.0601136e-05
4645,O06,DR_20221209_143805,2858.0,-1.0172041e-05
4646,O06,DR_20221209_143805,2859.0,0.00012716012
4647,O06,DR_20221209_143805,2860.0,0.9673678
4648,O06,DR_20221209_143805,2861.0,-0.0114480015
4649,O07,DR_20221209_143805,2862.0,0.003104524
4650,O07,DR_20221209_143805,2863.0,0.9063532
4651,O07,DR_20221209_143805,2864.0,1.0038575
4652,O07,DR_20221209_143805,2865.0,0.9619841
4653,O07,DR_20221209_143805,2866.0,7.142031e-05
4654,O07,DR_20221209_143805,2867.0,0.40432143
4655,O07,DR_20221209_143805,2868.0,0.98939973
4656,O07,DR_20221209_143805,2869.0,0.80061865
4657,O07,DR_20221209_143805,2870.0,1.0007991
4658,O08,DR_20221209_143805,2871.0,0.43131965
4659,O08,DR_20221209_143805,2872.0,0.98948556
4660,O08,DR_20221209_143805,2873.0,0.8237995
4661,O08,DR_20221209_143805,2874.0,0.98802274
4662,O08,DR_20221209_143805,2875.0,0.2711774
4663,O08,DR_20221209_143805,2876.0,0.9894873
4664,O08,DR_20221209_143805,2877.0,0.86677915
4665,O08,DR_20221209_143805,2878.0,0.9806581
4666,O08,DR_20221209_143805,2879.0,0.7382117
4667,O09,DR_20221209_143805,2880.0,0.9894873
4668,O09,DR_20221209_143805,2881.0,0.8962856
4669,O09,DR_20221209_143805,2882.0,0.8162464
4670,O09,DR_20221209_143805,2883.0,0.9803341
4671,O09,DR_20221209_143805,2884.0,0.9025465
4672,O09,DR_20221209_143805,2885.0,0.9675969
4673,O09,DR_20221209_143805,2886.0,0.99717945
4674,O09,DR_20221209_143805,2887.0,0.9831295
4675,O09,DR_20221209_143805,2888.0,0.8845545
4676,O12,DR_20221209_143805,2907.0,0.98912144
4677,O12,DR_20221209_143805,2908.0,0.9927769
4678,O12,DR_20221209_143805,2909.0,0.9895933
4679,O12,DR_20221209_143805,2910.0,0.8912449
4680,O12,DR_20221209_143805,2911.0,0.9129395
4681,O12,DR_20221209_143805,2912.0,0.90799224
4682,O12,DR_20221209_143805,2913.0,0.96699125
4683,O12,DR_20221209_143805,2914.0,0.9670419
4684,O12,DR_20221209_143805,2915.0,0.9000723
