,Image_Metadata_WellID,Image_Metadata_PlateID,ImageNumber,score
1941,A03,DR_20221209_143805,19.0,1.0425779
1942,A03,DR_20221209_143805,20.0,0.9826712
1943,A03,DR_20221209_143805,21.0,1.0276221
1944,A03,DR_20221209_143805,22.0,0.98425347
1945,A03,DR_20221209_143805,23.0,0.8895895
1946,A03,DR_20221209_143805,24.0,0.9214717
1947,A03,DR_20221209_143805,25.0,1.0715284
1948,A03,DR_20221209_143805,26.0,1.0795003
1949,A03,DR_20221209_143805,27.0,0.9977615
1950,A04,DR_20221209_143805,28.0,1.0086657
1951,A04,DR_20221209_143805,29.0,1.008757
1952,A04,DR_20221209_143805,30.0,0.9832345
1953,A04,DR_20221209_143805,31.0,0.9453558
1954,A04,DR_20221209_143805,32.0,0.929363
1955,A04,DR_20221209_143805,33.0,0.9787243
1956,A04,DR_20221209_143805,34.0,1.0034401
1957,A04,DR_20221209_143805,35.0,1.0023729
1958,A04,DR_20221209_143805,36.0,1.0052938
1959,A05,DR_20221209_143805,37.0,1.0063294
1960,A05,DR_20221209_143805,38.0,0.983409
1961,A05,DR_20221209_143805,39.0,1.0307592
1962,A05,DR_20221209_143805,40.0,0.9723896
1963,A05,DR_20221209_143805,41.0,1.0161333
1964,A05,DR_20221209_143805,42.0,1.0178598
1965,A05,DR_20221209_143805,43.0,1.000773
1966,A05,DR_20221209_143805,44.0,0.99630606
1967,A05,DR_20221209_143805,45.0,0.9798776
1968,A06,DR_20221209_143805,46.0,1.0071139
1969,A06,DR_20221209_143805,47.0,1.0016091
1970,A06,DR_20221209_143805,48.0,0.94786537
1971,A06,DR_20221209_143805,49.0,0.9902585
1972,A06,DR_20221209_143805,50.0,0.96783715
1973,A06,DR_20221209_143805,51.0,1.007292
1974,A06,DR_20221209_143805,52.0,0.97585726
1975,A06,DR_20221209_143805,53.0,0.98778385
1976,A06,DR_20221209_143805,54.0,0.8352117
1977,A07,DR_20221209_143805,55.0,1.0022751
1978,A07,DR_20221209_143805,56.0,0.9991823
1979,A07,DR_20221209_143805,57.0,0.9953158
1980,A07,DR_20221209_143805,58.0,1.0062964
1981,A07,DR_20221209_143805,59.0,0.9990805
1982,A07,DR_20221209_143805,60.0,1.0068946
1983,A07,DR_20221209_143805,61.0,1.0034711
1984,A07,DR_20221209_143805,62.0,0.9977018
1985,A07,DR_20221209_143805,63.0,1.0031096
1986,A08,DR_20221209_143805,64.0,1.0277847
1987,A08,DR_20221209_143805,65.0,1.0064913
1988,A08,DR_20221209_143805,66.0,0.98561627
1989,A08,DR_20221209_143805,67.0,0.9973293
1990,A08,DR_20221209_143805,68.0,1.0016037
1991,A08,DR_20221209_143805,69.0,1.0002797
1992,A08,DR_20221209_143805,70.0,0.898093
1993,A08,DR_20221209_143805,71.0,1.0014167
1994,A08,DR_20221209_143805,72.0,0.9987103
1995,A09,DR_20221209_143805,73.0,1.0022228
1996,A09,DR_20221209_143805,74.0,1.0063012
1997,A09,DR_20221209_143805,75.0,1.0021855
1998,A09,DR_20221209_143805,76.0,1.0317564
1999,A09,DR_20221209_143805,77.0,0.8213821
2000,A09,DR_20221209_143805,78.0,0.97620696
2001,A09,DR_20221209_143805,79.0,0.97919106
2002,A09,DR_20221209_143805,80.0,0.9844206
2003,A09,DR_20221209_143805,81.0,1.0041764
2004,A10,DR_20221209_143805,82.0,0.9973954
2005,A10,DR_20221209_143805,83.0,0.8961741
2006,A10,DR_20221209_143805,84.0,0.6606614
2007,A10,DR_20221209_143805,85.0,0.87858355
2008,A10,DR_20221209_143805,86.0,0.784524
2009,A10,DR_20221209_143805,87.0,0.99712664
2010,A10,DR_20221209_143805,88.0,1.0075415
2011,A10,DR_20221209_143805,89.0,1.004457
2012,A10,DR_20221209_143805,90.0,1.0000654
2013,A11,DR_20221209_143805,91.0,0.9968013
2014,A11,DR_20221209_143805,92.0,0.9073765
2015,A11,DR_20221209_143805,93.0,1.0044376
2016,A11,DR_20221209_143805,94.0,1.0046616
2017,A11,DR_20221209_143805,95.0,0.99806476
2018,A11,DR_20221209_143805,96.0,1.0031798
2019,A11,DR_20221209_143805,97.0,0.7009108
2020,A11,DR_20221209_143805,98.0,0.99081695
2021,A11,DR_20221209_143805,99.0,1.0013641
2022,A12,DR_20221209_143805,100.0,1.009124
2023,A12,DR_20221209_143805,101.0,1.0037202
2024,A12,DR_20221209_143805,102.0,0.99678123
2025,A12,DR_20221209_143805,103.0,0.8868652
2026,A12,DR_20221209_143805,104.0,0.9922199
2027,A12,DR_20221209_143805,105.0,0.998611
2028,A12,DR_20221209_143805,106.0,0.8132714
2029,A12,DR_20221209_143805,107.0,1.0137784
2030,A12,DR_20221209_143805,108.0,0.9940082
2031,A13,DR_20221209_143805,109.0,0.9979678
2032,A13,DR_20221209_143805,110.0,1.0015911
2033,A13,DR_20221209_143805,111.0,1.0092961
2034,A13,DR_20221209_143805,112.0,1.0102284
2035,A13,DR_20221209_143805,113.0,1.0186121
2036,A13,DR_20221209_143805,114.0,1.0046393
2037,A13,DR_20221209_143805,115.0,1.0013895
2038,A13,DR_20221209_143805,116.0,1.0103747
2039,A13,DR_20221209_143805,117.0,0.9913346
2040,A14,DR_20221209_143805,118.0,1.0012114
2041,A14,DR_20221209_143805,119.0,0.8805053
2042,A14,DR_20221209_143805,120.0,0.9934632
2043,A14,DR_20221209_143805,121.0,0.99887824
2044,A14,DR_20221209_143805,122.0,0.9009601
2045,A14,DR_20221209_143805,123.0,0.9947339
2046,A14,DR_20221209_143805,124.0,1.0101961
2047,A14,DR_20221209_143805,125.0,0.85905975
2048,A14,DR_20221209_143805,126.0,0.998218
2049,A15,DR_20221209_143805,127.0,1.0009624
2050,A15,DR_20221209_143805,128.0,1.0088341
2051,A15,DR_20221209_143805,129.0,1.0053865
2052,A15,DR_20221209_143805,130.0,1.0045519
2053,A15,DR_20221209_143805,131.0,1.0055058
2054,A15,DR_20221209_143805,132.0,1.0031172
2055,A15,DR_20221209_143805,133.0,0.9897878
2056,A15,DR_20221209_143805,134.0,1.0133399
2057,A15,DR_20221209_143805,135.0,1.0101593
2058,A16,DR_20221209_143805,136.0,1.016638
2059,A16,DR_20221209_143805,137.0,0.8592098
2060,A16,DR_20221209_143805,138.0,1.0035558
2061,A16,DR_20221209_143805,139.0,1.0079745
2062,A16,DR_20221209_143805,140.0,0.9993902
2063,A16,DR_20221209_143805,141.0,1.0061601
2064,A16,DR_20221209_143805,142.0,0.98221153
2065,A16,DR_20221209_143805,143.0,0.997065
2066,A16,DR_20221209_143805,144.0,0.99297404
2067,A17,DR_20221209_143805,145.0,0.9866555
2068,A17,DR_20221209_143805,146.0,1.0022621
2069,A17,DR_20221209_143805,147.0,1.0058306
2070,A17,DR_20221209_143805,148.0,1.002542
2071,A17,DR_20221209_143805,149.0,1.031487
2072,A17,DR_20221209_143805,150.0,1.007295
2073,A17,DR_20221209_143805,151.0,0.9974883
2074,A17,DR_20221209_143805,152.0,0.7236803
2075,A17,DR_20221209_143805,153.0,0.998324
2076,A18,DR_20221209_143805,154.0,1.0039197
2077,A18,DR_20221209_143805,155.0,1.0296623
2078,A18,DR_20221209_143805,156.0,0.9848718
2079,A18,DR_20221209_143805,157.0,1.0100452
2080,A18,DR_20221209_143805,158.0,1.0182363
2081,A18,DR_20221209_143805,159.0,0.94546884
2082,A18,DR_20221209_143805,160.0,0.9895773
2083,A18,DR_20221209_143805,161.0,1.0028584
2084,A18,DR_20221209_143805,162.0,1.006775
2085,A19,DR_20221209_143805,163.0,1.0003155
2086,A19,DR_20221209_143805,164.0,0.8361367
2087,A19,DR_20221209_143805,165.0,0.94685596
2088,A19,DR_20221209_143805,166.0,1.0015335
2089,A19,DR_20221209_143805,167.0,0.83830786
2090,A19,DR_20221209_143805,168.0,1.0007118
2091,A19,DR_20221209_143805,169.0,0.99383426
2092,A19,DR_20221209_143805,170.0,1.0057812
2093,A19,DR_20221209_143805,171.0,1.0188023
2094,A20,DR_20221209_143805,172.0,1.0034682
2095,A20,DR_20221209_143805,173.0,0.9795772
2096,A20,DR_20221209_143805,174.0,1.0164446
2097,A20,DR_20221209_143805,175.0,1.0020076
2098,A20,DR_20221209_143805,176.0,1.0075449
2099,A20,DR_20221209_143805,177.0,1.0072358
2100,A20,DR_20221209_143805,178.0,0.9948747
2101,A20,DR_20221209_143805,179.0,0.996031
2102,A20,DR_20221209_143805,180.0,0.998868
2103,A21,DR_20221209_143805,181.0,1.0003362
2104,A21,DR_20221209_143805,182.0,0.94995016
2105,A21,DR_20221209_143805,183.0,0.6313276
2106,A21,DR_20221209_143805,184.0,1.0061983
2107,A21,DR_20221209_143805,185.0,1.0322847
2108,A21,DR_20221209_143805,186.0,1.0122913
2109,A21,DR_20221209_143805,187.0,1.0059702
2110,A21,DR_20221209_143805,188.0,1.0105101
2111,A21,DR_20221209_143805,189.0,0.99528295
2112,A22,DR_20221209_143805,190.0,1.0053761
2113,A22,DR_20221209_143805,191.0,1.0039568
2114,A22,DR_20221209_143805,192.0,0.9947872
2115,A22,DR_20221209_143805,193.0,0.9034128
2116,A22,DR_20221209_143805,194.0,1.0004853
2117,A22,DR_20221209_143805,195.0,1.0012149
2118,A22,DR_20221209_143805,196.0,1.0097216
2119,A22,DR_20221209_143805,197.0,1.0019203
2120,A22,DR_20221209_143805,198.0,0.99853295
2157,B03,DR_20221209_143805,235.0,1.0413402
2158,B03,DR_20221209_143805,236.0,0.9900033
2159,B03,DR_20221209_143805,237.0,1.0082792
2160,B03,DR_20221209_143805,238.0,0.99387836
2161,B03,DR_20221209_143805,239.0,0.89497894
2162,B03,DR_20221209_143805,240.0,1.0119848
2163,B03,DR_20221209_143805,241.0,0.9793956
2164,B03,DR_20221209_143805,242.0,1.0730655
2165,B03,DR_20221209_143805,243.0,1.0036672
2166,B04,DR_20221209_143805,244.0,0.7087223
2167,B04,DR_20221209_143805,245.0,0.99488765
2168,B04,DR_20221209_143805,246.0,1.0253688
2169,B04,DR_20221209_143805,247.0,1.0519581
2170,B04,DR_20221209_143805,248.0,1.0081005
2171,B04,DR_20221209_143805,249.0,0.31574687
2172,B04,DR_20221209_143805,250.0,0.37494323
2173,B04,DR_20221209_143805,251.0,1.0150998
2174,B04,DR_20221209_143805,252.0,1.0801867
2175,B05,DR_20221209_143805,253.0,0.9898781
2176,B05,DR_20221209_143805,254.0,1.0044873
2177,B05,DR_20221209_143805,255.0,0.9969444
2178,B05,DR_20221209_143805,256.0,1.0088527
2179,B05,DR_20221209_143805,257.0,0.9738351
2180,B05,DR_20221209_143805,258.0,0.9998788
2181,B05,DR_20221209_143805,259.0,1.0141182
2182,B05,DR_20221209_143805,260.0,0.995524
2183,B05,DR_20221209_143805,261.0,0.98504996
2184,B06,DR_20221209_143805,262.0,1.0003594
2185,B06,DR_20221209_143805,263.0,0.96577144
2186,B06,DR_20221209_143805,264.0,0.9964352
2187,B06,DR_20221209_143805,265.0,0.96149224
2188,B06,DR_20221209_143805,266.0,0.9976528
2189,B06,DR_20221209_143805,267.0,1.0001903
2190,B06,DR_20221209_143805,268.0,0.9655434
2191,B06,DR_20221209_143805,269.0,0.9793608
2192,B06,DR_20221209_143805,270.0,1.0092274
2193,B07,DR_20221209_143805,271.0,0.99616164
2194,B07,DR_20221209_143805,272.0,0.9978297
2195,B07,DR_20221209_143805,273.0,0.9736732
2196,B07,DR_20221209_143805,274.0,0.98008734
2197,B07,DR_20221209_143805,275.0,0.96329325
2198,B07,DR_20221209_143805,276.0,1.006553
2199,B07,DR_20221209_143805,277.0,0.9989552
2200,B07,DR_20221209_143805,278.0,1.0087045
2201,B07,DR_20221209_143805,279.0,1.015923
2202,B08,DR_20221209_143805,280.0,1.0078142
2203,B08,DR_20221209_143805,281.0,1.0075246
2204,B08,DR_20221209_143805,282.0,0.99254274
2205,B08,DR_20221209_143805,283.0,1.0149966
2206,B08,DR_20221209_143805,284.0,0.9886636
2207,B08,DR_20221209_143805,285.0,0.99237716
2208,B08,DR_20221209_143805,286.0,1.0056815
2209,B08,DR_20221209_143805,287.0,0.990556
2210,B08,DR_20221209_143805,288.0,0.99333024
2211,B09,DR_20221209_143805,289.0,0.99939
2212,B09,DR_20221209_143805,290.0,1.0118711
2213,B09,DR_20221209_143805,291.0,1.004227
2214,B09,DR_20221209_143805,292.0,1.0146878
2215,B09,DR_20221209_143805,293.0,1.0019662
2216,B09,DR_20221209_143805,294.0,0.9931371
2217,B09,DR_20221209_143805,295.0,0.96870714
2218,B09,DR_20221209_143805,296.0,1.0202496
2219,B09,DR_20221209_143805,297.0,0.94235563
2220,B10,DR_20221209_143805,298.0,0.9953247
2221,B10,DR_20221209_143805,299.0,1.0055476
2222,B10,DR_20221209_143805,300.0,0.67233604
2223,B10,DR_20221209_143805,301.0,0.736188
2224,B10,DR_20221209_143805,302.0,0.6337106
2225,B10,DR_20221209_143805,303.0,0.5814868
2226,B10,DR_20221209_143805,304.0,0.9976977
2227,B10,DR_20221209_143805,305.0,0.5545726
2228,B10,DR_20221209_143805,306.0,0.6965638
2229,B11,DR_20221209_143805,307.0,1.0029808
2230,B11,DR_20221209_143805,308.0,1.0108505
2231,B11,DR_20221209_143805,309.0,0.99351114
2232,B11,DR_20221209_143805,310.0,0.99064815
2233,B11,DR_20221209_143805,311.0,0.80504686
2234,B11,DR_20221209_143805,312.0,1.0010914
2235,B11,DR_20221209_143805,313.0,1.0057628
2236,B11,DR_20221209_143805,314.0,1.0142932
2237,B11,DR_20221209_143805,315.0,0.9992431
2238,B12,DR_20221209_143805,316.0,1.009247
2239,B12,DR_20221209_143805,317.0,0.81268024
2240,B12,DR_20221209_143805,318.0,1.0062156
2241,B12,DR_20221209_143805,319.0,0.9926714
2242,B12,DR_20221209_143805,320.0,0.99312216
2243,B12,DR_20221209_143805,321.0,0.9936663
2244,B12,DR_20221209_143805,322.0,0.99735606
2245,B12,DR_20221209_143805,323.0,1.0322816
2246,B12,DR_20221209_143805,324.0,1.0032802
2247,B13,DR_20221209_143805,325.0,0.99119395
2248,B13,DR_20221209_143805,326.0,1.0023346
2249,B13,DR_20221209_143805,327.0,1.0003812
2250,B13,DR_20221209_143805,328.0,0.99614596
2251,B13,DR_20221209_143805,329.0,0.9815416
2252,B13,DR_20221209_143805,330.0,0.9931832
2253,B13,DR_20221209_143805,331.0,1.0026712
2254,B13,DR_20221209_143805,332.0,0.9995915
2255,B13,DR_20221209_143805,333.0,1.0181978
2256,B14,DR_20221209_143805,334.0,1.0112673
2257,B14,DR_20221209_143805,335.0,0.9459663
2258,B14,DR_20221209_143805,336.0,0.99019754
2259,B14,DR_20221209_143805,337.0,1.0537223
2260,B14,DR_20221209_143805,338.0,0.75165844
2261,B14,DR_20221209_143805,339.0,0.9943705
2262,B14,DR_20221209_143805,340.0,1.0067824
2263,B14,DR_20221209_143805,341.0,0.92946315
2264,B14,DR_20221209_143805,342.0,0.900343
2265,B15,DR_20221209_143805,343.0,0.99605805
2266,B15,DR_20221209_143805,344.0,1.0031364
2267,B15,DR_20221209_143805,345.0,1.0062801
2268,B15,DR_20221209_143805,346.0,1.0022837
2269,B15,DR_20221209_143805,347.0,1.0261343
2270,B15,DR_20221209_143805,348.0,1.0023413
2271,B15,DR_20221209_143805,349.0,1.0133001
2272,B15,DR_20221209_143805,350.0,1.0007001
2273,B15,DR_20221209_143805,351.0,0.98520947
2274,B16,DR_20221209_143805,352.0,0.993354
2275,B16,DR_20221209_143805,353.0,0.89847994
2276,B16,DR_20221209_143805,354.0,0.99865776
2277,B16,DR_20221209_143805,355.0,1.017692
2278,B16,DR_20221209_143805,356.0,0.990864
2279,B16,DR_20221209_143805,357.0,0.97124934
2280,B16,DR_20221209_143805,358.0,1.0463731
2281,B16,DR_20221209_143805,359.0,0.9774878
2282,B16,DR_20221209_143805,360.0,0.6829523
2283,B17,DR_20221209_143805,361.0,0.988741
2284,B17,DR_20221209_143805,362.0,1.0187978
2285,B17,DR_20221209_143805,363.0,0.1542247
2286,B17,DR_20221209_143805,364.0,0.9953789
2287,B17,DR_20221209_143805,365.0,0.9329136
2288,B17,DR_20221209_143805,366.0,0.99525595
2289,B17,DR_20221209_143805,367.0,1.0053298
2290,B17,DR_20221209_143805,368.0,1.001598
2291,B17,DR_20221209_143805,369.0,1.0272255
2292,B18,DR_20221209_143805,370.0,1.0013139
2293,B18,DR_20221209_143805,371.0,0.98473334
2294,B18,DR_20221209_143805,372.0,1.0048654
2295,B18,DR_20221209_143805,373.0,0.9966637
2296,B18,DR_20221209_143805,374.0,0.6976009
2297,B18,DR_20221209_143805,375.0,1.0002133
2298,B18,DR_20221209_143805,376.0,0.99198514
2299,B18,DR_20221209_143805,377.0,0.6786464
2300,B18,DR_20221209_143805,378.0,1.0056572
2301,B19,DR_20221209_143805,379.0,1.0063553
2302,B19,DR_20221209_143805,380.0,1.0020866
2303,B19,DR_20221209_143805,381.0,1.011502
2304,B19,DR_20221209_143805,382.0,0.8372976
2305,B19,DR_20221209_143805,383.0,0.59173995
2306,B19,DR_20221209_143805,384.0,1.0029403
2307,B19,DR_20221209_143805,385.0,0.993327
2308,B19,DR_20221209_143805,386.0,0.91716343
2309,B19,DR_20221209_143805,387.0,0.8616495
2310,B20,DR_20221209_143805,388.0,0.9922518
2311,B20,DR_20221209_143805,389.0,1.0109589
2312,B20,DR_20221209_143805,390.0,1.0105156
2313,B20,DR_20221209_143805,391.0,0.89667857
2314,B20,DR_20221209_143805,392.0,1.0086342
2315,B20,DR_20221209_143805,393.0,1.0185126
2316,B20,DR_20221209_143805,394.0,1.004147
2317,B20,DR_20221209_143805,395.0,0.6804257
2318,B20,DR_20221209_143805,396.0,0.99895036
2319,B21,DR_20221209_143805,397.0,1.0019606
2320,B21,DR_20221209_143805,398.0,0.9722745
2321,B21,DR_20221209_143805,399.0,0.99931294
2322,B21,DR_20221209_143805,400.0,0.9981246
2323,B21,DR_20221209_143805,401.0,0.9902384
2324,B21,DR_20221209_143805,402.0,0.9889118
2325,B21,DR_20221209_143805,403.0,0.95942825
2326,B21,DR_20221209_143805,404.0,1.005293
2327,B21,DR_20221209_143805,405.0,0.99075365
2328,B22,DR_20221209_143805,406.0,0.9996639
2329,B22,DR_20221209_143805,407.0,0.988002
2330,B22,DR_20221209_143805,408.0,1.005895
2331,B22,DR_20221209_143805,409.0,0.99381334
2332,B22,DR_20221209_143805,410.0,0.9957023
2333,B22,DR_20221209_143805,411.0,1.0027219
2334,B22,DR_20221209_143805,412.0,0.679037
2335,B22,DR_20221209_143805,413.0,0.85007966
2336,B22,DR_20221209_143805,414.0,0.9882389
2373,C03,DR_20221209_143805,451.0,1.0015175
2374,C03,DR_20221209_143805,452.0,0.87437934
2375,C03,DR_20221209_143805,453.0,0.990762
2376,C03,DR_20221209_143805,454.0,1.0187067
2377,C03,DR_20221209_143805,455.0,1.0463109
2378,C03,DR_20221209_143805,456.0,0.8508973
2379,C03,DR_20221209_143805,457.0,0.9071454
2380,C03,DR_20221209_143805,458.0,1.0061575
2381,C03,DR_20221209_143805,459.0,0.9029096
2382,C04,DR_20221209_143805,460.0,0.9170311
2383,C04,DR_20221209_143805,461.0,0.8414695
2384,C04,DR_20221209_143805,462.0,1.0400947
2385,C04,DR_20221209_143805,463.0,1.0874215
2386,C04,DR_20221209_143805,464.0,0.7511091
2387,C04,DR_20221209_143805,465.0,1.0848305
2388,C04,DR_20221209_143805,466.0,0.933078
2389,C04,DR_20221209_143805,467.0,1.0562142
2390,C04,DR_20221209_143805,468.0,1.1054885
2391,C05,DR_20221209_143805,469.0,0.8319055
2392,C05,DR_20221209_143805,470.0,1.0501351
2393,C05,DR_20221209_143805,471.0,0.9141339
2394,C05,DR_20221209_143805,472.0,1.0410619
2395,C05,DR_20221209_143805,473.0,0.78194004
2396,C05,DR_20221209_143805,474.0,0.8603276
2397,C05,DR_20221209_143805,475.0,0.9691026
2398,C05,DR_20221209_143805,476.0,0.8800937
2399,C05,DR_20221209_143805,477.0,1.0428623
2400,C06,DR_20221209_143805,478.0,1.0090672
2401,C06,DR_20221209_143805,479.0,1.0026978
2402,C06,DR_20221209_143805,480.0,0.9726972
2403,C06,DR_20221209_143805,481.0,0.9857699
2404,C06,DR_20221209_143805,482.0,1.0075152
2405,C06,DR_20221209_143805,483.0,1.0081116
2406,C06,DR_20221209_143805,484.0,1.0040077
2407,C06,DR_20221209_143805,485.0,0.9977827
2408,C06,DR_20221209_143805,486.0,0.9988009
2409,C07,DR_20221209_143805,487.0,0.9898091
2410,C07,DR_20221209_143805,488.0,0.95174
2411,C07,DR_20221209_143805,489.0,1.000943
2412,C07,DR_20221209_143805,490.0,0.98329586
2413,C07,DR_20221209_143805,491.0,0.9983353
2414,C07,DR_20221209_143805,492.0,1.0068475
2415,C07,DR_20221209_143805,493.0,0.9837429
2416,C07,DR_20221209_143805,494.0,1.0090755
2417,C07,DR_20221209_143805,495.0,0.9858704
2418,C08,DR_20221209_143805,496.0,0.9691905
2419,C08,DR_20221209_143805,497.0,0.9305261
2420,C08,DR_20221209_143805,498.0,0.974636
2421,C08,DR_20221209_143805,499.0,0.9835211
2422,C08,DR_20221209_143805,500.0,0.74114925
2423,C08,DR_20221209_143805,501.0,0.99814504
2424,C08,DR_20221209_143805,502.0,0.9997766
2425,C08,DR_20221209_143805,503.0,0.99724764
2426,C08,DR_20221209_143805,504.0,1.0168715
2427,C09,DR_20221209_143805,505.0,0.97032565
2428,C09,DR_20221209_143805,506.0,1.0001801
2429,C09,DR_20221209_143805,507.0,1.0064967
2430,C09,DR_20221209_143805,508.0,1.0108579
2431,C09,DR_20221209_143805,509.0,0.739287
2432,C09,DR_20221209_143805,510.0,0.995195
2433,C09,DR_20221209_143805,511.0,1.0115675
2434,C09,DR_20221209_143805,512.0,1.0009085
2435,C09,DR_20221209_143805,513.0,0.99914396
2436,C10,DR_20221209_143805,514.0,1.0291419
2437,C10,DR_20221209_143805,515.0,0.9933664
2438,C10,DR_20221209_143805,516.0,0.97144157
2439,C10,DR_20221209_143805,517.0,0.97120214
2440,C10,DR_20221209_143805,518.0,0.99235785
2441,C10,DR_20221209_143805,519.0,1.0011253
2442,C10,DR_20221209_143805,520.0,0.985193
2443,C10,DR_20221209_143805,521.0,0.9922829
2444,C10,DR_20221209_143805,522.0,0.95643467
2445,C11,DR_20221209_143805,523.0,1.0014806
2446,C11,DR_20221209_143805,524.0,1.0104738
2447,C11,DR_20221209_143805,525.0,1.0015396
2448,C11,DR_20221209_143805,526.0,0.9485614
2449,C11,DR_20221209_143805,527.0,0.99783254
2450,C11,DR_20221209_143805,528.0,1.0029258
2451,C11,DR_20221209_143805,529.0,1.011505
2452,C11,DR_20221209_143805,530.0,0.64352113
2453,C11,DR_20221209_143805,531.0,1.0114471
2454,C12,DR_20221209_143805,532.0,0.99873847
2455,C12,DR_20221209_143805,533.0,1.0014355
2456,C12,DR_20221209_143805,534.0,0.9394978
2457,C12,DR_20221209_143805,535.0,1.0144478
2458,C12,DR_20221209_143805,536.0,0.9529861
2459,C12,DR_20221209_143805,537.0,0.99577075
2460,C12,DR_20221209_143805,538.0,0.9989815
2461,C12,DR_20221209_143805,539.0,0.99882275
2462,C12,DR_20221209_143805,540.0,0.981928
2463,C13,DR_20221209_143805,541.0,1.0010492
2464,C13,DR_20221209_143805,542.0,1.0019614
2465,C13,DR_20221209_143805,543.0,1.0035868
2466,C13,DR_20221209_143805,544.0,0.9990575
2467,C13,DR_20221209_143805,545.0,0.9756063
2468,C13,DR_20221209_143805,546.0,0.99965996
2469,C13,DR_20221209_143805,547.0,1.0045055
2470,C13,DR_20221209_143805,548.0,0.9852371
2471,C13,DR_20221209_143805,549.0,0.995779
2472,C14,DR_20221209_143805,550.0,0.70960605
2473,C14,DR_20221209_143805,551.0,0.9955
2474,C14,DR_20221209_143805,552.0,0.97018546
2475,C14,DR_20221209_143805,553.0,1.0050087
2476,C14,DR_20221209_143805,554.0,0.9871494
2477,C14,DR_20221209_143805,555.0,1.0005388
2478,C14,DR_20221209_143805,556.0,1.0007046
2479,C14,DR_20221209_143805,557.0,0.65113354
2480,C14,DR_20221209_143805,558.0,1.0065442
2481,C15,DR_20221209_143805,559.0,1.0003918
2482,C15,DR_20221209_143805,560.0,0.9993473
2483,C15,DR_20221209_143805,561.0,0.9986976
2484,C15,DR_20221209_143805,562.0,0.9697632
2485,C15,DR_20221209_143805,563.0,0.6912245
2486,C15,DR_20221209_143805,564.0,0.96321666
2487,C15,DR_20221209_143805,565.0,0.9942536
2488,C15,DR_20221209_143805,566.0,0.8118274
2489,C15,DR_20221209_143805,567.0,0.98790514
2490,C16,DR_20221209_143805,568.0,0.9996738
2491,C16,DR_20221209_143805,569.0,0.9870383
2492,C16,DR_20221209_143805,570.0,0.9876299
2493,C16,DR_20221209_143805,571.0,1.0107592
2494,C16,DR_20221209_143805,572.0,1.0150236
2495,C16,DR_20221209_143805,573.0,0.9315862
2496,C16,DR_20221209_143805,574.0,1.0021956
2497,C16,DR_20221209_143805,575.0,0.998512
2498,C16,DR_20221209_143805,576.0,0.9630926
2499,C17,DR_20221209_143805,577.0,0.99363655
2500,C17,DR_20221209_143805,578.0,1.0106335
2501,C17,DR_20221209_143805,579.0,0.99912125
2502,C17,DR_20221209_143805,580.0,0.825913
2503,C17,DR_20221209_143805,581.0,0.9861148
2504,C17,DR_20221209_143805,582.0,1.0033325
2505,C17,DR_20221209_143805,583.0,1.0033789
2506,C17,DR_20221209_143805,584.0,1.0033743
2507,C17,DR_20221209_143805,585.0,1.0190723
2508,C18,DR_20221209_143805,586.0,0.9739208
2509,C18,DR_20221209_143805,587.0,0.88781697
2510,C18,DR_20221209_143805,588.0,0.7851033
2511,C18,DR_20221209_143805,589.0,1.0112159
2512,C18,DR_20221209_143805,590.0,1.0016928
2513,C18,DR_20221209_143805,591.0,0.9965437
2514,C18,DR_20221209_143805,592.0,0.9963438
2515,C18,DR_20221209_143805,593.0,1.0019041
2516,C18,DR_20221209_143805,594.0,0.9839723
2517,C19,DR_20221209_143805,595.0,0.9948042
2518,C19,DR_20221209_143805,596.0,0.99145645
2519,C19,DR_20221209_143805,597.0,0.9994633
2520,C19,DR_20221209_143805,598.0,0.8887177
2521,C19,DR_20221209_143805,599.0,0.7893524
2522,C19,DR_20221209_143805,600.0,0.98019207
2523,C19,DR_20221209_143805,601.0,0.997187
2524,C19,DR_20221209_143805,602.0,0.99831516
2525,C19,DR_20221209_143805,603.0,1.0026846
2526,C20,DR_20221209_143805,604.0,0.9954741
2527,C20,DR_20221209_143805,605.0,0.9790885
2528,C20,DR_20221209_143805,606.0,0.9619456
2529,C20,DR_20221209_143805,607.0,1.0031791
2530,C20,DR_20221209_143805,608.0,0.9798046
2531,C20,DR_20221209_143805,609.0,1.0072492
2532,C20,DR_20221209_143805,610.0,0.9978096
2533,C20,DR_20221209_143805,611.0,1.0022027
2534,C20,DR_20221209_143805,612.0,1.0083477
2535,C21,DR_20221209_143805,613.0,1.0058045
2536,C21,DR_20221209_143805,614.0,0.99368775
2537,C21,DR_20221209_143805,615.0,0.9990768
2538,C21,DR_20221209_143805,616.0,0.9994755
2539,C21,DR_20221209_143805,617.0,1.009731
2540,C21,DR_20221209_143805,618.0,1.0122889
2541,C21,DR_20221209_143805,619.0,0.98218226
2542,C21,DR_20221209_143805,620.0,1.0086714
2543,C21,DR_20221209_143805,621.0,1.0042782
2544,C22,DR_20221209_143805,622.0,1.0095012
2545,C22,DR_20221209_143805,623.0,1.0067036
2546,C22,DR_20221209_143805,624.0,1.0041674
2547,C22,DR_20221209_143805,625.0,1.0021497
2548,C22,DR_20221209_143805,626.0,0.9562586
2549,C22,DR_20221209_143805,627.0,0.99708486
2550,C22,DR_20221209_143805,628.0,0.9388457
2551,C22,DR_20221209_143805,629.0,1.0131887
2552,C22,DR_20221209_143805,630.0,0.82601315
2589,D03,DR_20221209_143805,667.0,0.40634987
2590,D03,DR_20221209_143805,668.0,1.0546068
2591,D03,DR_20221209_143805,669.0,0.95219797
2592,D03,DR_20221209_143805,670.0,1.0484414
2593,D03,DR_20221209_143805,671.0,0.8266813
2594,D03,DR_20221209_143805,672.0,0.43244398
2595,D03,DR_20221209_143805,673.0,0.8496401
2596,D03,DR_20221209_143805,674.0,1.1102699
2597,D03,DR_20221209_143805,675.0,1.0622131
2598,D04,DR_20221209_143805,676.0,0.9302844
2599,D04,DR_20221209_143805,677.0,1.0256687
2600,D04,DR_20221209_143805,678.0,0.95773554
2601,D04,DR_20221209_143805,679.0,1.0249304
2602,D04,DR_20221209_143805,680.0,1.030224
2603,D04,DR_20221209_143805,681.0,1.0156823
2604,D04,DR_20221209_143805,682.0,1.0699284
2605,D04,DR_20221209_143805,683.0,0.6358297
2606,D04,DR_20221209_143805,684.0,1.0109636
2607,D05,DR_20221209_143805,685.0,0.89725953
2608,D05,DR_20221209_143805,686.0,1.0242301
2609,D05,DR_20221209_143805,687.0,1.000985
2610,D05,DR_20221209_143805,688.0,0.9088426
2611,D05,DR_20221209_143805,689.0,0.8906068
2612,D05,DR_20221209_143805,690.0,1.0248606
2613,D05,DR_20221209_143805,691.0,0.98133457
2614,D05,DR_20221209_143805,692.0,0.99741983
2615,D05,DR_20221209_143805,693.0,0.89245975
2616,D06,DR_20221209_143805,694.0,0.93963873
2617,D06,DR_20221209_143805,695.0,1.0394025
2618,D06,DR_20221209_143805,696.0,1.0141306
2619,D06,DR_20221209_143805,697.0,1.0668564
2620,D06,DR_20221209_143805,698.0,0.75691044
2621,D06,DR_20221209_143805,699.0,0.97169715
2622,D06,DR_20221209_143805,700.0,0.5032482
2623,D06,DR_20221209_143805,701.0,0.80717236
2624,D06,DR_20221209_143805,702.0,1.0950711
2625,D07,DR_20221209_143805,703.0,0.39123422
2626,D07,DR_20221209_143805,704.0,1.0434697
2627,D07,DR_20221209_143805,705.0,1.0095512
2628,D07,DR_20221209_143805,706.0,0.85968155
2629,D07,DR_20221209_143805,707.0,0.99761266
2630,D07,DR_20221209_143805,708.0,0.40005538
2631,D07,DR_20221209_143805,709.0,0.817635
2632,D07,DR_20221209_143805,710.0,0.97460806
2633,D07,DR_20221209_143805,711.0,0.9737373
2634,D09,DR_20221209_143805,721.0,1.007034
2635,D09,DR_20221209_143805,722.0,1.0003846
2636,D09,DR_20221209_143805,723.0,0.97192484
2637,D09,DR_20221209_143805,724.0,0.889933
2638,D09,DR_20221209_143805,725.0,0.6954891
2639,D09,DR_20221209_143805,726.0,0.8830554
2640,D09,DR_20221209_143805,727.0,0.9973995
2641,D09,DR_20221209_143805,728.0,0.9383245
2642,D09,DR_20221209_143805,729.0,0.9910042
2643,D10,DR_20221209_143805,730.0,0.9965763
2644,D10,DR_20221209_143805,731.0,0.9964086
2645,D10,DR_20221209_143805,732.0,0.98320657
2646,D10,DR_20221209_143805,733.0,0.99914986
2647,D10,DR_20221209_143805,734.0,1.0015401
2648,D10,DR_20221209_143805,735.0,0.9990172
2649,D10,DR_20221209_143805,736.0,1.027091
2650,D10,DR_20221209_143805,737.0,0.99978095
2651,D10,DR_20221209_143805,738.0,1.0003293
2652,D11,DR_20221209_143805,739.0,0.9725059
2653,D11,DR_20221209_143805,740.0,0.9874428
2654,D11,DR_20221209_143805,741.0,0.9927045
2655,D11,DR_20221209_143805,742.0,0.87314725
2656,D11,DR_20221209_143805,743.0,0.5172367
2657,D11,DR_20221209_143805,744.0,0.99835527
2658,D11,DR_20221209_143805,745.0,1.0052788
2659,D11,DR_20221209_143805,746.0,0.9998764
2660,D11,DR_20221209_143805,747.0,0.9741881
2661,D12,DR_20221209_143805,748.0,0.9980539
2662,D12,DR_20221209_143805,749.0,0.8312939
2663,D12,DR_20221209_143805,750.0,0.98188144
2664,D12,DR_20221209_143805,751.0,0.8448438
2665,D12,DR_20221209_143805,752.0,0.5873897
2666,D12,DR_20221209_143805,753.0,0.7424596
2667,D12,DR_20221209_143805,754.0,1.0081928
2668,D12,DR_20221209_143805,755.0,0.66324955
2669,D12,DR_20221209_143805,756.0,0.981226
2670,D13,DR_20221209_143805,757.0,0.9916245
2671,D13,DR_20221209_143805,758.0,0.99472564
2672,D13,DR_20221209_143805,759.0,1.0045285
2673,D13,DR_20221209_143805,760.0,0.9701286
2674,D13,DR_20221209_143805,761.0,0.9744621
2675,D13,DR_20221209_143805,762.0,1.0009273
2676,D13,DR_20221209_143805,763.0,0.9776015
2677,D13,DR_20221209_143805,764.0,1.006541
2678,D13,DR_20221209_143805,765.0,0.98733443
2679,D14,DR_20221209_143805,766.0,0.6016307
2680,D14,DR_20221209_143805,767.0,0.71071476
2681,D14,DR_20221209_143805,768.0,0.668138
2682,D14,DR_20221209_143805,769.0,1.0122743
2683,D14,DR_20221209_143805,770.0,0.4022039
2684,D14,DR_20221209_143805,771.0,0.9886116
2685,D14,DR_20221209_143805,772.0,0.97070724
2686,D14,DR_20221209_143805,773.0,0.6040357
2687,D14,DR_20221209_143805,774.0,0.98813033
2688,D15,DR_20221209_143805,775.0,0.96770203
2689,D15,DR_20221209_143805,776.0,0.5936683
2690,D15,DR_20221209_143805,777.0,0.6773723
2691,D15,DR_20221209_143805,778.0,0.6585543
2692,D15,DR_20221209_143805,779.0,0.69357044
2693,D15,DR_20221209_143805,780.0,0.60721445
2694,D15,DR_20221209_143805,781.0,1.0004206
2695,D15,DR_20221209_143805,782.0,0.58768004
2696,D15,DR_20221209_143805,783.0,0.65768486
2697,D16,DR_20221209_143805,784.0,1.0063639
2698,D16,DR_20221209_143805,785.0,0.9689858
2699,D16,DR_20221209_143805,786.0,0.61405015
2700,D16,DR_20221209_143805,787.0,0.5493909
2701,D16,DR_20221209_143805,788.0,0.61716217
2702,D16,DR_20221209_143805,789.0,0.9912463
2703,D16,DR_20221209_143805,790.0,0.5821132
2704,D16,DR_20221209_143805,791.0,0.7314806
2705,D16,DR_20221209_143805,792.0,0.96084285
2706,D17,DR_20221209_143805,793.0,0.8642762
2707,D17,DR_20221209_143805,794.0,0.9783845
2708,D17,DR_20221209_143805,795.0,0.975223
2709,D17,DR_20221209_143805,796.0,0.8718943
2710,D17,DR_20221209_143805,797.0,1.0124773
2711,D17,DR_20221209_143805,798.0,0.9949897
2712,D17,DR_20221209_143805,799.0,0.97204787
2713,D17,DR_20221209_143805,800.0,0.9912869
2714,D17,DR_20221209_143805,801.0,0.6489122
2715,D18,DR_20221209_143805,802.0,0.9689626
2716,D18,DR_20221209_143805,803.0,0.99693424
2717,D18,DR_20221209_143805,804.0,0.9963485
2718,D18,DR_20221209_143805,805.0,0.8210034
2719,D18,DR_20221209_143805,806.0,0.9931367
2720,D18,DR_20221209_143805,807.0,1.0085293
2721,D18,DR_20221209_143805,808.0,0.97610086
2722,D18,DR_20221209_143805,809.0,0.6858889
2723,D18,DR_20221209_143805,810.0,0.99571854
2724,D19,DR_20221209_143805,811.0,0.98214334
2725,D19,DR_20221209_143805,812.0,1.0083487
2726,D19,DR_20221209_143805,813.0,0.99957335
2727,D19,DR_20221209_143805,814.0,0.8478907
2728,D19,DR_20221209_143805,815.0,0.9905456
2729,D19,DR_20221209_143805,816.0,0.9618199
2730,D19,DR_20221209_143805,817.0,0.99746734
2731,D19,DR_20221209_143805,818.0,0.67627436
2732,D19,DR_20221209_143805,819.0,1.0015767
2733,D20,DR_20221209_143805,820.0,1.0081384
2734,D20,DR_20221209_143805,821.0,0.9904967
2735,D20,DR_20221209_143805,822.0,0.968926
2736,D20,DR_20221209_143805,823.0,0.97784275
2737,D20,DR_20221209_143805,824.0,0.95773816
2738,D20,DR_20221209_143805,825.0,1.0063982
2739,D20,DR_20221209_143805,826.0,1.0063682
2740,D20,DR_20221209_143805,827.0,0.97785723
2741,D20,DR_20221209_143805,828.0,0.9751705
2742,D21,DR_20221209_143805,829.0,0.98342866
2743,D21,DR_20221209_143805,830.0,1.0142156
2744,D21,DR_20221209_143805,831.0,0.92992496
2745,D21,DR_20221209_143805,832.0,0.6223296
2746,D21,DR_20221209_143805,833.0,0.956873
2747,D21,DR_20221209_143805,834.0,0.9827706
2748,D21,DR_20221209_143805,835.0,0.9603914
2749,D21,DR_20221209_143805,836.0,0.9898011
2750,D21,DR_20221209_143805,837.0,0.978393
2751,D22,DR_20221209_143805,838.0,1.0100274
2752,D22,DR_20221209_143805,839.0,0.85731477
2753,D22,DR_20221209_143805,840.0,0.9458884
2754,D22,DR_20221209_143805,841.0,0.82751584
2755,D22,DR_20221209_143805,842.0,0.9888002
2756,D22,DR_20221209_143805,843.0,0.99180263
2757,D22,DR_20221209_143805,844.0,1.0086948
2758,D22,DR_20221209_143805,845.0,0.98103625
2759,D22,DR_20221209_143805,846.0,1.0020028
2796,E03,DR_20221209_143805,883.0,0.9866923
2797,E03,DR_20221209_143805,884.0,1.0306304
2798,E03,DR_20221209_143805,885.0,0.9688236
2799,E03,DR_20221209_143805,886.0,0.9854506
2800,E03,DR_20221209_143805,887.0,0.6385058
2801,E03,DR_20221209_143805,888.0,0.7222407
2802,E03,DR_20221209_143805,889.0,0.7984561
2803,E03,DR_20221209_143805,890.0,0.80842686
2804,E03,DR_20221209_143805,891.0,0.99486184
2805,E04,DR_20221209_143805,892.0,0.99240017
2806,E04,DR_20221209_143805,893.0,0.9699248
2807,E04,DR_20221209_143805,894.0,1.0608723
2808,E04,DR_20221209_143805,895.0,0.9749005
2809,E04,DR_20221209_143805,896.0,0.8273548
2810,E04,DR_20221209_143805,897.0,1.0019815
2811,E04,DR_20221209_143805,898.0,0.9843575
2812,E04,DR_20221209_143805,899.0,1.0244459
2813,E04,DR_20221209_143805,900.0,0.99306256
2814,E05,DR_20221209_143805,901.0,0.39598057
2815,E05,DR_20221209_143805,902.0,0.9745568
2816,E05,DR_20221209_143805,903.0,0.9324591
2817,E05,DR_20221209_143805,904.0,1.0574521
2818,E05,DR_20221209_143805,905.0,0.42848185
2819,E05,DR_20221209_143805,906.0,1.0060908
2820,E05,DR_20221209_143805,907.0,0.93430114
2821,E05,DR_20221209_143805,908.0,0.4397535
2822,E05,DR_20221209_143805,909.0,1.046439
2823,E06,DR_20221209_143805,910.0,0.42912126
2824,E06,DR_20221209_143805,911.0,0.37902957
2825,E06,DR_20221209_143805,912.0,0.98032427
2826,E06,DR_20221209_143805,913.0,1.0477202
2827,E06,DR_20221209_143805,914.0,0.9952194
2828,E06,DR_20221209_143805,915.0,0.38572368
2829,E06,DR_20221209_143805,916.0,0.6217134
2830,E06,DR_20221209_143805,917.0,0.39008313
2831,E06,DR_20221209_143805,918.0,1.0851054
2832,E07,DR_20221209_143805,919.0,0.9800519
2833,E07,DR_20221209_143805,920.0,1.0075281
2834,E07,DR_20221209_143805,921.0,1.0065448
2835,E07,DR_20221209_143805,922.0,1.0024762
2836,E07,DR_20221209_143805,923.0,1.0211413
2837,E07,DR_20221209_143805,924.0,1.0927649
2838,E07,DR_20221209_143805,925.0,1.0059216
2839,E07,DR_20221209_143805,926.0,0.96773976
2840,E07,DR_20221209_143805,927.0,0.99190795
2841,E08,DR_20221209_143805,928.0,0.43062457
2842,E08,DR_20221209_143805,929.0,0.7766693
2843,E08,DR_20221209_143805,930.0,1.0566275
2844,E08,DR_20221209_143805,931.0,1.0142666
2845,E08,DR_20221209_143805,932.0,1.0410521
2846,E08,DR_20221209_143805,933.0,1.042435
2847,E08,DR_20221209_143805,934.0,1.0501349
2848,E08,DR_20221209_143805,935.0,1.0803839
2849,E08,DR_20221209_143805,936.0,1.004931
2850,E09,DR_20221209_143805,937.0,1.0001264
2851,E09,DR_20221209_143805,938.0,1.0163397
2852,E09,DR_20221209_143805,939.0,1.0145396
2853,E09,DR_20221209_143805,940.0,0.9787672
2854,E09,DR_20221209_143805,941.0,0.97929806
2855,E09,DR_20221209_143805,942.0,1.0003531
2856,E09,DR_20221209_143805,943.0,0.90503955
2857,E09,DR_20221209_143805,944.0,0.94698167
2858,E09,DR_20221209_143805,945.0,1.0042704
2859,E10,DR_20221209_143805,946.0,0.9968877
2860,E10,DR_20221209_143805,947.0,0.99701256
2861,E10,DR_20221209_143805,948.0,1.0005338
2862,E10,DR_20221209_143805,949.0,0.980469
2863,E10,DR_20221209_143805,950.0,0.9837422
2864,E10,DR_20221209_143805,951.0,0.99135643
2865,E10,DR_20221209_143805,952.0,1.0244193
2866,E10,DR_20221209_143805,953.0,1.0081944
2867,E10,DR_20221209_143805,954.0,0.9833933
2868,E11,DR_20221209_143805,955.0,0.9400112
2869,E11,DR_20221209_143805,956.0,0.8179958
2870,E11,DR_20221209_143805,957.0,0.98340625
2871,E11,DR_20221209_143805,958.0,0.94609976
2872,E11,DR_20221209_143805,959.0,0.61304337
2873,E11,DR_20221209_143805,960.0,0.8562242
2874,E11,DR_20221209_143805,961.0,1.0008978
2875,E11,DR_20221209_143805,962.0,0.9891569
2876,E11,DR_20221209_143805,963.0,0.9917158
2877,E12,DR_20221209_143805,964.0,1.0042195
2878,E12,DR_20221209_143805,965.0,0.99832517
2879,E12,DR_20221209_143805,966.0,0.99828064
2880,E12,DR_20221209_143805,967.0,1.0032262
2881,E12,DR_20221209_143805,968.0,0.93957293
2882,E12,DR_20221209_143805,969.0,1.0028914
2883,E12,DR_20221209_143805,970.0,0.9912431
2884,E12,DR_20221209_143805,971.0,0.9655138
2885,E12,DR_20221209_143805,972.0,1.0014924
2886,E13,DR_20221209_143805,973.0,0.9979478
2887,E13,DR_20221209_143805,974.0,0.9769931
2888,E13,DR_20221209_143805,975.0,0.97541326
2889,E13,DR_20221209_143805,976.0,0.9845306
2890,E13,DR_20221209_143805,977.0,1.0013027
2891,E13,DR_20221209_143805,978.0,0.9946396
2892,E13,DR_20221209_143805,979.0,0.98411584
2893,E13,DR_20221209_143805,980.0,0.98913836
2894,E13,DR_20221209_143805,981.0,0.7040893
2895,E14,DR_20221209_143805,982.0,0.9445659
2896,E14,DR_20221209_143805,983.0,0.7983996
2897,E14,DR_20221209_143805,984.0,0.5336404
2898,E14,DR_20221209_143805,985.0,0.70249933
2899,E14,DR_20221209_143805,986.0,0.6226143
2900,E14,DR_20221209_143805,987.0,0.99825
2901,E14,DR_20221209_143805,988.0,0.97746444
2902,E14,DR_20221209_143805,989.0,0.893567
2903,E14,DR_20221209_143805,990.0,0.6491857
2904,E15,DR_20221209_143805,991.0,1.0045202
2905,E15,DR_20221209_143805,992.0,0.93060195
2906,E15,DR_20221209_143805,993.0,0.99727017
2907,E15,DR_20221209_143805,994.0,0.7627965
2908,E15,DR_20221209_143805,995.0,0.69046485
2909,E15,DR_20221209_143805,996.0,0.97608423
2910,E15,DR_20221209_143805,997.0,0.9701715
2911,E15,DR_20221209_143805,998.0,0.7670341
2912,E15,DR_20221209_143805,999.0,0.95279956
2913,E16,DR_20221209_143805,1000.0,1.0120263
2914,E16,DR_20221209_143805,1001.0,0.9908366
2915,E16,DR_20221209_143805,1002.0,0.974686
2916,E16,DR_20221209_143805,1003.0,0.66931474
2917,E16,DR_20221209_143805,1004.0,0.642023
2918,E16,DR_20221209_143805,1005.0,0.9871941
2919,E16,DR_20221209_143805,1006.0,0.14967544
2920,E16,DR_20221209_143805,1007.0,0.97962403
2921,E16,DR_20221209_143805,1008.0,0.97832465
2922,E17,DR_20221209_143805,1009.0,0.98850524
2923,E17,DR_20221209_143805,1010.0,0.9983922
2924,E17,DR_20221209_143805,1011.0,0.99336576
2925,E17,DR_20221209_143805,1012.0,0.98613656
2926,E17,DR_20221209_143805,1013.0,0.9583967
2927,E17,DR_20221209_143805,1014.0,0.99178857
2928,E17,DR_20221209_143805,1015.0,1.0036238
2929,E17,DR_20221209_143805,1016.0,1.002227
2930,E17,DR_20221209_143805,1017.0,0.9716412
2931,E18,DR_20221209_143805,1018.0,1.0121416
2932,E18,DR_20221209_143805,1019.0,0.9766474
2933,E18,DR_20221209_143805,1020.0,0.9977126
2934,E18,DR_20221209_143805,1021.0,0.95827675
2935,E18,DR_20221209_143805,1022.0,0.99566567
2936,E18,DR_20221209_143805,1023.0,1.0076516
2937,E18,DR_20221209_143805,1024.0,0.99800014
2938,E18,DR_20221209_143805,1025.0,1.0069765
2939,E18,DR_20221209_143805,1026.0,0.99628466
2940,E19,DR_20221209_143805,1027.0,0.99567825
2941,E19,DR_20221209_143805,1028.0,0.95714474
2942,E19,DR_20221209_143805,1029.0,0.9969303
2943,E19,DR_20221209_143805,1030.0,1.0087086
2944,E19,DR_20221209_143805,1031.0,1.0170078
2945,E19,DR_20221209_143805,1032.0,0.9867472
2946,E19,DR_20221209_143805,1033.0,1.0041596
2947,E19,DR_20221209_143805,1034.0,0.9949846
2948,E19,DR_20221209_143805,1035.0,0.9830574
2949,E20,DR_20221209_143805,1036.0,0.99884903
2950,E20,DR_20221209_143805,1037.0,0.9899463
2951,E20,DR_20221209_143805,1038.0,0.9918542
2952,E20,DR_20221209_143805,1039.0,0.9635939
2953,E20,DR_20221209_143805,1040.0,1.0044546
2954,E20,DR_20221209_143805,1041.0,0.8790585
2955,E20,DR_20221209_143805,1042.0,0.99706346
2956,E20,DR_20221209_143805,1043.0,0.9980063
2957,E20,DR_20221209_143805,1044.0,1.0111179
2958,E21,DR_20221209_143805,1045.0,0.9929133
2959,E21,DR_20221209_143805,1046.0,1.0069742
2960,E21,DR_20221209_143805,1047.0,0.8969506
2961,E21,DR_20221209_143805,1048.0,0.6473319
2962,E21,DR_20221209_143805,1049.0,0.99013376
2963,E21,DR_20221209_143805,1050.0,1.0014086
2964,E21,DR_20221209_143805,1051.0,0.9997552
2965,E21,DR_20221209_143805,1052.0,1.0041295
2966,E21,DR_20221209_143805,1053.0,0.997038
2967,E22,DR_20221209_143805,1054.0,0.98635375
2968,E22,DR_20221209_143805,1055.0,0.940929
2969,E22,DR_20221209_143805,1056.0,0.6047067
2970,E22,DR_20221209_143805,1057.0,0.9948826
2971,E22,DR_20221209_143805,1058.0,0.9882347
2972,E22,DR_20221209_143805,1059.0,0.99176604
2973,E22,DR_20221209_143805,1060.0,1.0073286
2974,E22,DR_20221209_143805,1061.0,0.9922985
2975,E22,DR_20221209_143805,1062.0,1.0021167
3012,F03,DR_20221209_143805,1099.0,0.78203183
3013,F03,DR_20221209_143805,1100.0,0.7531459
3014,F03,DR_20221209_143805,1101.0,1.005639
3015,F03,DR_20221209_143805,1102.0,0.98588675
3016,F03,DR_20221209_143805,1103.0,0.97379005
3017,F03,DR_20221209_143805,1104.0,1.0273159
3018,F03,DR_20221209_143805,1105.0,0.8954152
3019,F03,DR_20221209_143805,1106.0,1.005486
3020,F03,DR_20221209_143805,1107.0,0.99249005
3021,F04,DR_20221209_143805,1108.0,0.38180524
3022,F04,DR_20221209_143805,1109.0,0.3760526
3023,F04,DR_20221209_143805,1110.0,1.0274669
3024,F04,DR_20221209_143805,1111.0,1.0431393
3025,F04,DR_20221209_143805,1112.0,1.1128768
3026,F04,DR_20221209_143805,1113.0,1.0177573
3027,F04,DR_20221209_143805,1114.0,0.7639418
3028,F04,DR_20221209_143805,1115.0,1.081551
3029,F04,DR_20221209_143805,1116.0,0.9656768
3030,F05,DR_20221209_143805,1117.0,0.37200174
3031,F05,DR_20221209_143805,1118.0,1.0318642
3032,F05,DR_20221209_143805,1119.0,1.0417113
3033,F05,DR_20221209_143805,1120.0,1.0155191
3034,F05,DR_20221209_143805,1121.0,0.9911647
3035,F05,DR_20221209_143805,1122.0,0.99776787
3036,F05,DR_20221209_143805,1123.0,1.0108311
3037,F05,DR_20221209_143805,1124.0,1.0381926
3038,F05,DR_20221209_143805,1125.0,0.9774908
3039,F06,DR_20221209_143805,1126.0,1.0135887
3040,F06,DR_20221209_143805,1127.0,1.0308461
3041,F06,DR_20221209_143805,1128.0,1.0265932
3042,F06,DR_20221209_143805,1129.0,1.0160015
3043,F06,DR_20221209_143805,1130.0,1.0186415
3044,F06,DR_20221209_143805,1131.0,0.9896247
3045,F06,DR_20221209_143805,1132.0,0.71647173
3046,F06,DR_20221209_143805,1133.0,1.0091124
3047,F06,DR_20221209_143805,1134.0,0.9546601
3048,F07,DR_20221209_143805,1135.0,1.0282708
3049,F07,DR_20221209_143805,1136.0,0.80692136
3050,F07,DR_20221209_143805,1137.0,1.0470552
3051,F07,DR_20221209_143805,1138.0,1.1049815
3052,F07,DR_20221209_143805,1139.0,1.0163196
3053,F07,DR_20221209_143805,1140.0,1.0476018
3054,F07,DR_20221209_143805,1141.0,1.0102361
3055,F07,DR_20221209_143805,1142.0,1.0060079
3056,F07,DR_20221209_143805,1143.0,1.0053561
3057,F08,DR_20221209_143805,1144.0,0.9313474
3058,F08,DR_20221209_143805,1145.0,1.0405385
3059,F08,DR_20221209_143805,1146.0,0.98011357
3060,F08,DR_20221209_143805,1147.0,1.0012318
3061,F08,DR_20221209_143805,1148.0,0.6154177
3062,F08,DR_20221209_143805,1149.0,1.028902
3063,F08,DR_20221209_143805,1150.0,0.9994026
3064,F08,DR_20221209_143805,1151.0,0.9650468
3065,F08,DR_20221209_143805,1152.0,0.7548376
3066,F09,DR_20221209_143805,1153.0,0.9943553
3067,F09,DR_20221209_143805,1154.0,1.009776
3068,F09,DR_20221209_143805,1155.0,0.98707885
3069,F09,DR_20221209_143805,1156.0,0.9762532
3070,F09,DR_20221209_143805,1157.0,0.6155778
3071,F09,DR_20221209_143805,1158.0,0.9977748
3072,F09,DR_20221209_143805,1159.0,1.0023174
3073,F09,DR_20221209_143805,1160.0,0.97730356
3074,F09,DR_20221209_143805,1161.0,0.9956163
3075,F10,DR_20221209_143805,1162.0,1.0002795
3076,F10,DR_20221209_143805,1163.0,0.82182944
3077,F10,DR_20221209_143805,1164.0,0.8285166
3078,F10,DR_20221209_143805,1165.0,0.98856115
3079,F10,DR_20221209_143805,1166.0,0.6453743
3080,F10,DR_20221209_143805,1167.0,0.9361148
3081,F10,DR_20221209_143805,1168.0,1.0037171
3082,F10,DR_20221209_143805,1169.0,0.99477327
3083,F10,DR_20221209_143805,1170.0,1.0079812
3084,F11,DR_20221209_143805,1171.0,0.9999382
3085,F11,DR_20221209_143805,1172.0,0.9916359
3086,F11,DR_20221209_143805,1173.0,1.0168972
3087,F11,DR_20221209_143805,1174.0,0.9746958
3088,F11,DR_20221209_143805,1175.0,0.9920838
3089,F11,DR_20221209_143805,1176.0,0.99976164
3090,F11,DR_20221209_143805,1177.0,0.97076833
3091,F11,DR_20221209_143805,1178.0,0.860585
3092,F11,DR_20221209_143805,1179.0,1.0114362
3093,F12,DR_20221209_143805,1180.0,1.0017557
3094,F12,DR_20221209_143805,1181.0,0.979016
3095,F12,DR_20221209_143805,1182.0,0.99676985
3096,F12,DR_20221209_143805,1183.0,0.99455404
3097,F12,DR_20221209_143805,1184.0,0.62093705
3098,F12,DR_20221209_143805,1185.0,0.99949306
3099,F12,DR_20221209_143805,1186.0,0.99472
3100,F12,DR_20221209_143805,1187.0,0.97838813
3101,F12,DR_20221209_143805,1188.0,0.68961746
3102,F13,DR_20221209_143805,1189.0,0.99121237
3103,F13,DR_20221209_143805,1190.0,1.0034074
3104,F13,DR_20221209_143805,1191.0,0.99808794
3105,F13,DR_20221209_143805,1192.0,0.9843383
3106,F13,DR_20221209_143805,1193.0,0.6869957
3107,F13,DR_20221209_143805,1194.0,0.9783108
3108,F13,DR_20221209_143805,1195.0,0.9973858
3109,F13,DR_20221209_143805,1196.0,1.0095433
3110,F13,DR_20221209_143805,1197.0,0.97402316
3111,F14,DR_20221209_143805,1198.0,1.0016794
3112,F14,DR_20221209_143805,1199.0,0.8615211
3113,F14,DR_20221209_143805,1200.0,1.0004478
3114,F14,DR_20221209_143805,1201.0,0.67625606
3115,F14,DR_20221209_143805,1202.0,0.6210536
3116,F14,DR_20221209_143805,1203.0,0.6667411
3117,F14,DR_20221209_143805,1204.0,0.9946666
3118,F14,DR_20221209_143805,1205.0,0.95945406
3119,F14,DR_20221209_143805,1206.0,0.8918863
3120,F15,DR_20221209_143805,1207.0,0.9934468
3121,F15,DR_20221209_143805,1208.0,0.98097414
3122,F15,DR_20221209_143805,1209.0,0.9884123
3123,F15,DR_20221209_143805,1210.0,0.97246796
3124,F15,DR_20221209_143805,1211.0,0.6966209
3125,F15,DR_20221209_143805,1212.0,1.0072564
3126,F15,DR_20221209_143805,1213.0,1.0226327
3127,F15,DR_20221209_143805,1214.0,0.99523675
3128,F15,DR_20221209_143805,1215.0,0.9434436
3129,F16,DR_20221209_143805,1216.0,0.9693241
3130,F16,DR_20221209_143805,1217.0,0.9976792
3131,F16,DR_20221209_143805,1218.0,1.006534
3132,F16,DR_20221209_143805,1219.0,0.67840564
3133,F16,DR_20221209_143805,1220.0,0.58590037
3134,F16,DR_20221209_143805,1221.0,0.9935559
3135,F16,DR_20221209_143805,1222.0,0.8822016
3136,F16,DR_20221209_143805,1223.0,0.68096673
3137,F16,DR_20221209_143805,1224.0,1.0095963
3138,F17,DR_20221209_143805,1225.0,0.82244253
3139,F17,DR_20221209_143805,1226.0,1.0061212
3140,F17,DR_20221209_143805,1227.0,1.0019686
3141,F17,DR_20221209_143805,1228.0,0.80456614
3142,F17,DR_20221209_143805,1229.0,0.6164156
3143,F17,DR_20221209_143805,1230.0,0.9742882
3144,F17,DR_20221209_143805,1231.0,0.99775195
3145,F17,DR_20221209_143805,1232.0,1.006365
3146,F17,DR_20221209_143805,1233.0,1.0121657
3147,F18,DR_20221209_143805,1234.0,1.0202013
3148,F18,DR_20221209_143805,1235.0,0.70586574
3149,F18,DR_20221209_143805,1236.0,0.99172217
3150,F18,DR_20221209_143805,1237.0,0.97669524
3151,F18,DR_20221209_143805,1238.0,0.658102
3152,F18,DR_20221209_143805,1239.0,0.8677269
3153,F18,DR_20221209_143805,1240.0,1.0010304
3154,F18,DR_20221209_143805,1241.0,0.83264905
3155,F18,DR_20221209_143805,1242.0,1.0090631
3156,F19,DR_20221209_143805,1243.0,1.0061736
3157,F19,DR_20221209_143805,1244.0,0.9933651
3158,F19,DR_20221209_143805,1245.0,0.9944322
3159,F19,DR_20221209_143805,1246.0,0.698531
3160,F19,DR_20221209_143805,1247.0,0.80374897
3161,F19,DR_20221209_143805,1248.0,0.9934059
3162,F19,DR_20221209_143805,1249.0,0.98754406
3163,F19,DR_20221209_143805,1250.0,0.68410623
3164,F19,DR_20221209_143805,1251.0,0.96866965
3165,F20,DR_20221209_143805,1252.0,0.9963323
3166,F20,DR_20221209_143805,1253.0,0.97786653
3167,F20,DR_20221209_143805,1254.0,0.9635832
3168,F20,DR_20221209_143805,1255.0,1.0257555
3169,F20,DR_20221209_143805,1256.0,1.0112568
3170,F20,DR_20221209_143805,1257.0,0.95749354
3171,F20,DR_20221209_143805,1258.0,0.99994063
3172,F20,DR_20221209_143805,1259.0,0.99744815
3173,F20,DR_20221209_143805,1260.0,1.0059475
3174,F21,DR_20221209_143805,1261.0,1.014565
3175,F21,DR_20221209_143805,1262.0,0.9869423
3176,F21,DR_20221209_143805,1263.0,1.0214738
3177,F21,DR_20221209_143805,1264.0,0.8709674
3178,F21,DR_20221209_143805,1265.0,0.9640494
3179,F21,DR_20221209_143805,1266.0,1.0052063
3180,F21,DR_20221209_143805,1267.0,1.0055405
3181,F21,DR_20221209_143805,1268.0,0.9470516
3182,F21,DR_20221209_143805,1269.0,0.9898451
3183,F22,DR_20221209_143805,1270.0,0.93450963
3184,F22,DR_20221209_143805,1271.0,0.992311
3185,F22,DR_20221209_143805,1272.0,1.0090249
3186,F22,DR_20221209_143805,1273.0,0.85443664
3187,F22,DR_20221209_143805,1274.0,0.97513986
3188,F22,DR_20221209_143805,1275.0,0.997864
3189,F22,DR_20221209_143805,1276.0,0.9279718
3190,F22,DR_20221209_143805,1277.0,1.0012908
3191,F22,DR_20221209_143805,1278.0,0.99908227
3228,G03,DR_20221209_143805,1315.0,0.96515155
3229,G03,DR_20221209_143805,1316.0,1.0084038
3230,G03,DR_20221209_143805,1317.0,0.92388946
3231,G03,DR_20221209_143805,1318.0,0.996375
3232,G03,DR_20221209_143805,1319.0,1.0003483
3233,G03,DR_20221209_143805,1320.0,1.0170465
3234,G03,DR_20221209_143805,1321.0,1.0105101
3235,G03,DR_20221209_143805,1322.0,0.88384473
3236,G03,DR_20221209_143805,1323.0,0.9862468
3237,G04,DR_20221209_143805,1324.0,1.0008702
3238,G04,DR_20221209_143805,1325.0,1.0006833
3239,G04,DR_20221209_143805,1326.0,0.96496165
3240,G04,DR_20221209_143805,1327.0,1.0030184
3241,G04,DR_20221209_143805,1328.0,0.88005745
3242,G04,DR_20221209_143805,1329.0,1.0066278
3243,G04,DR_20221209_143805,1330.0,1.0030547
3244,G04,DR_20221209_143805,1331.0,0.99093765
3245,G04,DR_20221209_143805,1332.0,0.9384675
3246,G05,DR_20221209_143805,1333.0,1.0004679
3247,G05,DR_20221209_143805,1334.0,0.9917313
3248,G05,DR_20221209_143805,1335.0,0.9943369
3249,G05,DR_20221209_143805,1336.0,1.0250678
3250,G05,DR_20221209_143805,1337.0,1.0021795
3251,G05,DR_20221209_143805,1338.0,1.005161
3252,G05,DR_20221209_143805,1339.0,0.9834392
3253,G05,DR_20221209_143805,1340.0,1.0145955
3254,G05,DR_20221209_143805,1341.0,0.97175896
3255,G06,DR_20221209_143805,1342.0,1.014789
3256,G06,DR_20221209_143805,1343.0,0.99696285
3257,G06,DR_20221209_143805,1344.0,0.9496373
3258,G06,DR_20221209_143805,1345.0,0.9270069
3259,G06,DR_20221209_143805,1346.0,0.89712167
3260,G06,DR_20221209_143805,1347.0,1.0073559
3261,G06,DR_20221209_143805,1348.0,1.0146785
3262,G06,DR_20221209_143805,1349.0,0.974673
3263,G06,DR_20221209_143805,1350.0,1.0002462
3264,G07,DR_20221209_143805,1351.0,0.9988583
3265,G07,DR_20221209_143805,1352.0,0.977893
3266,G07,DR_20221209_143805,1353.0,0.9542944
3267,G07,DR_20221209_143805,1354.0,0.99470866
3268,G07,DR_20221209_143805,1355.0,1.0027153
3269,G07,DR_20221209_143805,1356.0,0.99191415
3270,G07,DR_20221209_143805,1357.0,0.9967669
3271,G07,DR_20221209_143805,1358.0,0.98461354
3272,G07,DR_20221209_143805,1359.0,1.0062122
3273,G08,DR_20221209_143805,1360.0,0.85643137
3274,G08,DR_20221209_143805,1361.0,1.0133121
3275,G08,DR_20221209_143805,1362.0,1.0339766
3276,G08,DR_20221209_143805,1363.0,0.9864975
3277,G08,DR_20221209_143805,1364.0,0.59905404
3278,G08,DR_20221209_143805,1365.0,0.98326874
3279,G08,DR_20221209_143805,1366.0,0.9934069
3280,G08,DR_20221209_143805,1367.0,0.98452604
3281,G08,DR_20221209_143805,1368.0,1.0475279
3282,G09,DR_20221209_143805,1369.0,0.9973449
3283,G09,DR_20221209_143805,1370.0,0.99863195
3284,G09,DR_20221209_143805,1371.0,1.0123845
3285,G09,DR_20221209_143805,1372.0,1.0018147
3286,G09,DR_20221209_143805,1373.0,0.6235201
3287,G09,DR_20221209_143805,1374.0,0.97002715
3288,G09,DR_20221209_143805,1375.0,0.995938
3289,G09,DR_20221209_143805,1376.0,0.932123
3290,G09,DR_20221209_143805,1377.0,0.99640787
3291,G10,DR_20221209_143805,1378.0,1.0062398
3292,G10,DR_20221209_143805,1379.0,0.99688655
3293,G10,DR_20221209_143805,1380.0,1.0024658
3294,G10,DR_20221209_143805,1381.0,1.0104291
3295,G10,DR_20221209_143805,1382.0,0.9830936
3296,G10,DR_20221209_143805,1383.0,0.99562645
3297,G10,DR_20221209_143805,1384.0,0.96869826
3298,G10,DR_20221209_143805,1385.0,1.0061353
3299,G10,DR_20221209_143805,1386.0,0.91513455
3300,G11,DR_20221209_143805,1387.0,1.0213674
3301,G11,DR_20221209_143805,1388.0,0.73404247
3302,G11,DR_20221209_143805,1389.0,1.0015626
3303,G11,DR_20221209_143805,1390.0,0.99677753
3304,G11,DR_20221209_143805,1391.0,0.58729094
3305,G11,DR_20221209_143805,1392.0,0.997699
3306,G11,DR_20221209_143805,1393.0,0.99720705
3307,G11,DR_20221209_143805,1394.0,0.76297647
3308,G11,DR_20221209_143805,1395.0,0.9818507
3309,G12,DR_20221209_143805,1396.0,1.0231183
3310,G12,DR_20221209_143805,1397.0,0.9706302
3311,G12,DR_20221209_143805,1398.0,0.9696367
3312,G12,DR_20221209_143805,1399.0,0.9511496
3313,G12,DR_20221209_143805,1400.0,0.71329516
3314,G12,DR_20221209_143805,1401.0,0.92877173
3315,G12,DR_20221209_143805,1402.0,1.0011296
3316,G12,DR_20221209_143805,1403.0,1.0309567
3317,G12,DR_20221209_143805,1404.0,0.9783189
3318,G13,DR_20221209_143805,1405.0,0.99594474
3319,G13,DR_20221209_143805,1406.0,1.0041124
3320,G13,DR_20221209_143805,1407.0,0.9932601
3321,G13,DR_20221209_143805,1408.0,0.7033832
3322,G13,DR_20221209_143805,1409.0,0.999188
3323,G13,DR_20221209_143805,1410.0,0.82133895
3324,G13,DR_20221209_143805,1411.0,1.0024112
3325,G13,DR_20221209_143805,1412.0,0.9157592
3326,G13,DR_20221209_143805,1413.0,0.9937553
3327,G14,DR_20221209_143805,1414.0,0.6837939
3328,G14,DR_20221209_143805,1415.0,1.0038998
3329,G14,DR_20221209_143805,1416.0,0.98289067
3330,G14,DR_20221209_143805,1417.0,0.8862733
3331,G14,DR_20221209_143805,1418.0,0.69429374
3332,G14,DR_20221209_143805,1419.0,0.9949962
3333,G14,DR_20221209_143805,1420.0,0.99399996
3334,G14,DR_20221209_143805,1421.0,0.69398296
3335,G14,DR_20221209_143805,1422.0,1.0019424
3336,G15,DR_20221209_143805,1423.0,0.9937725
3337,G15,DR_20221209_143805,1424.0,0.16540161
3338,G15,DR_20221209_143805,1425.0,0.60603637
3339,G15,DR_20221209_143805,1426.0,0.5959538
3340,G15,DR_20221209_143805,1427.0,0.6787221
3341,G15,DR_20221209_143805,1428.0,0.993192
3342,G15,DR_20221209_143805,1429.0,0.20117618
3343,G15,DR_20221209_143805,1430.0,1.0134281
3344,G15,DR_20221209_143805,1431.0,0.80829173
3345,G16,DR_20221209_143805,1432.0,1.0096219
3346,G16,DR_20221209_143805,1433.0,0.99424994
3347,G16,DR_20221209_143805,1434.0,1.0131671
3348,G16,DR_20221209_143805,1435.0,0.6046362
3349,G16,DR_20221209_143805,1436.0,1.0117725
3350,G16,DR_20221209_143805,1437.0,0.97975427
3351,G16,DR_20221209_143805,1438.0,1.0051711
3352,G16,DR_20221209_143805,1439.0,1.0018704
3353,G16,DR_20221209_143805,1440.0,0.9903705
3354,G17,DR_20221209_143805,1441.0,0.80620456
3355,G17,DR_20221209_143805,1442.0,0.9749689
3356,G17,DR_20221209_143805,1443.0,-0.0019741268
3357,G17,DR_20221209_143805,1444.0,0.99659705
3358,G17,DR_20221209_143805,1445.0,0.9955605
3359,G17,DR_20221209_143805,1446.0,1.012299
3360,G17,DR_20221209_143805,1447.0,0.9903243
3361,G17,DR_20221209_143805,1448.0,1.0015178
3362,G17,DR_20221209_143805,1449.0,1.0076283
3363,G18,DR_20221209_143805,1450.0,0.5583602
3364,G18,DR_20221209_143805,1451.0,0.8217609
3365,G18,DR_20221209_143805,1452.0,1.002894
3366,G18,DR_20221209_143805,1453.0,1.0000186
3367,G18,DR_20221209_143805,1454.0,0.74902034
3368,G18,DR_20221209_143805,1455.0,1.0077505
3369,G18,DR_20221209_143805,1456.0,0.9784407
3370,G18,DR_20221209_143805,1457.0,0.99987066
3371,G18,DR_20221209_143805,1458.0,0.6683931
3372,G19,DR_20221209_143805,1459.0,0.9898589
3373,G19,DR_20221209_143805,1460.0,0.90235114
3374,G19,DR_20221209_143805,1461.0,1.0003504
3375,G19,DR_20221209_143805,1462.0,0.9288682
3376,G19,DR_20221209_143805,1463.0,0.7190751
3377,G19,DR_20221209_143805,1464.0,1.0000764
3378,G19,DR_20221209_143805,1465.0,1.0034431
3379,G19,DR_20221209_143805,1466.0,0.67658144
3380,G19,DR_20221209_143805,1467.0,1.0029424
3381,G20,DR_20221209_143805,1468.0,1.0065248
3382,G20,DR_20221209_143805,1469.0,0.9957194
3383,G20,DR_20221209_143805,1470.0,0.99216306
3384,G20,DR_20221209_143805,1471.0,1.0038973
3385,G20,DR_20221209_143805,1472.0,1.0048385
3386,G20,DR_20221209_143805,1473.0,0.9990194
3387,G20,DR_20221209_143805,1474.0,0.9946657
3388,G20,DR_20221209_143805,1475.0,0.9973088
3389,G20,DR_20221209_143805,1476.0,1.0020536
3390,G21,DR_20221209_143805,1477.0,1.0005947
3391,G21,DR_20221209_143805,1478.0,0.9873227
3392,G21,DR_20221209_143805,1479.0,0.9984423
3393,G21,DR_20221209_143805,1480.0,0.97196287
3394,G21,DR_20221209_143805,1481.0,0.9667029
3395,G21,DR_20221209_143805,1482.0,1.0026197
3396,G21,DR_20221209_143805,1483.0,0.9985085
3397,G21,DR_20221209_143805,1484.0,1.0041373
3398,G21,DR_20221209_143805,1485.0,0.9883962
3399,G22,DR_20221209_143805,1486.0,1.0061874
3400,G22,DR_20221209_143805,1487.0,0.9927955
3401,G22,DR_20221209_143805,1488.0,0.99411756
3402,G22,DR_20221209_143805,1489.0,0.9829695
3403,G22,DR_20221209_143805,1490.0,0.9831595
3404,G22,DR_20221209_143805,1491.0,1.0028884
3405,G22,DR_20221209_143805,1492.0,1.002298
3406,G22,DR_20221209_143805,1493.0,0.97679037
3407,G22,DR_20221209_143805,1494.0,1.0000043
3444,H03,DR_20221209_143805,1531.0,0.9981105
3445,H03,DR_20221209_143805,1532.0,0.9988739
3446,H03,DR_20221209_143805,1533.0,0.991267
3447,H03,DR_20221209_143805,1534.0,0.958108
3448,H03,DR_20221209_143805,1535.0,1.0020466
3449,H03,DR_20221209_143805,1536.0,1.0052739
3450,H03,DR_20221209_143805,1537.0,0.9934232
3451,H03,DR_20221209_143805,1538.0,0.9445068
3452,H03,DR_20221209_143805,1539.0,1.0027331
3453,H04,DR_20221209_143805,1540.0,1.0072004
3454,H04,DR_20221209_143805,1541.0,0.9403449
3455,H04,DR_20221209_143805,1542.0,1.0019274
3456,H04,DR_20221209_143805,1543.0,0.9885586
3457,H04,DR_20221209_143805,1544.0,0.8783727
3458,H04,DR_20221209_143805,1545.0,1.003778
3459,H04,DR_20221209_143805,1546.0,0.99793047
3460,H04,DR_20221209_143805,1547.0,1.0029227
3461,H04,DR_20221209_143805,1548.0,1.0027763
3462,H05,DR_20221209_143805,1549.0,0.6649426
3463,H05,DR_20221209_143805,1550.0,0.9687577
3464,H05,DR_20221209_143805,1551.0,0.9769985
3465,H05,DR_20221209_143805,1552.0,0.9739553
3466,H05,DR_20221209_143805,1553.0,1.0035524
3467,H05,DR_20221209_143805,1554.0,1.0018886
3468,H05,DR_20221209_143805,1555.0,0.98743695
3469,H05,DR_20221209_143805,1556.0,0.97245586
3470,H05,DR_20221209_143805,1557.0,0.9995435
3471,H06,DR_20221209_143805,1558.0,0.9638699
3472,H06,DR_20221209_143805,1559.0,1.010728
3473,H06,DR_20221209_143805,1560.0,0.9947395
3474,H06,DR_20221209_143805,1561.0,0.97777873
3475,H06,DR_20221209_143805,1562.0,0.9983919
3476,H06,DR_20221209_143805,1563.0,1.0052699
3477,H06,DR_20221209_143805,1564.0,1.0060383
3478,H06,DR_20221209_143805,1565.0,1.0087899
3479,H06,DR_20221209_143805,1566.0,1.0047326
3480,H07,DR_20221209_143805,1567.0,1.0050715
3481,H07,DR_20221209_143805,1568.0,0.98494154
3482,H07,DR_20221209_143805,1569.0,1.0051575
3483,H07,DR_20221209_143805,1570.0,0.8396563
3484,H07,DR_20221209_143805,1571.0,1.013635
3485,H07,DR_20221209_143805,1572.0,1.0063789
3486,H07,DR_20221209_143805,1573.0,1.0006233
3487,H07,DR_20221209_143805,1574.0,1.0156387
3488,H07,DR_20221209_143805,1575.0,1.0093542
3489,H08,DR_20221209_143805,1576.0,0.9661003
3490,H08,DR_20221209_143805,1577.0,0.8056753
3491,H08,DR_20221209_143805,1578.0,0.99614245
3492,H08,DR_20221209_143805,1579.0,1.000844
3493,H08,DR_20221209_143805,1580.0,1.0002639
3494,H08,DR_20221209_143805,1581.0,0.9808144
3495,H08,DR_20221209_143805,1582.0,0.9961348
3496,H08,DR_20221209_143805,1583.0,0.99916446
3497,H08,DR_20221209_143805,1584.0,0.96301335
3498,H09,DR_20221209_143805,1585.0,1.003541
3499,H09,DR_20221209_143805,1586.0,0.993733
3500,H09,DR_20221209_143805,1587.0,1.0123122
3501,H09,DR_20221209_143805,1588.0,0.9066088
3502,H09,DR_20221209_143805,1589.0,0.7684209
3503,H09,DR_20221209_143805,1590.0,0.9913424
3504,H09,DR_20221209_143805,1591.0,0.97923464
3505,H09,DR_20221209_143805,1592.0,0.9321361
3506,H09,DR_20221209_143805,1593.0,0.9613126
3507,H10,DR_20221209_143805,1594.0,0.960847
3508,H10,DR_20221209_143805,1595.0,0.86394846
3509,H10,DR_20221209_143805,1596.0,0.9496897
3510,H10,DR_20221209_143805,1597.0,1.0030783
3511,H10,DR_20221209_143805,1598.0,0.9879619
3512,H10,DR_20221209_143805,1599.0,0.98016083
3513,H10,DR_20221209_143805,1600.0,1.0026147
3514,H10,DR_20221209_143805,1601.0,1.0043849
3515,H10,DR_20221209_143805,1602.0,1.0083488
3516,H11,DR_20221209_143805,1603.0,1.0000496
3517,H11,DR_20221209_143805,1604.0,0.9983783
3518,H11,DR_20221209_143805,1605.0,1.0011488
3519,H11,DR_20221209_143805,1606.0,1.0035412
3520,H11,DR_20221209_143805,1607.0,0.8702213
3521,H11,DR_20221209_143805,1608.0,0.9775082
3522,H11,DR_20221209_143805,1609.0,1.00105
3523,H11,DR_20221209_143805,1610.0,0.9942061
3524,H11,DR_20221209_143805,1611.0,0.97379804
3525,H12,DR_20221209_143805,1612.0,1.0022025
3526,H12,DR_20221209_143805,1613.0,0.99514
3527,H12,DR_20221209_143805,1614.0,0.9818051
3528,H12,DR_20221209_143805,1615.0,1.0372277
3529,H12,DR_20221209_143805,1616.0,0.5711733
3530,H12,DR_20221209_143805,1617.0,1.0331672
3531,H12,DR_20221209_143805,1618.0,0.9942391
3532,H12,DR_20221209_143805,1619.0,1.0012503
3533,H12,DR_20221209_143805,1620.0,1.0040636
3534,H13,DR_20221209_143805,1621.0,0.98003614
3535,H13,DR_20221209_143805,1622.0,1.0063995
3536,H13,DR_20221209_143805,1623.0,0.9760042
3537,H13,DR_20221209_143805,1624.0,0.99393773
3538,H13,DR_20221209_143805,1625.0,0.8189998
3539,H13,DR_20221209_143805,1626.0,0.93632656
3540,H13,DR_20221209_143805,1627.0,1.0013297
3541,H13,DR_20221209_143805,1628.0,0.95580953
3542,H13,DR_20221209_143805,1629.0,0.99473053
3543,H14,DR_20221209_143805,1630.0,0.76331824
3544,H14,DR_20221209_143805,1631.0,1.0041409
3545,H14,DR_20221209_143805,1632.0,1.0059975
3546,H14,DR_20221209_143805,1633.0,0.992675
3547,H14,DR_20221209_143805,1634.0,0.78791445
3548,H14,DR_20221209_143805,1635.0,0.99047965
3549,H14,DR_20221209_143805,1636.0,1.0055008
3550,H14,DR_20221209_143805,1637.0,0.7464084
3551,H14,DR_20221209_143805,1638.0,0.9974435
3552,H15,DR_20221209_143805,1639.0,0.99712896
3553,H15,DR_20221209_143805,1640.0,0.99625295
3554,H15,DR_20221209_143805,1641.0,0.85211825
3555,H15,DR_20221209_143805,1642.0,1.0181172
3556,H15,DR_20221209_143805,1643.0,0.8102798
3557,H15,DR_20221209_143805,1644.0,0.8387019
3558,H15,DR_20221209_143805,1645.0,0.9938976
3559,H15,DR_20221209_143805,1646.0,0.842537
3560,H15,DR_20221209_143805,1647.0,1.0120382
3561,H16,DR_20221209_143805,1648.0,0.9623814
3562,H16,DR_20221209_143805,1649.0,1.0036117
3563,H16,DR_20221209_143805,1650.0,0.5870722
3564,H16,DR_20221209_143805,1651.0,1.0205204
3565,H16,DR_20221209_143805,1652.0,0.8234316
3566,H16,DR_20221209_143805,1653.0,0.98520637
3567,H16,DR_20221209_143805,1654.0,0.9936679
3568,H16,DR_20221209_143805,1655.0,0.6103763
3569,H16,DR_20221209_143805,1656.0,0.6427255
3570,H17,DR_20221209_143805,1657.0,1.0042835
3571,H17,DR_20221209_143805,1658.0,1.0038273
3572,H17,DR_20221209_143805,1659.0,0.98055106
3573,H17,DR_20221209_143805,1660.0,0.9007888
3574,H17,DR_20221209_143805,1661.0,0.89214456
3575,H17,DR_20221209_143805,1662.0,0.9810769
3576,H17,DR_20221209_143805,1663.0,0.99669844
3577,H17,DR_20221209_143805,1664.0,1.0043176
3578,H17,DR_20221209_143805,1665.0,0.99147505
3579,H18,DR_20221209_143805,1666.0,1.0045667
3580,H18,DR_20221209_143805,1667.0,0.9577881
3581,H18,DR_20221209_143805,1668.0,0.8865755
3582,H18,DR_20221209_143805,1669.0,0.97154003
3583,H18,DR_20221209_143805,1670.0,0.9998012
3584,H18,DR_20221209_143805,1671.0,1.0012994
3585,H18,DR_20221209_143805,1672.0,0.9912658
3586,H18,DR_20221209_143805,1673.0,0.9822231
3587,H18,DR_20221209_143805,1674.0,1.0024527
3588,H19,DR_20221209_143805,1675.0,1.0036879
3589,H19,DR_20221209_143805,1676.0,0.83209044
3590,H19,DR_20221209_143805,1677.0,0.97471946
3591,H19,DR_20221209_143805,1678.0,0.9922258
3592,H19,DR_20221209_143805,1679.0,1.0090913
3593,H19,DR_20221209_143805,1680.0,1.0065308
3594,H19,DR_20221209_143805,1681.0,0.9720131
3595,H19,DR_20221209_143805,1682.0,0.9916854
3596,H19,DR_20221209_143805,1683.0,0.99855834
3597,H20,DR_20221209_143805,1684.0,0.95755255
3598,H20,DR_20221209_143805,1685.0,0.980551
3599,H20,DR_20221209_143805,1686.0,1.0037974
3600,H20,DR_20221209_143805,1687.0,0.884283
3601,H20,DR_20221209_143805,1688.0,0.9723991
3602,H20,DR_20221209_143805,1689.0,0.8971298
3603,H20,DR_20221209_143805,1690.0,0.9810997
3604,H20,DR_20221209_143805,1691.0,0.99702555
3605,H20,DR_20221209_143805,1692.0,0.9999431
3606,H21,DR_20221209_143805,1693.0,0.9927436
3607,H21,DR_20221209_143805,1694.0,0.8412906
3608,H21,DR_20221209_143805,1695.0,1.0153614
3609,H21,DR_20221209_143805,1696.0,0.99936575
3610,H21,DR_20221209_143805,1697.0,1.0080287
3611,H21,DR_20221209_143805,1698.0,1.0023592
3612,H21,DR_20221209_143805,1699.0,1.0024369
3613,H21,DR_20221209_143805,1700.0,1.0029558
3614,H21,DR_20221209_143805,1701.0,0.99299324
3615,H22,DR_20221209_143805,1702.0,0.89870346
3616,H22,DR_20221209_143805,1703.0,0.9505415
3617,H22,DR_20221209_143805,1704.0,1.0198374
3618,H22,DR_20221209_143805,1705.0,0.9865116
3619,H22,DR_20221209_143805,1706.0,0.9697671
3620,H22,DR_20221209_143805,1707.0,0.98734677
3621,H22,DR_20221209_143805,1708.0,1.0019872
3622,H22,DR_20221209_143805,1709.0,0.99518776
3623,H22,DR_20221209_143805,1710.0,0.9959336
3660,I03,DR_20221209_143805,1747.0,1.0069579
3661,I03,DR_20221209_143805,1748.0,0.9975584
3662,I03,DR_20221209_143805,1749.0,0.77820355
3663,I03,DR_20221209_143805,1750.0,0.96799845
3664,I03,DR_20221209_143805,1751.0,0.883313
3665,I03,DR_20221209_143805,1752.0,0.99723816
3666,I03,DR_20221209_143805,1753.0,0.984237
3667,I03,DR_20221209_143805,1754.0,0.99106365
3668,I03,DR_20221209_143805,1755.0,1.015772
3669,I04,DR_20221209_143805,1756.0,1.0065622
3670,I04,DR_20221209_143805,1757.0,0.97833925
3671,I04,DR_20221209_143805,1758.0,0.91625243
3672,I04,DR_20221209_143805,1759.0,0.9993172
3673,I04,DR_20221209_143805,1760.0,0.9735163
3674,I04,DR_20221209_143805,1761.0,1.000773
3675,I04,DR_20221209_143805,1762.0,1.0045619
3676,I04,DR_20221209_143805,1763.0,0.969628
3677,I04,DR_20221209_143805,1764.0,0.98920625
3678,I05,DR_20221209_143805,1765.0,1.0044712
3679,I05,DR_20221209_143805,1766.0,1.0040433
3680,I05,DR_20221209_143805,1767.0,1.0036411
3681,I05,DR_20221209_143805,1768.0,0.9576283
3682,I05,DR_20221209_143805,1769.0,1.0087647
3683,I05,DR_20221209_143805,1770.0,1.0030152
3684,I05,DR_20221209_143805,1771.0,0.96080446
3685,I05,DR_20221209_143805,1772.0,1.0073845
3686,I05,DR_20221209_143805,1773.0,1.0089376
3687,I06,DR_20221209_143805,1774.0,1.0068154
3688,I06,DR_20221209_143805,1775.0,0.9998161
3689,I06,DR_20221209_143805,1776.0,0.9729408
3690,I06,DR_20221209_143805,1777.0,0.964306
3691,I06,DR_20221209_143805,1778.0,1.0045735
3692,I06,DR_20221209_143805,1779.0,0.99335736
3693,I06,DR_20221209_143805,1780.0,0.99766374
3694,I06,DR_20221209_143805,1781.0,1.004662
3695,I06,DR_20221209_143805,1782.0,1.0114472
3696,I07,DR_20221209_143805,1783.0,0.9976216
3697,I07,DR_20221209_143805,1784.0,1.0060273
3698,I07,DR_20221209_143805,1785.0,0.99638754
3699,I07,DR_20221209_143805,1786.0,0.95980614
3700,I07,DR_20221209_143805,1787.0,1.0144124
3701,I07,DR_20221209_143805,1788.0,0.9972661
3702,I07,DR_20221209_143805,1789.0,1.0023551
3703,I07,DR_20221209_143805,1790.0,0.9884588
3704,I07,DR_20221209_143805,1791.0,0.93183756
3705,I08,DR_20221209_143805,1792.0,0.99517447
3706,I08,DR_20221209_143805,1793.0,0.8755127
3707,I08,DR_20221209_143805,1794.0,0.9817602
3708,I08,DR_20221209_143805,1795.0,0.97792894
3709,I08,DR_20221209_143805,1796.0,1.0176218
3710,I08,DR_20221209_143805,1797.0,1.007558
3711,I08,DR_20221209_143805,1798.0,0.9978851
3712,I08,DR_20221209_143805,1799.0,0.9872178
3713,I08,DR_20221209_143805,1800.0,0.9957004
3714,I09,DR_20221209_143805,1801.0,0.99103814
3715,I09,DR_20221209_143805,1802.0,0.8741001
3716,I09,DR_20221209_143805,1803.0,0.9702325
3717,I09,DR_20221209_143805,1804.0,1.0012826
3718,I09,DR_20221209_143805,1805.0,0.75950396
3719,I09,DR_20221209_143805,1806.0,0.62333083
3720,I09,DR_20221209_143805,1807.0,0.9270402
3721,I09,DR_20221209_143805,1808.0,0.6977672
3722,I09,DR_20221209_143805,1809.0,0.7959319
3723,I10,DR_20221209_143805,1810.0,0.9640435
3724,I10,DR_20221209_143805,1811.0,1.0055796
3725,I10,DR_20221209_143805,1812.0,0.9510516
3726,I10,DR_20221209_143805,1813.0,0.6430461
3727,I10,DR_20221209_143805,1814.0,0.69340664
3728,I10,DR_20221209_143805,1815.0,1.00214
3729,I10,DR_20221209_143805,1816.0,1.0174433
3730,I10,DR_20221209_143805,1817.0,0.95425636
3731,I10,DR_20221209_143805,1818.0,1.0017914
3732,I11,DR_20221209_143805,1819.0,1.0033686
3733,I11,DR_20221209_143805,1820.0,0.8449977
3734,I11,DR_20221209_143805,1821.0,0.7490212
3735,I11,DR_20221209_143805,1822.0,0.9589837
3736,I11,DR_20221209_143805,1823.0,0.84345645
3737,I11,DR_20221209_143805,1824.0,0.9972767
3738,I11,DR_20221209_143805,1825.0,0.9736491
3739,I11,DR_20221209_143805,1826.0,0.6816321
3740,I11,DR_20221209_143805,1827.0,0.9494916
3741,I12,DR_20221209_143805,1828.0,0.9755314
3742,I12,DR_20221209_143805,1829.0,1.0120215
3743,I12,DR_20221209_143805,1830.0,0.989129
3744,I12,DR_20221209_143805,1831.0,0.939233
3745,I12,DR_20221209_143805,1832.0,0.78769714
3746,I12,DR_20221209_143805,1833.0,0.84263927
3747,I12,DR_20221209_143805,1834.0,1.0084565
3748,I12,DR_20221209_143805,1835.0,0.8124099
3749,I12,DR_20221209_143805,1836.0,0.9655506
3750,I13,DR_20221209_143805,1837.0,1.0120037
3751,I13,DR_20221209_143805,1838.0,0.94307476
3752,I13,DR_20221209_143805,1839.0,0.96724325
3753,I13,DR_20221209_143805,1840.0,0.8318973
3754,I13,DR_20221209_143805,1841.0,0.9951036
3755,I13,DR_20221209_143805,1842.0,0.5750595
3756,I13,DR_20221209_143805,1843.0,0.97910684
3757,I13,DR_20221209_143805,1844.0,0.9660873
3758,I13,DR_20221209_143805,1845.0,0.87633556
3759,I14,DR_20221209_143805,1846.0,0.99547386
3760,I14,DR_20221209_143805,1847.0,0.9660913
3761,I14,DR_20221209_143805,1848.0,0.9725921
3762,I14,DR_20221209_143805,1849.0,0.8774222
3763,I14,DR_20221209_143805,1850.0,0.8179202
3764,I14,DR_20221209_143805,1851.0,1.0071834
3765,I14,DR_20221209_143805,1852.0,0.94855326
3766,I14,DR_20221209_143805,1853.0,0.98189837
3767,I14,DR_20221209_143805,1854.0,0.9973946
3768,I15,DR_20221209_143805,1855.0,0.9790256
3769,I15,DR_20221209_143805,1856.0,0.99982935
3770,I15,DR_20221209_143805,1857.0,1.0041405
3771,I15,DR_20221209_143805,1858.0,0.9430165
3772,I15,DR_20221209_143805,1859.0,0.7511599
3773,I15,DR_20221209_143805,1860.0,1.0104263
3774,I15,DR_20221209_143805,1861.0,0.9942294
3775,I15,DR_20221209_143805,1862.0,0.9853143
3776,I15,DR_20221209_143805,1863.0,0.99615514
3777,I16,DR_20221209_143805,1864.0,0.66905564
3778,I16,DR_20221209_143805,1865.0,1.0043135
3779,I16,DR_20221209_143805,1866.0,0.9978894
3780,I16,DR_20221209_143805,1867.0,1.0007687
3781,I16,DR_20221209_143805,1868.0,1.0212358
3782,I16,DR_20221209_143805,1869.0,1.0084233
3783,I16,DR_20221209_143805,1870.0,0.8322679
3784,I16,DR_20221209_143805,1871.0,1.0169435
3785,I16,DR_20221209_143805,1872.0,1.0133036
3786,I17,DR_20221209_143805,1873.0,0.98544073
3787,I17,DR_20221209_143805,1874.0,0.80574137
3788,I17,DR_20221209_143805,1875.0,0.96770877
3789,I17,DR_20221209_143805,1876.0,0.9400413
3790,I17,DR_20221209_143805,1877.0,0.9785156
3791,I17,DR_20221209_143805,1878.0,0.9979963
3792,I17,DR_20221209_143805,1879.0,0.9910337
3793,I17,DR_20221209_143805,1880.0,1.0082898
3794,I17,DR_20221209_143805,1881.0,1.0153346
3795,I18,DR_20221209_143805,1882.0,0.98925316
3796,I18,DR_20221209_143805,1883.0,0.98101544
3797,I18,DR_20221209_143805,1884.0,1.0128596
3798,I18,DR_20221209_143805,1885.0,1.0055519
3799,I18,DR_20221209_143805,1886.0,0.7385144
3800,I18,DR_20221209_143805,1887.0,0.99871916
3801,I18,DR_20221209_143805,1888.0,1.0010524
3802,I18,DR_20221209_143805,1889.0,0.99596864
3803,I18,DR_20221209_143805,1890.0,1.0072895
3804,I19,DR_20221209_143805,1891.0,0.99604297
3805,I19,DR_20221209_143805,1892.0,0.9825338
3806,I19,DR_20221209_143805,1893.0,1.0059206
3807,I19,DR_20221209_143805,1894.0,0.94657606
3808,I19,DR_20221209_143805,1895.0,0.96147716
3809,I19,DR_20221209_143805,1896.0,0.9966733
3810,I19,DR_20221209_143805,1897.0,0.9943764
3811,I19,DR_20221209_143805,1898.0,0.9958541
3812,I19,DR_20221209_143805,1899.0,1.0023023
3813,I20,DR_20221209_143805,1900.0,1.0072953
3814,I20,DR_20221209_143805,1901.0,0.8763186
3815,I20,DR_20221209_143805,1902.0,0.9998467
3816,I20,DR_20221209_143805,1903.0,1.0027128
3817,I20,DR_20221209_143805,1904.0,1.0119478
3818,I20,DR_20221209_143805,1905.0,0.99763477
3819,I20,DR_20221209_143805,1906.0,0.9982059
3820,I20,DR_20221209_143805,1907.0,0.970763
3821,I20,DR_20221209_143805,1908.0,1.0080795
3822,I21,DR_20221209_143805,1909.0,0.9956043
3823,I21,DR_20221209_143805,1910.0,0.973821
3824,I21,DR_20221209_143805,1911.0,1.0072902
3825,I21,DR_20221209_143805,1912.0,0.99667466
3826,I21,DR_20221209_143805,1913.0,0.9141148
3827,I21,DR_20221209_143805,1914.0,0.9929744
3828,I21,DR_20221209_143805,1915.0,1.0058079
3829,I21,DR_20221209_143805,1916.0,1.0002137
3830,I21,DR_20221209_143805,1917.0,0.9906183
3831,I22,DR_20221209_143805,1918.0,0.98556423
3832,I22,DR_20221209_143805,1919.0,1.0048743
3833,I22,DR_20221209_143805,1920.0,0.9768296
3834,I22,DR_20221209_143805,1921.0,0.9630677
3835,I22,DR_20221209_143805,1922.0,0.8837225
3836,I22,DR_20221209_143805,1923.0,0.87835646
3837,I22,DR_20221209_143805,1924.0,1.0070903
3838,I22,DR_20221209_143805,1925.0,0.94215757
3839,I22,DR_20221209_143805,1926.0,0.9881583
3876,J03,DR_20221209_143805,1963.0,0.80292267
3877,J03,DR_20221209_143805,1964.0,0.9614815
3878,J03,DR_20221209_143805,1965.0,1.0023563
3879,J03,DR_20221209_143805,1966.0,0.33965817
3880,J03,DR_20221209_143805,1967.0,0.6231009
3881,J03,DR_20221209_143805,1968.0,0.33439475
3882,J03,DR_20221209_143805,1969.0,0.6768135
3883,J03,DR_20221209_143805,1970.0,0.7912261
3884,J04,DR_20221209_143805,1971.0,0.9357023
3885,J04,DR_20221209_143805,1972.0,0.9856851
3886,J04,DR_20221209_143805,1973.0,0.94236
3887,J04,DR_20221209_143805,1974.0,0.9864529
3888,J04,DR_20221209_143805,1975.0,0.9668354
3889,J04,DR_20221209_143805,1976.0,0.969795
3890,J04,DR_20221209_143805,1977.0,1.004832
3891,J04,DR_20221209_143805,1978.0,1.0130639
3892,J04,DR_20221209_143805,1979.0,0.98279303
3893,J05,DR_20221209_143805,1980.0,0.9971936
3894,J05,DR_20221209_143805,1981.0,1.0191218
3895,J05,DR_20221209_143805,1982.0,0.8895745
3896,J05,DR_20221209_143805,1983.0,0.8872501
3897,J05,DR_20221209_143805,1984.0,0.9063024
3898,J05,DR_20221209_143805,1985.0,1.0095282
3899,J05,DR_20221209_143805,1986.0,1.0176804
3900,J05,DR_20221209_143805,1987.0,0.7522774
3901,J05,DR_20221209_143805,1988.0,0.9782332
3902,J06,DR_20221209_143805,1989.0,1.0016246
3903,J06,DR_20221209_143805,1990.0,0.9407315
3904,J06,DR_20221209_143805,1991.0,0.99194884
3905,J06,DR_20221209_143805,1992.0,0.9788078
3906,J06,DR_20221209_143805,1993.0,0.9856522
3907,J06,DR_20221209_143805,1994.0,1.0056632
3908,J06,DR_20221209_143805,1995.0,0.997922
3909,J06,DR_20221209_143805,1996.0,1.0018864
3910,J06,DR_20221209_143805,1997.0,0.9955238
3911,J07,DR_20221209_143805,1998.0,0.99067605
3912,J07,DR_20221209_143805,1999.0,0.9675601
3913,J07,DR_20221209_143805,2000.0,0.9983788
3914,J07,DR_20221209_143805,2001.0,0.99172103
3915,J07,DR_20221209_143805,2002.0,0.98185974
3916,J07,DR_20221209_143805,2003.0,1.0028268
3917,J07,DR_20221209_143805,2004.0,1.0035237
3918,J07,DR_20221209_143805,2005.0,1.0036741
3919,J07,DR_20221209_143805,2006.0,1.0041715
3920,J08,DR_20221209_143805,2007.0,1.0029681
3921,J08,DR_20221209_143805,2008.0,0.99452364
3922,J08,DR_20221209_143805,2009.0,0.9889754
3923,J08,DR_20221209_143805,2010.0,0.9983653
3924,J08,DR_20221209_143805,2011.0,0.9795059
3925,J08,DR_20221209_143805,2012.0,1.0011415
3926,J08,DR_20221209_143805,2013.0,0.98820007
3927,J08,DR_20221209_143805,2014.0,1.0022933
3928,J08,DR_20221209_143805,2015.0,0.9948985
3929,J09,DR_20221209_143805,2016.0,1.0043725
3930,J09,DR_20221209_143805,2017.0,0.96357656
3931,J09,DR_20221209_143805,2018.0,0.99462795
3932,J09,DR_20221209_143805,2019.0,0.98998094
3933,J09,DR_20221209_143805,2020.0,0.608325
3934,J09,DR_20221209_143805,2021.0,0.9960143
3935,J09,DR_20221209_143805,2022.0,0.995546
3936,J09,DR_20221209_143805,2023.0,0.6648889
3937,J09,DR_20221209_143805,2024.0,0.9850201
3938,J10,DR_20221209_143805,2025.0,0.9943905
3939,J10,DR_20221209_143805,2026.0,0.9516185
3940,J10,DR_20221209_143805,2027.0,0.98870945
3941,J10,DR_20221209_143805,2028.0,0.98651487
3942,J10,DR_20221209_143805,2029.0,1.0016288
3943,J10,DR_20221209_143805,2030.0,0.99652034
3944,J10,DR_20221209_143805,2031.0,1.0020444
3945,J10,DR_20221209_143805,2032.0,1.0013411
3946,J10,DR_20221209_143805,2033.0,0.9602728
3947,J11,DR_20221209_143805,2034.0,1.0025581
3948,J11,DR_20221209_143805,2035.0,0.85061204
3949,J11,DR_20221209_143805,2036.0,0.96488065
3950,J11,DR_20221209_143805,2037.0,0.981907
3951,J11,DR_20221209_143805,2038.0,0.7872901
3952,J11,DR_20221209_143805,2039.0,0.9687003
3953,J11,DR_20221209_143805,2040.0,0.9908956
3954,J11,DR_20221209_143805,2041.0,1.0019839
3955,J11,DR_20221209_143805,2042.0,0.98674214
3956,J12,DR_20221209_143805,2043.0,0.9757783
3957,J12,DR_20221209_143805,2044.0,1.0005844
3958,J12,DR_20221209_143805,2045.0,0.9872636
3959,J12,DR_20221209_143805,2046.0,0.98337394
3960,J12,DR_20221209_143805,2047.0,0.8030748
3961,J12,DR_20221209_143805,2048.0,0.99221706
3962,J12,DR_20221209_143805,2049.0,0.9826751
3963,J12,DR_20221209_143805,2050.0,1.0028403
3964,J12,DR_20221209_143805,2051.0,0.9997759
3965,J13,DR_20221209_143805,2052.0,0.98682386
3966,J13,DR_20221209_143805,2053.0,0.90760076
3967,J13,DR_20221209_143805,2054.0,0.99013215
3968,J13,DR_20221209_143805,2055.0,0.99347097
3969,J13,DR_20221209_143805,2056.0,0.9970481
3970,J13,DR_20221209_143805,2057.0,0.8896956
3971,J13,DR_20221209_143805,2058.0,0.8465583
3972,J13,DR_20221209_143805,2059.0,0.8397239
3973,J13,DR_20221209_143805,2060.0,0.98831064
3974,J14,DR_20221209_143805,2061.0,0.9328254
3975,J14,DR_20221209_143805,2062.0,0.98560435
3976,J14,DR_20221209_143805,2063.0,0.9764497
3977,J14,DR_20221209_143805,2064.0,0.9703745
3978,J14,DR_20221209_143805,2065.0,0.6141966
3979,J14,DR_20221209_143805,2066.0,0.92242503
3980,J14,DR_20221209_143805,2067.0,0.99295604
3981,J14,DR_20221209_143805,2068.0,0.9991748
3982,J14,DR_20221209_143805,2069.0,0.99552006
3983,J15,DR_20221209_143805,2070.0,0.98983747
3984,J15,DR_20221209_143805,2071.0,1.0563033
3985,J15,DR_20221209_143805,2072.0,1.011551
3986,J15,DR_20221209_143805,2073.0,0.65831774
3987,J15,DR_20221209_143805,2074.0,0.69347996
3988,J15,DR_20221209_143805,2075.0,0.83830786
3989,J15,DR_20221209_143805,2076.0,0.8714131
3990,J15,DR_20221209_143805,2077.0,0.9826478
3991,J15,DR_20221209_143805,2078.0,0.6725017
3992,J16,DR_20221209_143805,2079.0,0.984878
3993,J16,DR_20221209_143805,2080.0,0.9998814
3994,J16,DR_20221209_143805,2081.0,0.9949387
3995,J16,DR_20221209_143805,2082.0,0.8787374
3996,J16,DR_20221209_143805,2083.0,0.81912726
3997,J16,DR_20221209_143805,2084.0,0.9988684
3998,J16,DR_20221209_143805,2085.0,0.8299077
3999,J16,DR_20221209_143805,2086.0,0.99968797
4000,J16,DR_20221209_143805,2087.0,0.97800463
4001,J17,DR_20221209_143805,2088.0,1.0426778
4002,J17,DR_20221209_143805,2089.0,1.0093405
4003,J17,DR_20221209_143805,2090.0,0.9773282
4004,J17,DR_20221209_143805,2091.0,-0.034169663
4005,J17,DR_20221209_143805,2092.0,0.94133556
4006,J17,DR_20221209_143805,2093.0,0.94854355
4007,J17,DR_20221209_143805,2094.0,1.024708
4008,J17,DR_20221209_143805,2095.0,1.004696
4009,J17,DR_20221209_143805,2096.0,0.5650868
4010,J18,DR_20221209_143805,2097.0,0.98905194
4011,J18,DR_20221209_143805,2098.0,1.0140979
4012,J18,DR_20221209_143805,2099.0,0.9922053
4013,J18,DR_20221209_143805,2100.0,1.0094203
4014,J18,DR_20221209_143805,2101.0,0.99237573
4015,J18,DR_20221209_143805,2102.0,1.00082
4016,J18,DR_20221209_143805,2103.0,1.0047766
4017,J18,DR_20221209_143805,2104.0,1.0021347
4018,J18,DR_20221209_143805,2105.0,0.9737674
4019,J19,DR_20221209_143805,2106.0,1.0036238
4020,J19,DR_20221209_143805,2107.0,0.99341005
4021,J19,DR_20221209_143805,2108.0,0.9916936
4022,J19,DR_20221209_143805,2109.0,1.0030781
4023,J19,DR_20221209_143805,2110.0,0.9988794
4024,J19,DR_20221209_143805,2111.0,0.9971792
4025,J19,DR_20221209_143805,2112.0,0.65724176
4026,J19,DR_20221209_143805,2113.0,0.9879575
4027,J19,DR_20221209_143805,2114.0,0.9831682
4028,J20,DR_20221209_143805,2115.0,1.0063691
4029,J20,DR_20221209_143805,2116.0,0.9608474
4030,J20,DR_20221209_143805,2117.0,0.9555266
4031,J20,DR_20221209_143805,2118.0,1.0024272
4032,J20,DR_20221209_143805,2119.0,1.0059391
4033,J20,DR_20221209_143805,2120.0,0.9917366
4034,J20,DR_20221209_143805,2121.0,0.8532955
4035,J20,DR_20221209_143805,2122.0,1.0019451
4036,J20,DR_20221209_143805,2123.0,0.8704808
4037,J21,DR_20221209_143805,2124.0,0.9935554
4038,J21,DR_20221209_143805,2125.0,0.9998468
4039,J21,DR_20221209_143805,2126.0,0.9864956
4040,J21,DR_20221209_143805,2127.0,1.0033342
4041,J21,DR_20221209_143805,2128.0,0.986883
4042,J21,DR_20221209_143805,2129.0,0.9848222
4043,J21,DR_20221209_143805,2130.0,0.9951239
4044,J21,DR_20221209_143805,2131.0,0.63090724
4045,J21,DR_20221209_143805,2132.0,0.8696207
4046,J22,DR_20221209_143805,2133.0,1.0429486
4047,J22,DR_20221209_143805,2134.0,1.0070208
4048,J22,DR_20221209_143805,2135.0,1.0007755
4049,J22,DR_20221209_143805,2136.0,1.0101373
4050,J22,DR_20221209_143805,2137.0,0.976341
4051,J22,DR_20221209_143805,2138.0,1.0015724
4052,J22,DR_20221209_143805,2139.0,1.0064414
4053,J22,DR_20221209_143805,2140.0,0.9914471
4054,J22,DR_20221209_143805,2141.0,0.9501329
4091,K04,DR_20221209_143805,2187.0,1.0004497
4092,K04,DR_20221209_143805,2188.0,0.98338753
4093,K04,DR_20221209_143805,2189.0,0.95485216
4094,K04,DR_20221209_143805,2190.0,0.8978249
4095,K04,DR_20221209_143805,2191.0,0.85901475
4096,K04,DR_20221209_143805,2192.0,1.00008
4097,K04,DR_20221209_143805,2193.0,0.9825896
4098,K04,DR_20221209_143805,2194.0,0.9670406
4099,K04,DR_20221209_143805,2195.0,0.94024855
4100,K05,DR_20221209_143805,2196.0,1.010627
4101,K05,DR_20221209_143805,2197.0,1.0097547
4102,K05,DR_20221209_143805,2198.0,1.0062997
4103,K05,DR_20221209_143805,2199.0,1.00706
4104,K05,DR_20221209_143805,2200.0,1.0064522
4105,K05,DR_20221209_143805,2201.0,1.0074943
4106,K05,DR_20221209_143805,2202.0,0.98348653
4107,K05,DR_20221209_143805,2203.0,1.0135995
4108,K05,DR_20221209_143805,2204.0,0.96983045
4109,K06,DR_20221209_143805,2205.0,1.0019045
4110,K06,DR_20221209_143805,2206.0,1.0021765
4111,K06,DR_20221209_143805,2207.0,0.9924918
4112,K06,DR_20221209_143805,2208.0,0.9404362
4113,K06,DR_20221209_143805,2209.0,1.0006427
4114,K06,DR_20221209_143805,2210.0,0.9750873
4115,K06,DR_20221209_143805,2211.0,1.0060858
4116,K06,DR_20221209_143805,2212.0,0.9987343
4117,K06,DR_20221209_143805,2213.0,0.9984585
4118,K07,DR_20221209_143805,2214.0,0.9677195
4119,K07,DR_20221209_143805,2215.0,0.9670515
4120,K07,DR_20221209_143805,2216.0,0.59947956
4121,K07,DR_20221209_143805,2217.0,0.96987647
4122,K07,DR_20221209_143805,2218.0,1.0069582
4123,K07,DR_20221209_143805,2219.0,0.9311348
4124,K07,DR_20221209_143805,2220.0,0.9737807
4125,K07,DR_20221209_143805,2221.0,0.99922055
4126,K07,DR_20221209_143805,2222.0,0.99808204
4127,K08,DR_20221209_143805,2223.0,0.17276497
4128,K08,DR_20221209_143805,2224.0,0.9776695
4129,K08,DR_20221209_143805,2225.0,0.9997296
4130,K08,DR_20221209_143805,2226.0,0.9300827
4131,K08,DR_20221209_143805,2227.0,0.6367095
4132,K08,DR_20221209_143805,2228.0,0.99818873
4133,K08,DR_20221209_143805,2229.0,1.001614
4134,K08,DR_20221209_143805,2230.0,1.0089582
4135,K08,DR_20221209_143805,2231.0,0.97401094
4136,K09,DR_20221209_143805,2232.0,1.0164298
4137,K09,DR_20221209_143805,2233.0,0.9709551
4138,K09,DR_20221209_143805,2234.0,0.9512189
4139,K09,DR_20221209_143805,2235.0,0.98528415
4140,K09,DR_20221209_143805,2236.0,0.5904947
4141,K09,DR_20221209_143805,2237.0,0.7036505
4142,K09,DR_20221209_143805,2238.0,0.9789018
4143,K09,DR_20221209_143805,2239.0,0.9631341
4144,K09,DR_20221209_143805,2240.0,0.9755105
4145,K10,DR_20221209_143805,2241.0,0.9809708
4146,K10,DR_20221209_143805,2242.0,0.9369366
4147,K10,DR_20221209_143805,2243.0,0.99211293
4148,K10,DR_20221209_143805,2244.0,0.99603796
4149,K10,DR_20221209_143805,2245.0,0.7328312
4150,K10,DR_20221209_143805,2246.0,0.99268514
4151,K10,DR_20221209_143805,2247.0,0.9985697
4152,K10,DR_20221209_143805,2248.0,0.99620765
4153,K10,DR_20221209_143805,2249.0,0.9777317
4154,K11,DR_20221209_143805,2250.0,0.97887254
4155,K11,DR_20221209_143805,2251.0,0.98110276
4156,K11,DR_20221209_143805,2252.0,0.9863798
4157,K11,DR_20221209_143805,2253.0,0.93228465
4158,K11,DR_20221209_143805,2254.0,0.947113
4159,K11,DR_20221209_143805,2255.0,0.9902176
4160,K11,DR_20221209_143805,2256.0,0.97546625
4161,K11,DR_20221209_143805,2257.0,0.99623924
4162,K11,DR_20221209_143805,2258.0,0.99745816
4163,K12,DR_20221209_143805,2259.0,0.9987871
4164,K12,DR_20221209_143805,2260.0,0.8839643
4165,K12,DR_20221209_143805,2261.0,0.9923704
4166,K12,DR_20221209_143805,2262.0,0.9771813
4167,K12,DR_20221209_143805,2263.0,0.8099224
4168,K12,DR_20221209_143805,2264.0,0.9834982
4169,K12,DR_20221209_143805,2265.0,0.974312
4170,K12,DR_20221209_143805,2266.0,0.9938495
4171,K12,DR_20221209_143805,2267.0,1.0293362
4172,K14,DR_20221209_143805,2277.0,0.98595715
4173,K14,DR_20221209_143805,2278.0,0.96540505
4174,K14,DR_20221209_143805,2279.0,1.011219
4175,K14,DR_20221209_143805,2280.0,0.9819376
4176,K14,DR_20221209_143805,2281.0,0.94185215
4177,K14,DR_20221209_143805,2282.0,1.0103989
4178,K14,DR_20221209_143805,2283.0,0.9575732
4179,K14,DR_20221209_143805,2284.0,0.9752925
4180,K14,DR_20221209_143805,2285.0,0.9713486
4181,K18,DR_20221209_143805,2313.0,0.8710018
4182,K18,DR_20221209_143805,2314.0,0.86951375
4183,K18,DR_20221209_143805,2315.0,0.9528333
4184,K18,DR_20221209_143805,2316.0,0.052604802
4185,K18,DR_20221209_143805,2317.0,0.60564244
4186,K18,DR_20221209_143805,2318.0,0.80740637
4187,K18,DR_20221209_143805,2319.0,0.8993611
4188,K18,DR_20221209_143805,2320.0,0.95178825
4189,K18,DR_20221209_143805,2321.0,0.9428751
4190,K19,DR_20221209_143805,2322.0,1.001712
4191,K19,DR_20221209_143805,2323.0,0.9692697
4192,K19,DR_20221209_143805,2324.0,0.9975774
4193,K19,DR_20221209_143805,2325.0,0.9252855
4194,K19,DR_20221209_143805,2326.0,0.94122547
4195,K19,DR_20221209_143805,2327.0,0.99320817
4196,K19,DR_20221209_143805,2328.0,0.9656913
4197,K19,DR_20221209_143805,2329.0,0.9944686
4198,K19,DR_20221209_143805,2330.0,0.9610006
4199,K20,DR_20221209_143805,2331.0,1.0092556
4200,K20,DR_20221209_143805,2332.0,0.8988486
4201,K20,DR_20221209_143805,2333.0,0.9950727
4202,K20,DR_20221209_143805,2334.0,0.99710894
4203,K20,DR_20221209_143805,2335.0,0.97582346
4204,K20,DR_20221209_143805,2336.0,1.0015827
4205,K20,DR_20221209_143805,2337.0,0.9927967
4206,K20,DR_20221209_143805,2338.0,0.9872437
4207,K20,DR_20221209_143805,2339.0,0.9211796
4208,K21,DR_20221209_143805,2340.0,1.0059292
4209,K21,DR_20221209_143805,2341.0,1.0015868
4210,K21,DR_20221209_143805,2342.0,0.9999206
4211,K21,DR_20221209_143805,2343.0,1.0086192
4212,K21,DR_20221209_143805,2344.0,0.9976876
4213,K21,DR_20221209_143805,2345.0,0.9054693
4214,K21,DR_20221209_143805,2346.0,1.0005691
4215,K21,DR_20221209_143805,2347.0,0.988545
4216,K21,DR_20221209_143805,2348.0,0.62935054
4217,K22,DR_20221209_143805,2349.0,0.8786859
4218,K22,DR_20221209_143805,2350.0,0.9818362
4219,K22,DR_20221209_143805,2351.0,0.9894765
4220,K22,DR_20221209_143805,2352.0,0.952739
4221,K22,DR_20221209_143805,2353.0,0.80889904
4222,K22,DR_20221209_143805,2354.0,0.81317985
4223,K22,DR_20221209_143805,2355.0,0.99026394
4224,K22,DR_20221209_143805,2356.0,0.84192586
4225,K22,DR_20221209_143805,2357.0,0.826238
4262,L04,DR_20221209_143805,2403.0,0.97217137
4263,L04,DR_20221209_143805,2404.0,0.97855735
4264,L04,DR_20221209_143805,2405.0,1.0127892
4265,L04,DR_20221209_143805,2406.0,0.9826042
4266,L04,DR_20221209_143805,2407.0,1.0029614
4267,L04,DR_20221209_143805,2408.0,0.9954531
4268,L04,DR_20221209_143805,2409.0,0.9745857
4269,L04,DR_20221209_143805,2410.0,0.99874866
4270,L04,DR_20221209_143805,2411.0,0.99774575
4271,L05,DR_20221209_143805,2412.0,0.98850703
4272,L05,DR_20221209_143805,2413.0,0.9882942
4273,L05,DR_20221209_143805,2414.0,1.0006955
4274,L05,DR_20221209_143805,2415.0,0.9786429
4275,L05,DR_20221209_143805,2416.0,1.0002853
4276,L05,DR_20221209_143805,2417.0,0.97647256
4277,L05,DR_20221209_143805,2418.0,0.99884635
4278,L05,DR_20221209_143805,2419.0,0.9801289
4279,L05,DR_20221209_143805,2420.0,0.9946728
4280,L06,DR_20221209_143805,2421.0,0.9626626
4281,L06,DR_20221209_143805,2422.0,1.0043085
4282,L06,DR_20221209_143805,2423.0,0.97045404
4283,L06,DR_20221209_143805,2424.0,0.95837474
4284,L06,DR_20221209_143805,2425.0,0.98405784
4285,L06,DR_20221209_143805,2426.0,1.0035421
4286,L06,DR_20221209_143805,2427.0,1.0016365
4287,L06,DR_20221209_143805,2428.0,1.0049427
4288,L06,DR_20221209_143805,2429.0,0.8941516
4289,L07,DR_20221209_143805,2430.0,0.9993294
4290,L07,DR_20221209_143805,2431.0,0.7985258
4291,L07,DR_20221209_143805,2432.0,0.9932053
4292,L07,DR_20221209_143805,2433.0,0.99233603
4293,L07,DR_20221209_143805,2434.0,0.9287328
4294,L07,DR_20221209_143805,2435.0,0.9908997
4295,L07,DR_20221209_143805,2436.0,0.9734861
4296,L07,DR_20221209_143805,2437.0,0.94554025
4297,L07,DR_20221209_143805,2438.0,-0.027371459
4298,L08,DR_20221209_143805,2439.0,0.9192367
4299,L08,DR_20221209_143805,2440.0,0.9900202
4300,L08,DR_20221209_143805,2441.0,0.8211841
4301,L08,DR_20221209_143805,2442.0,0.7954949
4302,L08,DR_20221209_143805,2443.0,0.9791194
4303,L08,DR_20221209_143805,2444.0,1.008803
4304,L08,DR_20221209_143805,2445.0,1.0119066
4305,L08,DR_20221209_143805,2446.0,0.97503304
4306,L08,DR_20221209_143805,2447.0,0.99137664
4307,L09,DR_20221209_143805,2448.0,0.996717
4308,L09,DR_20221209_143805,2449.0,0.93196124
4309,L09,DR_20221209_143805,2450.0,0.44883513
4310,L09,DR_20221209_143805,2451.0,0.7005498
4311,L09,DR_20221209_143805,2452.0,0.99597853
4312,L09,DR_20221209_143805,2453.0,1.0094359
4313,L09,DR_20221209_143805,2454.0,0.94615823
4314,L09,DR_20221209_143805,2455.0,0.99961567
4315,L09,DR_20221209_143805,2456.0,0.9922361
4316,L10,DR_20221209_143805,2457.0,1.0325843
4317,L10,DR_20221209_143805,2458.0,0.96622306
4318,L10,DR_20221209_143805,2459.0,0.9735968
4319,L10,DR_20221209_143805,2460.0,1.0010701
4320,L10,DR_20221209_143805,2461.0,1.0076385
4321,L10,DR_20221209_143805,2462.0,1.0095627
4322,L10,DR_20221209_143805,2463.0,0.97388804
4323,L10,DR_20221209_143805,2464.0,1.0027496
4324,L10,DR_20221209_143805,2465.0,0.9857359
4325,L11,DR_20221209_143805,2466.0,0.9890493
4326,L11,DR_20221209_143805,2467.0,0.9383835
4327,L11,DR_20221209_143805,2468.0,0.9862398
4328,L11,DR_20221209_143805,2469.0,1.0009177
4329,L11,DR_20221209_143805,2470.0,0.7364656
4330,L11,DR_20221209_143805,2471.0,0.97776556
4331,L11,DR_20221209_143805,2472.0,0.96249366
4332,L11,DR_20221209_143805,2473.0,0.9765298
4333,L11,DR_20221209_143805,2474.0,0.99798244
4334,L12,DR_20221209_143805,2475.0,0.8820802
4335,L12,DR_20221209_143805,2476.0,0.76648885
4336,L12,DR_20221209_143805,2477.0,0.5896564
4337,L12,DR_20221209_143805,2478.0,0.64692545
4338,L12,DR_20221209_143805,2479.0,1.010131
4339,L12,DR_20221209_143805,2480.0,0.9954065
4340,L12,DR_20221209_143805,2481.0,0.99736524
4341,L12,DR_20221209_143805,2482.0,0.98268485
4342,L12,DR_20221209_143805,2483.0,0.97609854
4343,L13,DR_20221209_143805,2484.0,0.99929535
4344,L13,DR_20221209_143805,2485.0,0.94880867
4345,L13,DR_20221209_143805,2486.0,0.97960246
4346,L13,DR_20221209_143805,2487.0,1.0037563
4347,L13,DR_20221209_143805,2488.0,0.95550835
4348,L13,DR_20221209_143805,2489.0,1.0016181
4349,L13,DR_20221209_143805,2490.0,0.94744927
4350,L13,DR_20221209_143805,2491.0,0.9748665
4351,L13,DR_20221209_143805,2492.0,0.9840257
4352,L18,DR_20221209_143805,2529.0,1.0069275
4353,L18,DR_20221209_143805,2530.0,1.0015153
4354,L18,DR_20221209_143805,2531.0,0.831485
4355,L18,DR_20221209_143805,2532.0,0.9960233
4356,L18,DR_20221209_143805,2533.0,0.94240904
4357,L18,DR_20221209_143805,2534.0,0.98632485
4358,L18,DR_20221209_143805,2535.0,0.97113544
4359,L18,DR_20221209_143805,2536.0,0.9900986
4360,L18,DR_20221209_143805,2537.0,1.0312868
4361,L19,DR_20221209_143805,2538.0,1.0007596
4362,L19,DR_20221209_143805,2539.0,0.99238074
4363,L19,DR_20221209_143805,2540.0,0.99139625
4364,L19,DR_20221209_143805,2541.0,0.9990864
4365,L19,DR_20221209_143805,2542.0,0.90602016
4366,L19,DR_20221209_143805,2543.0,0.99673146
4367,L19,DR_20221209_143805,2544.0,0.99386597
4368,L19,DR_20221209_143805,2545.0,1.0045204
4369,L19,DR_20221209_143805,2546.0,0.99408984
4370,L22,DR_20221209_143805,2565.0,0.9977359
4371,L22,DR_20221209_143805,2566.0,1.0036312
4372,L22,DR_20221209_143805,2567.0,1.0411264
4373,L22,DR_20221209_143805,2568.0,0.9434169
4374,L22,DR_20221209_143805,2569.0,0.9074716
4375,L22,DR_20221209_143805,2570.0,0.8551051
4376,L22,DR_20221209_143805,2571.0,0.99836534
4377,L22,DR_20221209_143805,2572.0,1.0033941
4378,L22,DR_20221209_143805,2573.0,0.8858558
4415,M03,DR_20221209_143805,2610.0,0.74276394
4416,M03,DR_20221209_143805,2611.0,0.8454918
4417,M03,DR_20221209_143805,2612.0,0.85788
4418,M03,DR_20221209_143805,2613.0,0.9500129
4419,M03,DR_20221209_143805,2614.0,0.8208937
4420,M03,DR_20221209_143805,2615.0,0.5819147
4421,M03,DR_20221209_143805,2616.0,0.78982246
4422,M03,DR_20221209_143805,2617.0,0.9535762
4423,M03,DR_20221209_143805,2618.0,0.8429756
4424,M04,DR_20221209_143805,2619.0,0.78709954
4425,M04,DR_20221209_143805,2620.0,0.8364446
4426,M04,DR_20221209_143805,2621.0,0.9599229
4427,M04,DR_20221209_143805,2622.0,0.93590236
4428,M04,DR_20221209_143805,2623.0,0.8310016
4429,M04,DR_20221209_143805,2624.0,0.81532407
4430,M04,DR_20221209_143805,2625.0,0.09543271
4431,M04,DR_20221209_143805,2626.0,0.9327689
4432,M04,DR_20221209_143805,2627.0,0.7780421
4433,M05,DR_20221209_143805,2628.0,0.75593704
4434,M05,DR_20221209_143805,2629.0,0.75014466
4435,M05,DR_20221209_143805,2630.0,0.91251975
4436,M05,DR_20221209_143805,2631.0,0.9577023
4437,M05,DR_20221209_143805,2632.0,0.7290523
4438,M05,DR_20221209_143805,2633.0,0.35106286
4439,M05,DR_20221209_143805,2634.0,0.86342317
4440,M05,DR_20221209_143805,2635.0,0.91966283
4441,M05,DR_20221209_143805,2636.0,0.18996854
4442,M06,DR_20221209_143805,2637.0,0.65746266
4443,M06,DR_20221209_143805,2638.0,0.7293373
4444,M06,DR_20221209_143805,2639.0,0.67009586
4445,M06,DR_20221209_143805,2640.0,0.97596973
4446,M06,DR_20221209_143805,2641.0,0.7371373
4447,M06,DR_20221209_143805,2642.0,0.5346471
4448,M06,DR_20221209_143805,2643.0,0.66138816
4449,M06,DR_20221209_143805,2644.0,0.9449561
4450,M06,DR_20221209_143805,2645.0,0.55314976
4451,M07,DR_20221209_143805,2646.0,0.40269405
4452,M07,DR_20221209_143805,2647.0,0.61437607
4453,M07,DR_20221209_143805,2648.0,0.32811368
4454,M07,DR_20221209_143805,2649.0,0.80497175
4455,M07,DR_20221209_143805,2650.0,0.47928753
4456,M07,DR_20221209_143805,2651.0,0.661628
4457,M07,DR_20221209_143805,2652.0,0.43501905
4458,M07,DR_20221209_143805,2653.0,0.33461928
4459,M07,DR_20221209_143805,2654.0,0.13733359
4460,M08,DR_20221209_143805,2655.0,0.97558963
4461,M08,DR_20221209_143805,2656.0,0.98352915
4462,M08,DR_20221209_143805,2657.0,0.96355253
4463,M08,DR_20221209_143805,2658.0,0.9806157
4464,M08,DR_20221209_143805,2659.0,0.93997055
4465,M08,DR_20221209_143805,2660.0,0.9839398
4466,M08,DR_20221209_143805,2661.0,0.9231348
4467,M08,DR_20221209_143805,2662.0,0.8775017
4468,M08,DR_20221209_143805,2663.0,0.9915616
4469,M09,DR_20221209_143805,2664.0,0.9095099
4470,M09,DR_20221209_143805,2665.0,0.8963867
4471,M09,DR_20221209_143805,2666.0,0.9732663
4472,M09,DR_20221209_143805,2667.0,0.97907627
4473,M09,DR_20221209_143805,2668.0,0.9933503
4474,M09,DR_20221209_143805,2669.0,0.9886953
4475,M09,DR_20221209_143805,2670.0,0.9888182
4476,M09,DR_20221209_143805,2671.0,0.84795654
4477,M09,DR_20221209_143805,2672.0,1.0012408
4478,M10,DR_20221209_143805,2673.0,1.0013689
4479,M10,DR_20221209_143805,2674.0,0.7143897
4480,M10,DR_20221209_143805,2675.0,0.97369313
4481,M10,DR_20221209_143805,2676.0,0.95800203
4482,M10,DR_20221209_143805,2677.0,0.73483896
4483,M10,DR_20221209_143805,2678.0,0.97600263
4484,M10,DR_20221209_143805,2679.0,0.9972951
4485,M10,DR_20221209_143805,2680.0,0.67559403
4486,M10,DR_20221209_143805,2681.0,0.9796204
4487,M11,DR_20221209_143805,2682.0,1.0003216
4488,M11,DR_20221209_143805,2683.0,0.97244066
4489,M11,DR_20221209_143805,2684.0,1.0129205
4490,M11,DR_20221209_143805,2685.0,0.6498143
4491,M11,DR_20221209_143805,2686.0,0.65622616
4492,M11,DR_20221209_143805,2687.0,1.0064334
4493,M11,DR_20221209_143805,2688.0,1.0323622
4494,M11,DR_20221209_143805,2689.0,0.98575395
4495,M11,DR_20221209_143805,2690.0,0.9997259
4496,M12,DR_20221209_143805,2691.0,1.0024328
4497,M12,DR_20221209_143805,2692.0,1.0171636
4498,M12,DR_20221209_143805,2693.0,0.9783341
4499,M12,DR_20221209_143805,2694.0,1.0004692
4500,M12,DR_20221209_143805,2695.0,0.9589872
4501,M12,DR_20221209_143805,2696.0,0.9887845
4502,M12,DR_20221209_143805,2697.0,0.9989595
4503,M12,DR_20221209_143805,2698.0,0.9891458
4504,M12,DR_20221209_143805,2699.0,0.97958606
4514,N03,DR_20221209_143805,2718.0,0.7594549
4515,N03,DR_20221209_143805,2719.0,0.71150786
4516,N03,DR_20221209_143805,2720.0,0.6990693
4517,N03,DR_20221209_143805,2721.0,0.8497827
4518,N03,DR_20221209_143805,2722.0,0.8199199
4519,N03,DR_20221209_143805,2723.0,0.7347031
4520,N03,DR_20221209_143805,2724.0,0.99922705
4521,N03,DR_20221209_143805,2725.0,0.7882873
4522,N03,DR_20221209_143805,2726.0,0.43217918
4523,N04,DR_20221209_143805,2727.0,0.70280087
4524,N04,DR_20221209_143805,2728.0,0.231346
4525,N04,DR_20221209_143805,2729.0,0.33683023
4526,N04,DR_20221209_143805,2730.0,0.71589327
4527,N04,DR_20221209_143805,2731.0,0.83356327
4528,N04,DR_20221209_143805,2732.0,0.7182635
4529,N04,DR_20221209_143805,2733.0,0.9053227
4530,N04,DR_20221209_143805,2734.0,0.70088327
4531,N04,DR_20221209_143805,2735.0,1.0325528
4532,N05,DR_20221209_143805,2736.0,0.8621843
4533,N05,DR_20221209_143805,2737.0,0.73342764
4534,N05,DR_20221209_143805,2738.0,0.9228396
4535,N05,DR_20221209_143805,2739.0,0.605331
4536,N05,DR_20221209_143805,2740.0,0.34729746
4537,N05,DR_20221209_143805,2741.0,0.72645676
4538,N05,DR_20221209_143805,2742.0,1.039656
4539,N05,DR_20221209_143805,2743.0,0.9390504
4540,N05,DR_20221209_143805,2744.0,1.0271169
4541,N06,DR_20221209_143805,2745.0,0.94876796
4542,N06,DR_20221209_143805,2746.0,0.5720889
4543,N06,DR_20221209_143805,2747.0,0.88612807
4544,N06,DR_20221209_143805,2748.0,0.5710477
4545,N06,DR_20221209_143805,2749.0,0.75356585
4546,N06,DR_20221209_143805,2750.0,0.1443376
4547,N06,DR_20221209_143805,2751.0,0.3934271
4548,N06,DR_20221209_143805,2752.0,0.5127179
4549,N06,DR_20221209_143805,2753.0,0.93125385
4550,N07,DR_20221209_143805,2754.0,0.5303323
4551,N07,DR_20221209_143805,2755.0,0.72773296
4552,N07,DR_20221209_143805,2756.0,0.5076838
4553,N07,DR_20221209_143805,2757.0,0.9566799
4554,N07,DR_20221209_143805,2758.0,0.9411845
4555,N07,DR_20221209_143805,2759.0,0.5182751
4556,N07,DR_20221209_143805,2760.0,0.64616734
4557,N07,DR_20221209_143805,2761.0,0.5147971
4558,N07,DR_20221209_143805,2762.0,0.652446
4559,N08,DR_20221209_143805,2763.0,0.9835041
4560,N08,DR_20221209_143805,2764.0,0.96031725
4561,N08,DR_20221209_143805,2765.0,0.95460194
4562,N08,DR_20221209_143805,2766.0,0.990187
4563,N08,DR_20221209_143805,2767.0,0.877929
4564,N08,DR_20221209_143805,2768.0,0.8321371
4565,N08,DR_20221209_143805,2769.0,0.98750323
4566,N08,DR_20221209_143805,2770.0,0.78250116
4567,N08,DR_20221209_143805,2771.0,1.0085417
4568,N09,DR_20221209_143805,2772.0,0.25438407
4569,N09,DR_20221209_143805,2773.0,0.899727
4570,N09,DR_20221209_143805,2774.0,0.79583955
4571,N09,DR_20221209_143805,2775.0,0.90054744
4572,N09,DR_20221209_143805,2776.0,0.628734
4573,N09,DR_20221209_143805,2777.0,0.76318926
4574,N09,DR_20221209_143805,2778.0,0.906507
4575,N09,DR_20221209_143805,2779.0,0.76123506
4576,N09,DR_20221209_143805,2780.0,0.52214855
4577,N10,DR_20221209_143805,2781.0,0.96856433
4578,N10,DR_20221209_143805,2782.0,0.99698913
4579,N10,DR_20221209_143805,2783.0,0.99154943
4580,N10,DR_20221209_143805,2784.0,0.97442824
4581,N10,DR_20221209_143805,2785.0,0.9843201
4582,N10,DR_20221209_143805,2786.0,0.970773
4583,N10,DR_20221209_143805,2787.0,0.690427
4584,N10,DR_20221209_143805,2788.0,0.9733025
4585,N10,DR_20221209_143805,2789.0,0.95572466
4586,N11,DR_20221209_143805,2790.0,0.9866046
4587,N11,DR_20221209_143805,2791.0,0.9914211
4588,N11,DR_20221209_143805,2792.0,0.9606413
4589,N11,DR_20221209_143805,2793.0,0.96696126
4590,N11,DR_20221209_143805,2794.0,0.9218369
4591,N11,DR_20221209_143805,2795.0,0.9946163
4592,N11,DR_20221209_143805,2796.0,1.0017459
4593,N11,DR_20221209_143805,2797.0,1.018531
4594,N11,DR_20221209_143805,2798.0,0.9566229
4595,N12,DR_20221209_143805,2799.0,0.9962218
4596,N12,DR_20221209_143805,2800.0,0.93574584
4597,N12,DR_20221209_143805,2801.0,0.9971964
4598,N12,DR_20221209_143805,2802.0,0.9853882
4599,N12,DR_20221209_143805,2803.0,0.97979516
4600,N12,DR_20221209_143805,2804.0,0.997363
4601,N12,DR_20221209_143805,2805.0,0.9323429
4602,N12,DR_20221209_143805,2806.0,0.84424156
4603,N12,DR_20221209_143805,2807.0,1.0191528
4622,O04,DR_20221209_143805,2835.0,0.34848177
4623,O04,DR_20221209_143805,2836.0,1.0081799
4624,O04,DR_20221209_143805,2837.0,1.0540043
4625,O04,DR_20221209_143805,2838.0,1.0000888
4626,O04,DR_20221209_143805,2839.0,1.0248649
4627,O04,DR_20221209_143805,2840.0,0.64450145
4628,O04,DR_20221209_143805,2841.0,0.8985352
4629,O04,DR_20221209_143805,2842.0,1.0191783
4630,O04,DR_20221209_143805,2843.0,0.79350716
4631,O05,DR_20221209_143805,2844.0,0.607789
4632,O05,DR_20221209_143805,2845.0,0.2943518
4633,O05,DR_20221209_143805,2846.0,0.69339174
4634,O05,DR_20221209_143805,2847.0,0.78410035
4635,O05,DR_20221209_143805,2848.0,0.39213282
4636,O05,DR_20221209_143805,2849.0,0.12526524
4637,O05,DR_20221209_143805,2850.0,0.86056423
4638,O05,DR_20221209_143805,2851.0,0.8457451
4639,O05,DR_20221209_143805,2852.0,0.8347377
4640,O06,DR_20221209_143805,2853.0,0.1920676
4641,O06,DR_20221209_143805,2854.0,0.7447246
4642,O06,DR_20221209_143805,2855.0,0.95073533
4643,O06,DR_20221209_143805,2856.0,0.7945294
4644,O06,DR_20221209_143805,2857.0,0.9603654
4645,O06,DR_20221209_143805,2858.0,0.12862498
4646,O06,DR_20221209_143805,2859.0,0.91982883
4647,O06,DR_20221209_143805,2860.0,0.6488132
4648,O06,DR_20221209_143805,2861.0,0.8890607
4649,O07,DR_20221209_143805,2862.0,0.4587283
4650,O07,DR_20221209_143805,2863.0,0.75747705
4651,O07,DR_20221209_143805,2864.0,0.6301871
4652,O07,DR_20221209_143805,2865.0,0.9775483
4653,O07,DR_20221209_143805,2866.0,0.9034188
4654,O07,DR_20221209_143805,2867.0,0.6593148
4655,O07,DR_20221209_143805,2868.0,0.76155096
4656,O07,DR_20221209_143805,2869.0,0.8369756
4657,O07,DR_20221209_143805,2870.0,0.6346473
4658,O08,DR_20221209_143805,2871.0,0.8997136
4659,O08,DR_20221209_143805,2872.0,0.6916503
4660,O08,DR_20221209_143805,2873.0,0.98315334
4661,O08,DR_20221209_143805,2874.0,0.9839012
4662,O08,DR_20221209_143805,2875.0,1.0039579
4663,O08,DR_20221209_143805,2876.0,0.99351984
4664,O08,DR_20221209_143805,2877.0,0.95775765
4665,O08,DR_20221209_143805,2878.0,0.99602103
4666,O08,DR_20221209_143805,2879.0,1.0010701
4667,O09,DR_20221209_143805,2880.0,0.99412996
4668,O09,DR_20221209_143805,2881.0,0.98933977
4669,O09,DR_20221209_143805,2882.0,0.9526895
4670,O09,DR_20221209_143805,2883.0,0.98004586
4671,O09,DR_20221209_143805,2884.0,0.8994414
4672,O09,DR_20221209_143805,2885.0,0.9774789
4673,O09,DR_20221209_143805,2886.0,0.9798755
4674,O09,DR_20221209_143805,2887.0,0.9918457
4675,O09,DR_20221209_143805,2888.0,0.97287095
4676,O12,DR_20221209_143805,2907.0,0.8820456
4677,O12,DR_20221209_143805,2908.0,0.68229604
4678,O12,DR_20221209_143805,2909.0,1.0207636
4679,O12,DR_20221209_143805,2910.0,1.0205199
4680,O12,DR_20221209_143805,2911.0,0.83919036
4681,O12,DR_20221209_143805,2912.0,1.0085351
4682,O12,DR_20221209_143805,2913.0,1.0050561
4683,O12,DR_20221209_143805,2914.0,0.8901599
4684,O12,DR_20221209_143805,2915.0,1.023563
