,Image_Metadata_WellID,Image_Metadata_PlateID,ImageNumber,score
1941,A03,DR_20221209_143805,19.0,0.5299784
1942,A03,DR_20221209_143805,20.0,0.5236259
1943,A03,DR_20221209_143805,21.0,0.4068607
1944,A03,DR_20221209_143805,22.0,0.20618562
1945,A03,DR_20221209_143805,23.0,0.4822765
1946,A03,DR_20221209_143805,24.0,0.51016676
1947,A03,DR_20221209_143805,25.0,0.2216162
1948,A03,DR_20221209_143805,26.0,0.108755566
1949,A03,DR_20221209_143805,27.0,0.03848082
1950,A04,DR_20221209_143805,28.0,0.40914312
1951,A04,DR_20221209_143805,29.0,0.9813635
1952,A04,DR_20221209_143805,30.0,0.7062451
1953,A04,DR_20221209_143805,31.0,0.6624721
1954,A04,DR_20221209_143805,32.0,0.58868563
1955,A04,DR_20221209_143805,33.0,0.66164225
1956,A04,DR_20221209_143805,34.0,0.6241163
1957,A04,DR_20221209_143805,35.0,0.28361115
1958,A04,DR_20221209_143805,36.0,0.47403774
1959,A05,DR_20221209_143805,37.0,1.0333009
1960,A05,DR_20221209_143805,38.0,0.42906407
1961,A05,DR_20221209_143805,39.0,0.2001
1962,A05,DR_20221209_143805,40.0,0.46861503
1963,A05,DR_20221209_143805,41.0,0.53107965
1964,A05,DR_20221209_143805,42.0,0.96118766
1965,A05,DR_20221209_143805,43.0,1.0019456
1966,A05,DR_20221209_143805,44.0,0.42788792
1967,A05,DR_20221209_143805,45.0,0.90091324
1968,A06,DR_20221209_143805,46.0,0.99592125
1969,A06,DR_20221209_143805,47.0,0.93413615
1970,A06,DR_20221209_143805,48.0,0.37625
1971,A06,DR_20221209_143805,49.0,0.9285684
1972,A06,DR_20221209_143805,50.0,0.40169188
1973,A06,DR_20221209_143805,51.0,0.9955608
1974,A06,DR_20221209_143805,52.0,0.84158033
1975,A06,DR_20221209_143805,53.0,0.7948565
1976,A06,DR_20221209_143805,54.0,0.7864386
1977,A07,DR_20221209_143805,55.0,0.99202865
1978,A07,DR_20221209_143805,56.0,0.1872224
1979,A07,DR_20221209_143805,57.0,0.96627754
1980,A07,DR_20221209_143805,58.0,0.5246094
1981,A07,DR_20221209_143805,59.0,0.27012306
1982,A07,DR_20221209_143805,60.0,0.23769672
1983,A07,DR_20221209_143805,61.0,1.0158652
1984,A07,DR_20221209_143805,62.0,0.11553831
1985,A07,DR_20221209_143805,63.0,0.6649305
1986,A08,DR_20221209_143805,64.0,0.8776464
1987,A08,DR_20221209_143805,65.0,0.5066037
1988,A08,DR_20221209_143805,66.0,0.9038948
1989,A08,DR_20221209_143805,67.0,0.3402374
1990,A08,DR_20221209_143805,68.0,0.50561154
1991,A08,DR_20221209_143805,69.0,0.9690904
1992,A08,DR_20221209_143805,70.0,0.87211066
1993,A08,DR_20221209_143805,71.0,1.0140516
1994,A08,DR_20221209_143805,72.0,0.9132293
1995,A09,DR_20221209_143805,73.0,0.9396659
1996,A09,DR_20221209_143805,74.0,0.90274215
1997,A09,DR_20221209_143805,75.0,0.96775526
1998,A09,DR_20221209_143805,76.0,0.23092903
1999,A09,DR_20221209_143805,77.0,0.32772857
2000,A09,DR_20221209_143805,78.0,0.6961731
2001,A09,DR_20221209_143805,79.0,0.39527917
2002,A09,DR_20221209_143805,80.0,0.6838239
2003,A09,DR_20221209_143805,81.0,0.49160522
2004,A10,DR_20221209_143805,82.0,1.0007619
2005,A10,DR_20221209_143805,83.0,0.49032244
2006,A10,DR_20221209_143805,84.0,0.9022173
2007,A10,DR_20221209_143805,85.0,0.3237264
2008,A10,DR_20221209_143805,86.0,0.07226777
2009,A10,DR_20221209_143805,87.0,0.17548151
2010,A10,DR_20221209_143805,88.0,0.9215364
2011,A10,DR_20221209_143805,89.0,0.40960258
2012,A10,DR_20221209_143805,90.0,0.8231838
2013,A11,DR_20221209_143805,91.0,1.0692421
2014,A11,DR_20221209_143805,92.0,0.29297537
2015,A11,DR_20221209_143805,93.0,0.63937765
2016,A11,DR_20221209_143805,94.0,0.24427252
2017,A11,DR_20221209_143805,95.0,0.020747878
2018,A11,DR_20221209_143805,96.0,0.47327843
2019,A11,DR_20221209_143805,97.0,0.31570774
2020,A11,DR_20221209_143805,98.0,0.17359304
2021,A11,DR_20221209_143805,99.0,0.16017063
2022,A12,DR_20221209_143805,100.0,0.90063703
2023,A12,DR_20221209_143805,101.0,0.6095559
2024,A12,DR_20221209_143805,102.0,0.90380055
2025,A12,DR_20221209_143805,103.0,0.33742103
2026,A12,DR_20221209_143805,104.0,0.14308013
2027,A12,DR_20221209_143805,105.0,0.9358997
2028,A12,DR_20221209_143805,106.0,0.44544864
2029,A12,DR_20221209_143805,107.0,0.27429128
2030,A12,DR_20221209_143805,108.0,0.10671224
2031,A13,DR_20221209_143805,109.0,0.9433703
2032,A13,DR_20221209_143805,110.0,0.8969118
2033,A13,DR_20221209_143805,111.0,0.4159855
2034,A13,DR_20221209_143805,112.0,-0.00095005526
2035,A13,DR_20221209_143805,113.0,0.17073777
2036,A13,DR_20221209_143805,114.0,0.20305061
2037,A13,DR_20221209_143805,115.0,0.5491387
2038,A13,DR_20221209_143805,116.0,0.012374773
2039,A13,DR_20221209_143805,117.0,0.022734739
2040,A14,DR_20221209_143805,118.0,0.3707294
2041,A14,DR_20221209_143805,119.0,0.1506864
2042,A14,DR_20221209_143805,120.0,0.19923851
2043,A14,DR_20221209_143805,121.0,0.25599158
2044,A14,DR_20221209_143805,122.0,0.13113269
2045,A14,DR_20221209_143805,123.0,0.96976995
2046,A14,DR_20221209_143805,124.0,1.0175731
2047,A14,DR_20221209_143805,125.0,-0.011721957
2048,A14,DR_20221209_143805,126.0,0.405086
2049,A15,DR_20221209_143805,127.0,0.30351517
2050,A15,DR_20221209_143805,128.0,0.9940745
2051,A15,DR_20221209_143805,129.0,1.0006402
2052,A15,DR_20221209_143805,130.0,0.5850317
2053,A15,DR_20221209_143805,131.0,0.40437853
2054,A15,DR_20221209_143805,132.0,0.29101133
2055,A15,DR_20221209_143805,133.0,0.85677624
2056,A15,DR_20221209_143805,134.0,0.10618604
2057,A15,DR_20221209_143805,135.0,0.31760657
2058,A16,DR_20221209_143805,136.0,0.68072855
2059,A16,DR_20221209_143805,137.0,0.6256805
2060,A16,DR_20221209_143805,138.0,0.22448319
2061,A16,DR_20221209_143805,139.0,0.5596049
2062,A16,DR_20221209_143805,140.0,0.57383156
2063,A16,DR_20221209_143805,141.0,0.45504576
2064,A16,DR_20221209_143805,142.0,0.20706552
2065,A16,DR_20221209_143805,143.0,0.42252287
2066,A16,DR_20221209_143805,144.0,0.35965735
2067,A17,DR_20221209_143805,145.0,0.193098
2068,A17,DR_20221209_143805,146.0,0.28785595
2069,A17,DR_20221209_143805,147.0,0.2770318
2070,A17,DR_20221209_143805,148.0,0.20626418
2071,A17,DR_20221209_143805,149.0,0.28462487
2072,A17,DR_20221209_143805,150.0,0.30462077
2073,A17,DR_20221209_143805,151.0,0.42971778
2074,A17,DR_20221209_143805,152.0,0.32287365
2075,A17,DR_20221209_143805,153.0,0.43380505
2076,A18,DR_20221209_143805,154.0,0.11536014
2077,A18,DR_20221209_143805,155.0,0.14697309
2078,A18,DR_20221209_143805,156.0,0.61999935
2079,A18,DR_20221209_143805,157.0,0.44476083
2080,A18,DR_20221209_143805,158.0,0.32020438
2081,A18,DR_20221209_143805,159.0,0.36126658
2082,A18,DR_20221209_143805,160.0,0.37310156
2083,A18,DR_20221209_143805,161.0,0.3600133
2084,A18,DR_20221209_143805,162.0,0.45247388
2085,A19,DR_20221209_143805,163.0,0.9378777
2086,A19,DR_20221209_143805,164.0,0.4661964
2087,A19,DR_20221209_143805,165.0,0.63805574
2088,A19,DR_20221209_143805,166.0,0.6625349
2089,A19,DR_20221209_143805,167.0,0.18127124
2090,A19,DR_20221209_143805,168.0,1.0778277
2091,A19,DR_20221209_143805,169.0,0.78017306
2092,A19,DR_20221209_143805,170.0,0.4801992
2093,A19,DR_20221209_143805,171.0,0.42873776
2094,A20,DR_20221209_143805,172.0,0.129971
2095,A20,DR_20221209_143805,173.0,0.2841243
2096,A20,DR_20221209_143805,174.0,0.4008075
2097,A20,DR_20221209_143805,175.0,0.56161505
2098,A20,DR_20221209_143805,176.0,0.47265235
2099,A20,DR_20221209_143805,177.0,0.1810634
2100,A20,DR_20221209_143805,178.0,0.6780262
2101,A20,DR_20221209_143805,179.0,0.91743433
2102,A20,DR_20221209_143805,180.0,0.31674474
2103,A21,DR_20221209_143805,181.0,0.848384
2104,A21,DR_20221209_143805,182.0,-0.020435667
2105,A21,DR_20221209_143805,183.0,0.49820283
2106,A21,DR_20221209_143805,184.0,0.1181857
2107,A21,DR_20221209_143805,185.0,0.29600966
2108,A21,DR_20221209_143805,186.0,0.34769586
2109,A21,DR_20221209_143805,187.0,0.8157912
2110,A21,DR_20221209_143805,188.0,0.9267251
2111,A21,DR_20221209_143805,189.0,0.5463996
2112,A22,DR_20221209_143805,190.0,0.970301
2113,A22,DR_20221209_143805,191.0,0.942457
2114,A22,DR_20221209_143805,192.0,0.2543486
2115,A22,DR_20221209_143805,193.0,0.2921168
2116,A22,DR_20221209_143805,194.0,0.91830045
2117,A22,DR_20221209_143805,195.0,1.0838143
2118,A22,DR_20221209_143805,196.0,0.3536095
2119,A22,DR_20221209_143805,197.0,0.93000257
2120,A22,DR_20221209_143805,198.0,0.3166191
2157,B03,DR_20221209_143805,235.0,0.2961149
2158,B03,DR_20221209_143805,236.0,0.9275481
2159,B03,DR_20221209_143805,237.0,0.30921298
2160,B03,DR_20221209_143805,238.0,0.45891485
2161,B03,DR_20221209_143805,239.0,0.10117393
2162,B03,DR_20221209_143805,240.0,0.635342
2163,B03,DR_20221209_143805,241.0,0.5968442
2164,B03,DR_20221209_143805,242.0,0.41081056
2165,B03,DR_20221209_143805,243.0,0.005718905
2166,B04,DR_20221209_143805,244.0,0.45328203
2167,B04,DR_20221209_143805,245.0,0.4573462
2168,B04,DR_20221209_143805,246.0,0.2401024
2169,B04,DR_20221209_143805,247.0,0.20013686
2170,B04,DR_20221209_143805,248.0,0.373245
2171,B04,DR_20221209_143805,249.0,0.4933638
2172,B04,DR_20221209_143805,250.0,0.20511904
2173,B04,DR_20221209_143805,251.0,0.60242873
2174,B04,DR_20221209_143805,252.0,0.20398042
2175,B05,DR_20221209_143805,253.0,0.9466857
2176,B05,DR_20221209_143805,254.0,0.8869317
2177,B05,DR_20221209_143805,255.0,0.9394312
2178,B05,DR_20221209_143805,256.0,0.55065084
2179,B05,DR_20221209_143805,257.0,0.6117578
2180,B05,DR_20221209_143805,258.0,0.8718997
2181,B05,DR_20221209_143805,259.0,0.57608414
2182,B05,DR_20221209_143805,260.0,0.9458438
2183,B05,DR_20221209_143805,261.0,0.78797346
2184,B06,DR_20221209_143805,262.0,0.9150712
2185,B06,DR_20221209_143805,263.0,0.540254
2186,B06,DR_20221209_143805,264.0,0.5632394
2187,B06,DR_20221209_143805,265.0,0.48851448
2188,B06,DR_20221209_143805,266.0,0.33028
2189,B06,DR_20221209_143805,267.0,0.8512459
2190,B06,DR_20221209_143805,268.0,0.8724648
2191,B06,DR_20221209_143805,269.0,0.41983214
2192,B06,DR_20221209_143805,270.0,0.29106817
2193,B07,DR_20221209_143805,271.0,0.4128477
2194,B07,DR_20221209_143805,272.0,0.49597776
2195,B07,DR_20221209_143805,273.0,0.8612746
2196,B07,DR_20221209_143805,274.0,0.4887821
2197,B07,DR_20221209_143805,275.0,0.5135286
2198,B07,DR_20221209_143805,276.0,0.9112731
2199,B07,DR_20221209_143805,277.0,0.3877177
2200,B07,DR_20221209_143805,278.0,0.9590559
2201,B07,DR_20221209_143805,279.0,0.27745953
2202,B08,DR_20221209_143805,280.0,0.8716437
2203,B08,DR_20221209_143805,281.0,0.40769848
2204,B08,DR_20221209_143805,282.0,0.9878722
2205,B08,DR_20221209_143805,283.0,0.014998117
2206,B08,DR_20221209_143805,284.0,0.37659568
2207,B08,DR_20221209_143805,285.0,1.0204555
2208,B08,DR_20221209_143805,286.0,0.532392
2209,B08,DR_20221209_143805,287.0,0.6899788
2210,B08,DR_20221209_143805,288.0,0.2450878
2211,B09,DR_20221209_143805,289.0,0.26128653
2212,B09,DR_20221209_143805,290.0,0.9301779
2213,B09,DR_20221209_143805,291.0,0.037008815
2214,B09,DR_20221209_143805,292.0,-0.02135334
2215,B09,DR_20221209_143805,293.0,0.15045331
2216,B09,DR_20221209_143805,294.0,0.88926816
2217,B09,DR_20221209_143805,295.0,0.33942088
2218,B09,DR_20221209_143805,296.0,0.45547983
2219,B09,DR_20221209_143805,297.0,0.05816969
2220,B10,DR_20221209_143805,298.0,0.38331172
2221,B10,DR_20221209_143805,299.0,0.2912289
2222,B10,DR_20221209_143805,300.0,0.37735385
2223,B10,DR_20221209_143805,301.0,0.17276534
2224,B10,DR_20221209_143805,302.0,0.15511903
2225,B10,DR_20221209_143805,303.0,0.16152655
2226,B10,DR_20221209_143805,304.0,0.91998065
2227,B10,DR_20221209_143805,305.0,0.3291814
2228,B10,DR_20221209_143805,306.0,0.54549617
2229,B11,DR_20221209_143805,307.0,0.5034696
2230,B11,DR_20221209_143805,308.0,0.33129185
2231,B11,DR_20221209_143805,309.0,0.76911885
2232,B11,DR_20221209_143805,310.0,0.4376851
2233,B11,DR_20221209_143805,311.0,0.3190247
2234,B11,DR_20221209_143805,312.0,1.0554718
2235,B11,DR_20221209_143805,313.0,0.24462384
2236,B11,DR_20221209_143805,314.0,0.54744536
2237,B11,DR_20221209_143805,315.0,0.15844847
2238,B12,DR_20221209_143805,316.0,0.9501608
2239,B12,DR_20221209_143805,317.0,0.6618181
2240,B12,DR_20221209_143805,318.0,0.221932
2241,B12,DR_20221209_143805,319.0,0.4576606
2242,B12,DR_20221209_143805,320.0,0.9553305
2243,B12,DR_20221209_143805,321.0,1.0526937
2244,B12,DR_20221209_143805,322.0,0.57326496
2245,B12,DR_20221209_143805,323.0,0.6348636
2246,B12,DR_20221209_143805,324.0,0.4722802
2247,B13,DR_20221209_143805,325.0,0.2999706
2248,B13,DR_20221209_143805,326.0,0.18877818
2249,B13,DR_20221209_143805,327.0,0.9615399
2250,B13,DR_20221209_143805,328.0,-0.031900555
2251,B13,DR_20221209_143805,329.0,0.15467173
2252,B13,DR_20221209_143805,330.0,0.33900473
2253,B13,DR_20221209_143805,331.0,0.23737918
2254,B13,DR_20221209_143805,332.0,0.7018048
2255,B13,DR_20221209_143805,333.0,0.40978146
2256,B14,DR_20221209_143805,334.0,0.34996194
2257,B14,DR_20221209_143805,335.0,0.91307694
2258,B14,DR_20221209_143805,336.0,0.28513777
2259,B14,DR_20221209_143805,337.0,0.4732828
2260,B14,DR_20221209_143805,338.0,0.18350673
2261,B14,DR_20221209_143805,339.0,0.12280951
2262,B14,DR_20221209_143805,340.0,0.17432156
2263,B14,DR_20221209_143805,341.0,0.15488265
2264,B14,DR_20221209_143805,342.0,0.09068785
2265,B15,DR_20221209_143805,343.0,0.7391557
2266,B15,DR_20221209_143805,344.0,0.9799012
2267,B15,DR_20221209_143805,345.0,0.97772706
2268,B15,DR_20221209_143805,346.0,0.9379875
2269,B15,DR_20221209_143805,347.0,0.3296391
2270,B15,DR_20221209_143805,348.0,0.883125
2271,B15,DR_20221209_143805,349.0,0.3851542
2272,B15,DR_20221209_143805,350.0,0.33132204
2273,B15,DR_20221209_143805,351.0,0.47292125
2274,B16,DR_20221209_143805,352.0,0.5141814
2275,B16,DR_20221209_143805,353.0,0.8234239
2276,B16,DR_20221209_143805,354.0,0.55971724
2277,B16,DR_20221209_143805,355.0,0.5890283
2278,B16,DR_20221209_143805,356.0,0.37123656
2279,B16,DR_20221209_143805,357.0,0.6888856
2280,B16,DR_20221209_143805,358.0,0.12300604
2281,B16,DR_20221209_143805,359.0,0.10516864
2282,B16,DR_20221209_143805,360.0,0.2759486
2283,B17,DR_20221209_143805,361.0,0.14582011
2284,B17,DR_20221209_143805,362.0,0.08679304
2285,B17,DR_20221209_143805,363.0,0.5551906
2286,B17,DR_20221209_143805,364.0,0.45750898
2287,B17,DR_20221209_143805,365.0,0.27161667
2288,B17,DR_20221209_143805,366.0,0.16211183
2289,B17,DR_20221209_143805,367.0,0.7985712
2290,B17,DR_20221209_143805,368.0,0.8394157
2291,B17,DR_20221209_143805,369.0,0.23026893
2292,B18,DR_20221209_143805,370.0,0.27417293
2293,B18,DR_20221209_143805,371.0,0.2819635
2294,B18,DR_20221209_143805,372.0,0.3842355
2295,B18,DR_20221209_143805,373.0,0.44044125
2296,B18,DR_20221209_143805,374.0,0.28345388
2297,B18,DR_20221209_143805,375.0,0.96020144
2298,B18,DR_20221209_143805,376.0,0.98910487
2299,B18,DR_20221209_143805,377.0,0.7914284
2300,B18,DR_20221209_143805,378.0,0.5837496
2301,B19,DR_20221209_143805,379.0,0.43447882
2302,B19,DR_20221209_143805,380.0,0.12859666
2303,B19,DR_20221209_143805,381.0,0.27671623
2304,B19,DR_20221209_143805,382.0,0.32412273
2305,B19,DR_20221209_143805,383.0,0.14724554
2306,B19,DR_20221209_143805,384.0,0.51408654
2307,B19,DR_20221209_143805,385.0,0.23974752
2308,B19,DR_20221209_143805,386.0,0.17230672
2309,B19,DR_20221209_143805,387.0,0.34305868
2310,B20,DR_20221209_143805,388.0,0.9577356
2311,B20,DR_20221209_143805,389.0,0.4027063
2312,B20,DR_20221209_143805,390.0,0.5268265
2313,B20,DR_20221209_143805,391.0,0.36499184
2314,B20,DR_20221209_143805,392.0,0.38429725
2315,B20,DR_20221209_143805,393.0,0.1805436
2316,B20,DR_20221209_143805,394.0,0.8729365
2317,B20,DR_20221209_143805,395.0,0.65428483
2318,B20,DR_20221209_143805,396.0,0.40477568
2319,B21,DR_20221209_143805,397.0,0.41365534
2320,B21,DR_20221209_143805,398.0,0.4576866
2321,B21,DR_20221209_143805,399.0,0.3220398
2322,B21,DR_20221209_143805,400.0,0.6746665
2323,B21,DR_20221209_143805,401.0,0.42348865
2324,B21,DR_20221209_143805,402.0,0.945836
2325,B21,DR_20221209_143805,403.0,0.24119648
2326,B21,DR_20221209_143805,404.0,0.9757337
2327,B21,DR_20221209_143805,405.0,0.59513587
2328,B22,DR_20221209_143805,406.0,0.123160794
2329,B22,DR_20221209_143805,407.0,0.069115035
2330,B22,DR_20221209_143805,408.0,0.35792366
2331,B22,DR_20221209_143805,409.0,0.37080866
2332,B22,DR_20221209_143805,410.0,0.09647609
2333,B22,DR_20221209_143805,411.0,-0.009973349
2334,B22,DR_20221209_143805,412.0,0.38365635
2335,B22,DR_20221209_143805,413.0,0.47962493
2336,B22,DR_20221209_143805,414.0,0.1464545
2373,C03,DR_20221209_143805,451.0,0.34900147
2374,C03,DR_20221209_143805,452.0,0.75791323
2375,C03,DR_20221209_143805,453.0,0.4514955
2376,C03,DR_20221209_143805,454.0,0.779662
2377,C03,DR_20221209_143805,455.0,0.37106705
2378,C03,DR_20221209_143805,456.0,0.46481186
2379,C03,DR_20221209_143805,457.0,0.5334014
2380,C03,DR_20221209_143805,458.0,0.39387277
2381,C03,DR_20221209_143805,459.0,0.647285
2382,C04,DR_20221209_143805,460.0,0.8764734
2383,C04,DR_20221209_143805,461.0,0.3961339
2384,C04,DR_20221209_143805,462.0,0.3157445
2385,C04,DR_20221209_143805,463.0,0.41977358
2386,C04,DR_20221209_143805,464.0,0.5213613
2387,C04,DR_20221209_143805,465.0,0.49435627
2388,C04,DR_20221209_143805,466.0,0.40024403
2389,C04,DR_20221209_143805,467.0,0.36532795
2390,C04,DR_20221209_143805,468.0,0.14261526
2391,C05,DR_20221209_143805,469.0,0.24146152
2392,C05,DR_20221209_143805,470.0,0.44417912
2393,C05,DR_20221209_143805,471.0,0.30445668
2394,C05,DR_20221209_143805,472.0,-0.0041628955
2395,C05,DR_20221209_143805,473.0,0.22307557
2396,C05,DR_20221209_143805,474.0,0.26967064
2397,C05,DR_20221209_143805,475.0,0.23771901
2398,C05,DR_20221209_143805,476.0,0.30265456
2399,C05,DR_20221209_143805,477.0,0.20540553
2400,C06,DR_20221209_143805,478.0,0.23400882
2401,C06,DR_20221209_143805,479.0,0.87011194
2402,C06,DR_20221209_143805,480.0,0.46971014
2403,C06,DR_20221209_143805,481.0,-0.033252757
2404,C06,DR_20221209_143805,482.0,0.34824902
2405,C06,DR_20221209_143805,483.0,0.9091831
2406,C06,DR_20221209_143805,484.0,0.92405415
2407,C06,DR_20221209_143805,485.0,0.9352708
2408,C06,DR_20221209_143805,486.0,0.6709032
2409,C07,DR_20221209_143805,487.0,0.6952553
2410,C07,DR_20221209_143805,488.0,0.15635906
2411,C07,DR_20221209_143805,489.0,1.0335717
2412,C07,DR_20221209_143805,490.0,0.1515359
2413,C07,DR_20221209_143805,491.0,0.4312888
2414,C07,DR_20221209_143805,492.0,0.95934695
2415,C07,DR_20221209_143805,493.0,1.0155414
2416,C07,DR_20221209_143805,494.0,1.0264969
2417,C07,DR_20221209_143805,495.0,0.6369087
2418,C08,DR_20221209_143805,496.0,0.079670526
2419,C08,DR_20221209_143805,497.0,0.41302636
2420,C08,DR_20221209_143805,498.0,-0.031295694
2421,C08,DR_20221209_143805,499.0,0.14865667
2422,C08,DR_20221209_143805,500.0,0.17907418
2423,C08,DR_20221209_143805,501.0,0.13337627
2424,C08,DR_20221209_143805,502.0,0.85168266
2425,C08,DR_20221209_143805,503.0,0.115716934
2426,C08,DR_20221209_143805,504.0,0.5315026
2427,C09,DR_20221209_143805,505.0,0.2501284
2428,C09,DR_20221209_143805,506.0,0.2267864
2429,C09,DR_20221209_143805,507.0,0.9040589
2430,C09,DR_20221209_143805,508.0,0.17018597
2431,C09,DR_20221209_143805,509.0,0.38860813
2432,C09,DR_20221209_143805,510.0,0.2611018
2433,C09,DR_20221209_143805,511.0,0.99842453
2434,C09,DR_20221209_143805,512.0,0.41550714
2435,C09,DR_20221209_143805,513.0,0.40877077
2436,C10,DR_20221209_143805,514.0,0.14519541
2437,C10,DR_20221209_143805,515.0,0.2377042
2438,C10,DR_20221209_143805,516.0,0.4927752
2439,C10,DR_20221209_143805,517.0,0.4675984
2440,C10,DR_20221209_143805,518.0,0.38768086
2441,C10,DR_20221209_143805,519.0,0.24054757
2442,C10,DR_20221209_143805,520.0,0.22273986
2443,C10,DR_20221209_143805,521.0,0.96249896
2444,C10,DR_20221209_143805,522.0,0.5478044
2445,C11,DR_20221209_143805,523.0,1.0984591
2446,C11,DR_20221209_143805,524.0,0.54004693
2447,C11,DR_20221209_143805,525.0,0.6546306
2448,C11,DR_20221209_143805,526.0,0.12638924
2449,C11,DR_20221209_143805,527.0,0.17362587
2450,C11,DR_20221209_143805,528.0,0.6189648
2451,C11,DR_20221209_143805,529.0,0.30761296
2452,C11,DR_20221209_143805,530.0,0.5406932
2453,C11,DR_20221209_143805,531.0,0.5113979
2454,C12,DR_20221209_143805,532.0,0.22056621
2455,C12,DR_20221209_143805,533.0,0.8736203
2456,C12,DR_20221209_143805,534.0,0.9168752
2457,C12,DR_20221209_143805,535.0,0.2205093
2458,C12,DR_20221209_143805,536.0,0.12326334
2459,C12,DR_20221209_143805,537.0,0.1634662
2460,C12,DR_20221209_143805,538.0,0.88329214
2461,C12,DR_20221209_143805,539.0,0.5480097
2462,C12,DR_20221209_143805,540.0,0.4740591
2463,C13,DR_20221209_143805,541.0,0.14264047
2464,C13,DR_20221209_143805,542.0,0.8853689
2465,C13,DR_20221209_143805,543.0,0.14501822
2466,C13,DR_20221209_143805,544.0,0.17758007
2467,C13,DR_20221209_143805,545.0,0.1451264
2468,C13,DR_20221209_143805,546.0,0.06975309
2469,C13,DR_20221209_143805,547.0,0.9845568
2470,C13,DR_20221209_143805,548.0,0.34124416
2471,C13,DR_20221209_143805,549.0,0.26601666
2472,C14,DR_20221209_143805,550.0,0.5652656
2473,C14,DR_20221209_143805,551.0,0.94969386
2474,C14,DR_20221209_143805,552.0,0.1504556
2475,C14,DR_20221209_143805,553.0,0.16525073
2476,C14,DR_20221209_143805,554.0,0.16910748
2477,C14,DR_20221209_143805,555.0,0.16408905
2478,C14,DR_20221209_143805,556.0,0.93164474
2479,C14,DR_20221209_143805,557.0,0.55918026
2480,C14,DR_20221209_143805,558.0,0.38629305
2481,C15,DR_20221209_143805,559.0,0.26794693
2482,C15,DR_20221209_143805,560.0,0.95043254
2483,C15,DR_20221209_143805,561.0,0.5519159
2484,C15,DR_20221209_143805,562.0,0.6359766
2485,C15,DR_20221209_143805,563.0,0.16097577
2486,C15,DR_20221209_143805,564.0,0.7203208
2487,C15,DR_20221209_143805,565.0,0.954418
2488,C15,DR_20221209_143805,566.0,0.19497377
2489,C15,DR_20221209_143805,567.0,0.2963776
2490,C16,DR_20221209_143805,568.0,0.6835248
2491,C16,DR_20221209_143805,569.0,0.9420245
2492,C16,DR_20221209_143805,570.0,0.56204927
2493,C16,DR_20221209_143805,571.0,0.784188
2494,C16,DR_20221209_143805,572.0,0.2611516
2495,C16,DR_20221209_143805,573.0,1.0145954
2496,C16,DR_20221209_143805,574.0,0.3310826
2497,C16,DR_20221209_143805,575.0,0.36491013
2498,C16,DR_20221209_143805,576.0,0.67208886
2499,C17,DR_20221209_143805,577.0,0.3346397
2500,C17,DR_20221209_143805,578.0,0.26721302
2501,C17,DR_20221209_143805,579.0,0.93519187
2502,C17,DR_20221209_143805,580.0,0.21822755
2503,C17,DR_20221209_143805,581.0,0.10432248
2504,C17,DR_20221209_143805,582.0,0.9870997
2505,C17,DR_20221209_143805,583.0,0.9751895
2506,C17,DR_20221209_143805,584.0,1.0087389
2507,C17,DR_20221209_143805,585.0,0.19130668
2508,C18,DR_20221209_143805,586.0,0.31323937
2509,C18,DR_20221209_143805,587.0,0.12612374
2510,C18,DR_20221209_143805,588.0,0.82346636
2511,C18,DR_20221209_143805,589.0,0.17560364
2512,C18,DR_20221209_143805,590.0,0.398311
2513,C18,DR_20221209_143805,591.0,0.23962803
2514,C18,DR_20221209_143805,592.0,0.8700221
2515,C18,DR_20221209_143805,593.0,1.0117521
2516,C18,DR_20221209_143805,594.0,0.2660253
2517,C19,DR_20221209_143805,595.0,0.39154762
2518,C19,DR_20221209_143805,596.0,0.38046828
2519,C19,DR_20221209_143805,597.0,0.9690933
2520,C19,DR_20221209_143805,598.0,0.4032826
2521,C19,DR_20221209_143805,599.0,0.17538963
2522,C19,DR_20221209_143805,600.0,1.0037886
2523,C19,DR_20221209_143805,601.0,0.8229135
2524,C19,DR_20221209_143805,602.0,1.0188895
2525,C19,DR_20221209_143805,603.0,0.5289059
2526,C20,DR_20221209_143805,604.0,0.9533697
2527,C20,DR_20221209_143805,605.0,0.64151233
2528,C20,DR_20221209_143805,606.0,0.44990122
2529,C20,DR_20221209_143805,607.0,0.4648057
2530,C20,DR_20221209_143805,608.0,0.57781875
2531,C20,DR_20221209_143805,609.0,0.31496197
2532,C20,DR_20221209_143805,610.0,0.5054855
2533,C20,DR_20221209_143805,611.0,0.99915075
2534,C20,DR_20221209_143805,612.0,0.78462833
2535,C21,DR_20221209_143805,613.0,0.61760724
2536,C21,DR_20221209_143805,614.0,0.13837454
2537,C21,DR_20221209_143805,615.0,0.7735021
2538,C21,DR_20221209_143805,616.0,0.28393376
2539,C21,DR_20221209_143805,617.0,0.38539532
2540,C21,DR_20221209_143805,618.0,0.4348725
2541,C21,DR_20221209_143805,619.0,0.65232027
2542,C21,DR_20221209_143805,620.0,0.53055376
2543,C21,DR_20221209_143805,621.0,0.52644604
2544,C22,DR_20221209_143805,622.0,0.36701193
2545,C22,DR_20221209_143805,623.0,0.30512232
2546,C22,DR_20221209_143805,624.0,0.32080576
2547,C22,DR_20221209_143805,625.0,0.804067
2548,C22,DR_20221209_143805,626.0,0.11669053
2549,C22,DR_20221209_143805,627.0,0.063284695
2550,C22,DR_20221209_143805,628.0,0.9617276
2551,C22,DR_20221209_143805,629.0,0.9103154
2552,C22,DR_20221209_143805,630.0,0.07359749
2589,D03,DR_20221209_143805,667.0,0.4818311
2590,D03,DR_20221209_143805,668.0,0.45854607
2591,D03,DR_20221209_143805,669.0,0.30927587
2592,D03,DR_20221209_143805,670.0,0.14058882
2593,D03,DR_20221209_143805,671.0,0.42120314
2594,D03,DR_20221209_143805,672.0,0.13800016
2595,D03,DR_20221209_143805,673.0,0.24383853
2596,D03,DR_20221209_143805,674.0,0.105809994
2597,D03,DR_20221209_143805,675.0,0.1918825
2598,D04,DR_20221209_143805,676.0,0.37193134
2599,D04,DR_20221209_143805,677.0,0.29010406
2600,D04,DR_20221209_143805,678.0,0.33593813
2601,D04,DR_20221209_143805,679.0,0.3566993
2602,D04,DR_20221209_143805,680.0,0.4135518
2603,D04,DR_20221209_143805,681.0,0.23566332
2604,D04,DR_20221209_143805,682.0,0.5456035
2605,D04,DR_20221209_143805,683.0,-0.0016043396
2606,D04,DR_20221209_143805,684.0,0.59884566
2607,D05,DR_20221209_143805,685.0,-0.0072976626
2608,D05,DR_20221209_143805,686.0,0.3775174
2609,D05,DR_20221209_143805,687.0,0.3781422
2610,D05,DR_20221209_143805,688.0,0.21625452
2611,D05,DR_20221209_143805,689.0,0.80268276
2612,D05,DR_20221209_143805,690.0,0.28144312
2613,D05,DR_20221209_143805,691.0,0.39742583
2614,D05,DR_20221209_143805,692.0,0.43322194
2615,D05,DR_20221209_143805,693.0,0.39111418
2616,D06,DR_20221209_143805,694.0,0.5158987
2617,D06,DR_20221209_143805,695.0,0.2701107
2618,D06,DR_20221209_143805,696.0,0.24706915
2619,D06,DR_20221209_143805,697.0,0.40898627
2620,D06,DR_20221209_143805,698.0,0.28620663
2621,D06,DR_20221209_143805,699.0,0.49532837
2622,D06,DR_20221209_143805,700.0,0.014759604
2623,D06,DR_20221209_143805,701.0,0.022837427
2624,D06,DR_20221209_143805,702.0,0.03143153
2625,D07,DR_20221209_143805,703.0,0.41023734
2626,D07,DR_20221209_143805,704.0,0.3182287
2627,D07,DR_20221209_143805,705.0,0.37461802
2628,D07,DR_20221209_143805,706.0,0.43946505
2629,D07,DR_20221209_143805,707.0,0.32124045
2630,D07,DR_20221209_143805,708.0,0.2097032
2631,D07,DR_20221209_143805,709.0,0.009627704
2632,D07,DR_20221209_143805,710.0,0.1885003
2633,D07,DR_20221209_143805,711.0,0.45040098
2634,D09,DR_20221209_143805,721.0,0.28761533
2635,D09,DR_20221209_143805,722.0,0.5960602
2636,D09,DR_20221209_143805,723.0,1.0324606
2637,D09,DR_20221209_143805,724.0,0.13971654
2638,D09,DR_20221209_143805,725.0,0.14889926
2639,D09,DR_20221209_143805,726.0,0.25672725
2640,D09,DR_20221209_143805,727.0,1.0563664
2641,D09,DR_20221209_143805,728.0,0.4379994
2642,D09,DR_20221209_143805,729.0,0.122302674
2643,D10,DR_20221209_143805,730.0,0.52343774
2644,D10,DR_20221209_143805,731.0,0.7486013
2645,D10,DR_20221209_143805,732.0,0.18810217
2646,D10,DR_20221209_143805,733.0,1.0112392
2647,D10,DR_20221209_143805,734.0,0.37501305
2648,D10,DR_20221209_143805,735.0,0.93828803
2649,D10,DR_20221209_143805,736.0,0.26040602
2650,D10,DR_20221209_143805,737.0,0.47724915
2651,D10,DR_20221209_143805,738.0,1.0495751
2652,D11,DR_20221209_143805,739.0,0.38905174
2653,D11,DR_20221209_143805,740.0,0.7089919
2654,D11,DR_20221209_143805,741.0,0.9296363
2655,D11,DR_20221209_143805,742.0,0.32362047
2656,D11,DR_20221209_143805,743.0,0.03195952
2657,D11,DR_20221209_143805,744.0,0.3149689
2658,D11,DR_20221209_143805,745.0,0.39947334
2659,D11,DR_20221209_143805,746.0,0.49072558
2660,D11,DR_20221209_143805,747.0,-0.027961684
2661,D12,DR_20221209_143805,748.0,0.25542617
2662,D12,DR_20221209_143805,749.0,0.32298294
2663,D12,DR_20221209_143805,750.0,0.16861565
2664,D12,DR_20221209_143805,751.0,0.22592722
2665,D12,DR_20221209_143805,752.0,0.20532306
2666,D12,DR_20221209_143805,753.0,0.18264723
2667,D12,DR_20221209_143805,754.0,0.3161233
2668,D12,DR_20221209_143805,755.0,0.5029324
2669,D12,DR_20221209_143805,756.0,0.7615552
2670,D13,DR_20221209_143805,757.0,0.8621014
2671,D13,DR_20221209_143805,758.0,0.9766661
2672,D13,DR_20221209_143805,759.0,0.42831534
2673,D13,DR_20221209_143805,760.0,0.6073564
2674,D13,DR_20221209_143805,761.0,0.41508862
2675,D13,DR_20221209_143805,762.0,0.6344119
2676,D13,DR_20221209_143805,763.0,1.003683
2677,D13,DR_20221209_143805,764.0,0.4016866
2678,D13,DR_20221209_143805,765.0,0.664829
2679,D14,DR_20221209_143805,766.0,0.28269047
2680,D14,DR_20221209_143805,767.0,0.14883582
2681,D14,DR_20221209_143805,768.0,0.22260846
2682,D14,DR_20221209_143805,769.0,0.18426135
2683,D14,DR_20221209_143805,770.0,0.50208145
2684,D14,DR_20221209_143805,771.0,0.7104653
2685,D14,DR_20221209_143805,772.0,1.0215771
2686,D14,DR_20221209_143805,773.0,0.76869637
2687,D14,DR_20221209_143805,774.0,0.16067697
2688,D15,DR_20221209_143805,775.0,0.39392343
2689,D15,DR_20221209_143805,776.0,0.38120875
2690,D15,DR_20221209_143805,777.0,0.7335756
2691,D15,DR_20221209_143805,778.0,0.5981437
2692,D15,DR_20221209_143805,779.0,0.3051135
2693,D15,DR_20221209_143805,780.0,0.2716033
2694,D15,DR_20221209_143805,781.0,0.63705736
2695,D15,DR_20221209_143805,782.0,0.3328129
2696,D15,DR_20221209_143805,783.0,0.55661714
2697,D16,DR_20221209_143805,784.0,0.2424293
2698,D16,DR_20221209_143805,785.0,0.6614433
2699,D16,DR_20221209_143805,786.0,0.44853473
2700,D16,DR_20221209_143805,787.0,0.48772386
2701,D16,DR_20221209_143805,788.0,0.3458336
2702,D16,DR_20221209_143805,789.0,0.4379686
2703,D16,DR_20221209_143805,790.0,0.613216
2704,D16,DR_20221209_143805,791.0,0.14441106
2705,D16,DR_20221209_143805,792.0,0.13575158
2706,D17,DR_20221209_143805,793.0,0.27549577
2707,D17,DR_20221209_143805,794.0,0.28270474
2708,D17,DR_20221209_143805,795.0,0.61142564
2709,D17,DR_20221209_143805,796.0,0.56680435
2710,D17,DR_20221209_143805,797.0,0.12417756
2711,D17,DR_20221209_143805,798.0,0.98084104
2712,D17,DR_20221209_143805,799.0,0.86498
2713,D17,DR_20221209_143805,800.0,0.69762856
2714,D17,DR_20221209_143805,801.0,0.47322524
2715,D18,DR_20221209_143805,802.0,0.10548244
2716,D18,DR_20221209_143805,803.0,0.6185499
2717,D18,DR_20221209_143805,804.0,0.6205273
2718,D18,DR_20221209_143805,805.0,0.47939292
2719,D18,DR_20221209_143805,806.0,0.20119728
2720,D18,DR_20221209_143805,807.0,1.0127529
2721,D18,DR_20221209_143805,808.0,0.22158203
2722,D18,DR_20221209_143805,809.0,0.89871687
2723,D18,DR_20221209_143805,810.0,0.17600098
2724,D19,DR_20221209_143805,811.0,0.1172668
2725,D19,DR_20221209_143805,812.0,0.23038785
2726,D19,DR_20221209_143805,813.0,0.008127243
2727,D19,DR_20221209_143805,814.0,0.43468475
2728,D19,DR_20221209_143805,815.0,0.61351633
2729,D19,DR_20221209_143805,816.0,0.9592067
2730,D19,DR_20221209_143805,817.0,0.84473515
2731,D19,DR_20221209_143805,818.0,0.8387859
2732,D19,DR_20221209_143805,819.0,0.15934524
2733,D20,DR_20221209_143805,820.0,0.36978826
2734,D20,DR_20221209_143805,821.0,0.2762134
2735,D20,DR_20221209_143805,822.0,0.49736848
2736,D20,DR_20221209_143805,823.0,0.4542247
2737,D20,DR_20221209_143805,824.0,0.043772884
2738,D20,DR_20221209_143805,825.0,0.80925876
2739,D20,DR_20221209_143805,826.0,0.2013415
2740,D20,DR_20221209_143805,827.0,0.9739397
2741,D20,DR_20221209_143805,828.0,0.13624902
2742,D21,DR_20221209_143805,829.0,0.1359106
2743,D21,DR_20221209_143805,830.0,0.15278165
2744,D21,DR_20221209_143805,831.0,0.68619514
2745,D21,DR_20221209_143805,832.0,0.6445328
2746,D21,DR_20221209_143805,833.0,0.3627606
2747,D21,DR_20221209_143805,834.0,0.51761276
2748,D21,DR_20221209_143805,835.0,0.63020796
2749,D21,DR_20221209_143805,836.0,1.0076609
2750,D21,DR_20221209_143805,837.0,0.68781114
2751,D22,DR_20221209_143805,838.0,0.26951298
2752,D22,DR_20221209_143805,839.0,0.27020553
2753,D22,DR_20221209_143805,840.0,0.3613459
2754,D22,DR_20221209_143805,841.0,0.6146002
2755,D22,DR_20221209_143805,842.0,0.07850512
2756,D22,DR_20221209_143805,843.0,0.5587805
2757,D22,DR_20221209_143805,844.0,1.0032872
2758,D22,DR_20221209_143805,845.0,0.83690244
2759,D22,DR_20221209_143805,846.0,0.48439968
2796,E03,DR_20221209_143805,883.0,0.7105222
2797,E03,DR_20221209_143805,884.0,0.2755007
2798,E03,DR_20221209_143805,885.0,0.3974546
2799,E03,DR_20221209_143805,886.0,0.40232426
2800,E03,DR_20221209_143805,887.0,0.11612469
2801,E03,DR_20221209_143805,888.0,0.24209279
2802,E03,DR_20221209_143805,889.0,0.35630813
2803,E03,DR_20221209_143805,890.0,0.0019180231
2804,E03,DR_20221209_143805,891.0,0.12712337
2805,E04,DR_20221209_143805,892.0,0.35371622
2806,E04,DR_20221209_143805,893.0,0.478065
2807,E04,DR_20221209_143805,894.0,0.27070844
2808,E04,DR_20221209_143805,895.0,0.124189965
2809,E04,DR_20221209_143805,896.0,0.43443677
2810,E04,DR_20221209_143805,897.0,0.46474364
2811,E04,DR_20221209_143805,898.0,0.3737384
2812,E04,DR_20221209_143805,899.0,0.1383317
2813,E04,DR_20221209_143805,900.0,0.045280047
2814,E05,DR_20221209_143805,901.0,0.48571995
2815,E05,DR_20221209_143805,902.0,0.5443014
2816,E05,DR_20221209_143805,903.0,0.007665872
2817,E05,DR_20221209_143805,904.0,0.22256084
2818,E05,DR_20221209_143805,905.0,0.4149032
2819,E05,DR_20221209_143805,906.0,0.45700943
2820,E05,DR_20221209_143805,907.0,0.32571548
2821,E05,DR_20221209_143805,908.0,0.12642734
2822,E05,DR_20221209_143805,909.0,0.17744018
2823,E06,DR_20221209_143805,910.0,0.503259
2824,E06,DR_20221209_143805,911.0,0.43828905
2825,E06,DR_20221209_143805,912.0,0.21203503
2826,E06,DR_20221209_143805,913.0,0.13215037
2827,E06,DR_20221209_143805,914.0,0.38576367
2828,E06,DR_20221209_143805,915.0,0.4228746
2829,E06,DR_20221209_143805,916.0,0.3914355
2830,E06,DR_20221209_143805,917.0,0.17123432
2831,E06,DR_20221209_143805,918.0,0.0012727439
2832,E07,DR_20221209_143805,919.0,0.71141756
2833,E07,DR_20221209_143805,920.0,0.4472694
2834,E07,DR_20221209_143805,921.0,0.29181764
2835,E07,DR_20221209_143805,922.0,0.22191077
2836,E07,DR_20221209_143805,923.0,0.1458418
2837,E07,DR_20221209_143805,924.0,0.28282192
2838,E07,DR_20221209_143805,925.0,0.51477176
2839,E07,DR_20221209_143805,926.0,0.27909106
2840,E07,DR_20221209_143805,927.0,0.47567192
2841,E08,DR_20221209_143805,928.0,0.5481634
2842,E08,DR_20221209_143805,929.0,0.18897507
2843,E08,DR_20221209_143805,930.0,0.2786364
2844,E08,DR_20221209_143805,931.0,0.042603567
2845,E08,DR_20221209_143805,932.0,0.48958713
2846,E08,DR_20221209_143805,933.0,0.4272482
2847,E08,DR_20221209_143805,934.0,0.27338675
2848,E08,DR_20221209_143805,935.0,0.14592373
2849,E08,DR_20221209_143805,936.0,0.088583715
2850,E09,DR_20221209_143805,937.0,0.24322332
2851,E09,DR_20221209_143805,938.0,1.003407
2852,E09,DR_20221209_143805,939.0,0.4063399
2853,E09,DR_20221209_143805,940.0,0.32602975
2854,E09,DR_20221209_143805,941.0,0.28221974
2855,E09,DR_20221209_143805,942.0,0.7091799
2856,E09,DR_20221209_143805,943.0,0.44459707
2857,E09,DR_20221209_143805,944.0,0.38764483
2858,E09,DR_20221209_143805,945.0,0.12821048
2859,E10,DR_20221209_143805,946.0,0.36374548
2860,E10,DR_20221209_143805,947.0,0.5188858
2861,E10,DR_20221209_143805,948.0,0.95224303
2862,E10,DR_20221209_143805,949.0,0.85832447
2863,E10,DR_20221209_143805,950.0,0.44209886
2864,E10,DR_20221209_143805,951.0,0.95151347
2865,E10,DR_20221209_143805,952.0,0.40944114
2866,E10,DR_20221209_143805,953.0,0.9789691
2867,E10,DR_20221209_143805,954.0,0.60718775
2868,E11,DR_20221209_143805,955.0,0.23080918
2869,E11,DR_20221209_143805,956.0,0.16144545
2870,E11,DR_20221209_143805,957.0,0.29717082
2871,E11,DR_20221209_143805,958.0,0.16040732
2872,E11,DR_20221209_143805,959.0,0.17077012
2873,E11,DR_20221209_143805,960.0,0.41859326
2874,E11,DR_20221209_143805,961.0,0.84706205
2875,E11,DR_20221209_143805,962.0,0.36113223
2876,E11,DR_20221209_143805,963.0,0.7666521
2877,E12,DR_20221209_143805,964.0,0.88709086
2878,E12,DR_20221209_143805,965.0,1.0927316
2879,E12,DR_20221209_143805,966.0,0.5015163
2880,E12,DR_20221209_143805,967.0,0.19742474
2881,E12,DR_20221209_143805,968.0,-0.0002938882
2882,E12,DR_20221209_143805,969.0,1.0124441
2883,E12,DR_20221209_143805,970.0,0.5475278
2884,E12,DR_20221209_143805,971.0,0.50372374
2885,E12,DR_20221209_143805,972.0,0.5137298
2886,E13,DR_20221209_143805,973.0,0.42954326
2887,E13,DR_20221209_143805,974.0,0.9289931
2888,E13,DR_20221209_143805,975.0,1.0354774
2889,E13,DR_20221209_143805,976.0,0.55159545
2890,E13,DR_20221209_143805,977.0,0.54195786
2891,E13,DR_20221209_143805,978.0,0.897204
2892,E13,DR_20221209_143805,979.0,0.54686624
2893,E13,DR_20221209_143805,980.0,0.44103307
2894,E13,DR_20221209_143805,981.0,0.6211767
2895,E14,DR_20221209_143805,982.0,0.40227434
2896,E14,DR_20221209_143805,983.0,0.3876856
2897,E14,DR_20221209_143805,984.0,0.491155
2898,E14,DR_20221209_143805,985.0,0.45559415
2899,E14,DR_20221209_143805,986.0,0.14282684
2900,E14,DR_20221209_143805,987.0,0.94821817
2901,E14,DR_20221209_143805,988.0,1.0202101
2902,E14,DR_20221209_143805,989.0,0.5899945
2903,E14,DR_20221209_143805,990.0,0.25259084
2904,E15,DR_20221209_143805,991.0,0.91177386
2905,E15,DR_20221209_143805,992.0,0.89431715
2906,E15,DR_20221209_143805,993.0,0.4423281
2907,E15,DR_20221209_143805,994.0,0.83685964
2908,E15,DR_20221209_143805,995.0,0.19586846
2909,E15,DR_20221209_143805,996.0,0.99668515
2910,E15,DR_20221209_143805,997.0,0.41546714
2911,E15,DR_20221209_143805,998.0,0.5426574
2912,E15,DR_20221209_143805,999.0,0.48628625
2913,E16,DR_20221209_143805,1000.0,0.26565158
2914,E16,DR_20221209_143805,1001.0,0.47909978
2915,E16,DR_20221209_143805,1002.0,0.51258224
2916,E16,DR_20221209_143805,1003.0,0.35251546
2917,E16,DR_20221209_143805,1004.0,0.35056296
2918,E16,DR_20221209_143805,1005.0,0.75459236
2919,E16,DR_20221209_143805,1006.0,0.30515954
2920,E16,DR_20221209_143805,1007.0,0.47019666
2921,E16,DR_20221209_143805,1008.0,0.541865
2922,E17,DR_20221209_143805,1009.0,0.8600692
2923,E17,DR_20221209_143805,1010.0,0.44524905
2924,E17,DR_20221209_143805,1011.0,0.6452575
2925,E17,DR_20221209_143805,1012.0,0.2024819
2926,E17,DR_20221209_143805,1013.0,0.15814517
2927,E17,DR_20221209_143805,1014.0,0.559965
2928,E17,DR_20221209_143805,1015.0,1.0694638
2929,E17,DR_20221209_143805,1016.0,0.78027344
2930,E17,DR_20221209_143805,1017.0,0.6890903
2931,E18,DR_20221209_143805,1018.0,0.037757702
2932,E18,DR_20221209_143805,1019.0,0.49919856
2933,E18,DR_20221209_143805,1020.0,0.57398593
2934,E18,DR_20221209_143805,1021.0,0.13846333
2935,E18,DR_20221209_143805,1022.0,0.43350348
2936,E18,DR_20221209_143805,1023.0,0.462057
2937,E18,DR_20221209_143805,1024.0,0.85041726
2938,E18,DR_20221209_143805,1025.0,0.83419496
2939,E18,DR_20221209_143805,1026.0,0.52059853
2940,E19,DR_20221209_143805,1027.0,0.3316066
2941,E19,DR_20221209_143805,1028.0,0.3810148
2942,E19,DR_20221209_143805,1029.0,0.35151866
2943,E19,DR_20221209_143805,1030.0,0.27706
2944,E19,DR_20221209_143805,1031.0,0.528159
2945,E19,DR_20221209_143805,1032.0,0.35656726
2946,E19,DR_20221209_143805,1033.0,0.47899505
2947,E19,DR_20221209_143805,1034.0,0.60911715
2948,E19,DR_20221209_143805,1035.0,0.95494896
2949,E20,DR_20221209_143805,1036.0,1.0659927
2950,E20,DR_20221209_143805,1037.0,0.25652403
2951,E20,DR_20221209_143805,1038.0,0.7617161
2952,E20,DR_20221209_143805,1039.0,0.5313611
2953,E20,DR_20221209_143805,1040.0,0.58170533
2954,E20,DR_20221209_143805,1041.0,0.90292025
2955,E20,DR_20221209_143805,1042.0,0.22726727
2956,E20,DR_20221209_143805,1043.0,0.94585943
2957,E20,DR_20221209_143805,1044.0,0.45840633
2958,E21,DR_20221209_143805,1045.0,0.20446345
2959,E21,DR_20221209_143805,1046.0,0.097792864
2960,E21,DR_20221209_143805,1047.0,0.6059363
2961,E21,DR_20221209_143805,1048.0,0.82190526
2962,E21,DR_20221209_143805,1049.0,0.35472304
2963,E21,DR_20221209_143805,1050.0,0.40892005
2964,E21,DR_20221209_143805,1051.0,0.98145324
2965,E21,DR_20221209_143805,1052.0,0.9944102
2966,E21,DR_20221209_143805,1053.0,0.61619157
2967,E22,DR_20221209_143805,1054.0,0.32286012
2968,E22,DR_20221209_143805,1055.0,0.28572214
2969,E22,DR_20221209_143805,1056.0,0.56357694
2970,E22,DR_20221209_143805,1057.0,0.3054396
2971,E22,DR_20221209_143805,1058.0,0.50841427
2972,E22,DR_20221209_143805,1059.0,0.14324658
2973,E22,DR_20221209_143805,1060.0,0.48682743
2974,E22,DR_20221209_143805,1061.0,0.8028989
2975,E22,DR_20221209_143805,1062.0,0.23148294
3012,F03,DR_20221209_143805,1099.0,0.29247144
3013,F03,DR_20221209_143805,1100.0,0.29828277
3014,F03,DR_20221209_143805,1101.0,0.26354107
3015,F03,DR_20221209_143805,1102.0,0.51324606
3016,F03,DR_20221209_143805,1103.0,0.65328056
3017,F03,DR_20221209_143805,1104.0,0.44462433
3018,F03,DR_20221209_143805,1105.0,0.15216717
3019,F03,DR_20221209_143805,1106.0,0.16076404
3020,F03,DR_20221209_143805,1107.0,0.23082499
3021,F04,DR_20221209_143805,1108.0,0.5058516
3022,F04,DR_20221209_143805,1109.0,0.54240394
3023,F04,DR_20221209_143805,1110.0,0.23087722
3024,F04,DR_20221209_143805,1111.0,0.12558927
3025,F04,DR_20221209_143805,1112.0,0.4110091
3026,F04,DR_20221209_143805,1113.0,0.21831827
3027,F04,DR_20221209_143805,1114.0,0.24632728
3028,F04,DR_20221209_143805,1115.0,-0.011472312
3029,F04,DR_20221209_143805,1116.0,0.0371942
3030,F05,DR_20221209_143805,1117.0,0.7813846
3031,F05,DR_20221209_143805,1118.0,0.23883362
3032,F05,DR_20221209_143805,1119.0,0.463689
3033,F05,DR_20221209_143805,1120.0,0.20676388
3034,F05,DR_20221209_143805,1121.0,0.1252447
3035,F05,DR_20221209_143805,1122.0,0.15026072
3036,F05,DR_20221209_143805,1123.0,0.44377005
3037,F05,DR_20221209_143805,1124.0,-0.008317396
3038,F05,DR_20221209_143805,1125.0,0.010422007
3039,F06,DR_20221209_143805,1126.0,0.37102842
3040,F06,DR_20221209_143805,1127.0,0.13898869
3041,F06,DR_20221209_143805,1128.0,0.4512082
3042,F06,DR_20221209_143805,1129.0,0.112315476
3043,F06,DR_20221209_143805,1130.0,-0.01020076
3044,F06,DR_20221209_143805,1131.0,0.35441014
3045,F06,DR_20221209_143805,1132.0,0.011765946
3046,F06,DR_20221209_143805,1133.0,0.042617027
3047,F06,DR_20221209_143805,1134.0,0.19222869
3048,F07,DR_20221209_143805,1135.0,0.36214823
3049,F07,DR_20221209_143805,1136.0,0.4261381
3050,F07,DR_20221209_143805,1137.0,0.21625698
3051,F07,DR_20221209_143805,1138.0,0.425844
3052,F07,DR_20221209_143805,1139.0,0.15971005
3053,F07,DR_20221209_143805,1140.0,0.49718815
3054,F07,DR_20221209_143805,1141.0,0.021117184
3055,F07,DR_20221209_143805,1142.0,0.21319032
3056,F07,DR_20221209_143805,1143.0,0.45307824
3057,F08,DR_20221209_143805,1144.0,0.4862481
3058,F08,DR_20221209_143805,1145.0,0.15455493
3059,F08,DR_20221209_143805,1146.0,0.18116897
3060,F08,DR_20221209_143805,1147.0,0.0020900944
3061,F08,DR_20221209_143805,1148.0,0.31590313
3062,F08,DR_20221209_143805,1149.0,0.37923273
3063,F08,DR_20221209_143805,1150.0,0.4455511
3064,F08,DR_20221209_143805,1151.0,0.13981546
3065,F08,DR_20221209_143805,1152.0,0.13466182
3066,F09,DR_20221209_143805,1153.0,0.98160225
3067,F09,DR_20221209_143805,1154.0,0.8648763
3068,F09,DR_20221209_143805,1155.0,0.15919682
3069,F09,DR_20221209_143805,1156.0,0.36995107
3070,F09,DR_20221209_143805,1157.0,0.15529081
3071,F09,DR_20221209_143805,1158.0,0.9493387
3072,F09,DR_20221209_143805,1159.0,0.3872267
3073,F09,DR_20221209_143805,1160.0,0.17366326
3074,F09,DR_20221209_143805,1161.0,0.9499319
3075,F10,DR_20221209_143805,1162.0,0.9851772
3076,F10,DR_20221209_143805,1163.0,0.027037866
3077,F10,DR_20221209_143805,1164.0,0.3078658
3078,F10,DR_20221209_143805,1165.0,0.10453975
3079,F10,DR_20221209_143805,1166.0,0.15387705
3080,F10,DR_20221209_143805,1167.0,0.30205333
3081,F10,DR_20221209_143805,1168.0,0.4770384
3082,F10,DR_20221209_143805,1169.0,0.46267852
3083,F10,DR_20221209_143805,1170.0,0.9963774
3084,F11,DR_20221209_143805,1171.0,1.084228
3085,F11,DR_20221209_143805,1172.0,0.51842374
3086,F11,DR_20221209_143805,1173.0,0.790878
3087,F11,DR_20221209_143805,1174.0,0.3096267
3088,F11,DR_20221209_143805,1175.0,0.28428695
3089,F11,DR_20221209_143805,1176.0,0.14426205
3090,F11,DR_20221209_143805,1177.0,0.6157721
3091,F11,DR_20221209_143805,1178.0,0.27202898
3092,F11,DR_20221209_143805,1179.0,0.32612863
3093,F12,DR_20221209_143805,1180.0,1.0358473
3094,F12,DR_20221209_143805,1181.0,1.0655494
3095,F12,DR_20221209_143805,1182.0,0.6411404
3096,F12,DR_20221209_143805,1183.0,0.48777494
3097,F12,DR_20221209_143805,1184.0,0.15878727
3098,F12,DR_20221209_143805,1185.0,0.99082136
3099,F12,DR_20221209_143805,1186.0,0.41416958
3100,F12,DR_20221209_143805,1187.0,0.30456805
3101,F12,DR_20221209_143805,1188.0,0.2767208
3102,F13,DR_20221209_143805,1189.0,0.98920256
3103,F13,DR_20221209_143805,1190.0,0.8856558
3104,F13,DR_20221209_143805,1191.0,0.57662857
3105,F13,DR_20221209_143805,1192.0,0.53214175
3106,F13,DR_20221209_143805,1193.0,0.45139977
3107,F13,DR_20221209_143805,1194.0,0.99436504
3108,F13,DR_20221209_143805,1195.0,0.228004
3109,F13,DR_20221209_143805,1196.0,0.17324385
3110,F13,DR_20221209_143805,1197.0,0.18808302
3111,F14,DR_20221209_143805,1198.0,0.28031918
3112,F14,DR_20221209_143805,1199.0,0.23731628
3113,F14,DR_20221209_143805,1200.0,0.44265684
3114,F14,DR_20221209_143805,1201.0,0.57784873
3115,F14,DR_20221209_143805,1202.0,0.12784603
3116,F14,DR_20221209_143805,1203.0,0.2750562
3117,F14,DR_20221209_143805,1204.0,0.90978914
3118,F14,DR_20221209_143805,1205.0,0.42596325
3119,F14,DR_20221209_143805,1206.0,0.6613013
3120,F15,DR_20221209_143805,1207.0,0.4649456
3121,F15,DR_20221209_143805,1208.0,0.91832405
3122,F15,DR_20221209_143805,1209.0,0.53413516
3123,F15,DR_20221209_143805,1210.0,0.6283905
3124,F15,DR_20221209_143805,1211.0,0.14907943
3125,F15,DR_20221209_143805,1212.0,0.4052331
3126,F15,DR_20221209_143805,1213.0,0.07818819
3127,F15,DR_20221209_143805,1214.0,0.42112988
3128,F15,DR_20221209_143805,1215.0,0.7068786
3129,F16,DR_20221209_143805,1216.0,0.8803059
3130,F16,DR_20221209_143805,1217.0,0.5040098
3131,F16,DR_20221209_143805,1218.0,0.36973444
3132,F16,DR_20221209_143805,1219.0,0.50509894
3133,F16,DR_20221209_143805,1220.0,0.1500743
3134,F16,DR_20221209_143805,1221.0,0.4245785
3135,F16,DR_20221209_143805,1222.0,0.3268226
3136,F16,DR_20221209_143805,1223.0,0.40422598
3137,F16,DR_20221209_143805,1224.0,0.37229526
3138,F17,DR_20221209_143805,1225.0,0.28453326
3139,F17,DR_20221209_143805,1226.0,0.3744333
3140,F17,DR_20221209_143805,1227.0,0.29043487
3141,F17,DR_20221209_143805,1228.0,0.17046061
3142,F17,DR_20221209_143805,1229.0,0.1905801
3143,F17,DR_20221209_143805,1230.0,0.24123068
3144,F17,DR_20221209_143805,1231.0,0.86779255
3145,F17,DR_20221209_143805,1232.0,0.89189214
3146,F17,DR_20221209_143805,1233.0,0.351054
3147,F18,DR_20221209_143805,1234.0,0.39150056
3148,F18,DR_20221209_143805,1235.0,0.48188296
3149,F18,DR_20221209_143805,1236.0,0.926258
3150,F18,DR_20221209_143805,1237.0,0.27288187
3151,F18,DR_20221209_143805,1238.0,0.17037259
3152,F18,DR_20221209_143805,1239.0,0.35151765
3153,F18,DR_20221209_143805,1240.0,1.0346137
3154,F18,DR_20221209_143805,1241.0,0.71426195
3155,F18,DR_20221209_143805,1242.0,0.07873164
3156,F19,DR_20221209_143805,1243.0,0.94997275
3157,F19,DR_20221209_143805,1244.0,0.4079201
3158,F19,DR_20221209_143805,1245.0,0.7013439
3159,F19,DR_20221209_143805,1246.0,0.6956136
3160,F19,DR_20221209_143805,1247.0,0.33792493
3161,F19,DR_20221209_143805,1248.0,0.5590948
3162,F19,DR_20221209_143805,1249.0,0.94839716
3163,F19,DR_20221209_143805,1250.0,0.8373101
3164,F19,DR_20221209_143805,1251.0,0.17597878
3165,F20,DR_20221209_143805,1252.0,0.10493679
3166,F20,DR_20221209_143805,1253.0,0.48440188
3167,F20,DR_20221209_143805,1254.0,0.5210333
3168,F20,DR_20221209_143805,1255.0,0.32011488
3169,F20,DR_20221209_143805,1256.0,0.5215692
3170,F20,DR_20221209_143805,1257.0,0.4407862
3171,F20,DR_20221209_143805,1258.0,0.5079093
3172,F20,DR_20221209_143805,1259.0,0.9895524
3173,F20,DR_20221209_143805,1260.0,0.32114398
3174,F21,DR_20221209_143805,1261.0,0.17760219
3175,F21,DR_20221209_143805,1262.0,0.2917979
3176,F21,DR_20221209_143805,1263.0,0.5796808
3177,F21,DR_20221209_143805,1264.0,0.4807823
3178,F21,DR_20221209_143805,1265.0,0.17994286
3179,F21,DR_20221209_143805,1266.0,0.17159851
3180,F21,DR_20221209_143805,1267.0,0.43416345
3181,F21,DR_20221209_143805,1268.0,0.034744546
3182,F21,DR_20221209_143805,1269.0,0.45542553
3183,F22,DR_20221209_143805,1270.0,0.11173196
3184,F22,DR_20221209_143805,1271.0,0.095543474
3185,F22,DR_20221209_143805,1272.0,0.54959714
3186,F22,DR_20221209_143805,1273.0,0.1396955
3187,F22,DR_20221209_143805,1274.0,0.40523463
3188,F22,DR_20221209_143805,1275.0,0.52824813
3189,F22,DR_20221209_143805,1276.0,0.529717
3190,F22,DR_20221209_143805,1277.0,0.9776699
3191,F22,DR_20221209_143805,1278.0,0.487144
3228,G03,DR_20221209_143805,1315.0,0.25977454
3229,G03,DR_20221209_143805,1316.0,0.68330926
3230,G03,DR_20221209_143805,1317.0,0.90553
3231,G03,DR_20221209_143805,1318.0,0.32883024
3232,G03,DR_20221209_143805,1319.0,0.3455885
3233,G03,DR_20221209_143805,1320.0,0.9343787
3234,G03,DR_20221209_143805,1321.0,0.9728043
3235,G03,DR_20221209_143805,1322.0,0.36022753
3236,G03,DR_20221209_143805,1323.0,0.5855643
3237,G04,DR_20221209_143805,1324.0,0.9034113
3238,G04,DR_20221209_143805,1325.0,0.34321725
3239,G04,DR_20221209_143805,1326.0,0.4743942
3240,G04,DR_20221209_143805,1327.0,0.17594138
3241,G04,DR_20221209_143805,1328.0,0.07981487
3242,G04,DR_20221209_143805,1329.0,1.0080158
3243,G04,DR_20221209_143805,1330.0,0.9974233
3244,G04,DR_20221209_143805,1331.0,0.5288973
3245,G04,DR_20221209_143805,1332.0,0.13735019
3246,G05,DR_20221209_143805,1333.0,0.10668433
3247,G05,DR_20221209_143805,1334.0,0.15039276
3248,G05,DR_20221209_143805,1335.0,0.4527206
3249,G05,DR_20221209_143805,1336.0,0.4921832
3250,G05,DR_20221209_143805,1337.0,0.897255
3251,G05,DR_20221209_143805,1338.0,0.8893801
3252,G05,DR_20221209_143805,1339.0,0.46349007
3253,G05,DR_20221209_143805,1340.0,0.36312774
3254,G05,DR_20221209_143805,1341.0,0.5148186
3255,G06,DR_20221209_143805,1342.0,0.91460043
3256,G06,DR_20221209_143805,1343.0,0.5644142
3257,G06,DR_20221209_143805,1344.0,0.3989968
3258,G06,DR_20221209_143805,1345.0,0.17722721
3259,G06,DR_20221209_143805,1346.0,0.13141015
3260,G06,DR_20221209_143805,1347.0,1.0143445
3261,G06,DR_20221209_143805,1348.0,1.0114421
3262,G06,DR_20221209_143805,1349.0,0.54304034
3263,G06,DR_20221209_143805,1350.0,0.67552626
3264,G07,DR_20221209_143805,1351.0,0.54702455
3265,G07,DR_20221209_143805,1352.0,0.8770376
3266,G07,DR_20221209_143805,1353.0,0.9659952
3267,G07,DR_20221209_143805,1354.0,0.2528136
3268,G07,DR_20221209_143805,1355.0,0.55544066
3269,G07,DR_20221209_143805,1356.0,1.0407495
3270,G07,DR_20221209_143805,1357.0,1.0680556
3271,G07,DR_20221209_143805,1358.0,0.9279535
3272,G07,DR_20221209_143805,1359.0,0.5895777
3273,G08,DR_20221209_143805,1360.0,0.29904786
3274,G08,DR_20221209_143805,1361.0,0.49813822
3275,G08,DR_20221209_143805,1362.0,0.574275
3276,G08,DR_20221209_143805,1363.0,0.19687197
3277,G08,DR_20221209_143805,1364.0,0.037252933
3278,G08,DR_20221209_143805,1365.0,0.79843324
3279,G08,DR_20221209_143805,1366.0,1.060935
3280,G08,DR_20221209_143805,1367.0,0.7211941
3281,G08,DR_20221209_143805,1368.0,0.16818146
3282,G09,DR_20221209_143805,1369.0,0.9872717
3283,G09,DR_20221209_143805,1370.0,1.0406533
3284,G09,DR_20221209_143805,1371.0,0.82079595
3285,G09,DR_20221209_143805,1372.0,0.491042
3286,G09,DR_20221209_143805,1373.0,0.057368837
3287,G09,DR_20221209_143805,1374.0,0.16680008
3288,G09,DR_20221209_143805,1375.0,0.9951339
3289,G09,DR_20221209_143805,1376.0,0.25676903
3290,G09,DR_20221209_143805,1377.0,0.4106566
3291,G10,DR_20221209_143805,1378.0,0.60639167
3292,G10,DR_20221209_143805,1379.0,0.5857348
3293,G10,DR_20221209_143805,1380.0,0.3823049
3294,G10,DR_20221209_143805,1381.0,0.9451637
3295,G10,DR_20221209_143805,1382.0,0.48234233
3296,G10,DR_20221209_143805,1383.0,0.999956
3297,G10,DR_20221209_143805,1384.0,0.89601815
3298,G10,DR_20221209_143805,1385.0,0.90867007
3299,G10,DR_20221209_143805,1386.0,0.34286368
3300,G11,DR_20221209_143805,1387.0,0.6137239
3301,G11,DR_20221209_143805,1388.0,0.06335845
3302,G11,DR_20221209_143805,1389.0,0.92359716
3303,G11,DR_20221209_143805,1390.0,0.20581494
3304,G11,DR_20221209_143805,1391.0,0.030596161
3305,G11,DR_20221209_143805,1392.0,0.43995902
3306,G11,DR_20221209_143805,1393.0,0.1763342
3307,G11,DR_20221209_143805,1394.0,0.68520427
3308,G11,DR_20221209_143805,1395.0,0.06997392
3309,G12,DR_20221209_143805,1396.0,0.654364
3310,G12,DR_20221209_143805,1397.0,0.3103887
3311,G12,DR_20221209_143805,1398.0,0.43737864
3312,G12,DR_20221209_143805,1399.0,0.37337637
3313,G12,DR_20221209_143805,1400.0,0.12331823
3314,G12,DR_20221209_143805,1401.0,0.07025396
3315,G12,DR_20221209_143805,1402.0,0.9094762
3316,G12,DR_20221209_143805,1403.0,0.17737204
3317,G12,DR_20221209_143805,1404.0,0.30901146
3318,G13,DR_20221209_143805,1405.0,0.73646516
3319,G13,DR_20221209_143805,1406.0,0.80340815
3320,G13,DR_20221209_143805,1407.0,0.24267673
3321,G13,DR_20221209_143805,1408.0,0.5382029
3322,G13,DR_20221209_143805,1409.0,0.30190882
3323,G13,DR_20221209_143805,1410.0,0.13875495
3324,G13,DR_20221209_143805,1411.0,0.5783867
3325,G13,DR_20221209_143805,1412.0,0.20707215
3326,G13,DR_20221209_143805,1413.0,0.60754544
3327,G14,DR_20221209_143805,1414.0,0.5334941
3328,G14,DR_20221209_143805,1415.0,0.20609975
3329,G14,DR_20221209_143805,1416.0,0.96862656
3330,G14,DR_20221209_143805,1417.0,0.5575854
3331,G14,DR_20221209_143805,1418.0,0.057131503
3332,G14,DR_20221209_143805,1419.0,0.20787568
3333,G14,DR_20221209_143805,1420.0,0.4002931
3334,G14,DR_20221209_143805,1421.0,0.7304913
3335,G14,DR_20221209_143805,1422.0,0.48399097
3336,G15,DR_20221209_143805,1423.0,0.6626996
3337,G15,DR_20221209_143805,1424.0,0.2716135
3338,G15,DR_20221209_143805,1425.0,0.7188959
3339,G15,DR_20221209_143805,1426.0,1.0158055
3340,G15,DR_20221209_143805,1427.0,0.07179937
3341,G15,DR_20221209_143805,1428.0,0.18094544
3342,G15,DR_20221209_143805,1429.0,0.4128273
3343,G15,DR_20221209_143805,1430.0,0.47168124
3344,G15,DR_20221209_143805,1431.0,0.7134268
3345,G16,DR_20221209_143805,1432.0,0.16427435
3346,G16,DR_20221209_143805,1433.0,0.4661031
3347,G16,DR_20221209_143805,1434.0,0.61053735
3348,G16,DR_20221209_143805,1435.0,0.57583237
3349,G16,DR_20221209_143805,1436.0,0.2676512
3350,G16,DR_20221209_143805,1437.0,0.42610458
3351,G16,DR_20221209_143805,1438.0,0.3087796
3352,G16,DR_20221209_143805,1439.0,0.38180873
3353,G16,DR_20221209_143805,1440.0,0.5706423
3354,G17,DR_20221209_143805,1441.0,0.21401314
3355,G17,DR_20221209_143805,1442.0,0.06901329
3356,G17,DR_20221209_143805,1443.0,0.14533089
3357,G17,DR_20221209_143805,1444.0,0.3613484
3358,G17,DR_20221209_143805,1445.0,0.19489737
3359,G17,DR_20221209_143805,1446.0,0.5064318
3360,G17,DR_20221209_143805,1447.0,0.4990935
3361,G17,DR_20221209_143805,1448.0,0.43814716
3362,G17,DR_20221209_143805,1449.0,0.28165668
3363,G18,DR_20221209_143805,1450.0,0.5532182
3364,G18,DR_20221209_143805,1451.0,0.304887
3365,G18,DR_20221209_143805,1452.0,0.669236
3366,G18,DR_20221209_143805,1453.0,0.17433764
3367,G18,DR_20221209_143805,1454.0,0.19132628
3368,G18,DR_20221209_143805,1455.0,0.4492304
3369,G18,DR_20221209_143805,1456.0,0.43918347
3370,G18,DR_20221209_143805,1457.0,0.50900096
3371,G18,DR_20221209_143805,1458.0,0.5177433
3372,G19,DR_20221209_143805,1459.0,0.08288388
3373,G19,DR_20221209_143805,1460.0,0.63724196
3374,G19,DR_20221209_143805,1461.0,0.5130657
3375,G19,DR_20221209_143805,1462.0,0.0327397
3376,G19,DR_20221209_143805,1463.0,0.03834256
3377,G19,DR_20221209_143805,1464.0,0.9126257
3378,G19,DR_20221209_143805,1465.0,0.5052074
3379,G19,DR_20221209_143805,1466.0,0.5611583
3380,G19,DR_20221209_143805,1467.0,0.47472623
3381,G20,DR_20221209_143805,1468.0,0.5533374
3382,G20,DR_20221209_143805,1469.0,0.5832616
3383,G20,DR_20221209_143805,1470.0,0.63277435
3384,G20,DR_20221209_143805,1471.0,0.9018611
3385,G20,DR_20221209_143805,1472.0,0.3707103
3386,G20,DR_20221209_143805,1473.0,0.13898176
3387,G20,DR_20221209_143805,1474.0,0.42574713
3388,G20,DR_20221209_143805,1475.0,0.25710043
3389,G20,DR_20221209_143805,1476.0,0.5846412
3390,G21,DR_20221209_143805,1477.0,0.598212
3391,G21,DR_20221209_143805,1478.0,0.32397643
3392,G21,DR_20221209_143805,1479.0,0.5450373
3393,G21,DR_20221209_143805,1480.0,0.12651262
3394,G21,DR_20221209_143805,1481.0,0.4039328
3395,G21,DR_20221209_143805,1482.0,0.31969473
3396,G21,DR_20221209_143805,1483.0,0.4243479
3397,G21,DR_20221209_143805,1484.0,0.88994175
3398,G21,DR_20221209_143805,1485.0,0.3384185
3399,G22,DR_20221209_143805,1486.0,0.55311674
3400,G22,DR_20221209_143805,1487.0,0.40555912
3401,G22,DR_20221209_143805,1488.0,0.4864882
3402,G22,DR_20221209_143805,1489.0,0.048621103
3403,G22,DR_20221209_143805,1490.0,0.29000726
3404,G22,DR_20221209_143805,1491.0,0.43440825
3405,G22,DR_20221209_143805,1492.0,0.88965493
3406,G22,DR_20221209_143805,1493.0,0.42342559
3407,G22,DR_20221209_143805,1494.0,0.24821144
3444,H03,DR_20221209_143805,1531.0,0.3109638
3445,H03,DR_20221209_143805,1532.0,0.97369814
3446,H03,DR_20221209_143805,1533.0,0.9397634
3447,H03,DR_20221209_143805,1534.0,0.7810159
3448,H03,DR_20221209_143805,1535.0,1.0294448
3449,H03,DR_20221209_143805,1536.0,0.48200542
3450,H03,DR_20221209_143805,1537.0,0.89672333
3451,H03,DR_20221209_143805,1538.0,0.8250479
3452,H03,DR_20221209_143805,1539.0,0.9568217
3453,H04,DR_20221209_143805,1540.0,1.018832
3454,H04,DR_20221209_143805,1541.0,0.3567868
3455,H04,DR_20221209_143805,1542.0,0.18921404
3456,H04,DR_20221209_143805,1543.0,0.25112975
3457,H04,DR_20221209_143805,1544.0,0.11550633
3458,H04,DR_20221209_143805,1545.0,0.53694844
3459,H04,DR_20221209_143805,1546.0,0.89849895
3460,H04,DR_20221209_143805,1547.0,0.9926177
3461,H04,DR_20221209_143805,1548.0,0.010528418
3462,H05,DR_20221209_143805,1549.0,0.4630239
3463,H05,DR_20221209_143805,1550.0,0.9523863
3464,H05,DR_20221209_143805,1551.0,0.62644804
3465,H05,DR_20221209_143805,1552.0,0.40914163
3466,H05,DR_20221209_143805,1553.0,0.97900605
3467,H05,DR_20221209_143805,1554.0,0.92694277
3468,H05,DR_20221209_143805,1555.0,0.5657271
3469,H05,DR_20221209_143805,1556.0,1.0006018
3470,H05,DR_20221209_143805,1557.0,0.4129441
3471,H06,DR_20221209_143805,1558.0,0.12366274
3472,H06,DR_20221209_143805,1559.0,0.20639612
3473,H06,DR_20221209_143805,1560.0,-0.050598346
3474,H06,DR_20221209_143805,1561.0,0.023723483
3475,H06,DR_20221209_143805,1562.0,0.44868982
3476,H06,DR_20221209_143805,1563.0,0.96483177
3477,H06,DR_20221209_143805,1564.0,0.9858552
3478,H06,DR_20221209_143805,1565.0,0.96719265
3479,H06,DR_20221209_143805,1566.0,0.34788346
3480,H07,DR_20221209_143805,1567.0,-0.018173784
3481,H07,DR_20221209_143805,1568.0,-0.011399516
3482,H07,DR_20221209_143805,1569.0,0.497504
3483,H07,DR_20221209_143805,1570.0,0.20915306
3484,H07,DR_20221209_143805,1571.0,0.1873661
3485,H07,DR_20221209_143805,1572.0,0.8909232
3486,H07,DR_20221209_143805,1573.0,0.19496079
3487,H07,DR_20221209_143805,1574.0,0.95021707
3488,H07,DR_20221209_143805,1575.0,0.08246629
3489,H08,DR_20221209_143805,1576.0,0.55786985
3490,H08,DR_20221209_143805,1577.0,0.10799095
3491,H08,DR_20221209_143805,1578.0,1.0279843
3492,H08,DR_20221209_143805,1579.0,0.1992552
3493,H08,DR_20221209_143805,1580.0,0.43665612
3494,H08,DR_20221209_143805,1581.0,0.9211415
3495,H08,DR_20221209_143805,1582.0,0.16944113
3496,H08,DR_20221209_143805,1583.0,1.0523208
3497,H08,DR_20221209_143805,1584.0,0.31104895
3498,H09,DR_20221209_143805,1585.0,0.90106326
3499,H09,DR_20221209_143805,1586.0,0.37191835
3500,H09,DR_20221209_143805,1587.0,0.45579156
3501,H09,DR_20221209_143805,1588.0,0.11631257
3502,H09,DR_20221209_143805,1589.0,0.057194225
3503,H09,DR_20221209_143805,1590.0,0.024945773
3504,H09,DR_20221209_143805,1591.0,0.8725459
3505,H09,DR_20221209_143805,1592.0,0.07441487
3506,H09,DR_20221209_143805,1593.0,0.67918503
3507,H10,DR_20221209_143805,1594.0,0.4161703
3508,H10,DR_20221209_143805,1595.0,0.5204984
3509,H10,DR_20221209_143805,1596.0,0.56034076
3510,H10,DR_20221209_143805,1597.0,0.941859
3511,H10,DR_20221209_143805,1598.0,0.48591644
3512,H10,DR_20221209_143805,1599.0,0.9259969
3513,H10,DR_20221209_143805,1600.0,0.96972704
3514,H10,DR_20221209_143805,1601.0,0.9550365
3515,H10,DR_20221209_143805,1602.0,1.0288688
3516,H11,DR_20221209_143805,1603.0,0.6252503
3517,H11,DR_20221209_143805,1604.0,0.2956518
3518,H11,DR_20221209_143805,1605.0,0.6716079
3519,H11,DR_20221209_143805,1606.0,0.34783256
3520,H11,DR_20221209_143805,1607.0,0.18718587
3521,H11,DR_20221209_143805,1608.0,0.9983727
3522,H11,DR_20221209_143805,1609.0,0.9584549
3523,H11,DR_20221209_143805,1610.0,0.6150468
3524,H11,DR_20221209_143805,1611.0,0.18250379
3525,H12,DR_20221209_143805,1612.0,0.1699659
3526,H12,DR_20221209_143805,1613.0,0.5564651
3527,H12,DR_20221209_143805,1614.0,0.6400245
3528,H12,DR_20221209_143805,1615.0,0.57254744
3529,H12,DR_20221209_143805,1616.0,0.08237519
3530,H12,DR_20221209_143805,1617.0,0.3333485
3531,H12,DR_20221209_143805,1618.0,0.5943822
3532,H12,DR_20221209_143805,1619.0,0.42749482
3533,H12,DR_20221209_143805,1620.0,0.21639629
3534,H13,DR_20221209_143805,1621.0,0.9513261
3535,H13,DR_20221209_143805,1622.0,0.05093667
3536,H13,DR_20221209_143805,1623.0,0.43447304
3537,H13,DR_20221209_143805,1624.0,0.17845345
3538,H13,DR_20221209_143805,1625.0,0.17945087
3539,H13,DR_20221209_143805,1626.0,0.17001444
3540,H13,DR_20221209_143805,1627.0,0.16610946
3541,H13,DR_20221209_143805,1628.0,0.19352497
3542,H13,DR_20221209_143805,1629.0,0.19987911
3543,H14,DR_20221209_143805,1630.0,0.07257054
3544,H14,DR_20221209_143805,1631.0,0.40713453
3545,H14,DR_20221209_143805,1632.0,0.55820894
3546,H14,DR_20221209_143805,1633.0,0.7845476
3547,H14,DR_20221209_143805,1634.0,0.061215546
3548,H14,DR_20221209_143805,1635.0,0.86284906
3549,H14,DR_20221209_143805,1636.0,0.42870587
3550,H14,DR_20221209_143805,1637.0,0.5692196
3551,H14,DR_20221209_143805,1638.0,0.44851097
3552,H15,DR_20221209_143805,1639.0,0.03798986
3553,H15,DR_20221209_143805,1640.0,0.37094417
3554,H15,DR_20221209_143805,1641.0,0.57651293
3555,H15,DR_20221209_143805,1642.0,0.18723862
3556,H15,DR_20221209_143805,1643.0,0.15726963
3557,H15,DR_20221209_143805,1644.0,0.17272192
3558,H15,DR_20221209_143805,1645.0,0.5268102
3559,H15,DR_20221209_143805,1646.0,0.7185647
3560,H15,DR_20221209_143805,1647.0,0.5348775
3561,H16,DR_20221209_143805,1648.0,0.39727193
3562,H16,DR_20221209_143805,1649.0,0.9781075
3563,H16,DR_20221209_143805,1650.0,0.5968916
3564,H16,DR_20221209_143805,1651.0,0.61421686
3565,H16,DR_20221209_143805,1652.0,0.032224447
3566,H16,DR_20221209_143805,1653.0,0.78870404
3567,H16,DR_20221209_143805,1654.0,0.58645266
3568,H16,DR_20221209_143805,1655.0,0.6337533
3569,H16,DR_20221209_143805,1656.0,0.8121974
3570,H17,DR_20221209_143805,1657.0,0.18281218
3571,H17,DR_20221209_143805,1658.0,0.43120897
3572,H17,DR_20221209_143805,1659.0,0.7978588
3573,H17,DR_20221209_143805,1660.0,0.48907968
3574,H17,DR_20221209_143805,1661.0,0.042606443
3575,H17,DR_20221209_143805,1662.0,0.4766941
3576,H17,DR_20221209_143805,1663.0,0.9764958
3577,H17,DR_20221209_143805,1664.0,0.3780267
3578,H17,DR_20221209_143805,1665.0,0.18365136
3579,H18,DR_20221209_143805,1666.0,0.5408088
3580,H18,DR_20221209_143805,1667.0,0.3150944
3581,H18,DR_20221209_143805,1668.0,0.77617115
3582,H18,DR_20221209_143805,1669.0,0.3683092
3583,H18,DR_20221209_143805,1670.0,0.43305093
3584,H18,DR_20221209_143805,1671.0,0.72928506
3585,H18,DR_20221209_143805,1672.0,0.23106366
3586,H18,DR_20221209_143805,1673.0,0.8733503
3587,H18,DR_20221209_143805,1674.0,0.17897983
3588,H19,DR_20221209_143805,1675.0,0.385034
3589,H19,DR_20221209_143805,1676.0,0.45407248
3590,H19,DR_20221209_143805,1677.0,0.91925377
3591,H19,DR_20221209_143805,1678.0,0.19850034
3592,H19,DR_20221209_143805,1679.0,0.3662942
3593,H19,DR_20221209_143805,1680.0,0.96864516
3594,H19,DR_20221209_143805,1681.0,0.84874564
3595,H19,DR_20221209_143805,1682.0,0.64107794
3596,H19,DR_20221209_143805,1683.0,0.5327593
3597,H20,DR_20221209_143805,1684.0,0.15075605
3598,H20,DR_20221209_143805,1685.0,0.05487756
3599,H20,DR_20221209_143805,1686.0,0.7555136
3600,H20,DR_20221209_143805,1687.0,0.039298117
3601,H20,DR_20221209_143805,1688.0,0.43190542
3602,H20,DR_20221209_143805,1689.0,0.1305771
3603,H20,DR_20221209_143805,1690.0,0.9230401
3604,H20,DR_20221209_143805,1691.0,0.9151334
3605,H20,DR_20221209_143805,1692.0,0.45827565
3606,H21,DR_20221209_143805,1693.0,0.39253202
3607,H21,DR_20221209_143805,1694.0,0.4136855
3608,H21,DR_20221209_143805,1695.0,0.5753379
3609,H21,DR_20221209_143805,1696.0,0.48730198
3610,H21,DR_20221209_143805,1697.0,0.06491724
3611,H21,DR_20221209_143805,1698.0,1.0132308
3612,H21,DR_20221209_143805,1699.0,0.61462957
3613,H21,DR_20221209_143805,1700.0,0.8279097
3614,H21,DR_20221209_143805,1701.0,0.14468601
3615,H22,DR_20221209_143805,1702.0,0.06652698
3616,H22,DR_20221209_143805,1703.0,0.058681253
3617,H22,DR_20221209_143805,1704.0,0.058401715
3618,H22,DR_20221209_143805,1705.0,0.22556262
3619,H22,DR_20221209_143805,1706.0,0.362372
3620,H22,DR_20221209_143805,1707.0,0.637535
3621,H22,DR_20221209_143805,1708.0,0.3825477
3622,H22,DR_20221209_143805,1709.0,0.91233546
3623,H22,DR_20221209_143805,1710.0,0.50053495
3660,I03,DR_20221209_143805,1747.0,0.9120677
3661,I03,DR_20221209_143805,1748.0,0.991641
3662,I03,DR_20221209_143805,1749.0,0.95657855
3663,I03,DR_20221209_143805,1750.0,0.51777774
3664,I03,DR_20221209_143805,1751.0,0.42347777
3665,I03,DR_20221209_143805,1752.0,0.98203546
3666,I03,DR_20221209_143805,1753.0,0.59701264
3667,I03,DR_20221209_143805,1754.0,0.3455305
3668,I03,DR_20221209_143805,1755.0,0.6973418
3669,I04,DR_20221209_143805,1756.0,0.2556315
3670,I04,DR_20221209_143805,1757.0,0.19110386
3671,I04,DR_20221209_143805,1758.0,0.63115793
3672,I04,DR_20221209_143805,1759.0,0.32712403
3673,I04,DR_20221209_143805,1760.0,0.5855596
3674,I04,DR_20221209_143805,1761.0,0.850511
3675,I04,DR_20221209_143805,1762.0,0.6111133
3676,I04,DR_20221209_143805,1763.0,0.9069123
3677,I04,DR_20221209_143805,1764.0,-0.011849426
3678,I05,DR_20221209_143805,1765.0,0.9386524
3679,I05,DR_20221209_143805,1766.0,0.89982116
3680,I05,DR_20221209_143805,1767.0,0.7621199
3681,I05,DR_20221209_143805,1768.0,0.07783989
3682,I05,DR_20221209_143805,1769.0,0.3288165
3683,I05,DR_20221209_143805,1770.0,0.87138957
3684,I05,DR_20221209_143805,1771.0,0.25957024
3685,I05,DR_20221209_143805,1772.0,0.37746644
3686,I05,DR_20221209_143805,1773.0,0.5470973
3687,I06,DR_20221209_143805,1774.0,0.9310958
3688,I06,DR_20221209_143805,1775.0,0.5368172
3689,I06,DR_20221209_143805,1776.0,0.9056589
3690,I06,DR_20221209_143805,1777.0,0.24086516
3691,I06,DR_20221209_143805,1778.0,0.6323896
3692,I06,DR_20221209_143805,1779.0,0.93149024
3693,I06,DR_20221209_143805,1780.0,1.0583448
3694,I06,DR_20221209_143805,1781.0,0.41469073
3695,I06,DR_20221209_143805,1782.0,0.2303201
3696,I07,DR_20221209_143805,1783.0,0.10278131
3697,I07,DR_20221209_143805,1784.0,0.05027492
3698,I07,DR_20221209_143805,1785.0,0.6262115
3699,I07,DR_20221209_143805,1786.0,0.2875389
3700,I07,DR_20221209_143805,1787.0,0.4104755
3701,I07,DR_20221209_143805,1788.0,0.85573435
3702,I07,DR_20221209_143805,1789.0,0.9641687
3703,I07,DR_20221209_143805,1790.0,0.9243045
3704,I07,DR_20221209_143805,1791.0,0.06624819
3705,I08,DR_20221209_143805,1792.0,0.022997467
3706,I08,DR_20221209_143805,1793.0,0.06639078
3707,I08,DR_20221209_143805,1794.0,0.54249066
3708,I08,DR_20221209_143805,1795.0,0.19724005
3709,I08,DR_20221209_143805,1796.0,0.59093934
3710,I08,DR_20221209_143805,1797.0,1.0097895
3711,I08,DR_20221209_143805,1798.0,0.8959312
3712,I08,DR_20221209_143805,1799.0,1.013086
3713,I08,DR_20221209_143805,1800.0,0.4106519
3714,I09,DR_20221209_143805,1801.0,0.9034882
3715,I09,DR_20221209_143805,1802.0,0.37026662
3716,I09,DR_20221209_143805,1803.0,0.85329396
3717,I09,DR_20221209_143805,1804.0,0.40781772
3718,I09,DR_20221209_143805,1805.0,0.061717838
3719,I09,DR_20221209_143805,1806.0,0.021512806
3720,I09,DR_20221209_143805,1807.0,0.9464247
3721,I09,DR_20221209_143805,1808.0,0.34027955
3722,I09,DR_20221209_143805,1809.0,0.3216313
3723,I10,DR_20221209_143805,1810.0,0.29858485
3724,I10,DR_20221209_143805,1811.0,0.5627476
3725,I10,DR_20221209_143805,1812.0,0.5048569
3726,I10,DR_20221209_143805,1813.0,0.82442224
3727,I10,DR_20221209_143805,1814.0,0.42277488
3728,I10,DR_20221209_143805,1815.0,0.9246508
3729,I10,DR_20221209_143805,1816.0,1.0010114
3730,I10,DR_20221209_143805,1817.0,0.92286104
3731,I10,DR_20221209_143805,1818.0,0.43283004
3732,I11,DR_20221209_143805,1819.0,0.39241138
3733,I11,DR_20221209_143805,1820.0,0.08875854
3734,I11,DR_20221209_143805,1821.0,0.17279907
3735,I11,DR_20221209_143805,1822.0,0.097578436
3736,I11,DR_20221209_143805,1823.0,0.16198027
3737,I11,DR_20221209_143805,1824.0,0.34750006
3738,I11,DR_20221209_143805,1825.0,0.99727803
3739,I11,DR_20221209_143805,1826.0,0.2230734
3740,I11,DR_20221209_143805,1827.0,0.01957567
3741,I12,DR_20221209_143805,1828.0,0.7069478
3742,I12,DR_20221209_143805,1829.0,0.91673434
3743,I12,DR_20221209_143805,1830.0,0.5737112
3744,I12,DR_20221209_143805,1831.0,0.44692254
3745,I12,DR_20221209_143805,1832.0,0.058490716
3746,I12,DR_20221209_143805,1833.0,0.6350687
3747,I12,DR_20221209_143805,1834.0,0.6139828
3748,I12,DR_20221209_143805,1835.0,0.1765566
3749,I12,DR_20221209_143805,1836.0,0.26760408
3750,I13,DR_20221209_143805,1837.0,0.32086283
3751,I13,DR_20221209_143805,1838.0,0.055679873
3752,I13,DR_20221209_143805,1839.0,0.4616062
3753,I13,DR_20221209_143805,1840.0,0.29597607
3754,I13,DR_20221209_143805,1841.0,0.16298017
3755,I13,DR_20221209_143805,1842.0,0.16530956
3756,I13,DR_20221209_143805,1843.0,0.12065078
3757,I13,DR_20221209_143805,1844.0,0.5312837
3758,I13,DR_20221209_143805,1845.0,0.20226048
3759,I14,DR_20221209_143805,1846.0,0.27060506
3760,I14,DR_20221209_143805,1847.0,0.122433215
3761,I14,DR_20221209_143805,1848.0,0.085183695
3762,I14,DR_20221209_143805,1849.0,0.6920385
3763,I14,DR_20221209_143805,1850.0,0.07844422
3764,I14,DR_20221209_143805,1851.0,0.96746254
3765,I14,DR_20221209_143805,1852.0,0.39581636
3766,I14,DR_20221209_143805,1853.0,0.15905897
3767,I14,DR_20221209_143805,1854.0,0.313063
3768,I15,DR_20221209_143805,1855.0,0.17108151
3769,I15,DR_20221209_143805,1856.0,0.19881934
3770,I15,DR_20221209_143805,1857.0,0.22922978
3771,I15,DR_20221209_143805,1858.0,0.7052441
3772,I15,DR_20221209_143805,1859.0,0.18707517
3773,I15,DR_20221209_143805,1860.0,0.3466164
3774,I15,DR_20221209_143805,1861.0,0.4928461
3775,I15,DR_20221209_143805,1862.0,0.19916065
3776,I15,DR_20221209_143805,1863.0,0.695773
3777,I16,DR_20221209_143805,1864.0,0.18922178
3778,I16,DR_20221209_143805,1865.0,0.5090855
3779,I16,DR_20221209_143805,1866.0,0.16382545
3780,I16,DR_20221209_143805,1867.0,0.68207186
3781,I16,DR_20221209_143805,1868.0,0.07510457
3782,I16,DR_20221209_143805,1869.0,0.5075497
3783,I16,DR_20221209_143805,1870.0,0.9088243
3784,I16,DR_20221209_143805,1871.0,0.42051402
3785,I16,DR_20221209_143805,1872.0,0.0844969
3786,I17,DR_20221209_143805,1873.0,0.5524139
3787,I17,DR_20221209_143805,1874.0,0.5481667
3788,I17,DR_20221209_143805,1875.0,0.2425683
3789,I17,DR_20221209_143805,1876.0,0.23115334
3790,I17,DR_20221209_143805,1877.0,0.3732237
3791,I17,DR_20221209_143805,1878.0,0.4025242
3792,I17,DR_20221209_143805,1879.0,0.44603297
3793,I17,DR_20221209_143805,1880.0,0.55124176
3794,I17,DR_20221209_143805,1881.0,0.5930432
3795,I18,DR_20221209_143805,1882.0,0.48827362
3796,I18,DR_20221209_143805,1883.0,0.6257035
3797,I18,DR_20221209_143805,1884.0,0.17116204
3798,I18,DR_20221209_143805,1885.0,0.232043
3799,I18,DR_20221209_143805,1886.0,0.08449802
3800,I18,DR_20221209_143805,1887.0,0.30920532
3801,I18,DR_20221209_143805,1888.0,0.68167996
3802,I18,DR_20221209_143805,1889.0,0.51548713
3803,I18,DR_20221209_143805,1890.0,0.5447791
3804,I19,DR_20221209_143805,1891.0,0.058813073
3805,I19,DR_20221209_143805,1892.0,0.059540655
3806,I19,DR_20221209_143805,1893.0,0.80751264
3807,I19,DR_20221209_143805,1894.0,0.68894094
3808,I19,DR_20221209_143805,1895.0,0.39921114
3809,I19,DR_20221209_143805,1896.0,0.43534228
3810,I19,DR_20221209_143805,1897.0,0.9509769
3811,I19,DR_20221209_143805,1898.0,0.546046
3812,I19,DR_20221209_143805,1899.0,0.60851943
3813,I20,DR_20221209_143805,1900.0,0.6762988
3814,I20,DR_20221209_143805,1901.0,0.25026333
3815,I20,DR_20221209_143805,1902.0,0.83389395
3816,I20,DR_20221209_143805,1903.0,0.88485634
3817,I20,DR_20221209_143805,1904.0,0.4080715
3818,I20,DR_20221209_143805,1905.0,0.3918726
3819,I20,DR_20221209_143805,1906.0,1.0265183
3820,I20,DR_20221209_143805,1907.0,0.5410051
3821,I20,DR_20221209_143805,1908.0,0.15424372
3822,I21,DR_20221209_143805,1909.0,0.47844622
3823,I21,DR_20221209_143805,1910.0,0.22584465
3824,I21,DR_20221209_143805,1911.0,0.6344862
3825,I21,DR_20221209_143805,1912.0,0.60584265
3826,I21,DR_20221209_143805,1913.0,0.38971418
3827,I21,DR_20221209_143805,1914.0,0.35554126
3828,I21,DR_20221209_143805,1915.0,0.9785842
3829,I21,DR_20221209_143805,1916.0,0.46980354
3830,I21,DR_20221209_143805,1917.0,0.48872215
3831,I22,DR_20221209_143805,1918.0,0.19742186
3832,I22,DR_20221209_143805,1919.0,0.8371806
3833,I22,DR_20221209_143805,1920.0,0.35496402
3834,I22,DR_20221209_143805,1921.0,0.23868725
3835,I22,DR_20221209_143805,1922.0,0.3770134
3836,I22,DR_20221209_143805,1923.0,0.2929891
3837,I22,DR_20221209_143805,1924.0,0.983958
3838,I22,DR_20221209_143805,1925.0,0.15523072
3839,I22,DR_20221209_143805,1926.0,0.17469844
3876,J03,DR_20221209_143805,1963.0,0.67577064
3877,J03,DR_20221209_143805,1964.0,0.33083507
3878,J03,DR_20221209_143805,1965.0,0.6835972
3879,J03,DR_20221209_143805,1966.0,0.5935861
3880,J03,DR_20221209_143805,1967.0,0.2714915
3881,J03,DR_20221209_143805,1968.0,0.61594903
3882,J03,DR_20221209_143805,1969.0,0.32338053
3883,J03,DR_20221209_143805,1970.0,0.6502658
3884,J04,DR_20221209_143805,1971.0,1.015108
3885,J04,DR_20221209_143805,1972.0,0.95840394
3886,J04,DR_20221209_143805,1973.0,0.9053421
3887,J04,DR_20221209_143805,1974.0,0.42051432
3888,J04,DR_20221209_143805,1975.0,0.89598376
3889,J04,DR_20221209_143805,1976.0,0.92572814
3890,J04,DR_20221209_143805,1977.0,0.9930544
3891,J04,DR_20221209_143805,1978.0,0.9606229
3892,J04,DR_20221209_143805,1979.0,1.0059967
3893,J05,DR_20221209_143805,1980.0,0.8452012
3894,J05,DR_20221209_143805,1981.0,0.98493904
3895,J05,DR_20221209_143805,1982.0,0.58543247
3896,J05,DR_20221209_143805,1983.0,0.20275973
3897,J05,DR_20221209_143805,1984.0,0.34647855
3898,J05,DR_20221209_143805,1985.0,0.95778584
3899,J05,DR_20221209_143805,1986.0,0.11097397
3900,J05,DR_20221209_143805,1987.0,0.20774494
3901,J05,DR_20221209_143805,1988.0,0.5983697
3902,J06,DR_20221209_143805,1989.0,0.9538937
3903,J06,DR_20221209_143805,1990.0,0.9078838
3904,J06,DR_20221209_143805,1991.0,0.8851408
3905,J06,DR_20221209_143805,1992.0,0.7953269
3906,J06,DR_20221209_143805,1993.0,0.6867381
3907,J06,DR_20221209_143805,1994.0,0.9677441
3908,J06,DR_20221209_143805,1995.0,0.9144869
3909,J06,DR_20221209_143805,1996.0,0.9996285
3910,J06,DR_20221209_143805,1997.0,0.52351487
3911,J07,DR_20221209_143805,1998.0,0.8817625
3912,J07,DR_20221209_143805,1999.0,0.84995717
3913,J07,DR_20221209_143805,2000.0,0.252217
3914,J07,DR_20221209_143805,2001.0,0.6372929
3915,J07,DR_20221209_143805,2002.0,0.6145703
3916,J07,DR_20221209_143805,2003.0,0.97823185
3917,J07,DR_20221209_143805,2004.0,0.8067928
3918,J07,DR_20221209_143805,2005.0,0.97613215
3919,J07,DR_20221209_143805,2006.0,0.855694
3920,J08,DR_20221209_143805,2007.0,0.59726006
3921,J08,DR_20221209_143805,2008.0,0.9606342
3922,J08,DR_20221209_143805,2009.0,0.6090058
3923,J08,DR_20221209_143805,2010.0,0.6226414
3924,J08,DR_20221209_143805,2011.0,0.78744036
3925,J08,DR_20221209_143805,2012.0,0.5169191
3926,J08,DR_20221209_143805,2013.0,0.50749445
3927,J08,DR_20221209_143805,2014.0,0.97325385
3928,J08,DR_20221209_143805,2015.0,0.78433126
3929,J09,DR_20221209_143805,2016.0,0.9719939
3930,J09,DR_20221209_143805,2017.0,0.02656804
3931,J09,DR_20221209_143805,2018.0,0.6558286
3932,J09,DR_20221209_143805,2019.0,0.4255163
3933,J09,DR_20221209_143805,2020.0,0.07003756
3934,J09,DR_20221209_143805,2021.0,0.65096116
3935,J09,DR_20221209_143805,2022.0,0.97828376
3936,J09,DR_20221209_143805,2023.0,0.8226807
3937,J09,DR_20221209_143805,2024.0,0.68559337
3938,J10,DR_20221209_143805,2025.0,0.58780617
3939,J10,DR_20221209_143805,2026.0,0.84616405
3940,J10,DR_20221209_143805,2027.0,0.8644056
3941,J10,DR_20221209_143805,2028.0,0.9004802
3942,J10,DR_20221209_143805,2029.0,0.5270804
3943,J10,DR_20221209_143805,2030.0,0.99701035
3944,J10,DR_20221209_143805,2031.0,0.5034786
3945,J10,DR_20221209_143805,2032.0,0.97819126
3946,J10,DR_20221209_143805,2033.0,0.6579605
3947,J11,DR_20221209_143805,2034.0,0.1954579
3948,J11,DR_20221209_143805,2035.0,0.9934613
3949,J11,DR_20221209_143805,2036.0,0.7774871
3950,J11,DR_20221209_143805,2037.0,0.3770634
3951,J11,DR_20221209_143805,2038.0,0.059514783
3952,J11,DR_20221209_143805,2039.0,0.44258326
3953,J11,DR_20221209_143805,2040.0,0.9850696
3954,J11,DR_20221209_143805,2041.0,0.47823572
3955,J11,DR_20221209_143805,2042.0,0.11493689
3956,J12,DR_20221209_143805,2043.0,0.93854755
3957,J12,DR_20221209_143805,2044.0,0.48542494
3958,J12,DR_20221209_143805,2045.0,0.76726866
3959,J12,DR_20221209_143805,2046.0,0.54269373
3960,J12,DR_20221209_143805,2047.0,0.08718955
3961,J12,DR_20221209_143805,2048.0,0.5072391
3962,J12,DR_20221209_143805,2049.0,0.8577182
3963,J12,DR_20221209_143805,2050.0,1.0408279
3964,J12,DR_20221209_143805,2051.0,0.6758425
3965,J13,DR_20221209_143805,2052.0,0.6496337
3966,J13,DR_20221209_143805,2053.0,0.6480634
3967,J13,DR_20221209_143805,2054.0,0.642102
3968,J13,DR_20221209_143805,2055.0,0.43822765
3969,J13,DR_20221209_143805,2056.0,0.77748966
3970,J13,DR_20221209_143805,2057.0,0.17772004
3971,J13,DR_20221209_143805,2058.0,0.17805198
3972,J13,DR_20221209_143805,2059.0,0.71078223
3973,J13,DR_20221209_143805,2060.0,0.13571881
3974,J14,DR_20221209_143805,2061.0,0.4620551
3975,J14,DR_20221209_143805,2062.0,0.04402742
3976,J14,DR_20221209_143805,2063.0,0.1723201
3977,J14,DR_20221209_143805,2064.0,0.36436155
3978,J14,DR_20221209_143805,2065.0,0.025838884
3979,J14,DR_20221209_143805,2066.0,0.18793009
3980,J14,DR_20221209_143805,2067.0,0.7831634
3981,J14,DR_20221209_143805,2068.0,0.5475169
3982,J14,DR_20221209_143805,2069.0,0.16761263
3983,J15,DR_20221209_143805,2070.0,0.04878431
3984,J15,DR_20221209_143805,2071.0,0.18751304
3985,J15,DR_20221209_143805,2072.0,0.09597558
3986,J15,DR_20221209_143805,2073.0,0.2869598
3987,J15,DR_20221209_143805,2074.0,0.17368466
3988,J15,DR_20221209_143805,2075.0,0.49281442
3989,J15,DR_20221209_143805,2076.0,0.85517824
3990,J15,DR_20221209_143805,2077.0,0.68436044
3991,J15,DR_20221209_143805,2078.0,0.43188995
3992,J16,DR_20221209_143805,2079.0,0.18712555
3993,J16,DR_20221209_143805,2080.0,0.90592563
3994,J16,DR_20221209_143805,2081.0,0.34414074
3995,J16,DR_20221209_143805,2082.0,0.2965668
3996,J16,DR_20221209_143805,2083.0,0.20000657
3997,J16,DR_20221209_143805,2084.0,0.49939445
3998,J16,DR_20221209_143805,2085.0,0.43482217
3999,J16,DR_20221209_143805,2086.0,0.7281414
4000,J16,DR_20221209_143805,2087.0,0.5743433
4001,J17,DR_20221209_143805,2088.0,0.18164802
4002,J17,DR_20221209_143805,2089.0,0.8811126
4003,J17,DR_20221209_143805,2090.0,0.8073025
4004,J17,DR_20221209_143805,2091.0,0.21220665
4005,J17,DR_20221209_143805,2092.0,0.12100168
4006,J17,DR_20221209_143805,2093.0,0.8577498
4007,J17,DR_20221209_143805,2094.0,0.8232887
4008,J17,DR_20221209_143805,2095.0,0.80865514
4009,J17,DR_20221209_143805,2096.0,0.4315971
4010,J18,DR_20221209_143805,2097.0,0.25387803
4011,J18,DR_20221209_143805,2098.0,0.5137278
4012,J18,DR_20221209_143805,2099.0,0.5598918
4013,J18,DR_20221209_143805,2100.0,0.5734414
4014,J18,DR_20221209_143805,2101.0,0.33944565
4015,J18,DR_20221209_143805,2102.0,0.41324708
4016,J18,DR_20221209_143805,2103.0,0.9735739
4017,J18,DR_20221209_143805,2104.0,1.0000823
4018,J18,DR_20221209_143805,2105.0,0.09987202
4019,J19,DR_20221209_143805,2106.0,0.10981649
4020,J19,DR_20221209_143805,2107.0,0.39750353
4021,J19,DR_20221209_143805,2108.0,0.64492226
4022,J19,DR_20221209_143805,2109.0,0.7156304
4023,J19,DR_20221209_143805,2110.0,0.39891648
4024,J19,DR_20221209_143805,2111.0,0.44567958
4025,J19,DR_20221209_143805,2112.0,0.7856011
4026,J19,DR_20221209_143805,2113.0,0.50020593
4027,J19,DR_20221209_143805,2114.0,0.52672863
4028,J20,DR_20221209_143805,2115.0,0.3716604
4029,J20,DR_20221209_143805,2116.0,0.5453167
4030,J20,DR_20221209_143805,2117.0,0.57722384
4031,J20,DR_20221209_143805,2118.0,0.56936675
4032,J20,DR_20221209_143805,2119.0,0.37940863
4033,J20,DR_20221209_143805,2120.0,1.0001516
4034,J20,DR_20221209_143805,2121.0,0.06477862
4035,J20,DR_20221209_143805,2122.0,0.4988351
4036,J20,DR_20221209_143805,2123.0,0.42361844
4037,J21,DR_20221209_143805,2124.0,0.90767306
4038,J21,DR_20221209_143805,2125.0,0.81995237
4039,J21,DR_20221209_143805,2126.0,0.7475713
4040,J21,DR_20221209_143805,2127.0,0.22429855
4041,J21,DR_20221209_143805,2128.0,0.38004866
4042,J21,DR_20221209_143805,2129.0,0.9379823
4043,J21,DR_20221209_143805,2130.0,0.44918674
4044,J21,DR_20221209_143805,2131.0,0.9646151
4045,J21,DR_20221209_143805,2132.0,0.5497524
4046,J22,DR_20221209_143805,2133.0,-0.017911647
4047,J22,DR_20221209_143805,2134.0,0.5821145
4048,J22,DR_20221209_143805,2135.0,0.87903726
4049,J22,DR_20221209_143805,2136.0,0.6290305
4050,J22,DR_20221209_143805,2137.0,0.577138
4051,J22,DR_20221209_143805,2138.0,0.71114093
4052,J22,DR_20221209_143805,2139.0,0.90887165
4053,J22,DR_20221209_143805,2140.0,0.9492286
4054,J22,DR_20221209_143805,2141.0,0.024490228
4091,K04,DR_20221209_143805,2187.0,0.93210214
4092,K04,DR_20221209_143805,2188.0,0.5057318
4093,K04,DR_20221209_143805,2189.0,0.86330324
4094,K04,DR_20221209_143805,2190.0,0.08773182
4095,K04,DR_20221209_143805,2191.0,0.01885564
4096,K04,DR_20221209_143805,2192.0,0.917985
4097,K04,DR_20221209_143805,2193.0,0.9455587
4098,K04,DR_20221209_143805,2194.0,0.94487137
4099,K04,DR_20221209_143805,2195.0,1.0140709
4100,K05,DR_20221209_143805,2196.0,0.43539327
4101,K05,DR_20221209_143805,2197.0,0.45249793
4102,K05,DR_20221209_143805,2198.0,0.39795563
4103,K05,DR_20221209_143805,2199.0,0.08080376
4104,K05,DR_20221209_143805,2200.0,0.49609384
4105,K05,DR_20221209_143805,2201.0,0.8437928
4106,K05,DR_20221209_143805,2202.0,0.07015408
4107,K05,DR_20221209_143805,2203.0,0.16578658
4108,K05,DR_20221209_143805,2204.0,0.64624065
4109,K06,DR_20221209_143805,2205.0,1.0427165
4110,K06,DR_20221209_143805,2206.0,0.9727224
4111,K06,DR_20221209_143805,2207.0,0.6031664
4112,K06,DR_20221209_143805,2208.0,-0.0036687332
4113,K06,DR_20221209_143805,2209.0,0.39543393
4114,K06,DR_20221209_143805,2210.0,1.0344442
4115,K06,DR_20221209_143805,2211.0,0.87968194
4116,K06,DR_20221209_143805,2212.0,0.4590763
4117,K06,DR_20221209_143805,2213.0,0.569604
4118,K07,DR_20221209_143805,2214.0,0.665946
4119,K07,DR_20221209_143805,2215.0,0.21067691
4120,K07,DR_20221209_143805,2216.0,0.28323093
4121,K07,DR_20221209_143805,2217.0,0.4286156
4122,K07,DR_20221209_143805,2218.0,0.36974254
4123,K07,DR_20221209_143805,2219.0,1.0596654
4124,K07,DR_20221209_143805,2220.0,0.9191266
4125,K07,DR_20221209_143805,2221.0,1.0079824
4126,K07,DR_20221209_143805,2222.0,0.94258595
4127,K08,DR_20221209_143805,2223.0,0.48756197
4128,K08,DR_20221209_143805,2224.0,0.42859963
4129,K08,DR_20221209_143805,2225.0,0.4953266
4130,K08,DR_20221209_143805,2226.0,0.108572155
4131,K08,DR_20221209_143805,2227.0,0.035631165
4132,K08,DR_20221209_143805,2228.0,1.0491669
4133,K08,DR_20221209_143805,2229.0,0.8399166
4134,K08,DR_20221209_143805,2230.0,0.5324341
4135,K08,DR_20221209_143805,2231.0,0.4770874
4136,K09,DR_20221209_143805,2232.0,0.93312913
4137,K09,DR_20221209_143805,2233.0,0.44735363
4138,K09,DR_20221209_143805,2234.0,0.569565
4139,K09,DR_20221209_143805,2235.0,0.2689743
4140,K09,DR_20221209_143805,2236.0,0.061889805
4141,K09,DR_20221209_143805,2237.0,0.36045876
4142,K09,DR_20221209_143805,2238.0,0.90071183
4143,K09,DR_20221209_143805,2239.0,0.4309259
4144,K09,DR_20221209_143805,2240.0,0.43261865
4145,K10,DR_20221209_143805,2241.0,0.412435
4146,K10,DR_20221209_143805,2242.0,0.37516874
4147,K10,DR_20221209_143805,2243.0,0.4950114
4148,K10,DR_20221209_143805,2244.0,0.6848536
4149,K10,DR_20221209_143805,2245.0,0.080550194
4150,K10,DR_20221209_143805,2246.0,1.008458
4151,K10,DR_20221209_143805,2247.0,0.9919352
4152,K10,DR_20221209_143805,2248.0,0.9743401
4153,K10,DR_20221209_143805,2249.0,0.0957457
4154,K11,DR_20221209_143805,2250.0,0.92314106
4155,K11,DR_20221209_143805,2251.0,0.7674607
4156,K11,DR_20221209_143805,2252.0,0.5508002
4157,K11,DR_20221209_143805,2253.0,0.57062703
4158,K11,DR_20221209_143805,2254.0,0.5038675
4159,K11,DR_20221209_143805,2255.0,0.5337502
4160,K11,DR_20221209_143805,2256.0,0.9445458
4161,K11,DR_20221209_143805,2257.0,0.42571524
4162,K11,DR_20221209_143805,2258.0,0.44762066
4163,K12,DR_20221209_143805,2259.0,0.949988
4164,K12,DR_20221209_143805,2260.0,0.9971494
4165,K12,DR_20221209_143805,2261.0,0.5759892
4166,K12,DR_20221209_143805,2262.0,0.66372234
4167,K12,DR_20221209_143805,2263.0,0.070305124
4168,K12,DR_20221209_143805,2264.0,0.34022734
4169,K12,DR_20221209_143805,2265.0,1.0343909
4170,K12,DR_20221209_143805,2266.0,0.60245603
4171,K12,DR_20221209_143805,2267.0,0.43786526
4172,K14,DR_20221209_143805,2277.0,0.8407969
4173,K14,DR_20221209_143805,2278.0,0.27483958
4174,K14,DR_20221209_143805,2279.0,0.32679418
4175,K14,DR_20221209_143805,2280.0,0.46053475
4176,K14,DR_20221209_143805,2281.0,0.34233502
4177,K14,DR_20221209_143805,2282.0,0.5885371
4178,K14,DR_20221209_143805,2283.0,0.28983152
4179,K14,DR_20221209_143805,2284.0,0.9169079
4180,K14,DR_20221209_143805,2285.0,0.3943363
4181,K18,DR_20221209_143805,2313.0,0.49058726
4182,K18,DR_20221209_143805,2314.0,0.24374126
4183,K18,DR_20221209_143805,2315.0,0.070355564
4184,K18,DR_20221209_143805,2316.0,0.34331292
4185,K18,DR_20221209_143805,2317.0,0.08031664
4186,K18,DR_20221209_143805,2318.0,0.13389646
4187,K18,DR_20221209_143805,2319.0,0.5127535
4188,K18,DR_20221209_143805,2320.0,0.30798396
4189,K18,DR_20221209_143805,2321.0,0.485096
4190,K19,DR_20221209_143805,2322.0,0.5890359
4191,K19,DR_20221209_143805,2323.0,0.74486053
4192,K19,DR_20221209_143805,2324.0,0.07566082
4193,K19,DR_20221209_143805,2325.0,0.27798727
4194,K19,DR_20221209_143805,2326.0,0.20145944
4195,K19,DR_20221209_143805,2327.0,0.41779286
4196,K19,DR_20221209_143805,2328.0,0.5288439
4197,K19,DR_20221209_143805,2329.0,0.5352651
4198,K19,DR_20221209_143805,2330.0,0.34549975
4199,K20,DR_20221209_143805,2331.0,0.47449708
4200,K20,DR_20221209_143805,2332.0,0.9651839
4201,K20,DR_20221209_143805,2333.0,0.21263103
4202,K20,DR_20221209_143805,2334.0,0.48068044
4203,K20,DR_20221209_143805,2335.0,0.80981714
4204,K20,DR_20221209_143805,2336.0,0.9654846
4205,K20,DR_20221209_143805,2337.0,1.0513886
4206,K20,DR_20221209_143805,2338.0,0.99578303
4207,K20,DR_20221209_143805,2339.0,0.29919896
4208,K21,DR_20221209_143805,2340.0,1.0340209
4209,K21,DR_20221209_143805,2341.0,0.9628363
4210,K21,DR_20221209_143805,2342.0,0.9332752
4211,K21,DR_20221209_143805,2343.0,0.83912814
4212,K21,DR_20221209_143805,2344.0,0.9347226
4213,K21,DR_20221209_143805,2345.0,0.9488975
4214,K21,DR_20221209_143805,2346.0,0.5066623
4215,K21,DR_20221209_143805,2347.0,0.9022375
4216,K21,DR_20221209_143805,2348.0,0.5981603
4217,K22,DR_20221209_143805,2349.0,0.13386025
4218,K22,DR_20221209_143805,2350.0,0.25731605
4219,K22,DR_20221209_143805,2351.0,0.29927918
4220,K22,DR_20221209_143805,2352.0,0.6258841
4221,K22,DR_20221209_143805,2353.0,0.4690012
4222,K22,DR_20221209_143805,2354.0,0.6278286
4223,K22,DR_20221209_143805,2355.0,0.45717287
4224,K22,DR_20221209_143805,2356.0,0.97403437
4225,K22,DR_20221209_143805,2357.0,0.018598154
4262,L04,DR_20221209_143805,2403.0,0.8727639
4263,L04,DR_20221209_143805,2404.0,0.8875663
4264,L04,DR_20221209_143805,2405.0,0.83038497
4265,L04,DR_20221209_143805,2406.0,0.5773376
4266,L04,DR_20221209_143805,2407.0,1.0155493
4267,L04,DR_20221209_143805,2408.0,0.97989666
4268,L04,DR_20221209_143805,2409.0,0.9305694
4269,L04,DR_20221209_143805,2410.0,0.9306518
4270,L04,DR_20221209_143805,2411.0,1.0020734
4271,L05,DR_20221209_143805,2412.0,0.83351415
4272,L05,DR_20221209_143805,2413.0,0.9631867
4273,L05,DR_20221209_143805,2414.0,0.98073244
4274,L05,DR_20221209_143805,2415.0,0.37056178
4275,L05,DR_20221209_143805,2416.0,0.54543585
4276,L05,DR_20221209_143805,2417.0,0.5009339
4277,L05,DR_20221209_143805,2418.0,1.0008078
4278,L05,DR_20221209_143805,2419.0,0.46802297
4279,L05,DR_20221209_143805,2420.0,0.65750223
4280,L06,DR_20221209_143805,2421.0,0.36604878
4281,L06,DR_20221209_143805,2422.0,0.7359561
4282,L06,DR_20221209_143805,2423.0,0.8354383
4283,L06,DR_20221209_143805,2424.0,0.3877037
4284,L06,DR_20221209_143805,2425.0,0.5357645
4285,L06,DR_20221209_143805,2426.0,0.9518113
4286,L06,DR_20221209_143805,2427.0,0.8812955
4287,L06,DR_20221209_143805,2428.0,0.3738218
4288,L06,DR_20221209_143805,2429.0,0.51168066
4289,L07,DR_20221209_143805,2430.0,0.6520536
4290,L07,DR_20221209_143805,2431.0,0.11031421
4291,L07,DR_20221209_143805,2432.0,0.28779536
4292,L07,DR_20221209_143805,2433.0,0.040803503
4293,L07,DR_20221209_143805,2434.0,0.5483807
4294,L07,DR_20221209_143805,2435.0,0.9611465
4295,L07,DR_20221209_143805,2436.0,0.71181697
4296,L07,DR_20221209_143805,2437.0,0.95418036
4297,L07,DR_20221209_143805,2438.0,0.36012074
4298,L08,DR_20221209_143805,2439.0,0.45368773
4299,L08,DR_20221209_143805,2440.0,0.45977792
4300,L08,DR_20221209_143805,2441.0,0.5059633
4301,L08,DR_20221209_143805,2442.0,0.19444878
4302,L08,DR_20221209_143805,2443.0,0.1628716
4303,L08,DR_20221209_143805,2444.0,0.50128627
4304,L08,DR_20221209_143805,2445.0,0.43925935
4305,L08,DR_20221209_143805,2446.0,0.93730277
4306,L08,DR_20221209_143805,2447.0,0.8177395
4307,L09,DR_20221209_143805,2448.0,0.9864234
4308,L09,DR_20221209_143805,2449.0,0.63758856
4309,L09,DR_20221209_143805,2450.0,0.4048963
4310,L09,DR_20221209_143805,2451.0,0.6904247
4311,L09,DR_20221209_143805,2452.0,0.953431
4312,L09,DR_20221209_143805,2453.0,0.90536547
4313,L09,DR_20221209_143805,2454.0,0.8911899
4314,L09,DR_20221209_143805,2455.0,0.98614675
4315,L09,DR_20221209_143805,2456.0,1.0159056
4316,L10,DR_20221209_143805,2457.0,0.9310505
4317,L10,DR_20221209_143805,2458.0,0.7174233
4318,L10,DR_20221209_143805,2459.0,0.066112995
4319,L10,DR_20221209_143805,2460.0,0.9824204
4320,L10,DR_20221209_143805,2461.0,0.9761368
4321,L10,DR_20221209_143805,2462.0,1.0458264
4322,L10,DR_20221209_143805,2463.0,0.9301264
4323,L10,DR_20221209_143805,2464.0,0.89239925
4324,L10,DR_20221209_143805,2465.0,0.15402502
4325,L11,DR_20221209_143805,2466.0,0.3791676
4326,L11,DR_20221209_143805,2467.0,0.5951155
4327,L11,DR_20221209_143805,2468.0,0.2865737
4328,L11,DR_20221209_143805,2469.0,0.8891422
4329,L11,DR_20221209_143805,2470.0,0.21338071
4330,L11,DR_20221209_143805,2471.0,0.985271
4331,L11,DR_20221209_143805,2472.0,0.9914906
4332,L11,DR_20221209_143805,2473.0,0.82126033
4333,L11,DR_20221209_143805,2474.0,0.5191515
4334,L12,DR_20221209_143805,2475.0,0.8642149
4335,L12,DR_20221209_143805,2476.0,0.95083237
4336,L12,DR_20221209_143805,2477.0,0.9073534
4337,L12,DR_20221209_143805,2478.0,0.63724
4338,L12,DR_20221209_143805,2479.0,0.53607357
4339,L12,DR_20221209_143805,2480.0,0.98159254
4340,L12,DR_20221209_143805,2481.0,0.8920903
4341,L12,DR_20221209_143805,2482.0,1.0031353
4342,L12,DR_20221209_143805,2483.0,0.6243306
4343,L13,DR_20221209_143805,2484.0,0.3275581
4344,L13,DR_20221209_143805,2485.0,0.20680307
4345,L13,DR_20221209_143805,2486.0,0.9202241
4346,L13,DR_20221209_143805,2487.0,0.6300065
4347,L13,DR_20221209_143805,2488.0,0.47387505
4348,L13,DR_20221209_143805,2489.0,0.95495814
4349,L13,DR_20221209_143805,2490.0,0.54506975
4350,L13,DR_20221209_143805,2491.0,0.18194039
4351,L13,DR_20221209_143805,2492.0,0.38933226
4352,L18,DR_20221209_143805,2529.0,0.20342092
4353,L18,DR_20221209_143805,2530.0,0.57139975
4354,L18,DR_20221209_143805,2531.0,0.22979876
4355,L18,DR_20221209_143805,2532.0,0.3665781
4356,L18,DR_20221209_143805,2533.0,0.069919586
4357,L18,DR_20221209_143805,2534.0,0.6540497
4358,L18,DR_20221209_143805,2535.0,0.44864213
4359,L18,DR_20221209_143805,2536.0,0.90760356
4360,L18,DR_20221209_143805,2537.0,0.08206664
4361,L19,DR_20221209_143805,2538.0,0.9408579
4362,L19,DR_20221209_143805,2539.0,0.62097967
4363,L19,DR_20221209_143805,2540.0,0.9232518
4364,L19,DR_20221209_143805,2541.0,0.43696794
4365,L19,DR_20221209_143805,2542.0,0.3695093
4366,L19,DR_20221209_143805,2543.0,0.61681855
4367,L19,DR_20221209_143805,2544.0,0.9760278
4368,L19,DR_20221209_143805,2545.0,0.9289439
4369,L19,DR_20221209_143805,2546.0,0.54153794
4370,L22,DR_20221209_143805,2565.0,0.8829689
4371,L22,DR_20221209_143805,2566.0,0.50654525
4372,L22,DR_20221209_143805,2567.0,0.09417442
4373,L22,DR_20221209_143805,2568.0,0.56036
4374,L22,DR_20221209_143805,2569.0,0.58411944
4375,L22,DR_20221209_143805,2570.0,0.61342925
4376,L22,DR_20221209_143805,2571.0,0.3819945
4377,L22,DR_20221209_143805,2572.0,1.0838089
4378,L22,DR_20221209_143805,2573.0,0.12959634
4415,M03,DR_20221209_143805,2610.0,0.36508727
4416,M03,DR_20221209_143805,2611.0,0.05621877
4417,M03,DR_20221209_143805,2612.0,0.029996533
4418,M03,DR_20221209_143805,2613.0,0.022702107
4419,M03,DR_20221209_143805,2614.0,0.21237329
4420,M03,DR_20221209_143805,2615.0,0.17229836
4421,M03,DR_20221209_143805,2616.0,0.19978635
4422,M03,DR_20221209_143805,2617.0,0.021142865
4423,M03,DR_20221209_143805,2618.0,0.01253575
4424,M04,DR_20221209_143805,2619.0,0.3892929
4425,M04,DR_20221209_143805,2620.0,0.22629073
4426,M04,DR_20221209_143805,2621.0,0.0776869
4427,M04,DR_20221209_143805,2622.0,0.04256199
4428,M04,DR_20221209_143805,2623.0,0.5172538
4429,M04,DR_20221209_143805,2624.0,0.596778
4430,M04,DR_20221209_143805,2625.0,0.1163465
4431,M04,DR_20221209_143805,2626.0,0.4531328
4432,M04,DR_20221209_143805,2627.0,-0.0044242376
4433,M05,DR_20221209_143805,2628.0,0.35826582
4434,M05,DR_20221209_143805,2629.0,0.011815999
4435,M05,DR_20221209_143805,2630.0,-0.0075400085
4436,M05,DR_20221209_143805,2631.0,-0.010440229
4437,M05,DR_20221209_143805,2632.0,0.3655403
4438,M05,DR_20221209_143805,2633.0,0.27893725
4439,M05,DR_20221209_143805,2634.0,0.23310757
4440,M05,DR_20221209_143805,2635.0,0.1513716
4441,M05,DR_20221209_143805,2636.0,0.39795318
4442,M06,DR_20221209_143805,2637.0,0.69052845
4443,M06,DR_20221209_143805,2638.0,0.40323
4444,M06,DR_20221209_143805,2639.0,0.07759786
4445,M06,DR_20221209_143805,2640.0,-0.016781999
4446,M06,DR_20221209_143805,2641.0,0.37312087
4447,M06,DR_20221209_143805,2642.0,0.30550388
4448,M06,DR_20221209_143805,2643.0,0.061548576
4449,M06,DR_20221209_143805,2644.0,0.014526264
4450,M06,DR_20221209_143805,2645.0,0.107362136
4451,M07,DR_20221209_143805,2646.0,0.57658833
4452,M07,DR_20221209_143805,2647.0,0.32480887
4453,M07,DR_20221209_143805,2648.0,0.013952788
4454,M07,DR_20221209_143805,2649.0,0.9699311
4455,M07,DR_20221209_143805,2650.0,0.7227671
4456,M07,DR_20221209_143805,2651.0,0.56715417
4457,M07,DR_20221209_143805,2652.0,0.5081638
4458,M07,DR_20221209_143805,2653.0,0.5614908
4459,M07,DR_20221209_143805,2654.0,0.26828152
4460,M08,DR_20221209_143805,2655.0,0.8031582
4461,M08,DR_20221209_143805,2656.0,1.021866
4462,M08,DR_20221209_143805,2657.0,0.069833696
4463,M08,DR_20221209_143805,2658.0,0.1522147
4464,M08,DR_20221209_143805,2659.0,0.39392036
4465,M08,DR_20221209_143805,2660.0,0.53597677
4466,M08,DR_20221209_143805,2661.0,0.24035327
4467,M08,DR_20221209_143805,2662.0,0.73325354
4468,M08,DR_20221209_143805,2663.0,0.73314697
4469,M09,DR_20221209_143805,2664.0,1.0194913
4470,M09,DR_20221209_143805,2665.0,1.0179132
4471,M09,DR_20221209_143805,2666.0,0.93716764
4472,M09,DR_20221209_143805,2667.0,0.8621082
4473,M09,DR_20221209_143805,2668.0,0.39046788
4474,M09,DR_20221209_143805,2669.0,1.01405
4475,M09,DR_20221209_143805,2670.0,0.17581974
4476,M09,DR_20221209_143805,2671.0,0.6202701
4477,M09,DR_20221209_143805,2672.0,0.7425224
4478,M10,DR_20221209_143805,2673.0,0.42904118
4479,M10,DR_20221209_143805,2674.0,0.41934994
4480,M10,DR_20221209_143805,2675.0,0.2899296
4481,M10,DR_20221209_143805,2676.0,0.31410372
4482,M10,DR_20221209_143805,2677.0,0.11000945
4483,M10,DR_20221209_143805,2678.0,1.0070755
4484,M10,DR_20221209_143805,2679.0,1.0078527
4485,M10,DR_20221209_143805,2680.0,0.47824946
4486,M10,DR_20221209_143805,2681.0,0.13579175
4487,M11,DR_20221209_143805,2682.0,1.022113
4488,M11,DR_20221209_143805,2683.0,0.9559647
4489,M11,DR_20221209_143805,2684.0,0.1309304
4490,M11,DR_20221209_143805,2685.0,0.2568447
4491,M11,DR_20221209_143805,2686.0,0.023632918
4492,M11,DR_20221209_143805,2687.0,1.0022664
4493,M11,DR_20221209_143805,2688.0,0.7564006
4494,M11,DR_20221209_143805,2689.0,0.85399836
4495,M11,DR_20221209_143805,2690.0,0.62601113
4496,M12,DR_20221209_143805,2691.0,1.0182579
4497,M12,DR_20221209_143805,2692.0,1.0536127
4498,M12,DR_20221209_143805,2693.0,0.96431166
4499,M12,DR_20221209_143805,2694.0,0.94207215
4500,M12,DR_20221209_143805,2695.0,0.1489988
4501,M12,DR_20221209_143805,2696.0,1.0693859
4502,M12,DR_20221209_143805,2697.0,0.6257478
4503,M12,DR_20221209_143805,2698.0,0.6272472
4504,M12,DR_20221209_143805,2699.0,0.35650423
4514,N03,DR_20221209_143805,2718.0,0.015441003
4515,N03,DR_20221209_143805,2719.0,0.0093401605
4516,N03,DR_20221209_143805,2720.0,0.26279473
4517,N03,DR_20221209_143805,2721.0,-0.013843183
4518,N03,DR_20221209_143805,2722.0,0.089509405
4519,N03,DR_20221209_143805,2723.0,0.03895973
4520,N03,DR_20221209_143805,2724.0,-0.023425067
4521,N03,DR_20221209_143805,2725.0,-0.019016169
4522,N03,DR_20221209_143805,2726.0,0.46801832
4523,N04,DR_20221209_143805,2727.0,0.06965847
4524,N04,DR_20221209_143805,2728.0,0.2639233
4525,N04,DR_20221209_143805,2729.0,-0.0088388445
4526,N04,DR_20221209_143805,2730.0,0.86624634
4527,N04,DR_20221209_143805,2731.0,0.08585496
4528,N04,DR_20221209_143805,2732.0,0.1359864
4529,N04,DR_20221209_143805,2733.0,0.12279787
4530,N04,DR_20221209_143805,2734.0,-3.029571e-05
4531,N04,DR_20221209_143805,2735.0,0.34169215
4532,N05,DR_20221209_143805,2736.0,0.4221251
4533,N05,DR_20221209_143805,2737.0,0.024269704
4534,N05,DR_20221209_143805,2738.0,-0.034492515
4535,N05,DR_20221209_143805,2739.0,0.012130179
4536,N05,DR_20221209_143805,2740.0,0.523162
4537,N05,DR_20221209_143805,2741.0,0.106021896
4538,N05,DR_20221209_143805,2742.0,0.26795247
4539,N05,DR_20221209_143805,2743.0,-0.038264696
4540,N05,DR_20221209_143805,2744.0,0.01847137
4541,N06,DR_20221209_143805,2745.0,0.026509697
4542,N06,DR_20221209_143805,2746.0,0.4845723
4543,N06,DR_20221209_143805,2747.0,0.17661351
4544,N06,DR_20221209_143805,2748.0,0.4581077
4545,N06,DR_20221209_143805,2749.0,0.36810088
4546,N06,DR_20221209_143805,2750.0,0.20738311
4547,N06,DR_20221209_143805,2751.0,0.66170925
4548,N06,DR_20221209_143805,2752.0,0.15962219
4549,N06,DR_20221209_143805,2753.0,0.12805305
4550,N07,DR_20221209_143805,2754.0,0.6722102
4551,N07,DR_20221209_143805,2755.0,0.6179287
4552,N07,DR_20221209_143805,2756.0,0.9143296
4553,N07,DR_20221209_143805,2757.0,0.5524181
4554,N07,DR_20221209_143805,2758.0,0.90336627
4555,N07,DR_20221209_143805,2759.0,0.6669341
4556,N07,DR_20221209_143805,2760.0,0.60186297
4557,N07,DR_20221209_143805,2761.0,0.91034645
4558,N07,DR_20221209_143805,2762.0,0.5083929
4559,N08,DR_20221209_143805,2763.0,0.9112914
4560,N08,DR_20221209_143805,2764.0,1.010569
4561,N08,DR_20221209_143805,2765.0,0.2932224
4562,N08,DR_20221209_143805,2766.0,1.0668147
4563,N08,DR_20221209_143805,2767.0,0.48117164
4564,N08,DR_20221209_143805,2768.0,0.46978694
4565,N08,DR_20221209_143805,2769.0,0.5261775
4566,N08,DR_20221209_143805,2770.0,0.88368684
4567,N08,DR_20221209_143805,2771.0,0.73084044
4568,N09,DR_20221209_143805,2772.0,0.46175364
4569,N09,DR_20221209_143805,2773.0,0.50938886
4570,N09,DR_20221209_143805,2774.0,0.12762891
4571,N09,DR_20221209_143805,2775.0,0.15960078
4572,N09,DR_20221209_143805,2776.0,0.2121347
4573,N09,DR_20221209_143805,2777.0,0.5795237
4574,N09,DR_20221209_143805,2778.0,0.5467366
4575,N09,DR_20221209_143805,2779.0,0.22935617
4576,N09,DR_20221209_143805,2780.0,0.083423704
4577,N10,DR_20221209_143805,2781.0,0.8639451
4578,N10,DR_20221209_143805,2782.0,0.9853907
4579,N10,DR_20221209_143805,2783.0,0.10504411
4580,N10,DR_20221209_143805,2784.0,0.6761086
4581,N10,DR_20221209_143805,2785.0,0.49820462
4582,N10,DR_20221209_143805,2786.0,0.64134985
4583,N10,DR_20221209_143805,2787.0,0.9326665
4584,N10,DR_20221209_143805,2788.0,0.60192865
4585,N10,DR_20221209_143805,2789.0,0.8062415
4586,N11,DR_20221209_143805,2790.0,0.9606601
4587,N11,DR_20221209_143805,2791.0,0.9545267
4588,N11,DR_20221209_143805,2792.0,0.51195854
4589,N11,DR_20221209_143805,2793.0,0.6228543
4590,N11,DR_20221209_143805,2794.0,0.35098505
4591,N11,DR_20221209_143805,2795.0,0.7306611
4592,N11,DR_20221209_143805,2796.0,0.7237812
4593,N11,DR_20221209_143805,2797.0,0.8702339
4594,N11,DR_20221209_143805,2798.0,0.29635897
4595,N12,DR_20221209_143805,2799.0,0.46739882
4596,N12,DR_20221209_143805,2800.0,1.0649247
4597,N12,DR_20221209_143805,2801.0,0.77895415
4598,N12,DR_20221209_143805,2802.0,0.48753506
4599,N12,DR_20221209_143805,2803.0,0.40132126
4600,N12,DR_20221209_143805,2804.0,0.9476957
4601,N12,DR_20221209_143805,2805.0,0.9609062
4602,N12,DR_20221209_143805,2806.0,0.46634907
4603,N12,DR_20221209_143805,2807.0,0.3076401
4622,O04,DR_20221209_143805,2835.0,0.115584955
4623,O04,DR_20221209_143805,2836.0,0.028647028
4624,O04,DR_20221209_143805,2837.0,-0.011559253
4625,O04,DR_20221209_143805,2838.0,0.3224621
4626,O04,DR_20221209_143805,2839.0,0.08955022
4627,O04,DR_20221209_143805,2840.0,0.4966038
4628,O04,DR_20221209_143805,2841.0,0.107215874
4629,O04,DR_20221209_143805,2842.0,0.3506016
4630,O04,DR_20221209_143805,2843.0,0.45633766
4631,O05,DR_20221209_143805,2844.0,0.4812678
4632,O05,DR_20221209_143805,2845.0,0.45868444
4633,O05,DR_20221209_143805,2846.0,0.013728739
4634,O05,DR_20221209_143805,2847.0,0.28349486
4635,O05,DR_20221209_143805,2848.0,0.644734
4636,O05,DR_20221209_143805,2849.0,0.111469366
4637,O05,DR_20221209_143805,2850.0,0.018591836
4638,O05,DR_20221209_143805,2851.0,0.45086145
4639,O05,DR_20221209_143805,2852.0,0.30059844
4640,O06,DR_20221209_143805,2853.0,0.06398787
4641,O06,DR_20221209_143805,2854.0,0.13235235
4642,O06,DR_20221209_143805,2855.0,0.41056257
4643,O06,DR_20221209_143805,2856.0,0.26605043
4644,O06,DR_20221209_143805,2857.0,0.21425633
4645,O06,DR_20221209_143805,2858.0,0.77723926
4646,O06,DR_20221209_143805,2859.0,0.75898
4647,O06,DR_20221209_143805,2860.0,0.571016
4648,O06,DR_20221209_143805,2861.0,0.004770248
4649,O07,DR_20221209_143805,2862.0,0.038297396
4650,O07,DR_20221209_143805,2863.0,0.9461498
4651,O07,DR_20221209_143805,2864.0,0.92636716
4652,O07,DR_20221209_143805,2865.0,0.77096623
4653,O07,DR_20221209_143805,2866.0,0.63191515
4654,O07,DR_20221209_143805,2867.0,0.27490175
4655,O07,DR_20221209_143805,2868.0,0.60445845
4656,O07,DR_20221209_143805,2869.0,0.7524002
4657,O07,DR_20221209_143805,2870.0,0.65228987
4658,O08,DR_20221209_143805,2871.0,0.5987586
4659,O08,DR_20221209_143805,2872.0,-0.010037255
4660,O08,DR_20221209_143805,2873.0,0.88911754
4661,O08,DR_20221209_143805,2874.0,0.6874547
4662,O08,DR_20221209_143805,2875.0,0.6420997
4663,O08,DR_20221209_143805,2876.0,0.6392609
4664,O08,DR_20221209_143805,2877.0,0.3135722
4665,O08,DR_20221209_143805,2878.0,0.584533
4666,O08,DR_20221209_143805,2879.0,0.8890882
4667,O09,DR_20221209_143805,2880.0,0.4845836
4668,O09,DR_20221209_143805,2881.0,0.65306413
4669,O09,DR_20221209_143805,2882.0,0.9360893
4670,O09,DR_20221209_143805,2883.0,0.83353305
4671,O09,DR_20221209_143805,2884.0,0.4243027
4672,O09,DR_20221209_143805,2885.0,0.4896803
4673,O09,DR_20221209_143805,2886.0,0.59800595
4674,O09,DR_20221209_143805,2887.0,0.49095085
4675,O09,DR_20221209_143805,2888.0,0.21236616
4676,O12,DR_20221209_143805,2907.0,0.6459542
4677,O12,DR_20221209_143805,2908.0,0.9723293
4678,O12,DR_20221209_143805,2909.0,0.23107803
4679,O12,DR_20221209_143805,2910.0,0.5190579
4680,O12,DR_20221209_143805,2911.0,0.053465888
4681,O12,DR_20221209_143805,2912.0,1.0474174
4682,O12,DR_20221209_143805,2913.0,0.4685166
4683,O12,DR_20221209_143805,2914.0,0.093439154
4684,O12,DR_20221209_143805,2915.0,0.014144769
