,Image_Metadata_WellID,Image_Metadata_PlateID,ImageNumber,score
1941,A03,DR_20221209_143805,19.0,0.018110821
1942,A03,DR_20221209_143805,20.0,-0.0019941267
1943,A03,DR_20221209_143805,21.0,-0.0011901981
1944,A03,DR_20221209_143805,22.0,0.8099155
1945,A03,DR_20221209_143805,23.0,0.0015934176
1946,A03,DR_20221209_143805,24.0,0.00091310387
1947,A03,DR_20221209_143805,25.0,0.008479847
1948,A03,DR_20221209_143805,26.0,0.80655926
1949,A03,DR_20221209_143805,27.0,0.021737864
1950,A04,DR_20221209_143805,28.0,0.8108687
1951,A04,DR_20221209_143805,29.0,0.016599799
1952,A04,DR_20221209_143805,30.0,0.8117394
1953,A04,DR_20221209_143805,31.0,0.01876031
1954,A04,DR_20221209_143805,32.0,0.9957069
1955,A04,DR_20221209_143805,33.0,0.012981966
1956,A04,DR_20221209_143805,34.0,0.021871414
1957,A04,DR_20221209_143805,35.0,0.998024
1958,A04,DR_20221209_143805,36.0,0.9993661
1959,A05,DR_20221209_143805,37.0,0.08634891
1960,A05,DR_20221209_143805,38.0,0.9996559
1961,A05,DR_20221209_143805,39.0,0.99797225
1962,A05,DR_20221209_143805,40.0,0.99992603
1963,A05,DR_20221209_143805,41.0,0.9996451
1964,A05,DR_20221209_143805,42.0,0.925701
1965,A05,DR_20221209_143805,43.0,0.011279669
1966,A05,DR_20221209_143805,44.0,0.99692273
1967,A05,DR_20221209_143805,45.0,0.077930614
1968,A06,DR_20221209_143805,46.0,0.9220056
1969,A06,DR_20221209_143805,47.0,1.0000832
1970,A06,DR_20221209_143805,48.0,0.99924517
1971,A06,DR_20221209_143805,49.0,0.999668
1972,A06,DR_20221209_143805,50.0,0.9992359
1973,A06,DR_20221209_143805,51.0,0.9252576
1974,A06,DR_20221209_143805,52.0,0.03819995
1975,A06,DR_20221209_143805,53.0,0.0095493775
1976,A06,DR_20221209_143805,54.0,0.22978678
1977,A07,DR_20221209_143805,55.0,1.0001558
1978,A07,DR_20221209_143805,56.0,1.0002776
1979,A07,DR_20221209_143805,57.0,1.0000106
1980,A07,DR_20221209_143805,58.0,1.0003551
1981,A07,DR_20221209_143805,59.0,0.9998072
1982,A07,DR_20221209_143805,60.0,0.99903977
1983,A07,DR_20221209_143805,61.0,1.0000942
1984,A07,DR_20221209_143805,62.0,1.0000412
1985,A07,DR_20221209_143805,63.0,0.9997449
1986,A08,DR_20221209_143805,64.0,0.013816085
1987,A08,DR_20221209_143805,65.0,1.0002075
1988,A08,DR_20221209_143805,66.0,0.006461728
1989,A08,DR_20221209_143805,67.0,0.99983436
1990,A08,DR_20221209_143805,68.0,0.99992603
1991,A08,DR_20221209_143805,69.0,0.99989545
1992,A08,DR_20221209_143805,70.0,1.0013428
1993,A08,DR_20221209_143805,71.0,0.6832152
1994,A08,DR_20221209_143805,72.0,0.9250373
1995,A09,DR_20221209_143805,73.0,1.0000403
1996,A09,DR_20221209_143805,74.0,0.99975544
1997,A09,DR_20221209_143805,75.0,0.9999446
1998,A09,DR_20221209_143805,76.0,0.99962074
1999,A09,DR_20221209_143805,77.0,1.0001408
2000,A09,DR_20221209_143805,78.0,1.0003551
2001,A09,DR_20221209_143805,79.0,0.99945325
2002,A09,DR_20221209_143805,80.0,0.230935
2003,A09,DR_20221209_143805,81.0,0.99988633
2004,A10,DR_20221209_143805,82.0,0.2624401
2005,A10,DR_20221209_143805,83.0,0.99992603
2006,A10,DR_20221209_143805,84.0,0.26364878
2007,A10,DR_20221209_143805,85.0,1.0011622
2008,A10,DR_20221209_143805,86.0,1.0010253
2009,A10,DR_20221209_143805,87.0,0.9993096
2010,A10,DR_20221209_143805,88.0,1.0001054
2011,A10,DR_20221209_143805,89.0,0.99999976
2012,A10,DR_20221209_143805,90.0,1.0003306
2013,A11,DR_20221209_143805,91.0,0.25998735
2014,A11,DR_20221209_143805,92.0,0.99998343
2015,A11,DR_20221209_143805,93.0,0.99992687
2016,A11,DR_20221209_143805,94.0,1.0003551
2017,A11,DR_20221209_143805,95.0,1.0000594
2018,A11,DR_20221209_143805,96.0,1.00108
2019,A11,DR_20221209_143805,97.0,0.98567724
2020,A11,DR_20221209_143805,98.0,0.9993105
2021,A11,DR_20221209_143805,99.0,0.9998881
2022,A12,DR_20221209_143805,100.0,0.92545044
2023,A12,DR_20221209_143805,101.0,0.9992398
2024,A12,DR_20221209_143805,102.0,0.03165122
2025,A12,DR_20221209_143805,103.0,0.99964535
2026,A12,DR_20221209_143805,104.0,0.99939024
2027,A12,DR_20221209_143805,105.0,0.9998304
2028,A12,DR_20221209_143805,106.0,0.2597886
2029,A12,DR_20221209_143805,107.0,1.0018332
2030,A12,DR_20221209_143805,108.0,0.9997444
2031,A13,DR_20221209_143805,109.0,0.9994121
2032,A13,DR_20221209_143805,110.0,0.99958277
2033,A13,DR_20221209_143805,111.0,1.0000927
2034,A13,DR_20221209_143805,112.0,1.0005001
2035,A13,DR_20221209_143805,113.0,0.9998463
2036,A13,DR_20221209_143805,114.0,1.0000423
2037,A13,DR_20221209_143805,115.0,0.999596
2038,A13,DR_20221209_143805,116.0,1.0002815
2039,A13,DR_20221209_143805,117.0,1.0002012
2040,A14,DR_20221209_143805,118.0,1.0003666
2041,A14,DR_20221209_143805,119.0,0.99916506
2042,A14,DR_20221209_143805,120.0,0.97954565
2043,A14,DR_20221209_143805,121.0,1.000305
2044,A14,DR_20221209_143805,122.0,0.9993509
2045,A14,DR_20221209_143805,123.0,1.0029676
2046,A14,DR_20221209_143805,124.0,0.98390967
2047,A14,DR_20221209_143805,125.0,0.9999775
2048,A14,DR_20221209_143805,126.0,1.0002877
2049,A15,DR_20221209_143805,127.0,0.9990605
2050,A15,DR_20221209_143805,128.0,0.97607404
2051,A15,DR_20221209_143805,129.0,0.92504096
2052,A15,DR_20221209_143805,130.0,0.99677944
2053,A15,DR_20221209_143805,131.0,0.99999976
2054,A15,DR_20221209_143805,132.0,1.0001426
2055,A15,DR_20221209_143805,133.0,0.07743003
2056,A15,DR_20221209_143805,134.0,1.0000328
2057,A15,DR_20221209_143805,135.0,0.9999176
2058,A16,DR_20221209_143805,136.0,1.0005716
2059,A16,DR_20221209_143805,137.0,0.9999016
2060,A16,DR_20221209_143805,138.0,0.99883294
2061,A16,DR_20221209_143805,139.0,0.08168947
2062,A16,DR_20221209_143805,140.0,0.99950695
2063,A16,DR_20221209_143805,141.0,0.9999681
2064,A16,DR_20221209_143805,142.0,1.0001662
2065,A16,DR_20221209_143805,143.0,1.0002776
2066,A16,DR_20221209_143805,144.0,1.0004888
2067,A17,DR_20221209_143805,145.0,0.99994934
2068,A17,DR_20221209_143805,146.0,1.0004666
2069,A17,DR_20221209_143805,147.0,1.0000328
2070,A17,DR_20221209_143805,148.0,0.99989223
2071,A17,DR_20221209_143805,149.0,0.99999976
2072,A17,DR_20221209_143805,150.0,0.9999176
2073,A17,DR_20221209_143805,151.0,0.99960285
2074,A17,DR_20221209_143805,152.0,0.33652797
2075,A17,DR_20221209_143805,153.0,0.024396857
2076,A18,DR_20221209_143805,154.0,0.99983436
2077,A18,DR_20221209_143805,155.0,0.9979525
2078,A18,DR_20221209_143805,156.0,1.0001568
2079,A18,DR_20221209_143805,157.0,0.9971116
2080,A18,DR_20221209_143805,158.0,0.9996451
2081,A18,DR_20221209_143805,159.0,1.0024618
2082,A18,DR_20221209_143805,160.0,1.0011942
2083,A18,DR_20221209_143805,161.0,0.009504018
2084,A18,DR_20221209_143805,162.0,1.0017756
2085,A19,DR_20221209_143805,163.0,0.008747075
2086,A19,DR_20221209_143805,164.0,0.9968072
2087,A19,DR_20221209_143805,165.0,1.0024303
2088,A19,DR_20221209_143805,166.0,0.9992422
2089,A19,DR_20221209_143805,167.0,1.0009667
2090,A19,DR_20221209_143805,168.0,0.013734346
2091,A19,DR_20221209_143805,169.0,0.013528281
2092,A19,DR_20221209_143805,170.0,0.009234174
2093,A19,DR_20221209_143805,171.0,1.0002998
2094,A20,DR_20221209_143805,172.0,1.0000058
2095,A20,DR_20221209_143805,173.0,0.9999176
2096,A20,DR_20221209_143805,174.0,0.99983436
2097,A20,DR_20221209_143805,175.0,0.9279194
2098,A20,DR_20221209_143805,176.0,1.0012217
2099,A20,DR_20221209_143805,177.0,0.9992881
2100,A20,DR_20221209_143805,178.0,0.22902957
2101,A20,DR_20221209_143805,179.0,0.8933505
2102,A20,DR_20221209_143805,180.0,0.9998526
2103,A21,DR_20221209_143805,181.0,1.0006422
2104,A21,DR_20221209_143805,182.0,0.9999379
2105,A21,DR_20221209_143805,183.0,0.022043211
2106,A21,DR_20221209_143805,184.0,0.9971116
2107,A21,DR_20221209_143805,185.0,0.99992603
2108,A21,DR_20221209_143805,186.0,0.9804142
2109,A21,DR_20221209_143805,187.0,0.0060732514
2110,A21,DR_20221209_143805,188.0,0.011801455
2111,A21,DR_20221209_143805,189.0,1.0002998
2112,A22,DR_20221209_143805,190.0,0.9974119
2113,A22,DR_20221209_143805,191.0,0.9970421
2114,A22,DR_20221209_143805,192.0,0.0064870133
2115,A22,DR_20221209_143805,193.0,0.9998507
2116,A22,DR_20221209_143805,194.0,0.92957747
2117,A22,DR_20221209_143805,195.0,0.9260576
2118,A22,DR_20221209_143805,196.0,0.98157585
2119,A22,DR_20221209_143805,197.0,0.92533094
2120,A22,DR_20221209_143805,198.0,0.9252402
2157,B03,DR_20221209_143805,235.0,0.010960209
2158,B03,DR_20221209_143805,236.0,0.0044896766
2159,B03,DR_20221209_143805,237.0,0.012455849
2160,B03,DR_20221209_143805,238.0,0.80987334
2161,B03,DR_20221209_143805,239.0,0.0072874534
2162,B03,DR_20221209_143805,240.0,0.008998169
2163,B03,DR_20221209_143805,241.0,0.019989006
2164,B03,DR_20221209_143805,242.0,-0.003208908
2165,B03,DR_20221209_143805,243.0,0.02217569
2166,B04,DR_20221209_143805,244.0,-0.0028292392
2167,B04,DR_20221209_143805,245.0,-0.0029181736
2168,B04,DR_20221209_143805,246.0,0.00012407795
2169,B04,DR_20221209_143805,247.0,0.7988177
2170,B04,DR_20221209_143805,248.0,-0.002455411
2171,B04,DR_20221209_143805,249.0,0.0034863246
2172,B04,DR_20221209_143805,250.0,0.0057605593
2173,B04,DR_20221209_143805,251.0,-0.002451414
2174,B04,DR_20221209_143805,252.0,0.8066822
2175,B05,DR_20221209_143805,253.0,0.011034162
2176,B05,DR_20221209_143805,254.0,0.0136379935
2177,B05,DR_20221209_143805,255.0,0.2730682
2178,B05,DR_20221209_143805,256.0,0.9999176
2179,B05,DR_20221209_143805,257.0,0.9997883
2180,B05,DR_20221209_143805,258.0,0.050833285
2181,B05,DR_20221209_143805,259.0,0.9991021
2182,B05,DR_20221209_143805,260.0,0.006272112
2183,B05,DR_20221209_143805,261.0,0.9991893
2184,B06,DR_20221209_143805,262.0,0.9511886
2185,B06,DR_20221209_143805,263.0,0.9993569
2186,B06,DR_20221209_143805,264.0,1.0005845
2187,B06,DR_20221209_143805,265.0,1.0000618
2188,B06,DR_20221209_143805,266.0,0.9998618
2189,B06,DR_20221209_143805,267.0,0.99999774
2190,B06,DR_20221209_143805,268.0,0.039381538
2191,B06,DR_20221209_143805,269.0,0.9557768
2192,B06,DR_20221209_143805,270.0,0.99999976
2193,B07,DR_20221209_143805,271.0,0.99992603
2194,B07,DR_20221209_143805,272.0,1.0001204
2195,B07,DR_20221209_143805,273.0,1.0001364
2196,B07,DR_20221209_143805,274.0,0.9999411
2197,B07,DR_20221209_143805,275.0,1.0006747
2198,B07,DR_20221209_143805,276.0,0.99930006
2199,B07,DR_20221209_143805,277.0,0.047014058
2200,B07,DR_20221209_143805,278.0,0.031391665
2201,B07,DR_20221209_143805,279.0,0.9999176
2202,B08,DR_20221209_143805,280.0,1.0001075
2203,B08,DR_20221209_143805,281.0,1.0000608
2204,B08,DR_20221209_143805,282.0,0.9790232
2205,B08,DR_20221209_143805,283.0,0.9998994
2206,B08,DR_20221209_143805,284.0,0.9999411
2207,B08,DR_20221209_143805,285.0,0.94287014
2208,B08,DR_20221209_143805,286.0,1.0002776
2209,B08,DR_20221209_143805,287.0,1.0001621
2210,B08,DR_20221209_143805,288.0,1.0000885
2211,B09,DR_20221209_143805,289.0,0.9993098
2212,B09,DR_20221209_143805,290.0,1.0020671
2213,B09,DR_20221209_143805,291.0,1.0002075
2214,B09,DR_20221209_143805,292.0,1.0000411
2215,B09,DR_20221209_143805,293.0,1.0001204
2216,B09,DR_20221209_143805,294.0,0.9978703
2217,B09,DR_20221209_143805,295.0,1.0005435
2218,B09,DR_20221209_143805,296.0,1.0005213
2219,B09,DR_20221209_143805,297.0,1.0007362
2220,B10,DR_20221209_143805,298.0,0.9994308
2221,B10,DR_20221209_143805,299.0,1.011157
2222,B10,DR_20221209_143805,300.0,1.0001408
2223,B10,DR_20221209_143805,301.0,1.0008324
2224,B10,DR_20221209_143805,302.0,1.0001307
2225,B10,DR_20221209_143805,303.0,0.9989541
2226,B10,DR_20221209_143805,304.0,1.0001054
2227,B10,DR_20221209_143805,305.0,1.0026174
2228,B10,DR_20221209_143805,306.0,1.0019351
2229,B11,DR_20221209_143805,307.0,0.25692362
2230,B11,DR_20221209_143805,308.0,0.014274933
2231,B11,DR_20221209_143805,309.0,0.22850563
2232,B11,DR_20221209_143805,310.0,1.000453
2233,B11,DR_20221209_143805,311.0,0.999875
2234,B11,DR_20221209_143805,312.0,0.9252988
2235,B11,DR_20221209_143805,313.0,1.0024393
2236,B11,DR_20221209_143805,314.0,1.001854
2237,B11,DR_20221209_143805,315.0,1.0002998
2238,B12,DR_20221209_143805,316.0,0.9248529
2239,B12,DR_20221209_143805,317.0,0.9241621
2240,B12,DR_20221209_143805,318.0,0.02533388
2241,B12,DR_20221209_143805,319.0,0.9998526
2242,B12,DR_20221209_143805,320.0,0.9250961
2243,B12,DR_20221209_143805,321.0,0.0049897567
2244,B12,DR_20221209_143805,322.0,1.0002298
2245,B12,DR_20221209_143805,323.0,1.0019838
2246,B12,DR_20221209_143805,324.0,1.0029976
2247,B13,DR_20221209_143805,325.0,1.0002817
2248,B13,DR_20221209_143805,326.0,1.0001426
2249,B13,DR_20221209_143805,327.0,0.9795003
2250,B13,DR_20221209_143805,328.0,1.0006359
2251,B13,DR_20221209_143805,329.0,0.9998463
2252,B13,DR_20221209_143805,330.0,1.0000082
2253,B13,DR_20221209_143805,331.0,0.9817884
2254,B13,DR_20221209_143805,332.0,0.9833073
2255,B13,DR_20221209_143805,333.0,1.0001577
2256,B14,DR_20221209_143805,334.0,1.0003544
2257,B14,DR_20221209_143805,335.0,0.9974248
2258,B14,DR_20221209_143805,336.0,1.0012863
2259,B14,DR_20221209_143805,337.0,0.9994049
2260,B14,DR_20221209_143805,338.0,0.99909157
2261,B14,DR_20221209_143805,339.0,0.9962233
2262,B14,DR_20221209_143805,340.0,1.0016992
2263,B14,DR_20221209_143805,341.0,1.0001945
2264,B14,DR_20221209_143805,342.0,0.9999762
2265,B15,DR_20221209_143805,343.0,0.9994006
2266,B15,DR_20221209_143805,344.0,0.27287894
2267,B15,DR_20221209_143805,345.0,0.92499524
2268,B15,DR_20221209_143805,346.0,0.267763
2269,B15,DR_20221209_143805,347.0,1.0001204
2270,B15,DR_20221209_143805,348.0,0.29534787
2271,B15,DR_20221209_143805,349.0,1.0016184
2272,B15,DR_20221209_143805,350.0,1.000099
2273,B15,DR_20221209_143805,351.0,1.0002998
2274,B16,DR_20221209_143805,352.0,0.25705796
2275,B16,DR_20221209_143805,353.0,0.23124455
2276,B16,DR_20221209_143805,354.0,0.008118242
2277,B16,DR_20221209_143805,355.0,0.9791762
2278,B16,DR_20221209_143805,356.0,1.000118
2279,B16,DR_20221209_143805,357.0,1.0005257
2280,B16,DR_20221209_143805,358.0,1.0010192
2281,B16,DR_20221209_143805,359.0,1.0012084
2282,B16,DR_20221209_143805,360.0,1.0001843
2283,B17,DR_20221209_143805,361.0,1.0001843
2284,B17,DR_20221209_143805,362.0,1.0024393
2285,B17,DR_20221209_143805,363.0,0.10307114
2286,B17,DR_20221209_143805,364.0,0.98188186
2287,B17,DR_20221209_143805,365.0,0.9998543
2288,B17,DR_20221209_143805,366.0,0.9996598
2289,B17,DR_20221209_143805,367.0,0.007262213
2290,B17,DR_20221209_143805,368.0,0.9228537
2291,B17,DR_20221209_143805,369.0,0.9965238
2292,B18,DR_20221209_143805,370.0,0.9998526
2293,B18,DR_20221209_143805,371.0,0.99964535
2294,B18,DR_20221209_143805,372.0,1.0002295
2295,B18,DR_20221209_143805,373.0,1.0025514
2296,B18,DR_20221209_143805,374.0,1.0009463
2297,B18,DR_20221209_143805,375.0,0.9252576
2298,B18,DR_20221209_143805,376.0,0.011161875
2299,B18,DR_20221209_143805,377.0,0.92682314
2300,B18,DR_20221209_143805,378.0,1.0002998
2301,B19,DR_20221209_143805,379.0,0.9999176
2302,B19,DR_20221209_143805,380.0,1.0001426
2303,B19,DR_20221209_143805,381.0,1.0002998
2304,B19,DR_20221209_143805,382.0,1.0001843
2305,B19,DR_20221209_143805,383.0,1.0001732
2306,B19,DR_20221209_143805,384.0,0.99858
2307,B19,DR_20221209_143805,385.0,0.99916035
2308,B19,DR_20221209_143805,386.0,0.9996656
2309,B19,DR_20221209_143805,387.0,1.0017756
2310,B20,DR_20221209_143805,388.0,0.9221677
2311,B20,DR_20221209_143805,389.0,0.9999176
2312,B20,DR_20221209_143805,390.0,1.0013853
2313,B20,DR_20221209_143805,391.0,0.9998526
2314,B20,DR_20221209_143805,392.0,1.0013651
2315,B20,DR_20221209_143805,393.0,0.28402606
2316,B20,DR_20221209_143805,394.0,0.079319164
2317,B20,DR_20221209_143805,395.0,0.9309256
2318,B20,DR_20221209_143805,396.0,1.0033295
2319,B21,DR_20221209_143805,397.0,0.9994622
2320,B21,DR_20221209_143805,398.0,0.92287713
2321,B21,DR_20221209_143805,399.0,0.28471142
2322,B21,DR_20221209_143805,400.0,0.008118242
2323,B21,DR_20221209_143805,401.0,0.99992603
2324,B21,DR_20221209_143805,402.0,0.9250696
2325,B21,DR_20221209_143805,403.0,1.0002947
2326,B21,DR_20221209_143805,404.0,0.22751361
2327,B21,DR_20221209_143805,405.0,1.0006762
2328,B22,DR_20221209_143805,406.0,0.9999176
2329,B22,DR_20221209_143805,407.0,0.9998304
2330,B22,DR_20221209_143805,408.0,1.0015745
2331,B22,DR_20221209_143805,409.0,0.9999176
2332,B22,DR_20221209_143805,410.0,1.0001426
2333,B22,DR_20221209_143805,411.0,0.9964133
2334,B22,DR_20221209_143805,412.0,0.096292876
2335,B22,DR_20221209_143805,413.0,1.0024846
2336,B22,DR_20221209_143805,414.0,1.0000988
2373,C03,DR_20221209_143805,451.0,-0.0067866603
2374,C03,DR_20221209_143805,452.0,0.0030926005
2375,C03,DR_20221209_143805,453.0,0.8111458
2376,C03,DR_20221209_143805,454.0,0.996447
2377,C03,DR_20221209_143805,455.0,0.8111434
2378,C03,DR_20221209_143805,456.0,-0.008253844
2379,C03,DR_20221209_143805,457.0,0.07930449
2380,C03,DR_20221209_143805,458.0,0.018671028
2381,C03,DR_20221209_143805,459.0,0.07965844
2382,C04,DR_20221209_143805,460.0,-0.0009809957
2383,C04,DR_20221209_143805,461.0,0.008306268
2384,C04,DR_20221209_143805,462.0,-0.008786314
2385,C04,DR_20221209_143805,463.0,-0.0027205776
2386,C04,DR_20221209_143805,464.0,-0.009099565
2387,C04,DR_20221209_143805,465.0,-0.0008520967
2388,C04,DR_20221209_143805,466.0,-0.0044543613
2389,C04,DR_20221209_143805,467.0,-0.0018451742
2390,C04,DR_20221209_143805,468.0,-0.0027855844
2391,C05,DR_20221209_143805,469.0,0.015965415
2392,C05,DR_20221209_143805,470.0,0.0035264404
2393,C05,DR_20221209_143805,471.0,0.00057681184
2394,C05,DR_20221209_143805,472.0,0.012453655
2395,C05,DR_20221209_143805,473.0,-0.0024065357
2396,C05,DR_20221209_143805,474.0,0.0018820311
2397,C05,DR_20221209_143805,475.0,0.02580812
2398,C05,DR_20221209_143805,476.0,-0.007327302
2399,C05,DR_20221209_143805,477.0,-0.00768503
2400,C06,DR_20221209_143805,478.0,0.99990654
2401,C06,DR_20221209_143805,479.0,1.0002075
2402,C06,DR_20221209_143805,480.0,0.9994958
2403,C06,DR_20221209_143805,481.0,0.99999976
2404,C06,DR_20221209_143805,482.0,0.9999411
2405,C06,DR_20221209_143805,483.0,0.9985493
2406,C06,DR_20221209_143805,484.0,0.92576504
2407,C06,DR_20221209_143805,485.0,1.0018227
2408,C06,DR_20221209_143805,486.0,1.0000885
2409,C07,DR_20221209_143805,487.0,1.0002776
2410,C07,DR_20221209_143805,488.0,1.0000423
2411,C07,DR_20221209_143805,489.0,0.9999176
2412,C07,DR_20221209_143805,490.0,1.0000412
2413,C07,DR_20221209_143805,491.0,1.0001204
2414,C07,DR_20221209_143805,492.0,0.92534596
2415,C07,DR_20221209_143805,493.0,0.26217374
2416,C07,DR_20221209_143805,494.0,0.03648147
2417,C07,DR_20221209_143805,495.0,0.97946745
2418,C08,DR_20221209_143805,496.0,1.000163
2419,C08,DR_20221209_143805,497.0,1.0112307
2420,C08,DR_20221209_143805,498.0,0.9998526
2421,C08,DR_20221209_143805,499.0,0.9998487
2422,C08,DR_20221209_143805,500.0,0.9995516
2423,C08,DR_20221209_143805,501.0,1.0002075
2424,C08,DR_20221209_143805,502.0,1.0003234
2425,C08,DR_20221209_143805,503.0,1.0001204
2426,C08,DR_20221209_143805,504.0,1.0017818
2427,C09,DR_20221209_143805,505.0,0.112859935
2428,C09,DR_20221209_143805,506.0,0.9994308
2429,C09,DR_20221209_143805,507.0,0.9998526
2430,C09,DR_20221209_143805,508.0,1.0007362
2431,C09,DR_20221209_143805,509.0,0.99992573
2432,C09,DR_20221209_143805,510.0,1.006397
2433,C09,DR_20221209_143805,511.0,0.96736646
2434,C09,DR_20221209_143805,512.0,1.0001426
2435,C09,DR_20221209_143805,513.0,1.0001204
2436,C10,DR_20221209_143805,514.0,1.0005189
2437,C10,DR_20221209_143805,515.0,1.000118
2438,C10,DR_20221209_143805,516.0,0.99999976
2439,C10,DR_20221209_143805,517.0,1.0010467
2440,C10,DR_20221209_143805,518.0,0.9998487
2441,C10,DR_20221209_143805,519.0,1.000118
2442,C10,DR_20221209_143805,520.0,0.99999976
2443,C10,DR_20221209_143805,521.0,0.9990653
2444,C10,DR_20221209_143805,522.0,0.010998926
2445,C11,DR_20221209_143805,523.0,0.99989545
2446,C11,DR_20221209_143805,524.0,0.9998526
2447,C11,DR_20221209_143805,525.0,0.24373206
2448,C11,DR_20221209_143805,526.0,0.9998526
2449,C11,DR_20221209_143805,527.0,1.0001204
2450,C11,DR_20221209_143805,528.0,0.25694245
2451,C11,DR_20221209_143805,529.0,0.007967654
2452,C11,DR_20221209_143805,530.0,0.009000547
2453,C11,DR_20221209_143805,531.0,0.9998099
2454,C12,DR_20221209_143805,532.0,0.9999176
2455,C12,DR_20221209_143805,533.0,0.9278181
2456,C12,DR_20221209_143805,534.0,0.09827614
2457,C12,DR_20221209_143805,535.0,1.0003732
2458,C12,DR_20221209_143805,536.0,1.0111945
2459,C12,DR_20221209_143805,537.0,1.0001426
2460,C12,DR_20221209_143805,538.0,0.014974922
2461,C12,DR_20221209_143805,539.0,0.99999976
2462,C12,DR_20221209_143805,540.0,1.0002998
2463,C13,DR_20221209_143805,541.0,1.0000423
2464,C13,DR_20221209_143805,542.0,0.9996355
2465,C13,DR_20221209_143805,543.0,1.0000423
2466,C13,DR_20221209_143805,544.0,0.9999539
2467,C13,DR_20221209_143805,545.0,1.0001796
2468,C13,DR_20221209_143805,546.0,0.9999176
2469,C13,DR_20221209_143805,547.0,0.99987096
2470,C13,DR_20221209_143805,548.0,1.0001843
2471,C13,DR_20221209_143805,549.0,1.000446
2472,C14,DR_20221209_143805,550.0,1.0004026
2473,C14,DR_20221209_143805,551.0,0.9223558
2474,C14,DR_20221209_143805,552.0,1.0002998
2475,C14,DR_20221209_143805,553.0,1.0001566
2476,C14,DR_20221209_143805,554.0,1.0114106
2477,C14,DR_20221209_143805,555.0,0.9998526
2478,C14,DR_20221209_143805,556.0,0.25135416
2479,C14,DR_20221209_143805,557.0,0.286991
2480,C14,DR_20221209_143805,558.0,0.9993971
2481,C15,DR_20221209_143805,559.0,1.0001843
2482,C15,DR_20221209_143805,560.0,0.3274986
2483,C15,DR_20221209_143805,561.0,0.99995595
2484,C15,DR_20221209_143805,562.0,0.023953725
2485,C15,DR_20221209_143805,563.0,0.9989541
2486,C15,DR_20221209_143805,564.0,1.0001843
2487,C15,DR_20221209_143805,565.0,0.93212575
2488,C15,DR_20221209_143805,566.0,1.0001843
2489,C15,DR_20221209_143805,567.0,1.0002998
2490,C16,DR_20221209_143805,568.0,0.9253779
2491,C16,DR_20221209_143805,569.0,0.03125554
2492,C16,DR_20221209_143805,570.0,0.0070628948
2493,C16,DR_20221209_143805,571.0,1.0002998
2494,C16,DR_20221209_143805,572.0,0.99999976
2495,C16,DR_20221209_143805,573.0,0.9998526
2496,C16,DR_20221209_143805,574.0,0.9996943
2497,C16,DR_20221209_143805,575.0,1.0001843
2498,C16,DR_20221209_143805,576.0,0.024532314
2499,C17,DR_20221209_143805,577.0,0.9999176
2500,C17,DR_20221209_143805,578.0,0.99659055
2501,C17,DR_20221209_143805,579.0,0.9999118
2502,C17,DR_20221209_143805,580.0,1.0001843
2503,C17,DR_20221209_143805,581.0,0.99999976
2504,C17,DR_20221209_143805,582.0,0.2930823
2505,C17,DR_20221209_143805,583.0,0.07817791
2506,C17,DR_20221209_143805,584.0,0.0335863
2507,C17,DR_20221209_143805,585.0,1.0001566
2508,C18,DR_20221209_143805,586.0,0.9998526
2509,C18,DR_20221209_143805,587.0,0.99945647
2510,C18,DR_20221209_143805,588.0,0.081801765
2511,C18,DR_20221209_143805,589.0,0.9976097
2512,C18,DR_20221209_143805,590.0,1.0001426
2513,C18,DR_20221209_143805,591.0,1.0000423
2514,C18,DR_20221209_143805,592.0,0.25689107
2515,C18,DR_20221209_143805,593.0,0.011742847
2516,C18,DR_20221209_143805,594.0,0.99945647
2517,C19,DR_20221209_143805,595.0,1.0001621
2518,C19,DR_20221209_143805,596.0,1.0001843
2519,C19,DR_20221209_143805,597.0,1.0014503
2520,C19,DR_20221209_143805,598.0,0.9996656
2521,C19,DR_20221209_143805,599.0,1.0001426
2522,C19,DR_20221209_143805,600.0,0.2941565
2523,C19,DR_20221209_143805,601.0,0.011553613
2524,C19,DR_20221209_143805,602.0,0.010234172
2525,C19,DR_20221209_143805,603.0,1.0002298
2526,C20,DR_20221209_143805,604.0,0.92540944
2527,C20,DR_20221209_143805,605.0,1.000684
2528,C20,DR_20221209_143805,606.0,0.9266927
2529,C20,DR_20221209_143805,607.0,0.99977446
2530,C20,DR_20221209_143805,608.0,1.0004029
2531,C20,DR_20221209_143805,609.0,0.99999195
2532,C20,DR_20221209_143805,610.0,0.098308444
2533,C20,DR_20221209_143805,611.0,0.048959497
2534,C20,DR_20221209_143805,612.0,0.2634191
2535,C21,DR_20221209_143805,613.0,0.9998981
2536,C21,DR_20221209_143805,614.0,0.9998526
2537,C21,DR_20221209_143805,615.0,0.9792559
2538,C21,DR_20221209_143805,616.0,0.99930483
2539,C21,DR_20221209_143805,617.0,1.0001204
2540,C21,DR_20221209_143805,618.0,1.0001843
2541,C21,DR_20221209_143805,619.0,0.007589441
2542,C21,DR_20221209_143805,620.0,0.011566442
2543,C21,DR_20221209_143805,621.0,1.0003097
2544,C22,DR_20221209_143805,622.0,1.0014935
2545,C22,DR_20221209_143805,623.0,0.99675727
2546,C22,DR_20221209_143805,624.0,0.99964464
2547,C22,DR_20221209_143805,625.0,0.9996705
2548,C22,DR_20221209_143805,626.0,0.99999976
2549,C22,DR_20221209_143805,627.0,0.9999176
2550,C22,DR_20221209_143805,628.0,1.0000569
2551,C22,DR_20221209_143805,629.0,0.9251833
2552,C22,DR_20221209_143805,630.0,0.9994142
2589,D03,DR_20221209_143805,667.0,-0.00022340934
2590,D03,DR_20221209_143805,668.0,-0.0016084976
2591,D03,DR_20221209_143805,669.0,-0.0046826904
2592,D03,DR_20221209_143805,670.0,0.014200551
2593,D03,DR_20221209_143805,671.0,-0.0026094394
2594,D03,DR_20221209_143805,672.0,-0.0073968964
2595,D03,DR_20221209_143805,673.0,-0.007565703
2596,D03,DR_20221209_143805,674.0,-0.0023566773
2597,D03,DR_20221209_143805,675.0,-0.0041373814
2598,D04,DR_20221209_143805,676.0,0.0036054389
2599,D04,DR_20221209_143805,677.0,0.0069857636
2600,D04,DR_20221209_143805,678.0,0.022023367
2601,D04,DR_20221209_143805,679.0,-0.006851667
2602,D04,DR_20221209_143805,680.0,-0.0017303801
2603,D04,DR_20221209_143805,681.0,0.01797654
2604,D04,DR_20221209_143805,682.0,-0.006605582
2605,D04,DR_20221209_143805,683.0,-0.0027305859
2606,D04,DR_20221209_143805,684.0,0.032566823
2607,D05,DR_20221209_143805,685.0,0.037279755
2608,D05,DR_20221209_143805,686.0,-0.0018451742
2609,D05,DR_20221209_143805,687.0,-0.0038561188
2610,D05,DR_20221209_143805,688.0,0.0379579
2611,D05,DR_20221209_143805,689.0,0.008594238
2612,D05,DR_20221209_143805,690.0,-0.007479247
2613,D05,DR_20221209_143805,691.0,0.02255656
2614,D05,DR_20221209_143805,692.0,0.8108928
2615,D05,DR_20221209_143805,693.0,0.025522405
2616,D06,DR_20221209_143805,694.0,0.00059356634
2617,D06,DR_20221209_143805,695.0,-0.004172872
2618,D06,DR_20221209_143805,696.0,-0.006077351
2619,D06,DR_20221209_143805,697.0,-0.005939328
2620,D06,DR_20221209_143805,698.0,-0.0021291377
2621,D06,DR_20221209_143805,699.0,-0.0067866603
2622,D06,DR_20221209_143805,700.0,0.004151282
2623,D06,DR_20221209_143805,701.0,0.01436687
2624,D06,DR_20221209_143805,702.0,0.8134549
2625,D07,DR_20221209_143805,703.0,-0.0068640285
2626,D07,DR_20221209_143805,704.0,-0.002739363
2627,D07,DR_20221209_143805,705.0,0.80966884
2628,D07,DR_20221209_143805,706.0,-0.0016735041
2629,D07,DR_20221209_143805,707.0,-0.002519098
2630,D07,DR_20221209_143805,708.0,-0.0027042981
2631,D07,DR_20221209_143805,709.0,-0.009936035
2632,D07,DR_20221209_143805,710.0,-0.0027042981
2633,D07,DR_20221209_143805,711.0,-0.005939328
2634,D09,DR_20221209_143805,721.0,1.0009936
2635,D09,DR_20221209_143805,722.0,0.99999976
2636,D09,DR_20221209_143805,723.0,1.0001843
2637,D09,DR_20221209_143805,724.0,0.99938166
2638,D09,DR_20221209_143805,725.0,0.99974924
2639,D09,DR_20221209_143805,726.0,0.9987927
2640,D09,DR_20221209_143805,727.0,0.019430941
2641,D09,DR_20221209_143805,728.0,0.99992573
2642,D09,DR_20221209_143805,729.0,0.9998378
2643,D10,DR_20221209_143805,730.0,0.28443372
2644,D10,DR_20221209_143805,731.0,1.0014863
2645,D10,DR_20221209_143805,732.0,0.9996907
2646,D10,DR_20221209_143805,733.0,0.010651476
2647,D10,DR_20221209_143805,734.0,1.0001426
2648,D10,DR_20221209_143805,735.0,0.006824979
2649,D10,DR_20221209_143805,736.0,0.022166243
2650,D10,DR_20221209_143805,737.0,0.010368923
2651,D10,DR_20221209_143805,738.0,0.010146539
2652,D11,DR_20221209_143805,739.0,0.9998526
2653,D11,DR_20221209_143805,740.0,0.99624133
2654,D11,DR_20221209_143805,741.0,0.9965803
2655,D11,DR_20221209_143805,742.0,0.99708945
2656,D11,DR_20221209_143805,743.0,0.99957186
2657,D11,DR_20221209_143805,744.0,0.99989545
2658,D11,DR_20221209_143805,745.0,0.9999681
2659,D11,DR_20221209_143805,746.0,0.99708945
2660,D11,DR_20221209_143805,747.0,0.99975514
2661,D12,DR_20221209_143805,748.0,0.9998526
2662,D12,DR_20221209_143805,749.0,0.99996734
2663,D12,DR_20221209_143805,750.0,0.9994287
2664,D12,DR_20221209_143805,751.0,1.0001142
2665,D12,DR_20221209_143805,752.0,1.0124379
2666,D12,DR_20221209_143805,753.0,1.0005696
2667,D12,DR_20221209_143805,754.0,1.0001951
2668,D12,DR_20221209_143805,755.0,1.0010688
2669,D12,DR_20221209_143805,756.0,1.0019646
2670,D13,DR_20221209_143805,757.0,0.00990821
2671,D13,DR_20221209_143805,758.0,0.010251011
2672,D13,DR_20221209_143805,759.0,0.92499524
2673,D13,DR_20221209_143805,760.0,0.9999681
2674,D13,DR_20221209_143805,761.0,1.0001204
2675,D13,DR_20221209_143805,762.0,0.9994308
2676,D13,DR_20221209_143805,763.0,0.048989818
2677,D13,DR_20221209_143805,764.0,0.9998526
2678,D13,DR_20221209_143805,765.0,1.0003017
2679,D14,DR_20221209_143805,766.0,1.0008324
2680,D14,DR_20221209_143805,767.0,1.0030226
2681,D14,DR_20221209_143805,768.0,1.0016663
2682,D14,DR_20221209_143805,769.0,0.99967974
2683,D14,DR_20221209_143805,770.0,0.06772388
2684,D14,DR_20221209_143805,771.0,0.037502542
2685,D14,DR_20221209_143805,772.0,0.010189522
2686,D14,DR_20221209_143805,773.0,0.013161735
2687,D14,DR_20221209_143805,774.0,1.0002998
2688,D15,DR_20221209_143805,775.0,0.09979231
2689,D15,DR_20221209_143805,776.0,1.0003148
2690,D15,DR_20221209_143805,777.0,0.9295838
2691,D15,DR_20221209_143805,778.0,1.0010688
2692,D15,DR_20221209_143805,779.0,0.95537835
2693,D15,DR_20221209_143805,780.0,0.8774732
2694,D15,DR_20221209_143805,781.0,0.9277694
2695,D15,DR_20221209_143805,782.0,1.0027926
2696,D15,DR_20221209_143805,783.0,1.0010688
2697,D16,DR_20221209_143805,784.0,0.9993098
2698,D16,DR_20221209_143805,785.0,0.012829593
2699,D16,DR_20221209_143805,786.0,0.025670983
2700,D16,DR_20221209_143805,787.0,0.982665
2701,D16,DR_20221209_143805,788.0,1.0009166
2702,D16,DR_20221209_143805,789.0,0.9231654
2703,D16,DR_20221209_143805,790.0,0.010925701
2704,D16,DR_20221209_143805,791.0,1.0008097
2705,D16,DR_20221209_143805,792.0,1.002703
2706,D17,DR_20221209_143805,793.0,0.9998526
2707,D17,DR_20221209_143805,794.0,1.0001426
2708,D17,DR_20221209_143805,795.0,0.9999681
2709,D17,DR_20221209_143805,796.0,1.0010688
2710,D17,DR_20221209_143805,797.0,0.9988723
2711,D17,DR_20221209_143805,798.0,0.029563885
2712,D17,DR_20221209_143805,799.0,0.25149822
2713,D17,DR_20221209_143805,800.0,0.010211116
2714,D17,DR_20221209_143805,801.0,0.92805564
2715,D18,DR_20221209_143805,802.0,0.9999282
2716,D18,DR_20221209_143805,803.0,1.0001072
2717,D18,DR_20221209_143805,804.0,0.006787573
2718,D18,DR_20221209_143805,805.0,1.0001843
2719,D18,DR_20221209_143805,806.0,0.9994308
2720,D18,DR_20221209_143805,807.0,0.009833776
2721,D18,DR_20221209_143805,808.0,0.021755647
2722,D18,DR_20221209_143805,809.0,0.010552115
2723,D18,DR_20221209_143805,810.0,0.97909945
2724,D19,DR_20221209_143805,811.0,1.0002066
2725,D19,DR_20221209_143805,812.0,0.9998526
2726,D19,DR_20221209_143805,813.0,0.9998378
2727,D19,DR_20221209_143805,814.0,0.989319
2728,D19,DR_20221209_143805,815.0,1.0000467
2729,D19,DR_20221209_143805,816.0,0.25196823
2730,D19,DR_20221209_143805,817.0,0.005847276
2731,D19,DR_20221209_143805,818.0,0.98135024
2732,D19,DR_20221209_143805,819.0,1.0001843
2733,D20,DR_20221209_143805,820.0,0.9999681
2734,D20,DR_20221209_143805,821.0,1.0002075
2735,D20,DR_20221209_143805,822.0,0.9276951
2736,D20,DR_20221209_143805,823.0,1.0001843
2737,D20,DR_20221209_143805,824.0,1.0000467
2738,D20,DR_20221209_143805,825.0,0.9998526
2739,D20,DR_20221209_143805,826.0,0.2842086
2740,D20,DR_20221209_143805,827.0,1.0000403
2741,D20,DR_20221209_143805,828.0,0.9998526
2742,D21,DR_20221209_143805,829.0,1.0001894
2743,D21,DR_20221209_143805,830.0,0.9990989
2744,D21,DR_20221209_143805,831.0,0.2634841
2745,D21,DR_20221209_143805,832.0,0.09643301
2746,D21,DR_20221209_143805,833.0,1.0001426
2747,D21,DR_20221209_143805,834.0,1.0001843
2748,D21,DR_20221209_143805,835.0,0.08310422
2749,D21,DR_20221209_143805,836.0,0.007815491
2750,D21,DR_20221209_143805,837.0,0.24551563
2751,D22,DR_20221209_143805,838.0,0.9997566
2752,D22,DR_20221209_143805,839.0,0.99945647
2753,D22,DR_20221209_143805,840.0,0.24140704
2754,D22,DR_20221209_143805,841.0,1.0002972
2755,D22,DR_20221209_143805,842.0,0.9998694
2756,D22,DR_20221209_143805,843.0,1.0009836
2757,D22,DR_20221209_143805,844.0,0.014305341
2758,D22,DR_20221209_143805,845.0,1.0003017
2759,D22,DR_20221209_143805,846.0,1.0019646
2796,E03,DR_20221209_143805,883.0,0.0103633925
2797,E03,DR_20221209_143805,884.0,-0.006231623
2798,E03,DR_20221209_143805,885.0,-0.0058640735
2799,E03,DR_20221209_143805,886.0,0.8110715
2800,E03,DR_20221209_143805,887.0,-0.0012001287
2801,E03,DR_20221209_143805,888.0,-0.006326423
2802,E03,DR_20221209_143805,889.0,-0.009130859
2803,E03,DR_20221209_143805,890.0,0.0138917295
2804,E03,DR_20221209_143805,891.0,-0.007244954
2805,E04,DR_20221209_143805,892.0,0.0012736812
2806,E04,DR_20221209_143805,893.0,-0.0026993044
2807,E04,DR_20221209_143805,894.0,-0.00094993855
2808,E04,DR_20221209_143805,895.0,0.8167047
2809,E04,DR_20221209_143805,896.0,-0.0026669162
2810,E04,DR_20221209_143805,897.0,-0.008428729
2811,E04,DR_20221209_143805,898.0,-0.007006638
2812,E04,DR_20221209_143805,899.0,-0.002390483
2813,E04,DR_20221209_143805,900.0,0.82726717
2814,E05,DR_20221209_143805,901.0,-0.0025473628
2815,E05,DR_20221209_143805,902.0,0.0017931445
2816,E05,DR_20221209_143805,903.0,0.011968358
2817,E05,DR_20221209_143805,904.0,0.007958503
2818,E05,DR_20221209_143805,905.0,-0.0012109004
2819,E05,DR_20221209_143805,906.0,-0.0019262338
2820,E05,DR_20221209_143805,907.0,-0.0036835615
2821,E05,DR_20221209_143805,908.0,-0.002471542
2822,E05,DR_20221209_143805,909.0,-0.0050777923
2823,E06,DR_20221209_143805,910.0,0.001851344
2824,E06,DR_20221209_143805,911.0,-0.0024065357
2825,E06,DR_20221209_143805,912.0,-0.0028347836
2826,E06,DR_20221209_143805,913.0,0.013705176
2827,E06,DR_20221209_143805,914.0,-0.0026094394
2828,E06,DR_20221209_143805,915.0,-0.0013233044
2829,E06,DR_20221209_143805,916.0,-0.0016184896
2830,E06,DR_20221209_143805,917.0,-0.002544046
2831,E06,DR_20221209_143805,918.0,0.014070616
2832,E07,DR_20221209_143805,919.0,0.015951559
2833,E07,DR_20221209_143805,920.0,0.8102311
2834,E07,DR_20221209_143805,921.0,0.8210773
2835,E07,DR_20221209_143805,922.0,0.8111892
2836,E07,DR_20221209_143805,923.0,0.0068486184
2837,E07,DR_20221209_143805,924.0,-0.010505603
2838,E07,DR_20221209_143805,925.0,0.01700891
2839,E07,DR_20221209_143805,926.0,0.80087095
2840,E07,DR_20221209_143805,927.0,0.022116907
2841,E08,DR_20221209_143805,928.0,0.0011023519
2842,E08,DR_20221209_143805,929.0,-0.0025283801
2843,E08,DR_20221209_143805,930.0,0.80430025
2844,E08,DR_20221209_143805,931.0,0.8239676
2845,E08,DR_20221209_143805,932.0,-0.0016735041
2846,E08,DR_20221209_143805,933.0,-0.002471542
2847,E08,DR_20221209_143805,934.0,-0.0023090462
2848,E08,DR_20221209_143805,935.0,0.01341785
2849,E08,DR_20221209_143805,936.0,0.8267319
2850,E09,DR_20221209_143805,937.0,0.9994622
2851,E09,DR_20221209_143805,938.0,0.92270523
2852,E09,DR_20221209_143805,939.0,1.0001426
2853,E09,DR_20221209_143805,940.0,1.0001426
2854,E09,DR_20221209_143805,941.0,0.9999484
2855,E09,DR_20221209_143805,942.0,1.0001426
2856,E09,DR_20221209_143805,943.0,0.99985725
2857,E09,DR_20221209_143805,944.0,1.000163
2858,E09,DR_20221209_143805,945.0,1.0004663
2859,E10,DR_20221209_143805,946.0,0.92465293
2860,E10,DR_20221209_143805,947.0,0.9999176
2861,E10,DR_20221209_143805,948.0,0.92788315
2862,E10,DR_20221209_143805,949.0,0.2570897
2863,E10,DR_20221209_143805,950.0,1.0001204
2864,E10,DR_20221209_143805,951.0,0.008872932
2865,E10,DR_20221209_143805,952.0,0.0067327055
2866,E10,DR_20221209_143805,953.0,0.27073193
2867,E10,DR_20221209_143805,954.0,0.0070325383
2868,E11,DR_20221209_143805,955.0,0.9999176
2869,E11,DR_20221209_143805,956.0,0.99916506
2870,E11,DR_20221209_143805,957.0,0.9966313
2871,E11,DR_20221209_143805,958.0,0.9993509
2872,E11,DR_20221209_143805,959.0,0.99902093
2873,E11,DR_20221209_143805,960.0,0.99945647
2874,E11,DR_20221209_143805,961.0,0.0075406665
2875,E11,DR_20221209_143805,962.0,0.99976087
2876,E11,DR_20221209_143805,963.0,0.99976707
2877,E12,DR_20221209_143805,964.0,0.92359865
2878,E12,DR_20221209_143805,965.0,0.6868253
2879,E12,DR_20221209_143805,966.0,1.0001035
2880,E12,DR_20221209_143805,967.0,0.9996827
2881,E12,DR_20221209_143805,968.0,1.0001204
2882,E12,DR_20221209_143805,969.0,1.0001762
2883,E12,DR_20221209_143805,970.0,0.25645262
2884,E12,DR_20221209_143805,971.0,1.0007362
2885,E12,DR_20221209_143805,972.0,1.0002877
2886,E13,DR_20221209_143805,973.0,0.01042112
2887,E13,DR_20221209_143805,974.0,0.88008255
2888,E13,DR_20221209_143805,975.0,0.011742847
2889,E13,DR_20221209_143805,976.0,1.0001843
2890,E13,DR_20221209_143805,977.0,1.0001204
2891,E13,DR_20221209_143805,978.0,0.92252153
2892,E13,DR_20221209_143805,979.0,0.99994594
2893,E13,DR_20221209_143805,980.0,1.0007781
2894,E13,DR_20221209_143805,981.0,0.98120517
2895,E14,DR_20221209_143805,982.0,0.03785737
2896,E14,DR_20221209_143805,983.0,1.0010155
2897,E14,DR_20221209_143805,984.0,0.010950883
2898,E14,DR_20221209_143805,985.0,1.001815
2899,E14,DR_20221209_143805,986.0,1.0012366
2900,E14,DR_20221209_143805,987.0,0.27273488
2901,E14,DR_20221209_143805,988.0,0.26988474
2902,E14,DR_20221209_143805,989.0,0.99999976
2903,E14,DR_20221209_143805,990.0,0.053006154
2904,E15,DR_20221209_143805,991.0,0.04836688
2905,E15,DR_20221209_143805,992.0,0.8757964
2906,E15,DR_20221209_143805,993.0,0.99937916
2907,E15,DR_20221209_143805,994.0,1.0007781
2908,E15,DR_20221209_143805,995.0,0.11316771
2909,E15,DR_20221209_143805,996.0,0.92444944
2910,E15,DR_20221209_143805,997.0,0.28481913
2911,E15,DR_20221209_143805,998.0,0.2640991
2912,E15,DR_20221209_143805,999.0,0.9247524
2913,E16,DR_20221209_143805,1000.0,0.9994622
2914,E16,DR_20221209_143805,1001.0,0.0107145505
2915,E16,DR_20221209_143805,1002.0,1.000099
2916,E16,DR_20221209_143805,1003.0,1.0010688
2917,E16,DR_20221209_143805,1004.0,0.11358577
2918,E16,DR_20221209_143805,1005.0,0.25998643
2919,E16,DR_20221209_143805,1006.0,0.007835939
2920,E16,DR_20221209_143805,1007.0,1.0002047
2921,E16,DR_20221209_143805,1008.0,0.92705476
2922,E17,DR_20221209_143805,1009.0,0.924845
2923,E17,DR_20221209_143805,1010.0,1.0001426
2924,E17,DR_20221209_143805,1011.0,0.92258656
2925,E17,DR_20221209_143805,1012.0,1.0002075
2926,E17,DR_20221209_143805,1013.0,0.10012571
2927,E17,DR_20221209_143805,1014.0,0.009255252
2928,E17,DR_20221209_143805,1015.0,0.008785816
2929,E17,DR_20221209_143805,1016.0,0.010189522
2930,E17,DR_20221209_143805,1017.0,1.0002998
2931,E18,DR_20221209_143805,1018.0,1.0002075
2932,E18,DR_20221209_143805,1019.0,0.28766552
2933,E18,DR_20221209_143805,1020.0,0.024374688
2934,E18,DR_20221209_143805,1021.0,1.0001843
2935,E18,DR_20221209_143805,1022.0,1.0108759
2936,E18,DR_20221209_143805,1023.0,0.9245596
2937,E18,DR_20221209_143805,1024.0,0.00705642
2938,E18,DR_20221209_143805,1025.0,0.25175798
2939,E18,DR_20221209_143805,1026.0,0.076470174
2940,E19,DR_20221209_143805,1027.0,0.9998526
2941,E19,DR_20221209_143805,1028.0,1.0001843
2942,E19,DR_20221209_143805,1029.0,0.9829388
2943,E19,DR_20221209_143805,1030.0,0.98431593
2944,E19,DR_20221209_143805,1031.0,0.9244473
2945,E19,DR_20221209_143805,1032.0,0.9999282
2946,E19,DR_20221209_143805,1033.0,0.92517877
2947,E19,DR_20221209_143805,1034.0,1.000252
2948,E19,DR_20221209_143805,1035.0,0.9994001
2949,E20,DR_20221209_143805,1036.0,0.27640864
2950,E20,DR_20221209_143805,1037.0,1.0001854
2951,E20,DR_20221209_143805,1038.0,0.9219249
2952,E20,DR_20221209_143805,1039.0,0.99992603
2953,E20,DR_20221209_143805,1040.0,1.0002075
2954,E20,DR_20221209_143805,1041.0,1.0001295
2955,E20,DR_20221209_143805,1042.0,0.2624671
2956,E20,DR_20221209_143805,1043.0,0.2850072
2957,E20,DR_20221209_143805,1044.0,1.0005109
2958,E21,DR_20221209_143805,1045.0,0.9999176
2959,E21,DR_20221209_143805,1046.0,0.9999379
2960,E21,DR_20221209_143805,1047.0,1.0000067
2961,E21,DR_20221209_143805,1048.0,0.9306169
2962,E21,DR_20221209_143805,1049.0,1.0000467
2963,E21,DR_20221209_143805,1050.0,1.0000645
2964,E21,DR_20221209_143805,1051.0,0.25847217
2965,E21,DR_20221209_143805,1052.0,0.008505275
2966,E21,DR_20221209_143805,1053.0,0.9254221
2967,E22,DR_20221209_143805,1054.0,1.0001843
2968,E22,DR_20221209_143805,1055.0,1.0001843
2969,E22,DR_20221209_143805,1056.0,0.0069092214
2970,E22,DR_20221209_143805,1057.0,0.99976087
2971,E22,DR_20221209_143805,1058.0,0.99992603
2972,E22,DR_20221209_143805,1059.0,1.0007908
2973,E22,DR_20221209_143805,1060.0,1.0006359
2974,E22,DR_20221209_143805,1061.0,1.0013996
2975,E22,DR_20221209_143805,1062.0,0.9999681
3012,F03,DR_20221209_143805,1099.0,-0.00068985776
3013,F03,DR_20221209_143805,1100.0,-0.0025799177
3014,F03,DR_20221209_143805,1101.0,0.0071670357
3015,F03,DR_20221209_143805,1102.0,0.0057552075
3016,F03,DR_20221209_143805,1103.0,-0.0019176787
3017,F03,DR_20221209_143805,1104.0,-0.006790066
3018,F03,DR_20221209_143805,1105.0,0.021372741
3019,F03,DR_20221209_143805,1106.0,0.8108446
3020,F03,DR_20221209_143805,1107.0,0.8122388
3021,F04,DR_20221209_143805,1108.0,0.005053869
3022,F04,DR_20221209_143805,1109.0,-0.0021321564
3023,F04,DR_20221209_143805,1110.0,-0.0038675359
3024,F04,DR_20221209_143805,1111.0,-0.0023254761
3025,F04,DR_20221209_143805,1112.0,-0.0014460991
3026,F04,DR_20221209_143805,1113.0,-0.002501209
3027,F04,DR_20221209_143805,1114.0,-0.0041130893
3028,F04,DR_20221209_143805,1115.0,0.009259069
3029,F04,DR_20221209_143805,1116.0,0.027103312
3030,F05,DR_20221209_143805,1117.0,-0.0034401035
3031,F05,DR_20221209_143805,1118.0,-0.0026373486
3032,F05,DR_20221209_143805,1119.0,-0.0026206907
3033,F05,DR_20221209_143805,1120.0,-0.0073319688
3034,F05,DR_20221209_143805,1121.0,-0.0020136551
3035,F05,DR_20221209_143805,1122.0,-0.00233047
3036,F05,DR_20221209_143805,1123.0,0.79698414
3037,F05,DR_20221209_143805,1124.0,0.8185166
3038,F05,DR_20221209_143805,1125.0,0.8162244
3039,F06,DR_20221209_143805,1126.0,-0.0013144162
3040,F06,DR_20221209_143805,1127.0,-0.0027643107
3041,F06,DR_20221209_143805,1128.0,0.80972564
3042,F06,DR_20221209_143805,1129.0,0.8290651
3043,F06,DR_20221209_143805,1130.0,0.014574755
3044,F06,DR_20221209_143805,1131.0,-0.0011932024
3045,F06,DR_20221209_143805,1132.0,0.010785741
3046,F06,DR_20221209_143805,1133.0,-0.0028942456
3047,F06,DR_20221209_143805,1134.0,-0.0024194887
3048,F07,DR_20221209_143805,1135.0,-0.0025283801
3049,F07,DR_20221209_143805,1136.0,-0.0024795046
3050,F07,DR_20221209_143805,1137.0,-0.006851667
3051,F07,DR_20221209_143805,1138.0,0.80674815
3052,F07,DR_20221209_143805,1139.0,-0.0019422679
3053,F07,DR_20221209_143805,1140.0,-0.0019912403
3054,F07,DR_20221209_143805,1141.0,0.009469048
3055,F07,DR_20221209_143805,1142.0,0.020084571
3056,F07,DR_20221209_143805,1143.0,0.80972755
3057,F08,DR_20221209_143805,1144.0,-0.0021805037
3058,F08,DR_20221209_143805,1145.0,-0.0019761429
3059,F08,DR_20221209_143805,1146.0,0.81059885
3060,F08,DR_20221209_143805,1147.0,0.8242967
3061,F08,DR_20221209_143805,1148.0,0.8279187
3062,F08,DR_20221209_143805,1149.0,-0.002390483
3063,F08,DR_20221209_143805,1150.0,0.8269224
3064,F08,DR_20221209_143805,1151.0,0.8366891
3065,F08,DR_20221209_143805,1152.0,0.81940114
3066,F09,DR_20221209_143805,1153.0,0.9993098
3067,F09,DR_20221209_143805,1154.0,0.99968386
3068,F09,DR_20221209_143805,1155.0,1.000163
3069,F09,DR_20221209_143805,1156.0,0.99992573
3070,F09,DR_20221209_143805,1157.0,0.99922013
3071,F09,DR_20221209_143805,1158.0,1.0001426
3072,F09,DR_20221209_143805,1159.0,0.99976087
3073,F09,DR_20221209_143805,1160.0,1.0005639
3074,F09,DR_20221209_143805,1161.0,1.0002998
3075,F10,DR_20221209_143805,1162.0,0.0069383676
3076,F10,DR_20221209_143805,1163.0,0.99858224
3077,F10,DR_20221209_143805,1164.0,1.0002998
3078,F10,DR_20221209_143805,1165.0,0.9995609
3079,F10,DR_20221209_143805,1166.0,0.9967355
3080,F10,DR_20221209_143805,1167.0,0.99945647
3081,F10,DR_20221209_143805,1168.0,0.0077476487
3082,F10,DR_20221209_143805,1169.0,0.016539173
3083,F10,DR_20221209_143805,1170.0,0.0867742
3084,F11,DR_20221209_143805,1171.0,0.03543942
3085,F11,DR_20221209_143805,1172.0,0.99893147
3086,F11,DR_20221209_143805,1173.0,0.9998378
3087,F11,DR_20221209_143805,1174.0,1.0001843
3088,F11,DR_20221209_143805,1175.0,0.99967223
3089,F11,DR_20221209_143805,1176.0,0.9996559
3090,F11,DR_20221209_143805,1177.0,0.25168064
3091,F11,DR_20221209_143805,1178.0,1.0003092
3092,F11,DR_20221209_143805,1179.0,1.0002877
3093,F12,DR_20221209_143805,1180.0,0.6868739
3094,F12,DR_20221209_143805,1181.0,0.2706583
3095,F12,DR_20221209_143805,1182.0,1.0001843
3096,F12,DR_20221209_143805,1183.0,0.9996362
3097,F12,DR_20221209_143805,1184.0,0.9969721
3098,F12,DR_20221209_143805,1185.0,1.000111
3099,F12,DR_20221209_143805,1186.0,1.0001072
3100,F12,DR_20221209_143805,1187.0,1.0001843
3101,F12,DR_20221209_143805,1188.0,1.0008514
3102,F13,DR_20221209_143805,1189.0,0.013161735
3103,F13,DR_20221209_143805,1190.0,0.034443647
3104,F13,DR_20221209_143805,1191.0,0.25178015
3105,F13,DR_20221209_143805,1192.0,1.0001204
3106,F13,DR_20221209_143805,1193.0,1.0007682
3107,F13,DR_20221209_143805,1194.0,0.26720297
3108,F13,DR_20221209_143805,1195.0,1.0001843
3109,F13,DR_20221209_143805,1196.0,0.99962056
3110,F13,DR_20221209_143805,1197.0,1.0002998
3111,F14,DR_20221209_143805,1198.0,0.9999503
3112,F14,DR_20221209_143805,1199.0,1.0001843
3113,F14,DR_20221209_143805,1200.0,1.000664
3114,F14,DR_20221209_143805,1201.0,1.0016663
3115,F14,DR_20221209_143805,1202.0,1.0008546
3116,F14,DR_20221209_143805,1203.0,1.0010475
3117,F14,DR_20221209_143805,1204.0,1.0002998
3118,F14,DR_20221209_143805,1205.0,1.000163
3119,F14,DR_20221209_143805,1206.0,0.9816699
3120,F15,DR_20221209_143805,1207.0,0.0116351
3121,F15,DR_20221209_143805,1208.0,0.010167353
3122,F15,DR_20221209_143805,1209.0,0.9796685
3123,F15,DR_20221209_143805,1210.0,1.0001248
3124,F15,DR_20221209_143805,1211.0,0.9543034
3125,F15,DR_20221209_143805,1212.0,0.95112985
3126,F15,DR_20221209_143805,1213.0,1.0017847
3127,F15,DR_20221209_143805,1214.0,0.9994308
3128,F15,DR_20221209_143805,1215.0,1.0002998
3129,F16,DR_20221209_143805,1216.0,0.03848933
3130,F16,DR_20221209_143805,1217.0,0.99945295
3131,F16,DR_20221209_143805,1218.0,0.2687821
3132,F16,DR_20221209_143805,1219.0,1.0013694
3133,F16,DR_20221209_143805,1220.0,1.0124918
3134,F16,DR_20221209_143805,1221.0,0.9998526
3135,F16,DR_20221209_143805,1222.0,0.9985874
3136,F16,DR_20221209_143805,1223.0,1.0068157
3137,F16,DR_20221209_143805,1224.0,1.0004954
3138,F17,DR_20221209_143805,1225.0,0.99999195
3139,F17,DR_20221209_143805,1226.0,1.0028806
3140,F17,DR_20221209_143805,1227.0,0.2634232
3141,F17,DR_20221209_143805,1228.0,1.0010774
3142,F17,DR_20221209_143805,1229.0,0.99827415
3143,F17,DR_20221209_143805,1230.0,0.99945295
3144,F17,DR_20221209_143805,1231.0,0.014315694
3145,F17,DR_20221209_143805,1232.0,0.011893978
3146,F17,DR_20221209_143805,1233.0,1.0019288
3147,F18,DR_20221209_143805,1234.0,0.9998526
3148,F18,DR_20221209_143805,1235.0,0.99893373
3149,F18,DR_20221209_143805,1236.0,0.0057319724
3150,F18,DR_20221209_143805,1237.0,0.24320884
3151,F18,DR_20221209_143805,1238.0,1.0118022
3152,F18,DR_20221209_143805,1239.0,1.0005585
3153,F18,DR_20221209_143805,1240.0,0.01356557
3154,F18,DR_20221209_143805,1241.0,1.0019795
3155,F18,DR_20221209_143805,1242.0,0.9997773
3156,F19,DR_20221209_143805,1243.0,0.92392784
3157,F19,DR_20221209_143805,1244.0,0.9968072
3158,F19,DR_20221209_143805,1245.0,0.9794453
3159,F19,DR_20221209_143805,1246.0,0.2640991
3160,F19,DR_20221209_143805,1247.0,1.0007988
3161,F19,DR_20221209_143805,1248.0,0.25655705
3162,F19,DR_20221209_143805,1249.0,0.012568827
3163,F19,DR_20221209_143805,1250.0,0.94587356
3164,F19,DR_20221209_143805,1251.0,1.0001843
3165,F20,DR_20221209_143805,1252.0,0.99995637
3166,F20,DR_20221209_143805,1253.0,1.0001426
3167,F20,DR_20221209_143805,1254.0,0.007255747
3168,F20,DR_20221209_143805,1255.0,1.0001843
3169,F20,DR_20221209_143805,1256.0,1.0003443
3170,F20,DR_20221209_143805,1257.0,0.9248529
3171,F20,DR_20221209_143805,1258.0,0.22905114
3172,F20,DR_20221209_143805,1259.0,0.08605198
3173,F20,DR_20221209_143805,1260.0,0.99956185
3174,F21,DR_20221209_143805,1261.0,0.99989545
3175,F21,DR_20221209_143805,1262.0,0.9991243
3176,F21,DR_20221209_143805,1263.0,0.22574893
3177,F21,DR_20221209_143805,1264.0,1.0053247
3178,F21,DR_20221209_143805,1265.0,1.0108023
3179,F21,DR_20221209_143805,1266.0,1.0000082
3180,F21,DR_20221209_143805,1267.0,0.0068618557
3181,F21,DR_20221209_143805,1268.0,1.0001426
3182,F21,DR_20221209_143805,1269.0,1.0001843
3183,F22,DR_20221209_143805,1270.0,0.9998526
3184,F22,DR_20221209_143805,1271.0,1.0002075
3185,F22,DR_20221209_143805,1272.0,0.999834
3186,F22,DR_20221209_143805,1273.0,0.9997094
3187,F22,DR_20221209_143805,1274.0,1.0001204
3188,F22,DR_20221209_143805,1275.0,0.9276951
3189,F22,DR_20221209_143805,1276.0,0.22182058
3190,F22,DR_20221209_143805,1277.0,0.9999446
3191,F22,DR_20221209_143805,1278.0,0.9974076
3228,G03,DR_20221209_143805,1315.0,0.9557768
3229,G03,DR_20221209_143805,1316.0,0.9991866
3230,G03,DR_20221209_143805,1317.0,1.0003084
3231,G03,DR_20221209_143805,1318.0,1.000163
3232,G03,DR_20221209_143805,1319.0,0.9994308
3233,G03,DR_20221209_143805,1320.0,0.9257
3234,G03,DR_20221209_143805,1321.0,0.034849614
3235,G03,DR_20221209_143805,1322.0,0.9987914
3236,G03,DR_20221209_143805,1323.0,1.0007141
3237,G04,DR_20221209_143805,1324.0,0.11316899
3238,G04,DR_20221209_143805,1325.0,1.0124754
3239,G04,DR_20221209_143805,1326.0,0.99999976
3240,G04,DR_20221209_143805,1327.0,1.0001426
3241,G04,DR_20221209_143805,1328.0,0.9999233
3242,G04,DR_20221209_143805,1329.0,0.9994308
3243,G04,DR_20221209_143805,1330.0,0.009993702
3244,G04,DR_20221209_143805,1331.0,1.0002581
3245,G04,DR_20221209_143805,1332.0,1.0007362
3246,G05,DR_20221209_143805,1333.0,0.9508606
3247,G05,DR_20221209_143805,1334.0,0.87620056
3248,G05,DR_20221209_143805,1335.0,0.92223275
3249,G05,DR_20221209_143805,1336.0,1.0008012
3250,G05,DR_20221209_143805,1337.0,0.9978683
3251,G05,DR_20221209_143805,1338.0,0.88008255
3252,G05,DR_20221209_143805,1339.0,0.9999176
3253,G05,DR_20221209_143805,1340.0,1.0000618
3254,G05,DR_20221209_143805,1341.0,1.0001204
3255,G06,DR_20221209_143805,1342.0,0.03803989
3256,G06,DR_20221209_143805,1343.0,1.0001382
3257,G06,DR_20221209_143805,1344.0,1.0007141
3258,G06,DR_20221209_143805,1345.0,1.0001204
3259,G06,DR_20221209_143805,1346.0,1.0001204
3260,G06,DR_20221209_143805,1347.0,0.9994671
3261,G06,DR_20221209_143805,1348.0,1.0058789
3262,G06,DR_20221209_143805,1349.0,1.0001426
3263,G06,DR_20221209_143805,1350.0,0.9998526
3264,G07,DR_20221209_143805,1351.0,1.0000569
3265,G07,DR_20221209_143805,1352.0,0.9991243
3266,G07,DR_20221209_143805,1353.0,1.0002084
3267,G07,DR_20221209_143805,1354.0,1.0005109
3268,G07,DR_20221209_143805,1355.0,1.0012217
3269,G07,DR_20221209_143805,1356.0,0.009666276
3270,G07,DR_20221209_143805,1357.0,0.008785816
3271,G07,DR_20221209_143805,1358.0,0.008233065
3272,G07,DR_20221209_143805,1359.0,1.0002998
3273,G08,DR_20221209_143805,1360.0,0.99945647
3274,G08,DR_20221209_143805,1361.0,0.9962655
3275,G08,DR_20221209_143805,1362.0,0.99608225
3276,G08,DR_20221209_143805,1363.0,0.99957556
3277,G08,DR_20221209_143805,1364.0,0.99909157
3278,G08,DR_20221209_143805,1365.0,0.9999176
3279,G08,DR_20221209_143805,1366.0,0.25727013
3280,G08,DR_20221209_143805,1367.0,1.0001843
3281,G08,DR_20221209_143805,1368.0,1.0031452
3282,G09,DR_20221209_143805,1369.0,0.9257
3283,G09,DR_20221209_143805,1370.0,0.9627359
3284,G09,DR_20221209_143805,1371.0,0.97946745
3285,G09,DR_20221209_143805,1372.0,0.2633423
3286,G09,DR_20221209_143805,1373.0,0.99658287
3287,G09,DR_20221209_143805,1374.0,0.99945647
3288,G09,DR_20221209_143805,1375.0,0.008032879
3289,G09,DR_20221209_143805,1376.0,0.9997994
3290,G09,DR_20221209_143805,1377.0,1.000475
3291,G10,DR_20221209_143805,1378.0,0.99994594
3292,G10,DR_20221209_143805,1379.0,0.9998526
3293,G10,DR_20221209_143805,1380.0,0.0075386907
3294,G10,DR_20221209_143805,1381.0,0.010368923
3295,G10,DR_20221209_143805,1382.0,0.9261204
3296,G10,DR_20221209_143805,1383.0,0.011566442
3297,G10,DR_20221209_143805,1384.0,0.010160972
3298,G10,DR_20221209_143805,1385.0,0.0113272285
3299,G10,DR_20221209_143805,1386.0,0.012371323
3300,G11,DR_20221209_143805,1387.0,1.0028225
3301,G11,DR_20221209_143805,1388.0,0.9987927
3302,G11,DR_20221209_143805,1389.0,0.99978495
3303,G11,DR_20221209_143805,1390.0,0.9998632
3304,G11,DR_20221209_143805,1391.0,0.9984738
3305,G11,DR_20221209_143805,1392.0,0.9991243
3306,G11,DR_20221209_143805,1393.0,0.979182
3307,G11,DR_20221209_143805,1394.0,1.0011538
3308,G11,DR_20221209_143805,1395.0,0.99780434
3309,G12,DR_20221209_143805,1396.0,0.9998526
3310,G12,DR_20221209_143805,1397.0,0.99884075
3311,G12,DR_20221209_143805,1398.0,1.0000569
3312,G12,DR_20221209_143805,1399.0,1.0010782
3313,G12,DR_20221209_143805,1400.0,1.000072
3314,G12,DR_20221209_143805,1401.0,0.99945647
3315,G12,DR_20221209_143805,1402.0,0.0069115595
3316,G12,DR_20221209_143805,1403.0,1.001273
3317,G12,DR_20221209_143805,1404.0,0.9994287
3318,G13,DR_20221209_143805,1405.0,0.9280872
3319,G13,DR_20221209_143805,1406.0,0.92456764
3320,G13,DR_20221209_143805,1407.0,1.0004888
3321,G13,DR_20221209_143805,1408.0,1.0029807
3322,G13,DR_20221209_143805,1409.0,1.0000199
3323,G13,DR_20221209_143805,1410.0,1.0002855
3324,G13,DR_20221209_143805,1411.0,0.979271
3325,G13,DR_20221209_143805,1412.0,0.9977232
3326,G13,DR_20221209_143805,1413.0,0.98400897
3327,G14,DR_20221209_143805,1414.0,0.02383324
3328,G14,DR_20221209_143805,1415.0,1.0004666
3329,G14,DR_20221209_143805,1416.0,0.98005956
3330,G14,DR_20221209_143805,1417.0,0.983929
3331,G14,DR_20221209_143805,1418.0,0.99922395
3332,G14,DR_20221209_143805,1419.0,0.99999976
3333,G14,DR_20221209_143805,1420.0,0.015123768
3334,G14,DR_20221209_143805,1421.0,0.027127719
3335,G14,DR_20221209_143805,1422.0,1.0019646
3336,G15,DR_20221209_143805,1423.0,0.9228121
3337,G15,DR_20221209_143805,1424.0,0.008274019
3338,G15,DR_20221209_143805,1425.0,0.100323945
3339,G15,DR_20221209_143805,1426.0,0.927765
3340,G15,DR_20221209_143805,1427.0,1.0015222
3341,G15,DR_20221209_143805,1428.0,1.0001843
3342,G15,DR_20221209_143805,1429.0,0.00911129
3343,G15,DR_20221209_143805,1430.0,1.0026073
3344,G15,DR_20221209_143805,1431.0,1.0018059
3345,G16,DR_20221209_143805,1432.0,1.0002751
3346,G16,DR_20221209_143805,1433.0,1.0001426
3347,G16,DR_20221209_143805,1434.0,0.09830348
3348,G16,DR_20221209_143805,1435.0,0.00844735
3349,G16,DR_20221209_143805,1436.0,1.0001426
3350,G16,DR_20221209_143805,1437.0,1.0044761
3351,G16,DR_20221209_143805,1438.0,0.9977232
3352,G16,DR_20221209_143805,1439.0,0.99945647
3353,G16,DR_20221209_143805,1440.0,1.0017414
3354,G17,DR_20221209_143805,1441.0,1.0015743
3355,G17,DR_20221209_143805,1442.0,0.9963363
3356,G17,DR_20221209_143805,1443.0,0.41444075
3357,G17,DR_20221209_143805,1444.0,1.0027446
3358,G17,DR_20221209_143805,1445.0,0.9997612
3359,G17,DR_20221209_143805,1446.0,1.0013485
3360,G17,DR_20221209_143805,1447.0,0.9794453
3361,G17,DR_20221209_143805,1448.0,0.9251629
3362,G17,DR_20221209_143805,1449.0,0.99693257
3363,G18,DR_20221209_143805,1450.0,0.02834112
3364,G18,DR_20221209_143805,1451.0,0.995933
3365,G18,DR_20221209_143805,1452.0,0.9817063
3366,G18,DR_20221209_143805,1453.0,1.0003653
3367,G18,DR_20221209_143805,1454.0,1.000812
3368,G18,DR_20221209_143805,1455.0,1.0001843
3369,G18,DR_20221209_143805,1456.0,1.0001426
3370,G18,DR_20221209_143805,1457.0,1.0001843
3371,G18,DR_20221209_143805,1458.0,0.22641344
3372,G19,DR_20221209_143805,1459.0,1.0004308
3373,G19,DR_20221209_143805,1460.0,0.9968072
3374,G19,DR_20221209_143805,1461.0,0.006722566
3375,G19,DR_20221209_143805,1462.0,1.0001843
3376,G19,DR_20221209_143805,1463.0,0.9999503
3377,G19,DR_20221209_143805,1464.0,0.9251833
3378,G19,DR_20221209_143805,1465.0,0.25673786
3379,G19,DR_20221209_143805,1466.0,0.012568827
3380,G19,DR_20221209_143805,1467.0,1.0035187
3381,G20,DR_20221209_143805,1468.0,0.009857381
3382,G20,DR_20221209_143805,1469.0,0.006988373
3383,G20,DR_20221209_143805,1470.0,0.0067654033
3384,G20,DR_20221209_143805,1471.0,0.9998526
3385,G20,DR_20221209_143805,1472.0,0.99945295
3386,G20,DR_20221209_143805,1473.0,0.92298996
3387,G20,DR_20221209_143805,1474.0,0.0076675885
3388,G20,DR_20221209_143805,1475.0,0.0068058954
3389,G20,DR_20221209_143805,1476.0,0.92486876
3390,G21,DR_20221209_143805,1477.0,0.92499524
3391,G21,DR_20221209_143805,1478.0,1.0000645
3392,G21,DR_20221209_143805,1479.0,0.99997
3393,G21,DR_20221209_143805,1480.0,1.0001843
3394,G21,DR_20221209_143805,1481.0,1.0027289
3395,G21,DR_20221209_143805,1482.0,0.9998526
3396,G21,DR_20221209_143805,1483.0,0.0067003965
3397,G21,DR_20221209_143805,1484.0,0.9251833
3398,G21,DR_20221209_143805,1485.0,0.9998526
3399,G22,DR_20221209_143805,1486.0,0.9995555
3400,G22,DR_20221209_143805,1487.0,0.9991243
3401,G22,DR_20221209_143805,1488.0,0.020766728
3402,G22,DR_20221209_143805,1489.0,1.0003732
3403,G22,DR_20221209_143805,1490.0,1.0001426
3404,G22,DR_20221209_143805,1491.0,0.9998526
3405,G22,DR_20221209_143805,1492.0,0.100091025
3406,G22,DR_20221209_143805,1493.0,0.9999176
3407,G22,DR_20221209_143805,1494.0,1.0002079
3444,H03,DR_20221209_143805,1531.0,0.026822608
3445,H03,DR_20221209_143805,1532.0,0.9994308
3446,H03,DR_20221209_143805,1533.0,0.25229475
3447,H03,DR_20221209_143805,1534.0,0.9991243
3448,H03,DR_20221209_143805,1535.0,0.92417324
3449,H03,DR_20221209_143805,1536.0,0.92558074
3450,H03,DR_20221209_143805,1537.0,0.009318465
3451,H03,DR_20221209_143805,1538.0,0.92282623
3452,H03,DR_20221209_143805,1539.0,0.26736233
3453,H04,DR_20221209_143805,1540.0,0.9233963
3454,H04,DR_20221209_143805,1541.0,1.0001204
3455,H04,DR_20221209_143805,1542.0,1.0002075
3456,H04,DR_20221209_143805,1543.0,1.0007141
3457,H04,DR_20221209_143805,1544.0,1.0001204
3458,H04,DR_20221209_143805,1545.0,1.0004297
3459,H04,DR_20221209_143805,1546.0,0.87670374
3460,H04,DR_20221209_143805,1547.0,0.922978
3461,H04,DR_20221209_143805,1548.0,1.0008012
3462,H05,DR_20221209_143805,1549.0,0.9517984
3463,H05,DR_20221209_143805,1550.0,0.011983516
3464,H05,DR_20221209_143805,1551.0,1.00028
3465,H05,DR_20221209_143805,1552.0,0.99978733
3466,H05,DR_20221209_143805,1553.0,1.0007484
3467,H05,DR_20221209_143805,1554.0,0.29117823
3468,H05,DR_20221209_143805,1555.0,1.0001843
3469,H05,DR_20221209_143805,1556.0,1.0001204
3470,H05,DR_20221209_143805,1557.0,0.9998526
3471,H06,DR_20221209_143805,1558.0,0.99944
3472,H06,DR_20221209_143805,1559.0,1.0010486
3473,H06,DR_20221209_143805,1560.0,1.0005109
3474,H06,DR_20221209_143805,1561.0,1.0110565
3475,H06,DR_20221209_143805,1562.0,1.012549
3476,H06,DR_20221209_143805,1563.0,0.038763724
3477,H06,DR_20221209_143805,1564.0,0.29357642
3478,H06,DR_20221209_143805,1565.0,0.88111675
3479,H06,DR_20221209_143805,1566.0,0.9999176
3480,H07,DR_20221209_143805,1567.0,0.9998487
3481,H07,DR_20221209_143805,1568.0,1.0001426
3482,H07,DR_20221209_143805,1569.0,1.0007256
3483,H07,DR_20221209_143805,1570.0,1.0005795
3484,H07,DR_20221209_143805,1571.0,1.0001426
3485,H07,DR_20221209_143805,1572.0,0.88061833
3486,H07,DR_20221209_143805,1573.0,1.0002075
3487,H07,DR_20221209_143805,1574.0,0.92394245
3488,H07,DR_20221209_143805,1575.0,1.0000328
3489,H08,DR_20221209_143805,1576.0,0.98359865
3490,H08,DR_20221209_143805,1577.0,0.9993132
3491,H08,DR_20221209_143805,1578.0,0.9803681
3492,H08,DR_20221209_143805,1579.0,0.9999068
3493,H08,DR_20221209_143805,1580.0,0.9999417
3494,H08,DR_20221209_143805,1581.0,0.0115924785
3495,H08,DR_20221209_143805,1582.0,0.02448183
3496,H08,DR_20221209_143805,1583.0,0.010635391
3497,H08,DR_20221209_143805,1584.0,1.0003029
3498,H09,DR_20221209_143805,1585.0,0.9993096
3499,H09,DR_20221209_143805,1586.0,0.9999417
3500,H09,DR_20221209_143805,1587.0,1.0021096
3501,H09,DR_20221209_143805,1588.0,0.9991744
3502,H09,DR_20221209_143805,1589.0,0.9989439
3503,H09,DR_20221209_143805,1590.0,0.9999233
3504,H09,DR_20221209_143805,1591.0,0.9279809
3505,H09,DR_20221209_143805,1592.0,0.99964535
3506,H09,DR_20221209_143805,1593.0,0.99964535
3507,H10,DR_20221209_143805,1594.0,1.0001204
3508,H10,DR_20221209_143805,1595.0,1.0001204
3509,H10,DR_20221209_143805,1596.0,1.0000618
3510,H10,DR_20221209_143805,1597.0,0.056894917
3511,H10,DR_20221209_143805,1598.0,0.99869287
3512,H10,DR_20221209_143805,1599.0,0.010196548
3513,H10,DR_20221209_143805,1600.0,0.9572365
3514,H10,DR_20221209_143805,1601.0,0.0077590663
3515,H10,DR_20221209_143805,1602.0,0.015604574
3516,H11,DR_20221209_143805,1603.0,0.99997
3517,H11,DR_20221209_143805,1604.0,0.9993289
3518,H11,DR_20221209_143805,1605.0,0.9996791
3519,H11,DR_20221209_143805,1606.0,1.0001154
3520,H11,DR_20221209_143805,1607.0,1.0001426
3521,H11,DR_20221209_143805,1608.0,0.2514721
3522,H11,DR_20221209_143805,1609.0,1.0011784
3523,H11,DR_20221209_143805,1610.0,0.99959797
3524,H11,DR_20221209_143805,1611.0,1.0001857
3525,H12,DR_20221209_143805,1612.0,1.0000082
3526,H12,DR_20221209_143805,1613.0,1.0000885
3527,H12,DR_20221209_143805,1614.0,1.0001004
3528,H12,DR_20221209_143805,1615.0,0.99593663
3529,H12,DR_20221209_143805,1616.0,0.9995516
3530,H12,DR_20221209_143805,1617.0,0.99908775
3531,H12,DR_20221209_143805,1618.0,0.9253798
3532,H12,DR_20221209_143805,1619.0,0.99999976
3533,H12,DR_20221209_143805,1620.0,1.0003117
3534,H13,DR_20221209_143805,1621.0,0.9994006
3535,H13,DR_20221209_143805,1622.0,0.99999976
3536,H13,DR_20221209_143805,1623.0,1.0002047
3537,H13,DR_20221209_143805,1624.0,1.000163
3538,H13,DR_20221209_143805,1625.0,1.0010049
3539,H13,DR_20221209_143805,1626.0,0.9998072
3540,H13,DR_20221209_143805,1627.0,1.0000328
3541,H13,DR_20221209_143805,1628.0,1.0001843
3542,H13,DR_20221209_143805,1629.0,1.0002998
3543,H14,DR_20221209_143805,1630.0,0.9994584
3544,H14,DR_20221209_143805,1631.0,0.9969468
3545,H14,DR_20221209_143805,1632.0,1.0002896
3546,H14,DR_20221209_143805,1633.0,1.0002998
3547,H14,DR_20221209_143805,1634.0,1.0003635
3548,H14,DR_20221209_143805,1635.0,0.99994344
3549,H14,DR_20221209_143805,1636.0,0.9791131
3550,H14,DR_20221209_143805,1637.0,0.9872589
3551,H14,DR_20221209_143805,1638.0,1.000664
3552,H15,DR_20221209_143805,1639.0,0.99988985
3553,H15,DR_20221209_143805,1640.0,0.99930465
3554,H15,DR_20221209_143805,1641.0,1.0003117
3555,H15,DR_20221209_143805,1642.0,1.0019886
3556,H15,DR_20221209_143805,1643.0,0.99811804
3557,H15,DR_20221209_143805,1644.0,0.9969961
3558,H15,DR_20221209_143805,1645.0,0.22391102
3559,H15,DR_20221209_143805,1646.0,1.0028611
3560,H15,DR_20221209_143805,1647.0,1.0006881
3561,H16,DR_20221209_143805,1648.0,1.0000082
3562,H16,DR_20221209_143805,1649.0,0.25310624
3563,H16,DR_20221209_143805,1650.0,0.022899892
3564,H16,DR_20221209_143805,1651.0,0.98569584
3565,H16,DR_20221209_143805,1652.0,0.9969889
3566,H16,DR_20221209_143805,1653.0,1.0002998
3567,H16,DR_20221209_143805,1654.0,0.07655094
3568,H16,DR_20221209_143805,1655.0,0.02282232
3569,H16,DR_20221209_143805,1656.0,1.0003874
3570,H17,DR_20221209_143805,1657.0,0.9998321
3571,H17,DR_20221209_143805,1658.0,0.9963895
3572,H17,DR_20221209_143805,1659.0,1.0011432
3573,H17,DR_20221209_143805,1660.0,0.9977232
3574,H17,DR_20221209_143805,1661.0,0.99999976
3575,H17,DR_20221209_143805,1662.0,0.25965428
3576,H17,DR_20221209_143805,1663.0,0.92763007
3577,H17,DR_20221209_143805,1664.0,0.00957219
3578,H17,DR_20221209_143805,1665.0,0.99726474
3579,H18,DR_20221209_143805,1666.0,0.99994594
3580,H18,DR_20221209_143805,1667.0,0.9991243
3581,H18,DR_20221209_143805,1668.0,0.010526026
3582,H18,DR_20221209_143805,1669.0,1.0003511
3583,H18,DR_20221209_143805,1670.0,0.9997661
3584,H18,DR_20221209_143805,1671.0,0.9249302
3585,H18,DR_20221209_143805,1672.0,0.0072608483
3586,H18,DR_20221209_143805,1673.0,0.9253449
3587,H18,DR_20221209_143805,1674.0,1.0006418
3588,H19,DR_20221209_143805,1675.0,0.9998526
3589,H19,DR_20221209_143805,1676.0,0.99945647
3590,H19,DR_20221209_143805,1677.0,0.9792559
3591,H19,DR_20221209_143805,1678.0,0.99945647
3592,H19,DR_20221209_143805,1679.0,1.0126814
3593,H19,DR_20221209_143805,1680.0,0.013402205
3594,H19,DR_20221209_143805,1681.0,0.009922387
3595,H19,DR_20221209_143805,1682.0,0.999364
3596,H19,DR_20221209_143805,1683.0,1.0003239
3597,H20,DR_20221209_143805,1684.0,1.0001426
3598,H20,DR_20221209_143805,1685.0,0.99987286
3599,H20,DR_20221209_143805,1686.0,0.07743076
3600,H20,DR_20221209_143805,1687.0,0.99964535
3601,H20,DR_20221209_143805,1688.0,1.0001204
3602,H20,DR_20221209_143805,1689.0,0.9998526
3603,H20,DR_20221209_143805,1690.0,0.0075406665
3604,H20,DR_20221209_143805,1691.0,0.9249302
3605,H20,DR_20221209_143805,1692.0,0.99976707
3606,H21,DR_20221209_143805,1693.0,0.99977374
3607,H21,DR_20221209_143805,1694.0,0.99945647
3608,H21,DR_20221209_143805,1695.0,1.0000106
3609,H21,DR_20221209_143805,1696.0,1.0001843
3610,H21,DR_20221209_143805,1697.0,1.0001204
3611,H21,DR_20221209_143805,1698.0,1.0003107
3612,H21,DR_20221209_143805,1699.0,0.9997772
3613,H21,DR_20221209_143805,1700.0,0.9278181
3614,H21,DR_20221209_143805,1701.0,0.9998378
3615,H22,DR_20221209_143805,1702.0,0.9991243
3616,H22,DR_20221209_143805,1703.0,1.0001426
3617,H22,DR_20221209_143805,1704.0,0.9998378
3618,H22,DR_20221209_143805,1705.0,0.9997628
3619,H22,DR_20221209_143805,1706.0,0.9999282
3620,H22,DR_20221209_143805,1707.0,0.9999176
3621,H22,DR_20221209_143805,1708.0,0.92474097
3622,H22,DR_20221209_143805,1709.0,0.2568634
3623,H22,DR_20221209_143805,1710.0,0.99930483
3660,I03,DR_20221209_143805,1747.0,0.8801476
3661,I03,DR_20221209_143805,1748.0,0.6827464
3662,I03,DR_20221209_143805,1749.0,0.9998767
3663,I03,DR_20221209_143805,1750.0,0.99945056
3664,I03,DR_20221209_143805,1751.0,0.99941486
3665,I03,DR_20221209_143805,1752.0,0.92528844
3666,I03,DR_20221209_143805,1753.0,1.0002776
3667,I03,DR_20221209_143805,1754.0,0.99943185
3668,I03,DR_20221209_143805,1755.0,0.99930465
3669,I04,DR_20221209_143805,1756.0,0.8765492
3670,I04,DR_20221209_143805,1757.0,1.0001854
3671,I04,DR_20221209_143805,1758.0,0.9999176
3672,I04,DR_20221209_143805,1759.0,1.0002075
3673,I04,DR_20221209_143805,1760.0,0.95585066
3674,I04,DR_20221209_143805,1761.0,0.95509034
3675,I04,DR_20221209_143805,1762.0,0.011767693
3676,I04,DR_20221209_143805,1763.0,0.944538
3677,I04,DR_20221209_143805,1764.0,0.9999176
3678,I05,DR_20221209_143805,1765.0,0.99970603
3679,I05,DR_20221209_143805,1766.0,0.9980785
3680,I05,DR_20221209_143805,1767.0,1.0003306
3681,I05,DR_20221209_143805,1768.0,1.0001204
3682,I05,DR_20221209_143805,1769.0,1.0001426
3683,I05,DR_20221209_143805,1770.0,0.9993746
3684,I05,DR_20221209_143805,1771.0,1.0004888
3685,I05,DR_20221209_143805,1772.0,1.0007362
3686,I05,DR_20221209_143805,1773.0,1.0001843
3687,I06,DR_20221209_143805,1774.0,0.8762793
3688,I06,DR_20221209_143805,1775.0,1.0001295
3689,I06,DR_20221209_143805,1776.0,1.0018227
3690,I06,DR_20221209_143805,1777.0,0.99999976
3691,I06,DR_20221209_143805,1778.0,0.95585066
3692,I06,DR_20221209_143805,1779.0,0.99965024
3693,I06,DR_20221209_143805,1780.0,0.9568826
3694,I06,DR_20221209_143805,1781.0,0.9999411
3695,I06,DR_20221209_143805,1782.0,0.99999976
3696,I07,DR_20221209_143805,1783.0,0.99999976
3697,I07,DR_20221209_143805,1784.0,1.0002075
3698,I07,DR_20221209_143805,1785.0,0.9999176
3699,I07,DR_20221209_143805,1786.0,1.0000467
3700,I07,DR_20221209_143805,1787.0,1.0014609
3701,I07,DR_20221209_143805,1788.0,0.99949783
3702,I07,DR_20221209_143805,1789.0,1.0009732
3703,I07,DR_20221209_143805,1790.0,0.92325336
3704,I07,DR_20221209_143805,1791.0,1.0000423
3705,I08,DR_20221209_143805,1792.0,1.0000058
3706,I08,DR_20221209_143805,1793.0,1.0002075
3707,I08,DR_20221209_143805,1794.0,1.0002075
3708,I08,DR_20221209_143805,1795.0,0.99992603
3709,I08,DR_20221209_143805,1796.0,0.9995409
3710,I08,DR_20221209_143805,1797.0,0.92630845
3711,I08,DR_20221209_143805,1798.0,0.29734308
3712,I08,DR_20221209_143805,1799.0,0.92253304
3713,I08,DR_20221209_143805,1800.0,1.0004864
3714,I09,DR_20221209_143805,1801.0,1.0009457
3715,I09,DR_20221209_143805,1802.0,0.99941486
3716,I09,DR_20221209_143805,1803.0,1.0001566
3717,I09,DR_20221209_143805,1804.0,1.000118
3718,I09,DR_20221209_143805,1805.0,1.0118726
3719,I09,DR_20221209_143805,1806.0,0.9987511
3720,I09,DR_20221209_143805,1807.0,0.92545044
3721,I09,DR_20221209_143805,1808.0,1.0014324
3722,I09,DR_20221209_143805,1809.0,1.0001843
3723,I10,DR_20221209_143805,1810.0,1.0001408
3724,I10,DR_20221209_143805,1811.0,1.0121206
3725,I10,DR_20221209_143805,1812.0,1.0013651
3726,I10,DR_20221209_143805,1813.0,0.27375805
3727,I10,DR_20221209_143805,1814.0,0.9252241
3728,I10,DR_20221209_143805,1815.0,0.9244978
3729,I10,DR_20221209_143805,1816.0,0.031521924
3730,I10,DR_20221209_143805,1817.0,0.010816534
3731,I10,DR_20221209_143805,1818.0,1.0000645
3732,I11,DR_20221209_143805,1819.0,1.000684
3733,I11,DR_20221209_143805,1820.0,0.9999233
3734,I11,DR_20221209_143805,1821.0,0.99964535
3735,I11,DR_20221209_143805,1822.0,0.99999976
3736,I11,DR_20221209_143805,1823.0,1.0107819
3737,I11,DR_20221209_143805,1824.0,0.9994308
3738,I11,DR_20221209_143805,1825.0,1.0000982
3739,I11,DR_20221209_143805,1826.0,1.0001426
3740,I11,DR_20221209_143805,1827.0,0.9998526
3741,I12,DR_20221209_143805,1828.0,0.007473376
3742,I12,DR_20221209_143805,1829.0,0.009334135
3743,I12,DR_20221209_143805,1830.0,0.007054708
3744,I12,DR_20221209_143805,1831.0,1.0001843
3745,I12,DR_20221209_143805,1832.0,0.9995957
3746,I12,DR_20221209_143805,1833.0,0.9788093
3747,I12,DR_20221209_143805,1834.0,0.005838248
3748,I12,DR_20221209_143805,1835.0,1.0010688
3749,I12,DR_20221209_143805,1836.0,1.0001843
3750,I13,DR_20221209_143805,1837.0,1.0013179
3751,I13,DR_20221209_143805,1838.0,1.0000924
3752,I13,DR_20221209_143805,1839.0,1.000553
3753,I13,DR_20221209_143805,1840.0,1.0010347
3754,I13,DR_20221209_143805,1841.0,0.99999976
3755,I13,DR_20221209_143805,1842.0,1.0011886
3756,I13,DR_20221209_143805,1843.0,0.9998653
3757,I13,DR_20221209_143805,1844.0,1.0045323
3758,I13,DR_20221209_143805,1845.0,1.0003544
3759,I14,DR_20221209_143805,1846.0,1.0003239
3760,I14,DR_20221209_143805,1847.0,0.99930465
3761,I14,DR_20221209_143805,1848.0,0.9817579
3762,I14,DR_20221209_143805,1849.0,0.023994433
3763,I14,DR_20221209_143805,1850.0,1.000826
3764,I14,DR_20221209_143805,1851.0,0.29551834
3765,I14,DR_20221209_143805,1852.0,0.022069214
3766,I14,DR_20221209_143805,1853.0,1.0002751
3767,I14,DR_20221209_143805,1854.0,1.0043062
3768,I15,DR_20221209_143805,1855.0,0.99980026
3769,I15,DR_20221209_143805,1856.0,1.0001687
3770,I15,DR_20221209_143805,1857.0,0.9833266
3771,I15,DR_20221209_143805,1858.0,0.9800086
3772,I15,DR_20221209_143805,1859.0,1.0009044
3773,I15,DR_20221209_143805,1860.0,1.0003483
3774,I15,DR_20221209_143805,1861.0,0.07967675
3775,I15,DR_20221209_143805,1862.0,1.000163
3776,I15,DR_20221209_143805,1863.0,0.98004484
3777,I16,DR_20221209_143805,1864.0,1.0006762
3778,I16,DR_20221209_143805,1865.0,0.005297696
3779,I16,DR_20221209_143805,1866.0,0.9997409
3780,I16,DR_20221209_143805,1867.0,1.0043062
3781,I16,DR_20221209_143805,1868.0,0.997297
3782,I16,DR_20221209_143805,1869.0,1.0018845
3783,I16,DR_20221209_143805,1870.0,0.077849194
3784,I16,DR_20221209_143805,1871.0,1.0000423
3785,I16,DR_20221209_143805,1872.0,1.000956
3786,I17,DR_20221209_143805,1873.0,1.0001843
3787,I17,DR_20221209_143805,1874.0,0.9991243
3788,I17,DR_20221209_143805,1875.0,0.26804864
3789,I17,DR_20221209_143805,1876.0,1.0000987
3790,I17,DR_20221209_143805,1877.0,1.0060374
3791,I17,DR_20221209_143805,1878.0,1.0000904
3792,I17,DR_20221209_143805,1879.0,0.9278347
3793,I17,DR_20221209_143805,1880.0,0.015086025
3794,I17,DR_20221209_143805,1881.0,0.99976087
3795,I18,DR_20221209_143805,1882.0,1.0001843
3796,I18,DR_20221209_143805,1883.0,1.0003947
3797,I18,DR_20221209_143805,1884.0,0.096749045
3798,I18,DR_20221209_143805,1885.0,1.0026417
3799,I18,DR_20221209_143805,1886.0,0.9997179
3800,I18,DR_20221209_143805,1887.0,0.9998526
3801,I18,DR_20221209_143805,1888.0,1.0002947
3802,I18,DR_20221209_143805,1889.0,1.0000653
3803,I18,DR_20221209_143805,1890.0,0.22512148
3804,I19,DR_20221209_143805,1891.0,0.99945253
3805,I19,DR_20221209_143805,1892.0,0.9998526
3806,I19,DR_20221209_143805,1893.0,0.9998562
3807,I19,DR_20221209_143805,1894.0,1.0003239
3808,I19,DR_20221209_143805,1895.0,1.0001204
3809,I19,DR_20221209_143805,1896.0,0.99994344
3810,I19,DR_20221209_143805,1897.0,0.012376281
3811,I19,DR_20221209_143805,1898.0,0.9251192
3812,I19,DR_20221209_143805,1899.0,0.99980503
3813,I20,DR_20221209_143805,1900.0,0.9998526
3814,I20,DR_20221209_143805,1901.0,0.9968072
3815,I20,DR_20221209_143805,1902.0,0.99998003
3816,I20,DR_20221209_143805,1903.0,0.98234427
3817,I20,DR_20221209_143805,1904.0,0.9999264
3818,I20,DR_20221209_143805,1905.0,1.0010486
3819,I20,DR_20221209_143805,1906.0,0.98049194
3820,I20,DR_20221209_143805,1907.0,1.0002809
3821,I20,DR_20221209_143805,1908.0,1.0007781
3822,I21,DR_20221209_143805,1909.0,0.99892193
3823,I21,DR_20221209_143805,1910.0,0.9991243
3824,I21,DR_20221209_143805,1911.0,0.98004484
3825,I21,DR_20221209_143805,1912.0,0.0122366855
3826,I21,DR_20221209_143805,1913.0,0.9999503
3827,I21,DR_20221209_143805,1914.0,0.999893
3828,I21,DR_20221209_143805,1915.0,0.07922766
3829,I21,DR_20221209_143805,1916.0,0.09960475
3830,I21,DR_20221209_143805,1917.0,0.021545852
3831,I22,DR_20221209_143805,1918.0,0.997052
3832,I22,DR_20221209_143805,1919.0,1.0007641
3833,I22,DR_20221209_143805,1920.0,0.040944435
3834,I22,DR_20221209_143805,1921.0,1.0003732
3835,I22,DR_20221209_143805,1922.0,0.99961346
3836,I22,DR_20221209_143805,1923.0,0.9999417
3837,I22,DR_20221209_143805,1924.0,0.9819084
3838,I22,DR_20221209_143805,1925.0,0.9995209
3839,I22,DR_20221209_143805,1926.0,0.9989484
3876,J03,DR_20221209_143805,1963.0,-0.0027007794
3877,J03,DR_20221209_143805,1964.0,0.008863404
3878,J03,DR_20221209_143805,1965.0,0.0028987224
3879,J03,DR_20221209_143805,1966.0,0.009518169
3880,J03,DR_20221209_143805,1967.0,-0.0027146756
3881,J03,DR_20221209_143805,1968.0,-0.006300686
3882,J03,DR_20221209_143805,1969.0,0.0026540484
3883,J03,DR_20221209_143805,1970.0,0.009111532
3884,J04,DR_20221209_143805,1971.0,1.0002306
3885,J04,DR_20221209_143805,1972.0,1.0017799
3886,J04,DR_20221209_143805,1973.0,0.26786307
3887,J04,DR_20221209_143805,1974.0,1.0001426
3888,J04,DR_20221209_143805,1975.0,0.99941486
3889,J04,DR_20221209_143805,1976.0,0.009985506
3890,J04,DR_20221209_143805,1977.0,0.04958427
3891,J04,DR_20221209_143805,1978.0,0.010038965
3892,J04,DR_20221209_143805,1979.0,0.018398289
3893,J05,DR_20221209_143805,1980.0,0.99927795
3894,J05,DR_20221209_143805,1981.0,0.99889797
3895,J05,DR_20221209_143805,1982.0,1.0010486
3896,J05,DR_20221209_143805,1983.0,0.9997829
3897,J05,DR_20221209_143805,1984.0,1.0002075
3898,J05,DR_20221209_143805,1985.0,1.0010107
3899,J05,DR_20221209_143805,1986.0,0.9999176
3900,J05,DR_20221209_143805,1987.0,1.0005109
3901,J05,DR_20221209_143805,1988.0,1.0005109
3902,J06,DR_20221209_143805,1989.0,0.9281737
3903,J06,DR_20221209_143805,1990.0,1.0002075
3904,J06,DR_20221209_143805,1991.0,0.25303194
3905,J06,DR_20221209_143805,1992.0,0.9992134
3906,J06,DR_20221209_143805,1993.0,0.92278993
3907,J06,DR_20221209_143805,1994.0,0.92394245
3908,J06,DR_20221209_143805,1995.0,0.008566059
3909,J06,DR_20221209_143805,1996.0,0.009334135
3910,J06,DR_20221209_143805,1997.0,1.0002998
3911,J07,DR_20221209_143805,1998.0,1.0000106
3912,J07,DR_20221209_143805,1999.0,0.9998767
3913,J07,DR_20221209_143805,2000.0,0.9998526
3914,J07,DR_20221209_143805,2001.0,0.9998767
3915,J07,DR_20221209_143805,2002.0,0.033500638
3916,J07,DR_20221209_143805,2003.0,0.049024504
3917,J07,DR_20221209_143805,2004.0,0.011103859
3918,J07,DR_20221209_143805,2005.0,0.009019433
3919,J07,DR_20221209_143805,2006.0,0.2236217
3920,J08,DR_20221209_143805,2007.0,0.25981295
3921,J08,DR_20221209_143805,2008.0,0.25694245
3922,J08,DR_20221209_143805,2009.0,0.006923605
3923,J08,DR_20221209_143805,2010.0,0.25191975
3924,J08,DR_20221209_143805,2011.0,0.032740343
3925,J08,DR_20221209_143805,2012.0,0.0065794177
3926,J08,DR_20221209_143805,2013.0,0.008234514
3927,J08,DR_20221209_143805,2014.0,0.010881625
3928,J08,DR_20221209_143805,2015.0,0.079888225
3929,J09,DR_20221209_143805,2016.0,0.006857695
3930,J09,DR_20221209_143805,2017.0,0.9991243
3931,J09,DR_20221209_143805,2018.0,1.0000347
3932,J09,DR_20221209_143805,2019.0,0.9990219
3933,J09,DR_20221209_143805,2020.0,0.99914694
3934,J09,DR_20221209_143805,2021.0,0.9999503
3935,J09,DR_20221209_143805,2022.0,0.020718968
3936,J09,DR_20221209_143805,2023.0,0.006800253
3937,J09,DR_20221209_143805,2024.0,1.0000356
3938,J10,DR_20221209_143805,2025.0,0.22886185
3939,J10,DR_20221209_143805,2026.0,0.99914837
3940,J10,DR_20221209_143805,2027.0,0.081007406
3941,J10,DR_20221209_143805,2028.0,0.2943239
3942,J10,DR_20221209_143805,2029.0,1.0007484
3943,J10,DR_20221209_143805,2030.0,0.01209907
3944,J10,DR_20221209_143805,2031.0,0.008398984
3945,J10,DR_20221209_143805,2032.0,0.008694268
3946,J10,DR_20221209_143805,2033.0,0.01213292
3947,J11,DR_20221209_143805,2034.0,1.003553
3948,J11,DR_20221209_143805,2035.0,0.9963269
3949,J11,DR_20221209_143805,2036.0,1.0006659
3950,J11,DR_20221209_143805,2037.0,0.9989855
3951,J11,DR_20221209_143805,2038.0,1.0118405
3952,J11,DR_20221209_143805,2039.0,0.99979854
3953,J11,DR_20221209_143805,2040.0,1.0034148
3954,J11,DR_20221209_143805,2041.0,1.0016446
3955,J11,DR_20221209_143805,2042.0,0.9996907
3956,J12,DR_20221209_143805,2043.0,0.26700112
3957,J12,DR_20221209_143805,2044.0,0.0071161506
3958,J12,DR_20221209_143805,2045.0,0.02337504
3959,J12,DR_20221209_143805,2046.0,1.0001843
3960,J12,DR_20221209_143805,2047.0,1.0003234
3961,J12,DR_20221209_143805,2048.0,0.0075583477
3962,J12,DR_20221209_143805,2049.0,0.020499311
3963,J12,DR_20221209_143805,2050.0,0.08037418
3964,J12,DR_20221209_143805,2051.0,0.079556085
3965,J13,DR_20221209_143805,2052.0,0.9999417
3966,J13,DR_20221209_143805,2053.0,0.005838248
3967,J13,DR_20221209_143805,2054.0,1.0005039
3968,J13,DR_20221209_143805,2055.0,1.0043184
3969,J13,DR_20221209_143805,2056.0,1.0001843
3970,J13,DR_20221209_143805,2057.0,0.99945647
3971,J13,DR_20221209_143805,2058.0,0.012722044
3972,J13,DR_20221209_143805,2059.0,0.2309561
3973,J13,DR_20221209_143805,2060.0,1.0001566
3974,J14,DR_20221209_143805,2061.0,0.9994311
3975,J14,DR_20221209_143805,2062.0,0.99943095
3976,J14,DR_20221209_143805,2063.0,1.0005965
3977,J14,DR_20221209_143805,2064.0,0.9972523
3978,J14,DR_20221209_143805,2065.0,0.99858224
3979,J14,DR_20221209_143805,2066.0,0.9993132
3980,J14,DR_20221209_143805,2067.0,1.0001843
3981,J14,DR_20221209_143805,2068.0,1.0011863
3982,J14,DR_20221209_143805,2069.0,0.9999013
3983,J15,DR_20221209_143805,2070.0,1.0001843
3984,J15,DR_20221209_143805,2071.0,0.9994661
3985,J15,DR_20221209_143805,2072.0,0.9814264
3986,J15,DR_20221209_143805,2073.0,0.98701113
3987,J15,DR_20221209_143805,2074.0,0.9998059
3988,J15,DR_20221209_143805,2075.0,1.0001968
3989,J15,DR_20221209_143805,2076.0,1.0001843
3990,J15,DR_20221209_143805,2077.0,0.9966811
3991,J15,DR_20221209_143805,2078.0,0.25500062
3992,J16,DR_20221209_143805,2079.0,1.0014213
3993,J16,DR_20221209_143805,2080.0,0.08010705
3994,J16,DR_20221209_143805,2081.0,0.01737526
3995,J16,DR_20221209_143805,2082.0,1.0004336
3996,J16,DR_20221209_143805,2083.0,0.99998343
3997,J16,DR_20221209_143805,2084.0,0.9833543
3998,J16,DR_20221209_143805,2085.0,0.9971116
3999,J16,DR_20221209_143805,2086.0,1.0033519
4000,J16,DR_20221209_143805,2087.0,1.0001843
4001,J17,DR_20221209_143805,2088.0,0.999143
4002,J17,DR_20221209_143805,2089.0,0.99832904
4003,J17,DR_20221209_143805,2090.0,0.9792474
4004,J17,DR_20221209_143805,2091.0,0.9550288
4005,J17,DR_20221209_143805,2092.0,0.9999057
4006,J17,DR_20221209_143805,2093.0,0.9996327
4007,J17,DR_20221209_143805,2094.0,0.0113019785
4008,J17,DR_20221209_143805,2095.0,0.008363195
4009,J17,DR_20221209_143805,2096.0,0.0052294303
4010,J18,DR_20221209_143805,2097.0,0.9833536
4011,J18,DR_20221209_143805,2098.0,0.9986087
4012,J18,DR_20221209_143805,2099.0,0.0065794177
4013,J18,DR_20221209_143805,2100.0,1.0000569
4014,J18,DR_20221209_143805,2101.0,1.0001426
4015,J18,DR_20221209_143805,2102.0,0.0062630987
4016,J18,DR_20221209_143805,2103.0,0.26667815
4017,J18,DR_20221209_143805,2104.0,0.012592908
4018,J18,DR_20221209_143805,2105.0,1.000102
4019,J19,DR_20221209_143805,2106.0,0.9999775
4020,J19,DR_20221209_143805,2107.0,1.00028
4021,J19,DR_20221209_143805,2108.0,0.006763491
4022,J19,DR_20221209_143805,2109.0,1.0004907
4023,J19,DR_20221209_143805,2110.0,1.0002075
4024,J19,DR_20221209_143805,2111.0,0.2848299
4025,J19,DR_20221209_143805,2112.0,0.00648309
4026,J19,DR_20221209_143805,2113.0,0.27332893
4027,J19,DR_20221209_143805,2114.0,1.0001843
4028,J20,DR_20221209_143805,2115.0,1.0001072
4029,J20,DR_20221209_143805,2116.0,0.99977446
4030,J20,DR_20221209_143805,2117.0,0.009382862
4031,J20,DR_20221209_143805,2118.0,0.008505241
4032,J20,DR_20221209_143805,2119.0,0.9999503
4033,J20,DR_20221209_143805,2120.0,0.27790445
4034,J20,DR_20221209_143805,2121.0,0.007218935
4035,J20,DR_20221209_143805,2122.0,0.0059813964
4036,J20,DR_20221209_143805,2123.0,0.9998526
4037,J21,DR_20221209_143805,2124.0,0.0067222584
4038,J21,DR_20221209_143805,2125.0,0.9999176
4039,J21,DR_20221209_143805,2126.0,0.0075386907
4040,J21,DR_20221209_143805,2127.0,1.0003239
4041,J21,DR_20221209_143805,2128.0,1.0001426
4042,J21,DR_20221209_143805,2129.0,0.9251833
4043,J21,DR_20221209_143805,2130.0,0.00655202
4044,J21,DR_20221209_143805,2131.0,0.007682076
4045,J21,DR_20221209_143805,2132.0,0.009857381
4046,J22,DR_20221209_143805,2133.0,0.92223257
4047,J22,DR_20221209_143805,2134.0,0.99597615
4048,J22,DR_20221209_143805,2135.0,0.9816223
4049,J22,DR_20221209_143805,2136.0,0.999834
4050,J22,DR_20221209_143805,2137.0,0.9992134
4051,J22,DR_20221209_143805,2138.0,0.9992134
4052,J22,DR_20221209_143805,2139.0,0.99962056
4053,J22,DR_20221209_143805,2140.0,0.98281014
4054,J22,DR_20221209_143805,2141.0,1.0001426
4091,K04,DR_20221209_143805,2187.0,0.92471457
4092,K04,DR_20221209_143805,2188.0,1.0001426
4093,K04,DR_20221209_143805,2189.0,1.0006582
4094,K04,DR_20221209_143805,2190.0,0.9997829
4095,K04,DR_20221209_143805,2191.0,0.99941486
4096,K04,DR_20221209_143805,2192.0,1.0001354
4097,K04,DR_20221209_143805,2193.0,0.049694695
4098,K04,DR_20221209_143805,2194.0,0.9280865
4099,K04,DR_20221209_143805,2195.0,1.0006348
4100,K05,DR_20221209_143805,2196.0,0.9988586
4101,K05,DR_20221209_143805,2197.0,1.0001307
4102,K05,DR_20221209_143805,2198.0,0.9999176
4103,K05,DR_20221209_143805,2199.0,0.9991647
4104,K05,DR_20221209_143805,2200.0,1.000183
4105,K05,DR_20221209_143805,2201.0,1.0005306
4106,K05,DR_20221209_143805,2202.0,1.0005109
4107,K05,DR_20221209_143805,2203.0,1.0005752
4108,K05,DR_20221209_143805,2204.0,1.0008123
4109,K06,DR_20221209_143805,2205.0,0.0079924725
4110,K06,DR_20221209_143805,2206.0,0.9230652
4111,K06,DR_20221209_143805,2207.0,0.9999176
4112,K06,DR_20221209_143805,2208.0,1.0000412
4113,K06,DR_20221209_143805,2209.0,1.0001204
4114,K06,DR_20221209_143805,2210.0,0.012074988
4115,K06,DR_20221209_143805,2211.0,0.012304676
4116,K06,DR_20221209_143805,2212.0,0.9997094
4117,K06,DR_20221209_143805,2213.0,1.0000569
4118,K07,DR_20221209_143805,2214.0,0.9998526
4119,K07,DR_20221209_143805,2215.0,0.9999379
4120,K07,DR_20221209_143805,2216.0,0.008183354
4121,K07,DR_20221209_143805,2217.0,1.0000347
4122,K07,DR_20221209_143805,2218.0,1.0001426
4123,K07,DR_20221209_143805,2219.0,0.051936686
4124,K07,DR_20221209_143805,2220.0,0.011954157
4125,K07,DR_20221209_143805,2221.0,0.03499447
4126,K07,DR_20221209_143805,2222.0,0.94226885
4127,K08,DR_20221209_143805,2223.0,0.97459793
4128,K08,DR_20221209_143805,2224.0,0.9970697
4129,K08,DR_20221209_143805,2225.0,0.99959606
4130,K08,DR_20221209_143805,2226.0,0.99964535
4131,K08,DR_20221209_143805,2227.0,0.9989541
4132,K08,DR_20221209_143805,2228.0,0.009585578
4133,K08,DR_20221209_143805,2229.0,0.0067654033
4134,K08,DR_20221209_143805,2230.0,0.009596271
4135,K08,DR_20221209_143805,2231.0,0.98175085
4136,K09,DR_20221209_143805,2232.0,0.9993096
4137,K09,DR_20221209_143805,2233.0,0.9240328
4138,K09,DR_20221209_143805,2234.0,0.9990591
4139,K09,DR_20221209_143805,2235.0,0.99981564
4140,K09,DR_20221209_143805,2236.0,1.0114559
4141,K09,DR_20221209_143805,2237.0,0.9989541
4142,K09,DR_20221209_143805,2238.0,0.95244247
4143,K09,DR_20221209_143805,2239.0,1.001445
4144,K09,DR_20221209_143805,2240.0,0.99945647
4145,K10,DR_20221209_143805,2241.0,1.0002364
4146,K10,DR_20221209_143805,2242.0,0.9989439
4147,K10,DR_20221209_143805,2243.0,0.9959834
4148,K10,DR_20221209_143805,2244.0,0.24051225
4149,K10,DR_20221209_143805,2245.0,0.9991429
4150,K10,DR_20221209_143805,2246.0,0.9249302
4151,K10,DR_20221209_143805,2247.0,0.6859979
4152,K10,DR_20221209_143805,2248.0,0.25713053
4153,K10,DR_20221209_143805,2249.0,0.99854714
4154,K11,DR_20221209_143805,2250.0,0.0090998355
4155,K11,DR_20221209_143805,2251.0,0.9961582
4156,K11,DR_20221209_143805,2252.0,0.99919605
4157,K11,DR_20221209_143805,2253.0,0.99978495
4158,K11,DR_20221209_143805,2254.0,0.9993927
4159,K11,DR_20221209_143805,2255.0,0.9989276
4160,K11,DR_20221209_143805,2256.0,0.044377558
4161,K11,DR_20221209_143805,2257.0,0.99964535
4162,K11,DR_20221209_143805,2258.0,1.000664
4163,K12,DR_20221209_143805,2259.0,0.01153432
4164,K12,DR_20221209_143805,2260.0,0.00996736
4165,K12,DR_20221209_143805,2261.0,0.02362357
4166,K12,DR_20221209_143805,2262.0,0.99693465
4167,K12,DR_20221209_143805,2263.0,0.99952465
4168,K12,DR_20221209_143805,2264.0,1.0000626
4169,K12,DR_20221209_143805,2265.0,0.010221603
4170,K12,DR_20221209_143805,2266.0,0.99692273
4171,K12,DR_20221209_143805,2267.0,0.99770105
4172,K14,DR_20221209_143805,2277.0,1.0000407
4173,K14,DR_20221209_143805,2278.0,1.0008477
4174,K14,DR_20221209_143805,2279.0,0.99998003
4175,K14,DR_20221209_143805,2280.0,0.99602133
4176,K14,DR_20221209_143805,2281.0,0.9961158
4177,K14,DR_20221209_143805,2282.0,0.9994277
4178,K14,DR_20221209_143805,2283.0,0.9277456
4179,K14,DR_20221209_143805,2284.0,0.22388847
4180,K14,DR_20221209_143805,2285.0,1.0004888
4181,K18,DR_20221209_143805,2313.0,1.0002472
4182,K18,DR_20221209_143805,2314.0,0.9964081
4183,K18,DR_20221209_143805,2315.0,0.99901307
4184,K18,DR_20221209_143805,2316.0,0.9805505
4185,K18,DR_20221209_143805,2317.0,0.9965235
4186,K18,DR_20221209_143805,2318.0,0.99865335
4187,K18,DR_20221209_143805,2319.0,0.999893
4188,K18,DR_20221209_143805,2320.0,1.0000328
4189,K18,DR_20221209_143805,2321.0,0.99999964
4190,K19,DR_20221209_143805,2322.0,0.9962153
4191,K19,DR_20221209_143805,2323.0,0.99885696
4192,K19,DR_20221209_143805,2324.0,0.9995559
4193,K19,DR_20221209_143805,2325.0,0.9987738
4194,K19,DR_20221209_143805,2326.0,0.99960375
4195,K19,DR_20221209_143805,2327.0,0.9999176
4196,K19,DR_20221209_143805,2328.0,0.2568149
4197,K19,DR_20221209_143805,2329.0,1.0001426
4198,K19,DR_20221209_143805,2330.0,1.0001843
4199,K20,DR_20221209_143805,2331.0,0.97898877
4200,K20,DR_20221209_143805,2332.0,1.0004109
4201,K20,DR_20221209_143805,2333.0,0.02187308
4202,K20,DR_20221209_143805,2334.0,0.9999176
4203,K20,DR_20221209_143805,2335.0,0.9991893
4204,K20,DR_20221209_143805,2336.0,0.038050275
4205,K20,DR_20221209_143805,2337.0,0.9999176
4206,K20,DR_20221209_143805,2338.0,0.046609957
4207,K20,DR_20221209_143805,2339.0,0.9999176
4208,K21,DR_20221209_143805,2340.0,0.981201
4209,K21,DR_20221209_143805,2341.0,0.99701047
4210,K21,DR_20221209_143805,2342.0,0.22340833
4211,K21,DR_20221209_143805,2343.0,0.0073576164
4212,K21,DR_20221209_143805,2344.0,0.9995201
4213,K21,DR_20221209_143805,2345.0,1.001091
4214,K21,DR_20221209_143805,2346.0,0.97898877
4215,K21,DR_20221209_143805,2347.0,0.0059513357
4216,K21,DR_20221209_143805,2348.0,0.008068309
4217,K22,DR_20221209_143805,2349.0,0.09360285
4218,K22,DR_20221209_143805,2350.0,0.99660915
4219,K22,DR_20221209_143805,2351.0,0.9793651
4220,K22,DR_20221209_143805,2352.0,0.9964322
4221,K22,DR_20221209_143805,2353.0,0.9982381
4222,K22,DR_20221209_143805,2354.0,0.9969576
4223,K22,DR_20221209_143805,2355.0,0.981878
4224,K22,DR_20221209_143805,2356.0,1.0048147
4225,K22,DR_20221209_143805,2357.0,1.0001843
4262,L04,DR_20221209_143805,2403.0,1.0053405
4263,L04,DR_20221209_143805,2404.0,1.0003955
4264,L04,DR_20221209_143805,2405.0,0.9999922
4265,L04,DR_20221209_143805,2406.0,0.99956185
4266,L04,DR_20221209_143805,2407.0,0.92473674
4267,L04,DR_20221209_143805,2408.0,0.05594715
4268,L04,DR_20221209_143805,2409.0,0.006656656
4269,L04,DR_20221209_143805,2410.0,0.011823163
4270,L04,DR_20221209_143805,2411.0,1.0014361
4271,L05,DR_20221209_143805,2412.0,0.92300326
4272,L05,DR_20221209_143805,2413.0,0.92528844
4273,L05,DR_20221209_143805,2414.0,0.92705667
4274,L05,DR_20221209_143805,2415.0,1.0010486
4275,L05,DR_20221209_143805,2416.0,1.0001426
4276,L05,DR_20221209_143805,2417.0,1.000215
4277,L05,DR_20221209_143805,2418.0,0.014038789
4278,L05,DR_20221209_143805,2419.0,1.0005932
4279,L05,DR_20221209_143805,2420.0,1.0003017
4280,L06,DR_20221209_143805,2421.0,1.0001204
4281,L06,DR_20221209_143805,2422.0,1.0124754
4282,L06,DR_20221209_143805,2423.0,0.99994344
4283,L06,DR_20221209_143805,2424.0,1.0001204
4284,L06,DR_20221209_143805,2425.0,0.9994308
4285,L06,DR_20221209_143805,2426.0,0.012554033
4286,L06,DR_20221209_143805,2427.0,0.8814008
4287,L06,DR_20221209_143805,2428.0,0.8798723
4288,L06,DR_20221209_143805,2429.0,0.9999176
4289,L07,DR_20221209_143805,2430.0,0.99834967
4290,L07,DR_20221209_143805,2431.0,0.998644
4291,L07,DR_20221209_143805,2432.0,0.9842649
4292,L07,DR_20221209_143805,2433.0,1.0027077
4293,L07,DR_20221209_143805,2434.0,0.9964108
4294,L07,DR_20221209_143805,2435.0,0.2736735
4295,L07,DR_20221209_143805,2436.0,0.020499311
4296,L07,DR_20221209_143805,2437.0,0.011906217
4297,L07,DR_20221209_143805,2438.0,0.9419505
4298,L08,DR_20221209_143805,2439.0,1.0001426
4299,L08,DR_20221209_143805,2440.0,1.0001204
4300,L08,DR_20221209_143805,2441.0,1.0010726
4301,L08,DR_20221209_143805,2442.0,0.9988329
4302,L08,DR_20221209_143805,2443.0,1.0001204
4303,L08,DR_20221209_143805,2444.0,1.0006747
4304,L08,DR_20221209_143805,2445.0,1.0002075
4305,L08,DR_20221209_143805,2446.0,1.0003306
4306,L08,DR_20221209_143805,2447.0,0.9999681
4307,L09,DR_20221209_143805,2448.0,0.049269468
4308,L09,DR_20221209_143805,2449.0,0.016373985
4309,L09,DR_20221209_143805,2450.0,0.0112954285
4310,L09,DR_20221209_143805,2451.0,0.9989781
4311,L09,DR_20221209_143805,2452.0,0.92538667
4312,L09,DR_20221209_143805,2453.0,0.27020308
4313,L09,DR_20221209_143805,2454.0,0.01301196
4314,L09,DR_20221209_143805,2455.0,0.27051517
4315,L09,DR_20221209_143805,2456.0,0.9833351
4316,L10,DR_20221209_143805,2457.0,0.9424045
4317,L10,DR_20221209_143805,2458.0,0.006787573
4318,L10,DR_20221209_143805,2459.0,0.0067654033
4319,L10,DR_20221209_143805,2460.0,0.048959497
4320,L10,DR_20221209_143805,2461.0,0.013738892
4321,L10,DR_20221209_143805,2462.0,0.008942314
4322,L10,DR_20221209_143805,2463.0,0.0099188695
4323,L10,DR_20221209_143805,2464.0,0.010368923
4324,L10,DR_20221209_143805,2465.0,0.00655202
4325,L11,DR_20221209_143805,2466.0,0.9960485
4326,L11,DR_20221209_143805,2467.0,0.97615266
4327,L11,DR_20221209_143805,2468.0,0.97957665
4328,L11,DR_20221209_143805,2469.0,1.0002968
4329,L11,DR_20221209_143805,2470.0,0.99922204
4330,L11,DR_20221209_143805,2471.0,0.044688366
4331,L11,DR_20221209_143805,2472.0,0.0072796186
4332,L11,DR_20221209_143805,2473.0,0.020230278
4333,L11,DR_20221209_143805,2474.0,0.99945647
4334,L12,DR_20221209_143805,2475.0,1.0027213
4335,L12,DR_20221209_143805,2476.0,0.0056503033
4336,L12,DR_20221209_143805,2477.0,0.007137618
4337,L12,DR_20221209_143805,2478.0,0.0074135447
4338,L12,DR_20221209_143805,2479.0,0.9406025
4339,L12,DR_20221209_143805,2480.0,0.011127061
4340,L12,DR_20221209_143805,2481.0,0.012205126
4341,L12,DR_20221209_143805,2482.0,0.008694268
4342,L12,DR_20221209_143805,2483.0,0.07944963
4343,L13,DR_20221209_143805,2484.0,0.99867094
4344,L13,DR_20221209_143805,2485.0,0.99670106
4345,L13,DR_20221209_143805,2486.0,0.99998003
4346,L13,DR_20221209_143805,2487.0,1.0009273
4347,L13,DR_20221209_143805,2488.0,0.9979779
4348,L13,DR_20221209_143805,2489.0,1.0002209
4349,L13,DR_20221209_143805,2490.0,1.0002285
4350,L13,DR_20221209_143805,2491.0,0.9999176
4351,L13,DR_20221209_143805,2492.0,1.0000411
4352,L18,DR_20221209_143805,2529.0,0.9820409
4353,L18,DR_20221209_143805,2530.0,0.9951169
4354,L18,DR_20221209_143805,2531.0,0.09205851
4355,L18,DR_20221209_143805,2532.0,0.09774156
4356,L18,DR_20221209_143805,2533.0,0.9982708
4357,L18,DR_20221209_143805,2534.0,1.000535
4358,L18,DR_20221209_143805,2535.0,0.9281572
4359,L18,DR_20221209_143805,2536.0,1.0020008
4360,L18,DR_20221209_143805,2537.0,1.0035634
4361,L19,DR_20221209_143805,2538.0,0.08004068
4362,L19,DR_20221209_143805,2539.0,0.99613434
4363,L19,DR_20221209_143805,2540.0,0.07910318
4364,L19,DR_20221209_143805,2541.0,0.99600804
4365,L19,DR_20221209_143805,2542.0,0.99877506
4366,L19,DR_20221209_143805,2543.0,1.0027828
4367,L19,DR_20221209_143805,2544.0,0.9227096
4368,L19,DR_20221209_143805,2545.0,0.92286235
4369,L19,DR_20221209_143805,2546.0,1.0003239
4370,L22,DR_20221209_143805,2565.0,1.0028245
4371,L22,DR_20221209_143805,2566.0,0.9993289
4372,L22,DR_20221209_143805,2567.0,0.12608376
4373,L22,DR_20221209_143805,2568.0,0.99966943
4374,L22,DR_20221209_143805,2569.0,0.99977446
4375,L22,DR_20221209_143805,2570.0,0.99906063
4376,L22,DR_20221209_143805,2571.0,0.00792901
4377,L22,DR_20221209_143805,2572.0,0.92511076
4378,L22,DR_20221209_143805,2573.0,1.0015941
4415,M03,DR_20221209_143805,2610.0,3.5470195e-05
4416,M03,DR_20221209_143805,2611.0,2.0390446e-05
4417,M03,DR_20221209_143805,2612.0,0.00013221166
4418,M03,DR_20221209_143805,2613.0,0.0014662953
4419,M03,DR_20221209_143805,2614.0,-0.00013240059
4420,M03,DR_20221209_143805,2615.0,0.06531763
4421,M03,DR_20221209_143805,2616.0,-0.009952998
4422,M03,DR_20221209_143805,2617.0,-6.486661e-05
4423,M03,DR_20221209_143805,2618.0,0.0038188987
4424,M04,DR_20221209_143805,2619.0,-0.0022531778
4425,M04,DR_20221209_143805,2620.0,2.0390446e-05
4426,M04,DR_20221209_143805,2621.0,0.0014806656
4427,M04,DR_20221209_143805,2622.0,0.0015533014
4428,M04,DR_20221209_143805,2623.0,0.00067131745
4429,M04,DR_20221209_143805,2624.0,-0.00014748036
4430,M04,DR_20221209_143805,2625.0,0.00027578458
4431,M04,DR_20221209_143805,2626.0,1.7037682e-05
4432,M04,DR_20221209_143805,2627.0,0.0025474974
4433,M05,DR_20221209_143805,2628.0,-4.0388745e-06
4434,M05,DR_20221209_143805,2629.0,-5.8065172e-05
4435,M05,DR_20221209_143805,2630.0,0.003314581
4436,M05,DR_20221209_143805,2631.0,0.003079322
4437,M05,DR_20221209_143805,2632.0,0.0016497844
4438,M05,DR_20221209_143805,2633.0,-0.0002118524
4439,M05,DR_20221209_143805,2634.0,0.002598613
4440,M05,DR_20221209_143805,2635.0,0.0012551177
4441,M05,DR_20221209_143805,2636.0,0.0099172685
4442,M06,DR_20221209_143805,2637.0,0.051868927
4443,M06,DR_20221209_143805,2638.0,0.00028287442
4444,M06,DR_20221209_143805,2639.0,-7.89203e-05
4445,M06,DR_20221209_143805,2640.0,-8.3181e-05
4446,M06,DR_20221209_143805,2641.0,-0.00050230656
4447,M06,DR_20221209_143805,2642.0,0.00015569867
4448,M06,DR_20221209_143805,2643.0,0.22393714
4449,M06,DR_20221209_143805,2644.0,0.0024686782
4450,M06,DR_20221209_143805,2645.0,-0.0023779825
4451,M07,DR_20221209_143805,2646.0,-0.0018641097
4452,M07,DR_20221209_143805,2647.0,-0.00448285
4453,M07,DR_20221209_143805,2648.0,0.16922337
4454,M07,DR_20221209_143805,2649.0,-0.002548672
4455,M07,DR_20221209_143805,2650.0,0.0025556835
4456,M07,DR_20221209_143805,2651.0,0.0011095895
4457,M07,DR_20221209_143805,2652.0,0.002561256
4458,M07,DR_20221209_143805,2653.0,0.00024339123
4459,M07,DR_20221209_143805,2654.0,-0.0013606198
4460,M08,DR_20221209_143805,2655.0,0.00579995
4461,M08,DR_20221209_143805,2656.0,0.0077599897
4462,M08,DR_20221209_143805,2657.0,0.2674523
4463,M08,DR_20221209_143805,2658.0,0.99916506
4464,M08,DR_20221209_143805,2659.0,0.9999282
4465,M08,DR_20221209_143805,2660.0,0.9252624
4466,M08,DR_20221209_143805,2661.0,0.028654581
4467,M08,DR_20221209_143805,2662.0,0.2307052
4468,M08,DR_20221209_143805,2663.0,0.9994069
4469,M09,DR_20221209_143805,2664.0,0.009205073
4470,M09,DR_20221209_143805,2665.0,0.01209907
4471,M09,DR_20221209_143805,2666.0,0.0065911724
4472,M09,DR_20221209_143805,2667.0,1.0001843
4473,M09,DR_20221209_143805,2668.0,0.92294925
4474,M09,DR_20221209_143805,2669.0,0.0057699257
4475,M09,DR_20221209_143805,2670.0,0.9796035
4476,M09,DR_20221209_143805,2671.0,0.9878229
4477,M09,DR_20221209_143805,2672.0,1.000123
4478,M10,DR_20221209_143805,2673.0,0.9999681
4479,M10,DR_20221209_143805,2674.0,0.99878335
4480,M10,DR_20221209_143805,2675.0,1.0002098
4481,M10,DR_20221209_143805,2676.0,0.9995932
4482,M10,DR_20221209_143805,2677.0,0.9982708
4483,M10,DR_20221209_143805,2678.0,0.92680913
4484,M10,DR_20221209_143805,2679.0,0.012137066
4485,M10,DR_20221209_143805,2680.0,0.9413637
4486,M10,DR_20221209_143805,2681.0,0.11718906
4487,M11,DR_20221209_143805,2682.0,0.013590269
4488,M11,DR_20221209_143805,2683.0,0.0047112587
4489,M11,DR_20221209_143805,2684.0,0.9816499
4490,M11,DR_20221209_143805,2685.0,0.9830148
4491,M11,DR_20221209_143805,2686.0,0.9959651
4492,M11,DR_20221209_143805,2687.0,0.98145044
4493,M11,DR_20221209_143805,2688.0,0.9995606
4494,M11,DR_20221209_143805,2689.0,1.0044376
4495,M11,DR_20221209_143805,2690.0,0.98004484
4496,M12,DR_20221209_143805,2691.0,0.011742847
4497,M12,DR_20221209_143805,2692.0,0.009399141
4498,M12,DR_20221209_143805,2693.0,0.0074060126
4499,M12,DR_20221209_143805,2694.0,0.011246563
4500,M12,DR_20221209_143805,2695.0,0.9965645
4501,M12,DR_20221209_143805,2696.0,0.0066991476
4502,M12,DR_20221209_143805,2697.0,0.9424082
4503,M12,DR_20221209_143805,2698.0,1.0003239
4504,M12,DR_20221209_143805,2699.0,1.0001843
4514,N03,DR_20221209_143805,2718.0,-3.8975737e-05
4515,N03,DR_20221209_143805,2719.0,-0.000111640424
4516,N03,DR_20221209_143805,2720.0,-0.002352499
4517,N03,DR_20221209_143805,2721.0,0.01476041
4518,N03,DR_20221209_143805,2722.0,-0.00012672026
4519,N03,DR_20221209_143805,2723.0,5.706373e-05
4520,N03,DR_20221209_143805,2724.0,-0.002161337
4521,N03,DR_20221209_143805,2725.0,-0.005024535
4522,N03,DR_20221209_143805,2726.0,0.0024022874
4523,N04,DR_20221209_143805,2727.0,-0.00046851943
4524,N04,DR_20221209_143805,2728.0,0.0005833308
4525,N04,DR_20221209_143805,2729.0,-0.00022507498
4526,N04,DR_20221209_143805,2730.0,-0.008811368
4527,N04,DR_20221209_143805,2731.0,-5.995376e-05
4528,N04,DR_20221209_143805,2732.0,2.0390446e-05
4529,N04,DR_20221209_143805,2733.0,-0.008529569
4530,N04,DR_20221209_143805,2734.0,0.01199312
4531,N04,DR_20221209_143805,2735.0,-0.009266464
4532,N05,DR_20221209_143805,2736.0,-0.013391
4533,N05,DR_20221209_143805,2737.0,8.937477e-05
4534,N05,DR_20221209_143805,2738.0,-0.014229006
4535,N05,DR_20221209_143805,2739.0,0.0038387645
4536,N05,DR_20221209_143805,2740.0,4.644506e-05
4537,N05,DR_20221209_143805,2741.0,-0.000111640424
4538,N05,DR_20221209_143805,2742.0,-0.009297746
4539,N05,DR_20221209_143805,2743.0,0.0001151004
4540,N05,DR_20221209_143805,2744.0,-0.0018276774
4541,N06,DR_20221209_143805,2745.0,-0.00026966937
4542,N06,DR_20221209_143805,2746.0,0.0015677008
4543,N06,DR_20221209_143805,2747.0,-0.0026589187
4544,N06,DR_20221209_143805,2748.0,0.016001713
4545,N06,DR_20221209_143805,2749.0,0.0011251831
4546,N06,DR_20221209_143805,2750.0,0.00292111
4547,N06,DR_20221209_143805,2751.0,-0.008776985
4548,N06,DR_20221209_143805,2752.0,-0.0035497753
4549,N06,DR_20221209_143805,2753.0,0.008425181
4550,N07,DR_20221209_143805,2754.0,0.0039097755
4551,N07,DR_20221209_143805,2755.0,0.006925396
4552,N07,DR_20221209_143805,2756.0,0.008242542
4553,N07,DR_20221209_143805,2757.0,0.8114607
4554,N07,DR_20221209_143805,2758.0,0.0012329482
4555,N07,DR_20221209_143805,2759.0,0.0025597499
4556,N07,DR_20221209_143805,2760.0,0.016572287
4557,N07,DR_20221209_143805,2761.0,-0.00097284844
4558,N07,DR_20221209_143805,2762.0,0.008202697
4559,N08,DR_20221209_143805,2763.0,0.008032879
4560,N08,DR_20221209_143805,2764.0,0.007841752
4561,N08,DR_20221209_143805,2765.0,0.022861851
4562,N08,DR_20221209_143805,2766.0,1.0026436
4563,N08,DR_20221209_143805,2767.0,1.0000199
4564,N08,DR_20221209_143805,2768.0,0.005829557
4565,N08,DR_20221209_143805,2769.0,1.0009153
4566,N08,DR_20221209_143805,2770.0,0.29144242
4567,N08,DR_20221209_143805,2771.0,1.0001004
4568,N09,DR_20221209_143805,2772.0,1.002724
4569,N09,DR_20221209_143805,2773.0,1.0023116
4570,N09,DR_20221209_143805,2774.0,0.09053545
4571,N09,DR_20221209_143805,2775.0,0.029568573
4572,N09,DR_20221209_143805,2776.0,1.0041457
4573,N09,DR_20221209_143805,2777.0,1.0029837
4574,N09,DR_20221209_143805,2778.0,1.000603
4575,N09,DR_20221209_143805,2779.0,1.0038841
4576,N09,DR_20221209_143805,2780.0,0.9998378
4577,N10,DR_20221209_143805,2781.0,0.0067373286
4578,N10,DR_20221209_143805,2782.0,0.010189522
4579,N10,DR_20221209_143805,2783.0,1.0010402
4580,N10,DR_20221209_143805,2784.0,0.99737245
4581,N10,DR_20221209_143805,2785.0,0.99941486
4582,N10,DR_20221209_143805,2786.0,0.99689215
4583,N10,DR_20221209_143805,2787.0,0.007025975
4584,N10,DR_20221209_143805,2788.0,1.0009305
4585,N10,DR_20221209_143805,2789.0,0.9999032
4586,N11,DR_20221209_143805,2790.0,0.009470641
4587,N11,DR_20221209_143805,2791.0,0.012303604
4588,N11,DR_20221209_143805,2792.0,0.022258807
4589,N11,DR_20221209_143805,2793.0,0.09351627
4590,N11,DR_20221209_143805,2794.0,0.9987511
4591,N11,DR_20221209_143805,2795.0,0.22852834
4592,N11,DR_20221209_143805,2796.0,0.9997387
4593,N11,DR_20221209_143805,2797.0,1.0014755
4594,N11,DR_20221209_143805,2798.0,0.9999681
4595,N12,DR_20221209_143805,2799.0,1.0001316
4596,N12,DR_20221209_143805,2800.0,0.019412186
4597,N12,DR_20221209_143805,2801.0,1.0004907
4598,N12,DR_20221209_143805,2802.0,0.9992825
4599,N12,DR_20221209_143805,2803.0,1.0001204
4600,N12,DR_20221209_143805,2804.0,0.94364816
4601,N12,DR_20221209_143805,2805.0,0.999829
4602,N12,DR_20221209_143805,2806.0,0.99945647
4603,N12,DR_20221209_143805,2807.0,1.0006881
4622,O04,DR_20221209_143805,2835.0,-0.011816694
4623,O04,DR_20221209_143805,2836.0,0.014837748
4624,O04,DR_20221209_143805,2837.0,-0.002257081
4625,O04,DR_20221209_143805,2838.0,0.016907394
4626,O04,DR_20221209_143805,2839.0,0.0026414632
4627,O04,DR_20221209_143805,2840.0,-0.0016157016
4628,O04,DR_20221209_143805,2841.0,-0.0055773035
4629,O04,DR_20221209_143805,2842.0,0.018716464
4630,O04,DR_20221209_143805,2843.0,-0.011731375
4631,O05,DR_20221209_143805,2844.0,-0.0068901805
4632,O05,DR_20221209_143805,2845.0,0.0016499835
4633,O05,DR_20221209_143805,2846.0,-0.0002848618
4634,O05,DR_20221209_143805,2847.0,0.0041797752
4635,O05,DR_20221209_143805,2848.0,0.0021204245
4636,O05,DR_20221209_143805,2849.0,-0.0024984642
4637,O05,DR_20221209_143805,2850.0,-0.002126518
4638,O05,DR_20221209_143805,2851.0,-0.012671236
4639,O05,DR_20221209_143805,2852.0,-0.0014466797
4640,O06,DR_20221209_143805,2853.0,0.0011323411
4641,O06,DR_20221209_143805,2854.0,-0.0001045506
4642,O06,DR_20221209_143805,2855.0,0.0017993381
4643,O06,DR_20221209_143805,2856.0,0.002999547
4644,O06,DR_20221209_143805,2857.0,0.00010280435
4645,O06,DR_20221209_143805,2858.0,0.00019214617
4646,O06,DR_20221209_143805,2859.0,0.0013839856
4647,O06,DR_20221209_143805,2860.0,-0.004136652
4648,O06,DR_20221209_143805,2861.0,0.0030060476
4649,O07,DR_20221209_143805,2862.0,-0.0018891118
4650,O07,DR_20221209_143805,2863.0,-0.00304014
4651,O07,DR_20221209_143805,2864.0,-0.003440718
4652,O07,DR_20221209_143805,2865.0,0.0065794177
4653,O07,DR_20221209_143805,2866.0,1.7037682e-05
4654,O07,DR_20221209_143805,2867.0,0.0016097615
4655,O07,DR_20221209_143805,2868.0,0.00095109886
4656,O07,DR_20221209_143805,2869.0,0.011263875
4657,O07,DR_20221209_143805,2870.0,0.008722671
4658,O08,DR_20221209_143805,2871.0,0.006757684
4659,O08,DR_20221209_143805,2872.0,1.0009153
4660,O08,DR_20221209_143805,2873.0,0.07612376
4661,O08,DR_20221209_143805,2874.0,0.9838337
4662,O08,DR_20221209_143805,2875.0,0.9251986
4663,O08,DR_20221209_143805,2876.0,0.0076943967
4664,O08,DR_20221209_143805,2877.0,0.007903738
4665,O08,DR_20221209_143805,2878.0,0.25927976
4666,O08,DR_20221209_143805,2879.0,0.22821285
4667,O09,DR_20221209_143805,2880.0,0.005986035
4668,O09,DR_20221209_143805,2881.0,0.9962515
4669,O09,DR_20221209_143805,2882.0,0.020512775
4670,O09,DR_20221209_143805,2883.0,0.9826943
4671,O09,DR_20221209_143805,2884.0,0.9991243
4672,O09,DR_20221209_143805,2885.0,0.22858173
4673,O09,DR_20221209_143805,2886.0,0.92956626
4674,O09,DR_20221209_143805,2887.0,1.0042397
4675,O09,DR_20221209_143805,2888.0,0.99968976
4676,O12,DR_20221209_143805,2907.0,1.0000132
4677,O12,DR_20221209_143805,2908.0,0.008506145
4678,O12,DR_20221209_143805,2909.0,0.98122925
4679,O12,DR_20221209_143805,2910.0,1.0004663
4680,O12,DR_20221209_143805,2911.0,1.0002353
4681,O12,DR_20221209_143805,2912.0,0.9996312
4682,O12,DR_20221209_143805,2913.0,0.079888225
4683,O12,DR_20221209_143805,2914.0,0.9856844
4684,O12,DR_20221209_143805,2915.0,1.0000066
