,Image_Metadata_WellID,Image_Metadata_PlateID,ImageNumber,score
1941,A03,DR_20221209_143805,19.0,-0.024302639
1942,A03,DR_20221209_143805,20.0,0.009254365
1943,A03,DR_20221209_143805,21.0,0.056637947
1944,A03,DR_20221209_143805,22.0,0.0012950589
1945,A03,DR_20221209_143805,23.0,0.05445243
1946,A03,DR_20221209_143805,24.0,0.021850552
1947,A03,DR_20221209_143805,25.0,0.0015582412
1948,A03,DR_20221209_143805,26.0,0.00018943369
1949,A03,DR_20221209_143805,27.0,0.00021578485
1950,A04,DR_20221209_143805,28.0,-0.002316412
1951,A04,DR_20221209_143805,29.0,-0.0014560936
1952,A04,DR_20221209_143805,30.0,-0.008875735
1953,A04,DR_20221209_143805,31.0,2.848584e-05
1954,A04,DR_20221209_143805,32.0,0.005276632
1955,A04,DR_20221209_143805,33.0,0.00095799257
1956,A04,DR_20221209_143805,34.0,-0.0027912296
1957,A04,DR_20221209_143805,35.0,-0.009913619
1958,A04,DR_20221209_143805,36.0,-0.012142578
1959,A05,DR_20221209_143805,37.0,4.7631853e-05
1960,A05,DR_20221209_143805,38.0,0.14425783
1961,A05,DR_20221209_143805,39.0,0.0022031635
1962,A05,DR_20221209_143805,40.0,0.0053524026
1963,A05,DR_20221209_143805,41.0,-0.012360823
1964,A05,DR_20221209_143805,42.0,-0.014474121
1965,A05,DR_20221209_143805,43.0,0.0032414938
1966,A05,DR_20221209_143805,44.0,-0.0041967784
1967,A05,DR_20221209_143805,45.0,0.12925111
1968,A06,DR_20221209_143805,46.0,0.020149829
1969,A06,DR_20221209_143805,47.0,0.008897235
1970,A06,DR_20221209_143805,48.0,-0.0051102005
1971,A06,DR_20221209_143805,49.0,-0.015001622
1972,A06,DR_20221209_143805,50.0,-0.0009237645
1973,A06,DR_20221209_143805,51.0,0.13263291
1974,A06,DR_20221209_143805,52.0,-0.0063916
1975,A06,DR_20221209_143805,53.0,-0.011594595
1976,A06,DR_20221209_143805,54.0,-0.017024217
1977,A07,DR_20221209_143805,55.0,0.015261896
1978,A07,DR_20221209_143805,56.0,-0.008242543
1979,A07,DR_20221209_143805,57.0,0.0028714028
1980,A07,DR_20221209_143805,58.0,0.02669484
1981,A07,DR_20221209_143805,59.0,-0.014804791
1982,A07,DR_20221209_143805,60.0,-0.000181269
1983,A07,DR_20221209_143805,61.0,0.008400074
1984,A07,DR_20221209_143805,62.0,-0.0013174834
1985,A07,DR_20221209_143805,63.0,-0.00824801
1986,A08,DR_20221209_143805,64.0,-0.0027279363
1987,A08,DR_20221209_143805,65.0,0.0014278708
1988,A08,DR_20221209_143805,66.0,0.002632443
1989,A08,DR_20221209_143805,67.0,0.0042850985
1990,A08,DR_20221209_143805,68.0,0.010258392
1991,A08,DR_20221209_143805,69.0,0.009969274
1992,A08,DR_20221209_143805,70.0,0.034380063
1993,A08,DR_20221209_143805,71.0,-0.016865548
1994,A08,DR_20221209_143805,72.0,0.00090198364
1995,A09,DR_20221209_143805,73.0,0.023572236
1996,A09,DR_20221209_143805,74.0,0.0033198576
1997,A09,DR_20221209_143805,75.0,0.013688406
1998,A09,DR_20221209_143805,76.0,0.13259397
1999,A09,DR_20221209_143805,77.0,-0.0109465225
2000,A09,DR_20221209_143805,78.0,0.019176733
2001,A09,DR_20221209_143805,79.0,0.08149374
2002,A09,DR_20221209_143805,80.0,0.032646954
2003,A09,DR_20221209_143805,81.0,0.024942737
2004,A10,DR_20221209_143805,82.0,0.0795554
2005,A10,DR_20221209_143805,83.0,-0.0077437283
2006,A10,DR_20221209_143805,84.0,0.0041592233
2007,A10,DR_20221209_143805,85.0,-0.008988643
2008,A10,DR_20221209_143805,86.0,0.12205301
2009,A10,DR_20221209_143805,87.0,0.007292019
2010,A10,DR_20221209_143805,88.0,-0.0002847758
2011,A10,DR_20221209_143805,89.0,-0.009376493
2012,A10,DR_20221209_143805,90.0,0.0006823428
2013,A11,DR_20221209_143805,91.0,0.012969534
2014,A11,DR_20221209_143805,92.0,0.09492873
2015,A11,DR_20221209_143805,93.0,-0.013130907
2016,A11,DR_20221209_143805,94.0,-0.006891419
2017,A11,DR_20221209_143805,95.0,0.0067191855
2018,A11,DR_20221209_143805,96.0,0.036101222
2019,A11,DR_20221209_143805,97.0,-0.023041012
2020,A11,DR_20221209_143805,98.0,0.059851028
2021,A11,DR_20221209_143805,99.0,-0.012781674
2022,A12,DR_20221209_143805,100.0,0.044233307
2023,A12,DR_20221209_143805,101.0,0.0013194225
2024,A12,DR_20221209_143805,102.0,0.002932639
2025,A12,DR_20221209_143805,103.0,-0.005217089
2026,A12,DR_20221209_143805,104.0,-0.0009946297
2027,A12,DR_20221209_143805,105.0,0.00070090266
2028,A12,DR_20221209_143805,106.0,-0.009900483
2029,A12,DR_20221209_143805,107.0,-0.044419225
2030,A12,DR_20221209_143805,108.0,-0.007273653
2031,A13,DR_20221209_143805,109.0,-0.009705113
2032,A13,DR_20221209_143805,110.0,-0.00045507407
2033,A13,DR_20221209_143805,111.0,-0.0008438724
2034,A13,DR_20221209_143805,112.0,-0.025930887
2035,A13,DR_20221209_143805,113.0,0.005039411
2036,A13,DR_20221209_143805,114.0,0.00057399366
2037,A13,DR_20221209_143805,115.0,0.020291975
2038,A13,DR_20221209_143805,116.0,0.036936697
2039,A13,DR_20221209_143805,117.0,-0.018470967
2040,A14,DR_20221209_143805,118.0,-0.009055462
2041,A14,DR_20221209_143805,119.0,-0.0043367944
2042,A14,DR_20221209_143805,120.0,0.0008917479
2043,A14,DR_20221209_143805,121.0,-0.0019680357
2044,A14,DR_20221209_143805,122.0,0.019772096
2045,A14,DR_20221209_143805,123.0,0.012189069
2046,A14,DR_20221209_143805,124.0,0.17092288
2047,A14,DR_20221209_143805,125.0,0.038278066
2048,A14,DR_20221209_143805,126.0,-0.0007156344
2049,A15,DR_20221209_143805,127.0,-0.0025937718
2050,A15,DR_20221209_143805,128.0,0.018314933
2051,A15,DR_20221209_143805,129.0,0.011299534
2052,A15,DR_20221209_143805,130.0,-0.016810013
2053,A15,DR_20221209_143805,131.0,0.0025653674
2054,A15,DR_20221209_143805,132.0,-0.012819458
2055,A15,DR_20221209_143805,133.0,0.1360625
2056,A15,DR_20221209_143805,134.0,-0.024761558
2057,A15,DR_20221209_143805,135.0,0.01697997
2058,A16,DR_20221209_143805,136.0,0.009765666
2059,A16,DR_20221209_143805,137.0,0.005837863
2060,A16,DR_20221209_143805,138.0,-0.015435885
2061,A16,DR_20221209_143805,139.0,-0.013193282
2062,A16,DR_20221209_143805,140.0,0.0044377903
2063,A16,DR_20221209_143805,141.0,-0.0040466306
2064,A16,DR_20221209_143805,142.0,0.040409714
2065,A16,DR_20221209_143805,143.0,-0.016692206
2066,A16,DR_20221209_143805,144.0,0.0026290726
2067,A17,DR_20221209_143805,145.0,0.06892806
2068,A17,DR_20221209_143805,146.0,-0.00086216285
2069,A17,DR_20221209_143805,147.0,-0.004674772
2070,A17,DR_20221209_143805,148.0,-0.011230206
2071,A17,DR_20221209_143805,149.0,-0.0036814427
2072,A17,DR_20221209_143805,150.0,0.0017477
2073,A17,DR_20221209_143805,151.0,-0.00555962
2074,A17,DR_20221209_143805,152.0,-0.001755552
2075,A17,DR_20221209_143805,153.0,-0.00368957
2076,A18,DR_20221209_143805,154.0,-0.00709502
2077,A18,DR_20221209_143805,155.0,-0.009937689
2078,A18,DR_20221209_143805,156.0,0.0015036392
2079,A18,DR_20221209_143805,157.0,-0.013218898
2080,A18,DR_20221209_143805,158.0,-0.0060144234
2081,A18,DR_20221209_143805,159.0,0.08527101
2082,A18,DR_20221209_143805,160.0,0.003212655
2083,A18,DR_20221209_143805,161.0,-0.0035142405
2084,A18,DR_20221209_143805,162.0,0.0034924885
2085,A19,DR_20221209_143805,163.0,0.0013080647
2086,A19,DR_20221209_143805,164.0,0.00030314887
2087,A19,DR_20221209_143805,165.0,0.36572033
2088,A19,DR_20221209_143805,166.0,0.002170383
2089,A19,DR_20221209_143805,167.0,0.03024219
2090,A19,DR_20221209_143805,168.0,0.004476073
2091,A19,DR_20221209_143805,169.0,-0.0024657447
2092,A19,DR_20221209_143805,170.0,0.012807476
2093,A19,DR_20221209_143805,171.0,-0.009304519
2094,A20,DR_20221209_143805,172.0,-0.009860346
2095,A20,DR_20221209_143805,173.0,0.012340488
2096,A20,DR_20221209_143805,174.0,-0.0032311305
2097,A20,DR_20221209_143805,175.0,-0.0032089842
2098,A20,DR_20221209_143805,176.0,-0.0086716525
2099,A20,DR_20221209_143805,177.0,0.0021917438
2100,A20,DR_20221209_143805,178.0,-0.040332355
2101,A20,DR_20221209_143805,179.0,0.005344408
2102,A20,DR_20221209_143805,180.0,-0.0024784536
2103,A21,DR_20221209_143805,181.0,-0.0065778983
2104,A21,DR_20221209_143805,182.0,-0.03352276
2105,A21,DR_20221209_143805,183.0,-0.0013127074
2106,A21,DR_20221209_143805,184.0,-0.008681938
2107,A21,DR_20221209_143805,185.0,-0.008534598
2108,A21,DR_20221209_143805,186.0,0.07823215
2109,A21,DR_20221209_143805,187.0,0.021492189
2110,A21,DR_20221209_143805,188.0,-0.0033574223
2111,A21,DR_20221209_143805,189.0,-0.009454047
2112,A22,DR_20221209_143805,190.0,-8.102553e-05
2113,A22,DR_20221209_143805,191.0,0.015211048
2114,A22,DR_20221209_143805,192.0,0.017694049
2115,A22,DR_20221209_143805,193.0,-0.07633162
2116,A22,DR_20221209_143805,194.0,0.005894705
2117,A22,DR_20221209_143805,195.0,-0.0015767323
2118,A22,DR_20221209_143805,196.0,-0.07438357
2119,A22,DR_20221209_143805,197.0,0.0012892197
2120,A22,DR_20221209_143805,198.0,-0.0078114406
2157,B03,DR_20221209_143805,235.0,0.027860144
2158,B03,DR_20221209_143805,236.0,0.010899778
2159,B03,DR_20221209_143805,237.0,0.0035153779
2160,B03,DR_20221209_143805,238.0,0.035336938
2161,B03,DR_20221209_143805,239.0,0.0047455467
2162,B03,DR_20221209_143805,240.0,0.0040013622
2163,B03,DR_20221209_143805,241.0,0.015762119
2164,B03,DR_20221209_143805,242.0,2.9934163e-05
2165,B03,DR_20221209_143805,243.0,0.016538227
2166,B04,DR_20221209_143805,244.0,0.01817813
2167,B04,DR_20221209_143805,245.0,0.0040374435
2168,B04,DR_20221209_143805,246.0,-0.0051081115
2169,B04,DR_20221209_143805,247.0,0.023643028
2170,B04,DR_20221209_143805,248.0,0.0087029375
2171,B04,DR_20221209_143805,249.0,0.07571561
2172,B04,DR_20221209_143805,250.0,-0.009218944
2173,B04,DR_20221209_143805,251.0,-0.007443187
2174,B04,DR_20221209_143805,252.0,0.0013446161
2175,B05,DR_20221209_143805,253.0,-0.0028018428
2176,B05,DR_20221209_143805,254.0,0.0040066014
2177,B05,DR_20221209_143805,255.0,-0.0050829346
2178,B05,DR_20221209_143805,256.0,-0.0023015372
2179,B05,DR_20221209_143805,257.0,-0.0008968079
2180,B05,DR_20221209_143805,258.0,-0.01415034
2181,B05,DR_20221209_143805,259.0,0.15156198
2182,B05,DR_20221209_143805,260.0,0.16419396
2183,B05,DR_20221209_143805,261.0,-0.028644593
2184,B06,DR_20221209_143805,262.0,0.006415069
2185,B06,DR_20221209_143805,263.0,-0.007003453
2186,B06,DR_20221209_143805,264.0,-0.013069402
2187,B06,DR_20221209_143805,265.0,0.016350903
2188,B06,DR_20221209_143805,266.0,-0.0073838625
2189,B06,DR_20221209_143805,267.0,0.0021802278
2190,B06,DR_20221209_143805,268.0,0.002905018
2191,B06,DR_20221209_143805,269.0,-0.0013354324
2192,B06,DR_20221209_143805,270.0,-0.0041708183
2193,B07,DR_20221209_143805,271.0,-0.0055670207
2194,B07,DR_20221209_143805,272.0,-0.002563902
2195,B07,DR_20221209_143805,273.0,-0.0008889767
2196,B07,DR_20221209_143805,274.0,0.011776593
2197,B07,DR_20221209_143805,275.0,-0.009245556
2198,B07,DR_20221209_143805,276.0,-0.005511518
2199,B07,DR_20221209_143805,277.0,-0.004822755
2200,B07,DR_20221209_143805,278.0,-0.0028406226
2201,B07,DR_20221209_143805,279.0,-0.0053861174
2202,B08,DR_20221209_143805,280.0,-0.0029158373
2203,B08,DR_20221209_143805,281.0,-0.003915058
2204,B08,DR_20221209_143805,282.0,-0.060814623
2205,B08,DR_20221209_143805,283.0,-0.0036333876
2206,B08,DR_20221209_143805,284.0,-0.0074264957
2207,B08,DR_20221209_143805,285.0,0.009818379
2208,B08,DR_20221209_143805,286.0,-0.01510774
2209,B08,DR_20221209_143805,287.0,-0.016651206
2210,B08,DR_20221209_143805,288.0,-0.012440155
2211,B09,DR_20221209_143805,289.0,-0.003995425
2212,B09,DR_20221209_143805,290.0,-0.0033187221
2213,B09,DR_20221209_143805,291.0,0.0036351553
2214,B09,DR_20221209_143805,292.0,0.048212614
2215,B09,DR_20221209_143805,293.0,0.01587061
2216,B09,DR_20221209_143805,294.0,-0.006554729
2217,B09,DR_20221209_143805,295.0,-0.0037820742
2218,B09,DR_20221209_143805,296.0,0.013788687
2219,B09,DR_20221209_143805,297.0,0.01404751
2220,B10,DR_20221209_143805,298.0,-0.0025964768
2221,B10,DR_20221209_143805,299.0,-0.012572447
2222,B10,DR_20221209_143805,300.0,-0.010799405
2223,B10,DR_20221209_143805,301.0,0.18263647
2224,B10,DR_20221209_143805,302.0,0.24161229
2225,B10,DR_20221209_143805,303.0,0.07419232
2226,B10,DR_20221209_143805,304.0,0.0018450122
2227,B10,DR_20221209_143805,305.0,-0.0009622214
2228,B10,DR_20221209_143805,306.0,-0.0025916502
2229,B11,DR_20221209_143805,307.0,-0.0016638356
2230,B11,DR_20221209_143805,308.0,0.020769581
2231,B11,DR_20221209_143805,309.0,-0.031498127
2232,B11,DR_20221209_143805,310.0,-0.0050416454
2233,B11,DR_20221209_143805,311.0,0.06315461
2234,B11,DR_20221209_143805,312.0,0.008903068
2235,B11,DR_20221209_143805,313.0,-0.04307186
2236,B11,DR_20221209_143805,314.0,-0.008367401
2237,B11,DR_20221209_143805,315.0,0.00019277912
2238,B12,DR_20221209_143805,316.0,0.039063588
2239,B12,DR_20221209_143805,317.0,0.08885391
2240,B12,DR_20221209_143805,318.0,0.08974226
2241,B12,DR_20221209_143805,319.0,0.008317854
2242,B12,DR_20221209_143805,320.0,0.0071521928
2243,B12,DR_20221209_143805,321.0,0.03617843
2244,B12,DR_20221209_143805,322.0,-0.013948595
2245,B12,DR_20221209_143805,323.0,0.010088427
2246,B12,DR_20221209_143805,324.0,-0.018208351
2247,B13,DR_20221209_143805,325.0,-0.00207231
2248,B13,DR_20221209_143805,326.0,0.002060499
2249,B13,DR_20221209_143805,327.0,-0.011977276
2250,B13,DR_20221209_143805,328.0,0.013269062
2251,B13,DR_20221209_143805,329.0,-0.0012070456
2252,B13,DR_20221209_143805,330.0,-0.00547262
2253,B13,DR_20221209_143805,331.0,-0.010024179
2254,B13,DR_20221209_143805,332.0,-0.021111943
2255,B13,DR_20221209_143805,333.0,0.022030506
2256,B14,DR_20221209_143805,334.0,0.09307657
2257,B14,DR_20221209_143805,335.0,0.0150099825
2258,B14,DR_20221209_143805,336.0,-0.055328567
2259,B14,DR_20221209_143805,337.0,0.13653535
2260,B14,DR_20221209_143805,338.0,0.21542907
2261,B14,DR_20221209_143805,339.0,0.031358536
2262,B14,DR_20221209_143805,340.0,0.017676692
2263,B14,DR_20221209_143805,341.0,0.07166572
2264,B14,DR_20221209_143805,342.0,-0.02972801
2265,B15,DR_20221209_143805,343.0,0.031805422
2266,B15,DR_20221209_143805,344.0,-0.010037498
2267,B15,DR_20221209_143805,345.0,-0.0026548859
2268,B15,DR_20221209_143805,346.0,-0.004477209
2269,B15,DR_20221209_143805,347.0,0.002213012
2270,B15,DR_20221209_143805,348.0,0.016113734
2271,B15,DR_20221209_143805,349.0,-0.008812782
2272,B15,DR_20221209_143805,350.0,-0.01676343
2273,B15,DR_20221209_143805,351.0,-0.010140403
2274,B16,DR_20221209_143805,352.0,-0.0048963195
2275,B16,DR_20221209_143805,353.0,0.089789025
2276,B16,DR_20221209_143805,354.0,0.007176793
2277,B16,DR_20221209_143805,355.0,-0.004307524
2278,B16,DR_20221209_143805,356.0,0.004703486
2279,B16,DR_20221209_143805,357.0,0.039983448
2280,B16,DR_20221209_143805,358.0,-0.039626416
2281,B16,DR_20221209_143805,359.0,-0.042200416
2282,B16,DR_20221209_143805,360.0,-0.0037388906
2283,B17,DR_20221209_143805,361.0,-0.0020811302
2284,B17,DR_20221209_143805,362.0,-0.030520039
2285,B17,DR_20221209_143805,363.0,-0.00828977
2286,B17,DR_20221209_143805,364.0,-0.03667083
2287,B17,DR_20221209_143805,365.0,-0.006154261
2288,B17,DR_20221209_143805,366.0,-0.005067228
2289,B17,DR_20221209_143805,367.0,0.03600771
2290,B17,DR_20221209_143805,368.0,0.022406286
2291,B17,DR_20221209_143805,369.0,-0.0034439962
2292,B18,DR_20221209_143805,370.0,0.009461349
2293,B18,DR_20221209_143805,371.0,-0.0038137953
2294,B18,DR_20221209_143805,372.0,-0.00050693157
2295,B18,DR_20221209_143805,373.0,0.002530271
2296,B18,DR_20221209_143805,374.0,-0.014838423
2297,B18,DR_20221209_143805,375.0,-0.01128388
2298,B18,DR_20221209_143805,376.0,0.011884322
2299,B18,DR_20221209_143805,377.0,0.011198606
2300,B18,DR_20221209_143805,378.0,-0.008737473
2301,B19,DR_20221209_143805,379.0,-0.0026656701
2302,B19,DR_20221209_143805,380.0,-0.0025524069
2303,B19,DR_20221209_143805,381.0,-0.014086095
2304,B19,DR_20221209_143805,382.0,-0.0002878476
2305,B19,DR_20221209_143805,383.0,0.13941905
2306,B19,DR_20221209_143805,384.0,0.05863942
2307,B19,DR_20221209_143805,385.0,-0.009826844
2308,B19,DR_20221209_143805,386.0,0.026388556
2309,B19,DR_20221209_143805,387.0,0.0056202784
2310,B20,DR_20221209_143805,388.0,0.0060369554
2311,B20,DR_20221209_143805,389.0,0.001860124
2312,B20,DR_20221209_143805,390.0,0.00032555585
2313,B20,DR_20221209_143805,391.0,0.003345064
2314,B20,DR_20221209_143805,392.0,-0.0076653254
2315,B20,DR_20221209_143805,393.0,-0.0018061835
2316,B20,DR_20221209_143805,394.0,0.10427117
2317,B20,DR_20221209_143805,395.0,0.02604585
2318,B20,DR_20221209_143805,396.0,-0.03463344
2319,B21,DR_20221209_143805,397.0,-0.008558347
2320,B21,DR_20221209_143805,398.0,-0.0026337374
2321,B21,DR_20221209_143805,399.0,-0.008111481
2322,B21,DR_20221209_143805,400.0,0.0021304584
2323,B21,DR_20221209_143805,401.0,0.0029038405
2324,B21,DR_20221209_143805,402.0,0.05778807
2325,B21,DR_20221209_143805,403.0,-0.026985295
2326,B21,DR_20221209_143805,404.0,-0.008418938
2327,B21,DR_20221209_143805,405.0,-0.0029512509
2328,B22,DR_20221209_143805,406.0,-0.0020713252
2329,B22,DR_20221209_143805,407.0,-0.02215007
2330,B22,DR_20221209_143805,408.0,-0.011328808
2331,B22,DR_20221209_143805,409.0,-0.0026144688
2332,B22,DR_20221209_143805,410.0,-0.008278243
2333,B22,DR_20221209_143805,411.0,0.08797896
2334,B22,DR_20221209_143805,412.0,0.19461386
2335,B22,DR_20221209_143805,413.0,-0.0011786347
2336,B22,DR_20221209_143805,414.0,-0.0057169083
2373,C03,DR_20221209_143805,451.0,0.002623084
2374,C03,DR_20221209_143805,452.0,0.0076977024
2375,C03,DR_20221209_143805,453.0,-0.0051093344
2376,C03,DR_20221209_143805,454.0,0.0143523365
2377,C03,DR_20221209_143805,455.0,0.0077033234
2378,C03,DR_20221209_143805,456.0,0.018373592
2379,C03,DR_20221209_143805,457.0,0.0066898377
2380,C03,DR_20221209_143805,458.0,0.018276352
2381,C03,DR_20221209_143805,459.0,-0.013855341
2382,C04,DR_20221209_143805,460.0,0.181605
2383,C04,DR_20221209_143805,461.0,0.0075238226
2384,C04,DR_20221209_143805,462.0,-0.009236528
2385,C04,DR_20221209_143805,463.0,0.0018265855
2386,C04,DR_20221209_143805,464.0,0.0063932147
2387,C04,DR_20221209_143805,465.0,0.014424435
2388,C04,DR_20221209_143805,466.0,0.13422996
2389,C04,DR_20221209_143805,467.0,0.005820174
2390,C04,DR_20221209_143805,468.0,0.027212042
2391,C05,DR_20221209_143805,469.0,0.0009815152
2392,C05,DR_20221209_143805,470.0,0.0021320146
2393,C05,DR_20221209_143805,471.0,-0.0068600723
2394,C05,DR_20221209_143805,472.0,-0.0034775143
2395,C05,DR_20221209_143805,473.0,-0.0014036727
2396,C05,DR_20221209_143805,474.0,5.772007e-05
2397,C05,DR_20221209_143805,475.0,0.11496374
2398,C05,DR_20221209_143805,476.0,0.0002817536
2399,C05,DR_20221209_143805,477.0,-0.004159363
2400,C06,DR_20221209_143805,478.0,-0.0056536277
2401,C06,DR_20221209_143805,479.0,0.0047776485
2402,C06,DR_20221209_143805,480.0,-0.011569554
2403,C06,DR_20221209_143805,481.0,0.01938738
2404,C06,DR_20221209_143805,482.0,-0.0021940824
2405,C06,DR_20221209_143805,483.0,8.018018e-06
2406,C06,DR_20221209_143805,484.0,0.007617155
2407,C06,DR_20221209_143805,485.0,-0.0012710523
2408,C06,DR_20221209_143805,486.0,-0.0038178212
2409,C07,DR_20221209_143805,487.0,0.005292977
2410,C07,DR_20221209_143805,488.0,0.02584166
2411,C07,DR_20221209_143805,489.0,0.008031222
2412,C07,DR_20221209_143805,490.0,0.013877158
2413,C07,DR_20221209_143805,491.0,0.002650088
2414,C07,DR_20221209_143805,492.0,-0.00016023722
2415,C07,DR_20221209_143805,493.0,0.007018365
2416,C07,DR_20221209_143805,494.0,-0.0069204527
2417,C07,DR_20221209_143805,495.0,-0.0069182497
2418,C08,DR_20221209_143805,496.0,0.03411135
2419,C08,DR_20221209_143805,497.0,0.03189307
2420,C08,DR_20221209_143805,498.0,0.015506549
2421,C08,DR_20221209_143805,499.0,0.047512077
2422,C08,DR_20221209_143805,500.0,0.18006025
2423,C08,DR_20221209_143805,501.0,-0.010900658
2424,C08,DR_20221209_143805,502.0,-0.00015722818
2425,C08,DR_20221209_143805,503.0,-0.00024639018
2426,C08,DR_20221209_143805,504.0,0.010040877
2427,C09,DR_20221209_143805,505.0,-0.007621737
2428,C09,DR_20221209_143805,506.0,-0.004643729
2429,C09,DR_20221209_143805,507.0,-0.005873068
2430,C09,DR_20221209_143805,508.0,0.021000693
2431,C09,DR_20221209_143805,509.0,-0.0030249816
2432,C09,DR_20221209_143805,510.0,-0.0075990045
2433,C09,DR_20221209_143805,511.0,0.016571335
2434,C09,DR_20221209_143805,512.0,-0.011559215
2435,C09,DR_20221209_143805,513.0,-0.01101731
2436,C10,DR_20221209_143805,514.0,0.01675548
2437,C10,DR_20221209_143805,515.0,0.045996908
2438,C10,DR_20221209_143805,516.0,-0.0012049495
2439,C10,DR_20221209_143805,517.0,0.09827973
2440,C10,DR_20221209_143805,518.0,0.0027483902
2441,C10,DR_20221209_143805,519.0,-0.004296705
2442,C10,DR_20221209_143805,520.0,-0.0007761862
2443,C10,DR_20221209_143805,521.0,-0.0013461484
2444,C10,DR_20221209_143805,522.0,-0.012000035
2445,C11,DR_20221209_143805,523.0,0.010452562
2446,C11,DR_20221209_143805,524.0,-0.007344426
2447,C11,DR_20221209_143805,525.0,-0.0041488768
2448,C11,DR_20221209_143805,526.0,0.065617844
2449,C11,DR_20221209_143805,527.0,-0.003165767
2450,C11,DR_20221209_143805,528.0,0.0013679747
2451,C11,DR_20221209_143805,529.0,-0.03442887
2452,C11,DR_20221209_143805,530.0,-0.0004952325
2453,C11,DR_20221209_143805,531.0,0.0095992945
2454,C12,DR_20221209_143805,532.0,0.0026083686
2455,C12,DR_20221209_143805,533.0,0.014153052
2456,C12,DR_20221209_143805,534.0,-0.025495887
2457,C12,DR_20221209_143805,535.0,0.011826247
2458,C12,DR_20221209_143805,536.0,0.06469108
2459,C12,DR_20221209_143805,537.0,0.003642526
2460,C12,DR_20221209_143805,538.0,0.06663525
2461,C12,DR_20221209_143805,539.0,-0.014075069
2462,C12,DR_20221209_143805,540.0,-0.015410866
2463,C13,DR_20221209_143805,541.0,-0.0046394193
2464,C13,DR_20221209_143805,542.0,0.0022243091
2465,C13,DR_20221209_143805,543.0,-0.0021736016
2466,C13,DR_20221209_143805,544.0,-0.01333872
2467,C13,DR_20221209_143805,545.0,0.3261617
2468,C13,DR_20221209_143805,546.0,-0.0010340937
2469,C13,DR_20221209_143805,547.0,0.0069270427
2470,C13,DR_20221209_143805,548.0,0.0061151655
2471,C13,DR_20221209_143805,549.0,0.006985934
2472,C14,DR_20221209_143805,550.0,0.01346348
2473,C14,DR_20221209_143805,551.0,-0.0088008735
2474,C14,DR_20221209_143805,552.0,0.00623501
2475,C14,DR_20221209_143805,553.0,0.07299867
2476,C14,DR_20221209_143805,554.0,0.06212651
2477,C14,DR_20221209_143805,555.0,-0.0434108
2478,C14,DR_20221209_143805,556.0,0.004280024
2479,C14,DR_20221209_143805,557.0,-0.009529533
2480,C14,DR_20221209_143805,558.0,0.010693841
2481,C15,DR_20221209_143805,559.0,0.0019446713
2482,C15,DR_20221209_143805,560.0,0.008257699
2483,C15,DR_20221209_143805,561.0,0.001198657
2484,C15,DR_20221209_143805,562.0,0.0025733053
2485,C15,DR_20221209_143805,563.0,0.15518509
2486,C15,DR_20221209_143805,564.0,0.010896607
2487,C15,DR_20221209_143805,565.0,-0.0020265903
2488,C15,DR_20221209_143805,566.0,0.008224507
2489,C15,DR_20221209_143805,567.0,0.008040228
2490,C16,DR_20221209_143805,568.0,0.0041700844
2491,C16,DR_20221209_143805,569.0,0.00404029
2492,C16,DR_20221209_143805,570.0,0.0041725417
2493,C16,DR_20221209_143805,571.0,0.0040395353
2494,C16,DR_20221209_143805,572.0,0.0058969823
2495,C16,DR_20221209_143805,573.0,0.023779698
2496,C16,DR_20221209_143805,574.0,0.00602661
2497,C16,DR_20221209_143805,575.0,-0.0014642517
2498,C16,DR_20221209_143805,576.0,-0.014730882
2499,C17,DR_20221209_143805,577.0,0.009175289
2500,C17,DR_20221209_143805,578.0,0.005559162
2501,C17,DR_20221209_143805,579.0,-0.021696465
2502,C17,DR_20221209_143805,580.0,-0.0026399507
2503,C17,DR_20221209_143805,581.0,-0.0032595352
2504,C17,DR_20221209_143805,582.0,0.00027417362
2505,C17,DR_20221209_143805,583.0,-0.008701563
2506,C17,DR_20221209_143805,584.0,-0.01610863
2507,C17,DR_20221209_143805,585.0,0.006307964
2508,C18,DR_20221209_143805,586.0,0.0076802634
2509,C18,DR_20221209_143805,587.0,0.008503321
2510,C18,DR_20221209_143805,588.0,-0.029103277
2511,C18,DR_20221209_143805,589.0,-0.017757168
2512,C18,DR_20221209_143805,590.0,0.011969684
2513,C18,DR_20221209_143805,591.0,0.002474652
2514,C18,DR_20221209_143805,592.0,0.0671001
2515,C18,DR_20221209_143805,593.0,0.025462814
2516,C18,DR_20221209_143805,594.0,-0.012089271
2517,C19,DR_20221209_143805,595.0,0.0005310089
2518,C19,DR_20221209_143805,596.0,-0.0031114402
2519,C19,DR_20221209_143805,597.0,0.031330407
2520,C19,DR_20221209_143805,598.0,0.032583836
2521,C19,DR_20221209_143805,599.0,0.1070739
2522,C19,DR_20221209_143805,600.0,0.022022596
2523,C19,DR_20221209_143805,601.0,-0.027144525
2524,C19,DR_20221209_143805,602.0,0.008605946
2525,C19,DR_20221209_143805,603.0,-0.010636172
2526,C20,DR_20221209_143805,604.0,-0.011042401
2527,C20,DR_20221209_143805,605.0,-0.0036974817
2528,C20,DR_20221209_143805,606.0,-0.008144727
2529,C20,DR_20221209_143805,607.0,-0.004662434
2530,C20,DR_20221209_143805,608.0,-0.006785912
2531,C20,DR_20221209_143805,609.0,-0.0022654142
2532,C20,DR_20221209_143805,610.0,-0.03928588
2533,C20,DR_20221209_143805,611.0,-0.014266323
2534,C20,DR_20221209_143805,612.0,-0.010149928
2535,C21,DR_20221209_143805,613.0,-0.0083213765
2536,C21,DR_20221209_143805,614.0,0.0024488699
2537,C21,DR_20221209_143805,615.0,0.0031530673
2538,C21,DR_20221209_143805,616.0,0.025216332
2539,C21,DR_20221209_143805,617.0,-0.010156534
2540,C21,DR_20221209_143805,618.0,0.00408922
2541,C21,DR_20221209_143805,619.0,-0.020731525
2542,C21,DR_20221209_143805,620.0,-0.005921791
2543,C21,DR_20221209_143805,621.0,0.0007718734
2544,C22,DR_20221209_143805,622.0,-0.010820575
2545,C22,DR_20221209_143805,623.0,0.00303148
2546,C22,DR_20221209_143805,624.0,-0.019615099
2547,C22,DR_20221209_143805,625.0,-0.007265172
2548,C22,DR_20221209_143805,626.0,-0.0024649308
2549,C22,DR_20221209_143805,627.0,0.014416103
2550,C22,DR_20221209_143805,628.0,0.015294225
2551,C22,DR_20221209_143805,629.0,-0.00553728
2552,C22,DR_20221209_143805,630.0,-0.016498134
2589,D03,DR_20221209_143805,667.0,0.06983713
2590,D03,DR_20221209_143805,668.0,-4.0242427e-05
2591,D03,DR_20221209_143805,669.0,0.00064349076
2592,D03,DR_20221209_143805,670.0,-0.0046038297
2593,D03,DR_20221209_143805,671.0,-0.008127732
2594,D03,DR_20221209_143805,672.0,-0.001779794
2595,D03,DR_20221209_143805,673.0,-0.005025178
2596,D03,DR_20221209_143805,674.0,0.00251488
2597,D03,DR_20221209_143805,675.0,0.00014222658
2598,D04,DR_20221209_143805,676.0,-0.0022037346
2599,D04,DR_20221209_143805,677.0,0.00030261447
2600,D04,DR_20221209_143805,678.0,0.0051681744
2601,D04,DR_20221209_143805,679.0,-0.0041470234
2602,D04,DR_20221209_143805,680.0,0.0062281075
2603,D04,DR_20221209_143805,681.0,0.3528063
2604,D04,DR_20221209_143805,682.0,0.004553989
2605,D04,DR_20221209_143805,683.0,0.007670433
2606,D04,DR_20221209_143805,684.0,0.009670081
2607,D05,DR_20221209_143805,685.0,0.012371319
2608,D05,DR_20221209_143805,686.0,0.0018321116
2609,D05,DR_20221209_143805,687.0,0.023056425
2610,D05,DR_20221209_143805,688.0,0.036191065
2611,D05,DR_20221209_143805,689.0,-9.51978e-05
2612,D05,DR_20221209_143805,690.0,0.01839021
2613,D05,DR_20221209_143805,691.0,-0.0056243157
2614,D05,DR_20221209_143805,692.0,0.15114562
2615,D05,DR_20221209_143805,693.0,-0.009067462
2616,D06,DR_20221209_143805,694.0,-0.0069650947
2617,D06,DR_20221209_143805,695.0,-0.017049972
2618,D06,DR_20221209_143805,696.0,-0.0075389855
2619,D06,DR_20221209_143805,697.0,0.0031009368
2620,D06,DR_20221209_143805,698.0,0.031422555
2621,D06,DR_20221209_143805,699.0,0.0025792792
2622,D06,DR_20221209_143805,700.0,0.015149905
2623,D06,DR_20221209_143805,701.0,0.0036613108
2624,D06,DR_20221209_143805,702.0,0.0028685038
2625,D07,DR_20221209_143805,703.0,0.06826406
2626,D07,DR_20221209_143805,704.0,0.02083502
2627,D07,DR_20221209_143805,705.0,-0.0040378
2628,D07,DR_20221209_143805,706.0,-0.0006632798
2629,D07,DR_20221209_143805,707.0,0.10609639
2630,D07,DR_20221209_143805,708.0,-6.197992e-05
2631,D07,DR_20221209_143805,709.0,0.0018549989
2632,D07,DR_20221209_143805,710.0,0.0026390725
2633,D07,DR_20221209_143805,711.0,-0.0068162237
2634,D09,DR_20221209_143805,721.0,-0.0069495086
2635,D09,DR_20221209_143805,722.0,-0.0040317946
2636,D09,DR_20221209_143805,723.0,-0.0026374718
2637,D09,DR_20221209_143805,724.0,0.24743201
2638,D09,DR_20221209_143805,725.0,0.05347295
2639,D09,DR_20221209_143805,726.0,0.072542876
2640,D09,DR_20221209_143805,727.0,0.15569037
2641,D09,DR_20221209_143805,728.0,0.018111518
2642,D09,DR_20221209_143805,729.0,0.0018672018
2643,D10,DR_20221209_143805,730.0,0.0147498315
2644,D10,DR_20221209_143805,731.0,0.008790231
2645,D10,DR_20221209_143805,732.0,-0.010153616
2646,D10,DR_20221209_143805,733.0,0.0052574114
2647,D10,DR_20221209_143805,734.0,-0.0042075324
2648,D10,DR_20221209_143805,735.0,0.0076996037
2649,D10,DR_20221209_143805,736.0,0.28668815
2650,D10,DR_20221209_143805,737.0,-0.012427541
2651,D10,DR_20221209_143805,738.0,0.018088596
2652,D11,DR_20221209_143805,739.0,0.00047860193
2653,D11,DR_20221209_143805,740.0,0.15397955
2654,D11,DR_20221209_143805,741.0,0.001811104
2655,D11,DR_20221209_143805,742.0,-0.00034073443
2656,D11,DR_20221209_143805,743.0,0.13466297
2657,D11,DR_20221209_143805,744.0,0.0051236576
2658,D11,DR_20221209_143805,745.0,-0.0047931485
2659,D11,DR_20221209_143805,746.0,0.002514995
2660,D11,DR_20221209_143805,747.0,0.00997691
2661,D12,DR_20221209_143805,748.0,-0.0056073195
2662,D12,DR_20221209_143805,749.0,0.16548246
2663,D12,DR_20221209_143805,750.0,0.015958192
2664,D12,DR_20221209_143805,751.0,0.17500314
2665,D12,DR_20221209_143805,752.0,0.018628757
2666,D12,DR_20221209_143805,753.0,0.1830924
2667,D12,DR_20221209_143805,754.0,-0.0034817155
2668,D12,DR_20221209_143805,755.0,0.07900793
2669,D12,DR_20221209_143805,756.0,-0.035261717
2670,D13,DR_20221209_143805,757.0,-0.007431736
2671,D13,DR_20221209_143805,758.0,0.0021195028
2672,D13,DR_20221209_143805,759.0,-0.0059721377
2673,D13,DR_20221209_143805,760.0,-0.003758557
2674,D13,DR_20221209_143805,761.0,-0.0031755404
2675,D13,DR_20221209_143805,762.0,-0.0042258315
2676,D13,DR_20221209_143805,763.0,0.082196616
2677,D13,DR_20221209_143805,764.0,0.018637436
2678,D13,DR_20221209_143805,765.0,-0.00090802304
2679,D14,DR_20221209_143805,766.0,0.09737633
2680,D14,DR_20221209_143805,767.0,0.063142255
2681,D14,DR_20221209_143805,768.0,-0.005740423
2682,D14,DR_20221209_143805,769.0,0.12770225
2683,D14,DR_20221209_143805,770.0,-0.003901557
2684,D14,DR_20221209_143805,771.0,-0.012814468
2685,D14,DR_20221209_143805,772.0,0.017739695
2686,D14,DR_20221209_143805,773.0,0.023823269
2687,D14,DR_20221209_143805,774.0,0.002002348
2688,D15,DR_20221209_143805,775.0,-0.0071591605
2689,D15,DR_20221209_143805,776.0,-0.0025656612
2690,D15,DR_20221209_143805,777.0,-0.014084129
2691,D15,DR_20221209_143805,778.0,-0.01504368
2692,D15,DR_20221209_143805,779.0,0.017535698
2693,D15,DR_20221209_143805,780.0,-0.030128166
2694,D15,DR_20221209_143805,781.0,0.017527398
2695,D15,DR_20221209_143805,782.0,-0.0016708656
2696,D15,DR_20221209_143805,783.0,-0.0141261555
2697,D16,DR_20221209_143805,784.0,-0.005912882
2698,D16,DR_20221209_143805,785.0,-0.0028139486
2699,D16,DR_20221209_143805,786.0,-0.005343383
2700,D16,DR_20221209_143805,787.0,0.0056713247
2701,D16,DR_20221209_143805,788.0,0.013403105
2702,D16,DR_20221209_143805,789.0,-0.01164351
2703,D16,DR_20221209_143805,790.0,-0.010045764
2704,D16,DR_20221209_143805,791.0,-0.0045690974
2705,D16,DR_20221209_143805,792.0,0.10697324
2706,D17,DR_20221209_143805,793.0,-0.019150963
2707,D17,DR_20221209_143805,794.0,0.0038330099
2708,D17,DR_20221209_143805,795.0,-0.0013682145
2709,D17,DR_20221209_143805,796.0,-0.012394361
2710,D17,DR_20221209_143805,797.0,0.05955177
2711,D17,DR_20221209_143805,798.0,0.007542624
2712,D17,DR_20221209_143805,799.0,0.014704195
2713,D17,DR_20221209_143805,800.0,-0.009242175
2714,D17,DR_20221209_143805,801.0,-0.01874538
2715,D18,DR_20221209_143805,802.0,-0.0112958765
2716,D18,DR_20221209_143805,803.0,0.0047617997
2717,D18,DR_20221209_143805,804.0,0.008645283
2718,D18,DR_20221209_143805,805.0,-0.008631297
2719,D18,DR_20221209_143805,806.0,-0.0058405567
2720,D18,DR_20221209_143805,807.0,0.00629037
2721,D18,DR_20221209_143805,808.0,0.0095479265
2722,D18,DR_20221209_143805,809.0,-0.002137627
2723,D18,DR_20221209_143805,810.0,-0.014186681
2724,D19,DR_20221209_143805,811.0,0.049719974
2725,D19,DR_20221209_143805,812.0,0.0005365997
2726,D19,DR_20221209_143805,813.0,0.11320163
2727,D19,DR_20221209_143805,814.0,-0.0010735128
2728,D19,DR_20221209_143805,815.0,-0.009322469
2729,D19,DR_20221209_143805,816.0,3.981522e-05
2730,D19,DR_20221209_143805,817.0,-0.0008117004
2731,D19,DR_20221209_143805,818.0,0.0033379358
2732,D19,DR_20221209_143805,819.0,-0.0117099285
2733,D20,DR_20221209_143805,820.0,0.0004162993
2734,D20,DR_20221209_143805,821.0,0.045459714
2735,D20,DR_20221209_143805,822.0,0.0043220907
2736,D20,DR_20221209_143805,823.0,0.0072940392
2737,D20,DR_20221209_143805,824.0,0.15795836
2738,D20,DR_20221209_143805,825.0,-0.011250659
2739,D20,DR_20221209_143805,826.0,0.00014924219
2740,D20,DR_20221209_143805,827.0,-0.018387115
2741,D20,DR_20221209_143805,828.0,-0.009570741
2742,D21,DR_20221209_143805,829.0,-0.00631123
2743,D21,DR_20221209_143805,830.0,0.007534877
2744,D21,DR_20221209_143805,831.0,-0.05219338
2745,D21,DR_20221209_143805,832.0,-0.0013131591
2746,D21,DR_20221209_143805,833.0,0.040319175
2747,D21,DR_20221209_143805,834.0,0.06355917
2748,D21,DR_20221209_143805,835.0,0.20778094
2749,D21,DR_20221209_143805,836.0,0.050461113
2750,D21,DR_20221209_143805,837.0,0.026309181
2751,D22,DR_20221209_143805,838.0,-0.0063272933
2752,D22,DR_20221209_143805,839.0,0.021667574
2753,D22,DR_20221209_143805,840.0,0.04056088
2754,D22,DR_20221209_143805,841.0,0.021545116
2755,D22,DR_20221209_143805,842.0,0.019486431
2756,D22,DR_20221209_143805,843.0,0.007037748
2757,D22,DR_20221209_143805,844.0,-0.012264122
2758,D22,DR_20221209_143805,845.0,0.015653288
2759,D22,DR_20221209_143805,846.0,0.0093045905
2796,E03,DR_20221209_143805,883.0,-0.014892747
2797,E03,DR_20221209_143805,884.0,0.013749737
2798,E03,DR_20221209_143805,885.0,0.017449839
2799,E03,DR_20221209_143805,886.0,0.10283331
2800,E03,DR_20221209_143805,887.0,0.04318624
2801,E03,DR_20221209_143805,888.0,0.36834592
2802,E03,DR_20221209_143805,889.0,0.0070799314
2803,E03,DR_20221209_143805,890.0,0.0050098784
2804,E03,DR_20221209_143805,891.0,0.0071185986
2805,E04,DR_20221209_143805,892.0,0.10657062
2806,E04,DR_20221209_143805,893.0,0.006237646
2807,E04,DR_20221209_143805,894.0,-0.001996094
2808,E04,DR_20221209_143805,895.0,-4.452947e-05
2809,E04,DR_20221209_143805,896.0,0.032169797
2810,E04,DR_20221209_143805,897.0,-0.005200673
2811,E04,DR_20221209_143805,898.0,0.009578624
2812,E04,DR_20221209_143805,899.0,0.016445076
2813,E04,DR_20221209_143805,900.0,0.0034453927
2814,E05,DR_20221209_143805,901.0,0.0012386456
2815,E05,DR_20221209_143805,902.0,-0.011666174
2816,E05,DR_20221209_143805,903.0,0.0036259783
2817,E05,DR_20221209_143805,904.0,0.013357033
2818,E05,DR_20221209_143805,905.0,-0.012424574
2819,E05,DR_20221209_143805,906.0,-0.0006207241
2820,E05,DR_20221209_143805,907.0,0.0015568297
2821,E05,DR_20221209_143805,908.0,0.0051987665
2822,E05,DR_20221209_143805,909.0,0.01952633
2823,E06,DR_20221209_143805,910.0,0.06836147
2824,E06,DR_20221209_143805,911.0,0.0022785026
2825,E06,DR_20221209_143805,912.0,-0.00059912953
2826,E06,DR_20221209_143805,913.0,0.01016359
2827,E06,DR_20221209_143805,914.0,0.06178754
2828,E06,DR_20221209_143805,915.0,-0.0023993696
2829,E06,DR_20221209_143805,916.0,0.28046373
2830,E06,DR_20221209_143805,917.0,-0.009106125
2831,E06,DR_20221209_143805,918.0,0.004024312
2832,E07,DR_20221209_143805,919.0,0.1440541
2833,E07,DR_20221209_143805,920.0,-0.0008964437
2834,E07,DR_20221209_143805,921.0,0.0053591346
2835,E07,DR_20221209_143805,922.0,0.019994015
2836,E07,DR_20221209_143805,923.0,-0.001603979
2837,E07,DR_20221209_143805,924.0,-0.0066918423
2838,E07,DR_20221209_143805,925.0,0.11820379
2839,E07,DR_20221209_143805,926.0,0.007956024
2840,E07,DR_20221209_143805,927.0,-0.004086561
2841,E08,DR_20221209_143805,928.0,0.07124576
2842,E08,DR_20221209_143805,929.0,-0.00023309617
2843,E08,DR_20221209_143805,930.0,0.11456623
2844,E08,DR_20221209_143805,931.0,-0.0040806322
2845,E08,DR_20221209_143805,932.0,0.00026758492
2846,E08,DR_20221209_143805,933.0,0.06713376
2847,E08,DR_20221209_143805,934.0,-0.0010092629
2848,E08,DR_20221209_143805,935.0,0.00029330666
2849,E08,DR_20221209_143805,936.0,-0.0034055032
2850,E09,DR_20221209_143805,937.0,-0.009222931
2851,E09,DR_20221209_143805,938.0,0.006869203
2852,E09,DR_20221209_143805,939.0,0.004529823
2853,E09,DR_20221209_143805,940.0,0.016753297
2854,E09,DR_20221209_143805,941.0,-0.0077619385
2855,E09,DR_20221209_143805,942.0,0.003741576
2856,E09,DR_20221209_143805,943.0,0.02145565
2857,E09,DR_20221209_143805,944.0,0.025307745
2858,E09,DR_20221209_143805,945.0,0.024549022
2859,E10,DR_20221209_143805,946.0,-0.0003908329
2860,E10,DR_20221209_143805,947.0,0.007859725
2861,E10,DR_20221209_143805,948.0,-0.010112215
2862,E10,DR_20221209_143805,949.0,0.004768091
2863,E10,DR_20221209_143805,950.0,0.032121997
2864,E10,DR_20221209_143805,951.0,0.0016502921
2865,E10,DR_20221209_143805,952.0,0.01775457
2866,E10,DR_20221209_143805,953.0,0.009466264
2867,E10,DR_20221209_143805,954.0,0.0097118085
2868,E11,DR_20221209_143805,955.0,-0.0035564394
2869,E11,DR_20221209_143805,956.0,0.13984722
2870,E11,DR_20221209_143805,957.0,0.067643814
2871,E11,DR_20221209_143805,958.0,0.093685575
2872,E11,DR_20221209_143805,959.0,0.17582971
2873,E11,DR_20221209_143805,960.0,0.11708959
2874,E11,DR_20221209_143805,961.0,-0.0027682376
2875,E11,DR_20221209_143805,962.0,-0.0031727762
2876,E11,DR_20221209_143805,963.0,-0.033260006
2877,E12,DR_20221209_143805,964.0,-0.00077772274
2878,E12,DR_20221209_143805,965.0,-6.6174485e-05
2879,E12,DR_20221209_143805,966.0,0.055580966
2880,E12,DR_20221209_143805,967.0,0.08607445
2881,E12,DR_20221209_143805,968.0,0.06745699
2882,E12,DR_20221209_143805,969.0,-0.0034676993
2883,E12,DR_20221209_143805,970.0,-0.00846156
2884,E12,DR_20221209_143805,971.0,0.10620139
2885,E12,DR_20221209_143805,972.0,-0.00017903635
2886,E13,DR_20221209_143805,973.0,-0.0070475214
2887,E13,DR_20221209_143805,974.0,0.0055831787
2888,E13,DR_20221209_143805,975.0,-0.0076812757
2889,E13,DR_20221209_143805,976.0,-0.004503606
2890,E13,DR_20221209_143805,977.0,-0.0010329937
2891,E13,DR_20221209_143805,978.0,0.007201794
2892,E13,DR_20221209_143805,979.0,0.015897986
2893,E13,DR_20221209_143805,980.0,0.0021293338
2894,E13,DR_20221209_143805,981.0,-0.014215196
2895,E14,DR_20221209_143805,982.0,-0.024860414
2896,E14,DR_20221209_143805,983.0,0.0041087386
2897,E14,DR_20221209_143805,984.0,-0.0105911605
2898,E14,DR_20221209_143805,985.0,0.0036559775
2899,E14,DR_20221209_143805,986.0,-0.020748973
2900,E14,DR_20221209_143805,987.0,-0.0112717515
2901,E14,DR_20221209_143805,988.0,-0.011572419
2902,E14,DR_20221209_143805,989.0,-0.0019749645
2903,E14,DR_20221209_143805,990.0,0.0906594
2904,E15,DR_20221209_143805,991.0,0.0051481756
2905,E15,DR_20221209_143805,992.0,0.0020112593
2906,E15,DR_20221209_143805,993.0,-0.00059196306
2907,E15,DR_20221209_143805,994.0,0.011522355
2908,E15,DR_20221209_143805,995.0,0.0062024337
2909,E15,DR_20221209_143805,996.0,0.0062909015
2910,E15,DR_20221209_143805,997.0,-0.0014221548
2911,E15,DR_20221209_143805,998.0,-0.00011095338
2912,E15,DR_20221209_143805,999.0,0.0014272521
2913,E16,DR_20221209_143805,1000.0,-0.0018253633
2914,E16,DR_20221209_143805,1001.0,-0.011161769
2915,E16,DR_20221209_143805,1002.0,0.00846369
2916,E16,DR_20221209_143805,1003.0,-0.0030750206
2917,E16,DR_20221209_143805,1004.0,0.009241036
2918,E16,DR_20221209_143805,1005.0,-0.0085735405
2919,E16,DR_20221209_143805,1006.0,0.0010211932
2920,E16,DR_20221209_143805,1007.0,0.0003076268
2921,E16,DR_20221209_143805,1008.0,0.007480092
2922,E17,DR_20221209_143805,1009.0,-0.00018053636
2923,E17,DR_20221209_143805,1010.0,-0.0076361434
2924,E17,DR_20221209_143805,1011.0,-0.002637994
2925,E17,DR_20221209_143805,1012.0,-0.010940581
2926,E17,DR_20221209_143805,1013.0,0.009182759
2927,E17,DR_20221209_143805,1014.0,-0.012329816
2928,E17,DR_20221209_143805,1015.0,-0.0076650255
2929,E17,DR_20221209_143805,1016.0,0.040162873
2930,E17,DR_20221209_143805,1017.0,0.0034686767
2931,E18,DR_20221209_143805,1018.0,6.424339e-05
2932,E18,DR_20221209_143805,1019.0,-0.00061139365
2933,E18,DR_20221209_143805,1020.0,-0.009998545
2934,E18,DR_20221209_143805,1021.0,0.022276197
2935,E18,DR_20221209_143805,1022.0,-0.016187929
2936,E18,DR_20221209_143805,1023.0,0.022887986
2937,E18,DR_20221209_143805,1024.0,0.035822246
2938,E18,DR_20221209_143805,1025.0,0.021013783
2939,E18,DR_20221209_143805,1026.0,0.01627106
2940,E19,DR_20221209_143805,1027.0,-0.014945364
2941,E19,DR_20221209_143805,1028.0,0.019792555
2942,E19,DR_20221209_143805,1029.0,0.05696274
2943,E19,DR_20221209_143805,1030.0,0.0052098776
2944,E19,DR_20221209_143805,1031.0,-0.004235432
2945,E19,DR_20221209_143805,1032.0,0.018690858
2946,E19,DR_20221209_143805,1033.0,0.014527648
2947,E19,DR_20221209_143805,1034.0,-0.008094114
2948,E19,DR_20221209_143805,1035.0,0.013315498
2949,E20,DR_20221209_143805,1036.0,-0.0025830904
2950,E20,DR_20221209_143805,1037.0,-0.0056153974
2951,E20,DR_20221209_143805,1038.0,-0.0031442288
2952,E20,DR_20221209_143805,1039.0,-0.0053310245
2953,E20,DR_20221209_143805,1040.0,-0.006144626
2954,E20,DR_20221209_143805,1041.0,-0.0036939352
2955,E20,DR_20221209_143805,1042.0,-0.01191969
2956,E20,DR_20221209_143805,1043.0,0.022424798
2957,E20,DR_20221209_143805,1044.0,-0.0051847827
2958,E21,DR_20221209_143805,1045.0,-0.0024411953
2959,E21,DR_20221209_143805,1046.0,-0.005082274
2960,E21,DR_20221209_143805,1047.0,-0.008999988
2961,E21,DR_20221209_143805,1048.0,0.011264456
2962,E21,DR_20221209_143805,1049.0,0.022197565
2963,E21,DR_20221209_143805,1050.0,-0.012552957
2964,E21,DR_20221209_143805,1051.0,0.002751381
2965,E21,DR_20221209_143805,1052.0,0.02216177
2966,E21,DR_20221209_143805,1053.0,-0.0016200116
2967,E22,DR_20221209_143805,1054.0,-0.0011669862
2968,E22,DR_20221209_143805,1055.0,0.022922566
2969,E22,DR_20221209_143805,1056.0,0.009348353
2970,E22,DR_20221209_143805,1057.0,-0.0077083893
2971,E22,DR_20221209_143805,1058.0,-0.0020014108
2972,E22,DR_20221209_143805,1059.0,0.008151215
2973,E22,DR_20221209_143805,1060.0,-0.0137222465
2974,E22,DR_20221209_143805,1061.0,0.063962474
2975,E22,DR_20221209_143805,1062.0,-0.0135301715
3012,F03,DR_20221209_143805,1099.0,0.0055830716
3013,F03,DR_20221209_143805,1100.0,0.03347895
3014,F03,DR_20221209_143805,1101.0,0.014477349
3015,F03,DR_20221209_143805,1102.0,-0.0040728766
3016,F03,DR_20221209_143805,1103.0,0.04317046
3017,F03,DR_20221209_143805,1104.0,0.0018455515
3018,F03,DR_20221209_143805,1105.0,-0.0048699453
3019,F03,DR_20221209_143805,1106.0,0.033307284
3020,F03,DR_20221209_143805,1107.0,-0.008739915
3021,F04,DR_20221209_143805,1108.0,-0.0012865608
3022,F04,DR_20221209_143805,1109.0,-0.0039561717
3023,F04,DR_20221209_143805,1110.0,0.0011855543
3024,F04,DR_20221209_143805,1111.0,-0.000500662
3025,F04,DR_20221209_143805,1112.0,0.039559253
3026,F04,DR_20221209_143805,1113.0,0.004223979
3027,F04,DR_20221209_143805,1114.0,-0.003962327
3028,F04,DR_20221209_143805,1115.0,-0.0018705238
3029,F04,DR_20221209_143805,1116.0,0.0025521228
3030,F05,DR_20221209_143805,1117.0,-0.012416271
3031,F05,DR_20221209_143805,1118.0,0.0053461753
3032,F05,DR_20221209_143805,1119.0,-0.00052655826
3033,F05,DR_20221209_143805,1120.0,0.0011145727
3034,F05,DR_20221209_143805,1121.0,0.03159045
3035,F05,DR_20221209_143805,1122.0,-0.004598468
3036,F05,DR_20221209_143805,1123.0,0.001352762
3037,F05,DR_20221209_143805,1124.0,0.0016750762
3038,F05,DR_20221209_143805,1125.0,0.0012435864
3039,F06,DR_20221209_143805,1126.0,0.071341515
3040,F06,DR_20221209_143805,1127.0,0.0048573413
3041,F06,DR_20221209_143805,1128.0,-0.007388247
3042,F06,DR_20221209_143805,1129.0,-4.7183654e-05
3043,F06,DR_20221209_143805,1130.0,0.0035442007
3044,F06,DR_20221209_143805,1131.0,0.06862114
3045,F06,DR_20221209_143805,1132.0,-0.00259982
3046,F06,DR_20221209_143805,1133.0,-0.00421644
3047,F06,DR_20221209_143805,1134.0,-0.0013934735
3048,F07,DR_20221209_143805,1135.0,0.026288418
3049,F07,DR_20221209_143805,1136.0,0.00621434
3050,F07,DR_20221209_143805,1137.0,0.0003216006
3051,F07,DR_20221209_143805,1138.0,0.033302467
3052,F07,DR_20221209_143805,1139.0,0.03097784
3053,F07,DR_20221209_143805,1140.0,0.0018984027
3054,F07,DR_20221209_143805,1141.0,0.0042925533
3055,F07,DR_20221209_143805,1142.0,0.011708761
3056,F07,DR_20221209_143805,1143.0,0.024423137
3057,F08,DR_20221209_143805,1144.0,0.011614141
3058,F08,DR_20221209_143805,1145.0,-0.02687435
3059,F08,DR_20221209_143805,1146.0,-0.0127030695
3060,F08,DR_20221209_143805,1147.0,0.010071466
3061,F08,DR_20221209_143805,1148.0,-0.00014748424
3062,F08,DR_20221209_143805,1149.0,0.003349028
3063,F08,DR_20221209_143805,1150.0,-0.00369268
3064,F08,DR_20221209_143805,1151.0,0.0006384235
3065,F08,DR_20221209_143805,1152.0,0.004865376
3066,F09,DR_20221209_143805,1153.0,0.0089163985
3067,F09,DR_20221209_143805,1154.0,-0.0070153736
3068,F09,DR_20221209_143805,1155.0,0.027438605
3069,F09,DR_20221209_143805,1156.0,0.081943564
3070,F09,DR_20221209_143805,1157.0,0.14044717
3071,F09,DR_20221209_143805,1158.0,-0.009230489
3072,F09,DR_20221209_143805,1159.0,-0.016926505
3073,F09,DR_20221209_143805,1160.0,0.17832685
3074,F09,DR_20221209_143805,1161.0,-0.0050234227
3075,F10,DR_20221209_143805,1162.0,0.018234076
3076,F10,DR_20221209_143805,1163.0,0.14127994
3077,F10,DR_20221209_143805,1164.0,-0.0074971193
3078,F10,DR_20221209_143805,1165.0,-0.013307619
3079,F10,DR_20221209_143805,1166.0,0.11147826
3080,F10,DR_20221209_143805,1167.0,0.0836861
3081,F10,DR_20221209_143805,1168.0,-0.0073619112
3082,F10,DR_20221209_143805,1169.0,0.3720743
3083,F10,DR_20221209_143805,1170.0,0.081130534
3084,F11,DR_20221209_143805,1171.0,0.0037215932
3085,F11,DR_20221209_143805,1172.0,-0.00090480444
3086,F11,DR_20221209_143805,1173.0,-0.0040275864
3087,F11,DR_20221209_143805,1174.0,-0.009646632
3088,F11,DR_20221209_143805,1175.0,0.0052617765
3089,F11,DR_20221209_143805,1176.0,0.07278534
3090,F11,DR_20221209_143805,1177.0,0.0042219507
3091,F11,DR_20221209_143805,1178.0,-0.004703773
3092,F11,DR_20221209_143805,1179.0,-0.0018001565
3093,F12,DR_20221209_143805,1180.0,0.002002059
3094,F12,DR_20221209_143805,1181.0,0.02564428
3095,F12,DR_20221209_143805,1182.0,-0.0069219815
3096,F12,DR_20221209_143805,1183.0,0.16426118
3097,F12,DR_20221209_143805,1184.0,0.019251015
3098,F12,DR_20221209_143805,1185.0,0.013443627
3099,F12,DR_20221209_143805,1186.0,0.057418812
3100,F12,DR_20221209_143805,1187.0,-0.0013584293
3101,F12,DR_20221209_143805,1188.0,0.0035140542
3102,F13,DR_20221209_143805,1189.0,0.016791748
3103,F13,DR_20221209_143805,1190.0,-0.018153273
3104,F13,DR_20221209_143805,1191.0,-0.00856
3105,F13,DR_20221209_143805,1192.0,-0.012787477
3106,F13,DR_20221209_143805,1193.0,-0.006050344
3107,F13,DR_20221209_143805,1194.0,0.013063721
3108,F13,DR_20221209_143805,1195.0,-0.031017726
3109,F13,DR_20221209_143805,1196.0,0.003267793
3110,F13,DR_20221209_143805,1197.0,-0.009022044
3111,F14,DR_20221209_143805,1198.0,-0.0029426597
3112,F14,DR_20221209_143805,1199.0,0.19279675
3113,F14,DR_20221209_143805,1200.0,0.04377868
3114,F14,DR_20221209_143805,1201.0,0.05311395
3115,F14,DR_20221209_143805,1202.0,0.06626902
3116,F14,DR_20221209_143805,1203.0,-0.011243119
3117,F14,DR_20221209_143805,1204.0,0.024407238
3118,F14,DR_20221209_143805,1205.0,0.10220779
3119,F14,DR_20221209_143805,1206.0,-0.009632915
3120,F15,DR_20221209_143805,1207.0,-0.02055697
3121,F15,DR_20221209_143805,1208.0,0.021181079
3122,F15,DR_20221209_143805,1209.0,-0.0110437125
3123,F15,DR_20221209_143805,1210.0,-0.012098704
3124,F15,DR_20221209_143805,1211.0,0.044629455
3125,F15,DR_20221209_143805,1212.0,-0.0041119847
3126,F15,DR_20221209_143805,1213.0,-0.0052196677
3127,F15,DR_20221209_143805,1214.0,-0.018974012
3128,F15,DR_20221209_143805,1215.0,-0.005616805
3129,F16,DR_20221209_143805,1216.0,0.018480947
3130,F16,DR_20221209_143805,1217.0,-0.009677301
3131,F16,DR_20221209_143805,1218.0,0.059170004
3132,F16,DR_20221209_143805,1219.0,-0.006116799
3133,F16,DR_20221209_143805,1220.0,0.050882503
3134,F16,DR_20221209_143805,1221.0,0.02703648
3135,F16,DR_20221209_143805,1222.0,-0.011507645
3136,F16,DR_20221209_143805,1223.0,-0.0009353658
3137,F16,DR_20221209_143805,1224.0,-0.028506603
3138,F17,DR_20221209_143805,1225.0,0.08655995
3139,F17,DR_20221209_143805,1226.0,0.3168552
3140,F17,DR_20221209_143805,1227.0,0.008181226
3141,F17,DR_20221209_143805,1228.0,0.07625362
3142,F17,DR_20221209_143805,1229.0,0.055902723
3143,F17,DR_20221209_143805,1230.0,0.07875218
3144,F17,DR_20221209_143805,1231.0,-0.008451292
3145,F17,DR_20221209_143805,1232.0,0.0065580313
3146,F17,DR_20221209_143805,1233.0,-0.004465498
3147,F18,DR_20221209_143805,1234.0,-0.008204173
3148,F18,DR_20221209_143805,1235.0,0.16934375
3149,F18,DR_20221209_143805,1236.0,-0.006374991
3150,F18,DR_20221209_143805,1237.0,0.0013769345
3151,F18,DR_20221209_143805,1238.0,0.056458786
3152,F18,DR_20221209_143805,1239.0,0.11514432
3153,F18,DR_20221209_143805,1240.0,0.051753435
3154,F18,DR_20221209_143805,1241.0,0.0010036491
3155,F18,DR_20221209_143805,1242.0,0.028967416
3156,F19,DR_20221209_143805,1243.0,-0.008231749
3157,F19,DR_20221209_143805,1244.0,0.003767508
3158,F19,DR_20221209_143805,1245.0,-0.020978222
3159,F19,DR_20221209_143805,1246.0,-0.0024486722
3160,F19,DR_20221209_143805,1247.0,0.071590655
3161,F19,DR_20221209_143805,1248.0,0.047056932
3162,F19,DR_20221209_143805,1249.0,-0.01633504
3163,F19,DR_20221209_143805,1250.0,0.0011487475
3164,F19,DR_20221209_143805,1251.0,0.024299145
3165,F20,DR_20221209_143805,1252.0,-0.010682561
3166,F20,DR_20221209_143805,1253.0,-0.012132532
3167,F20,DR_20221209_143805,1254.0,-0.0045182128
3168,F20,DR_20221209_143805,1255.0,-0.0154372975
3169,F20,DR_20221209_143805,1256.0,-0.0066631944
3170,F20,DR_20221209_143805,1257.0,-0.0061840415
3171,F20,DR_20221209_143805,1258.0,-0.009104986
3172,F20,DR_20221209_143805,1259.0,0.019448716
3173,F20,DR_20221209_143805,1260.0,-0.097985454
3174,F21,DR_20221209_143805,1261.0,0.081400864
3175,F21,DR_20221209_143805,1262.0,-0.0023081035
3176,F21,DR_20221209_143805,1263.0,0.0025213794
3177,F21,DR_20221209_143805,1264.0,0.07752924
3178,F21,DR_20221209_143805,1265.0,0.02748504
3179,F21,DR_20221209_143805,1266.0,0.0045118523
3180,F21,DR_20221209_143805,1267.0,-0.0056775273
3181,F21,DR_20221209_143805,1268.0,0.025973113
3182,F21,DR_20221209_143805,1269.0,-0.0016740611
3183,F22,DR_20221209_143805,1270.0,0.030609129
3184,F22,DR_20221209_143805,1271.0,-0.005756369
3185,F22,DR_20221209_143805,1272.0,-0.0010327139
3186,F22,DR_20221209_143805,1273.0,0.043269925
3187,F22,DR_20221209_143805,1274.0,-0.006443374
3188,F22,DR_20221209_143805,1275.0,0.011010874
3189,F22,DR_20221209_143805,1276.0,-0.02147948
3190,F22,DR_20221209_143805,1277.0,0.051817704
3191,F22,DR_20221209_143805,1278.0,-0.004312487
3228,G03,DR_20221209_143805,1315.0,-0.0049252138
3229,G03,DR_20221209_143805,1316.0,-0.002641935
3230,G03,DR_20221209_143805,1317.0,0.015513845
3231,G03,DR_20221209_143805,1318.0,0.03442161
3232,G03,DR_20221209_143805,1319.0,0.0153045785
3233,G03,DR_20221209_143805,1320.0,-0.0022950217
3234,G03,DR_20221209_143805,1321.0,-0.016318442
3235,G03,DR_20221209_143805,1322.0,-0.0014366115
3236,G03,DR_20221209_143805,1323.0,-0.00041202334
3237,G04,DR_20221209_143805,1324.0,-0.007824717
3238,G04,DR_20221209_143805,1325.0,-0.0045517418
3239,G04,DR_20221209_143805,1326.0,0.016669642
3240,G04,DR_20221209_143805,1327.0,0.061340038
3241,G04,DR_20221209_143805,1328.0,0.08745666
3242,G04,DR_20221209_143805,1329.0,0.0071718767
3243,G04,DR_20221209_143805,1330.0,-0.006079241
3244,G04,DR_20221209_143805,1331.0,-0.0055135475
3245,G04,DR_20221209_143805,1332.0,0.014405044
3246,G05,DR_20221209_143805,1333.0,0.0015709951
3247,G05,DR_20221209_143805,1334.0,0.0007090013
3248,G05,DR_20221209_143805,1335.0,-0.0044784336
3249,G05,DR_20221209_143805,1336.0,-0.0024296045
3250,G05,DR_20221209_143805,1337.0,-0.00032076775
3251,G05,DR_20221209_143805,1338.0,-0.006068895
3252,G05,DR_20221209_143805,1339.0,-0.0057754195
3253,G05,DR_20221209_143805,1340.0,-0.0042583984
3254,G05,DR_20221209_143805,1341.0,0.021120545
3255,G06,DR_20221209_143805,1342.0,-0.0020651468
3256,G06,DR_20221209_143805,1343.0,0.0007328076
3257,G06,DR_20221209_143805,1344.0,-0.0058965897
3258,G06,DR_20221209_143805,1345.0,0.051112805
3259,G06,DR_20221209_143805,1346.0,-0.009909048
3260,G06,DR_20221209_143805,1347.0,0.0069505055
3261,G06,DR_20221209_143805,1348.0,0.005529353
3262,G06,DR_20221209_143805,1349.0,-0.0011173174
3263,G06,DR_20221209_143805,1350.0,-0.021816026
3264,G07,DR_20221209_143805,1351.0,0.0061300257
3265,G07,DR_20221209_143805,1352.0,-0.010299836
3266,G07,DR_20221209_143805,1353.0,-0.0066582607
3267,G07,DR_20221209_143805,1354.0,-0.016772473
3268,G07,DR_20221209_143805,1355.0,-0.010451145
3269,G07,DR_20221209_143805,1356.0,0.00070865935
3270,G07,DR_20221209_143805,1357.0,0.0062804967
3271,G07,DR_20221209_143805,1358.0,-0.0072353543
3272,G07,DR_20221209_143805,1359.0,0.0050289687
3273,G08,DR_20221209_143805,1360.0,-0.00024648948
3274,G08,DR_20221209_143805,1361.0,0.12091026
3275,G08,DR_20221209_143805,1362.0,-0.008888119
3276,G08,DR_20221209_143805,1363.0,0.14212199
3277,G08,DR_20221209_143805,1364.0,0.12812443
3278,G08,DR_20221209_143805,1365.0,0.028551754
3279,G08,DR_20221209_143805,1366.0,-0.011511969
3280,G08,DR_20221209_143805,1367.0,0.010825066
3281,G08,DR_20221209_143805,1368.0,0.02552488
3282,G09,DR_20221209_143805,1369.0,-0.0038281092
3283,G09,DR_20221209_143805,1370.0,-0.036975767
3284,G09,DR_20221209_143805,1371.0,-0.03472713
3285,G09,DR_20221209_143805,1372.0,0.0016089495
3286,G09,DR_20221209_143805,1373.0,0.16685289
3287,G09,DR_20221209_143805,1374.0,0.08291527
3288,G09,DR_20221209_143805,1375.0,-0.005162593
3289,G09,DR_20221209_143805,1376.0,0.15107796
3290,G09,DR_20221209_143805,1377.0,-0.006201395
3291,G10,DR_20221209_143805,1378.0,0.001691865
3292,G10,DR_20221209_143805,1379.0,0.015954798
3293,G10,DR_20221209_143805,1380.0,0.40451235
3294,G10,DR_20221209_143805,1381.0,-0.0055456143
3295,G10,DR_20221209_143805,1382.0,7.577792e-05
3296,G10,DR_20221209_143805,1383.0,0.023399156
3297,G10,DR_20221209_143805,1384.0,-0.0012404089
3298,G10,DR_20221209_143805,1385.0,0.032783188
3299,G10,DR_20221209_143805,1386.0,0.30283794
3300,G11,DR_20221209_143805,1387.0,0.06924635
3301,G11,DR_20221209_143805,1388.0,0.21102408
3302,G11,DR_20221209_143805,1389.0,0.023384066
3303,G11,DR_20221209_143805,1390.0,0.0029048854
3304,G11,DR_20221209_143805,1391.0,0.14891747
3305,G11,DR_20221209_143805,1392.0,0.1051265
3306,G11,DR_20221209_143805,1393.0,-0.034454916
3307,G11,DR_20221209_143805,1394.0,-0.0030036324
3308,G11,DR_20221209_143805,1395.0,-0.032648582
3309,G12,DR_20221209_143805,1396.0,-0.009491246
3310,G12,DR_20221209_143805,1397.0,0.0043107765
3311,G12,DR_20221209_143805,1398.0,-0.0024176424
3312,G12,DR_20221209_143805,1399.0,0.1606207
3313,G12,DR_20221209_143805,1400.0,0.120188735
3314,G12,DR_20221209_143805,1401.0,0.199257
3315,G12,DR_20221209_143805,1402.0,0.023699764
3316,G12,DR_20221209_143805,1403.0,0.0033452406
3317,G12,DR_20221209_143805,1404.0,0.0042960537
3318,G13,DR_20221209_143805,1405.0,-0.00026539253
3319,G13,DR_20221209_143805,1406.0,-0.004037957
3320,G13,DR_20221209_143805,1407.0,0.054901846
3321,G13,DR_20221209_143805,1408.0,0.015152042
3322,G13,DR_20221209_143805,1409.0,0.063173205
3323,G13,DR_20221209_143805,1410.0,0.007073697
3324,G13,DR_20221209_143805,1411.0,0.0059953746
3325,G13,DR_20221209_143805,1412.0,0.024199521
3326,G13,DR_20221209_143805,1413.0,0.012673917
3327,G14,DR_20221209_143805,1414.0,-0.0016732075
3328,G14,DR_20221209_143805,1415.0,0.0075963666
3329,G14,DR_20221209_143805,1416.0,-0.026629074
3330,G14,DR_20221209_143805,1417.0,0.0056801443
3331,G14,DR_20221209_143805,1418.0,0.0948273
3332,G14,DR_20221209_143805,1419.0,-0.0005831436
3333,G14,DR_20221209_143805,1420.0,-0.005481403
3334,G14,DR_20221209_143805,1421.0,-0.0078011737
3335,G14,DR_20221209_143805,1422.0,0.12048717
3336,G15,DR_20221209_143805,1423.0,-0.0004847325
3337,G15,DR_20221209_143805,1424.0,0.01993343
3338,G15,DR_20221209_143805,1425.0,0.0049788253
3339,G15,DR_20221209_143805,1426.0,0.029331077
3340,G15,DR_20221209_143805,1427.0,0.10634996
3341,G15,DR_20221209_143805,1428.0,-0.011305756
3342,G15,DR_20221209_143805,1429.0,0.29228982
3343,G15,DR_20221209_143805,1430.0,-0.00030774478
3344,G15,DR_20221209_143805,1431.0,-0.011209165
3345,G16,DR_20221209_143805,1432.0,0.015752448
3346,G16,DR_20221209_143805,1433.0,0.004047435
3347,G16,DR_20221209_143805,1434.0,0.005177317
3348,G16,DR_20221209_143805,1435.0,-0.022970844
3349,G16,DR_20221209_143805,1436.0,-0.005856568
3350,G16,DR_20221209_143805,1437.0,-0.006903585
3351,G16,DR_20221209_143805,1438.0,-0.0055799107
3352,G16,DR_20221209_143805,1439.0,0.06747889
3353,G16,DR_20221209_143805,1440.0,-0.013858215
3354,G17,DR_20221209_143805,1441.0,-0.007781396
3355,G17,DR_20221209_143805,1442.0,0.21320212
3356,G17,DR_20221209_143805,1443.0,0.029657016
3357,G17,DR_20221209_143805,1444.0,0.073634274
3358,G17,DR_20221209_143805,1445.0,-0.006338124
3359,G17,DR_20221209_143805,1446.0,-0.031857796
3360,G17,DR_20221209_143805,1447.0,-0.013146602
3361,G17,DR_20221209_143805,1448.0,-0.0034235795
3362,G17,DR_20221209_143805,1449.0,-0.0006948582
3363,G18,DR_20221209_143805,1450.0,0.006720469
3364,G18,DR_20221209_143805,1451.0,0.14110722
3365,G18,DR_20221209_143805,1452.0,0.021740505
3366,G18,DR_20221209_143805,1453.0,0.14414352
3367,G18,DR_20221209_143805,1454.0,0.099705644
3368,G18,DR_20221209_143805,1455.0,0.016133249
3369,G18,DR_20221209_143805,1456.0,0.0041714157
3370,G18,DR_20221209_143805,1457.0,-0.001048234
3371,G18,DR_20221209_143805,1458.0,0.006177401
3372,G19,DR_20221209_143805,1459.0,-0.01775938
3373,G19,DR_20221209_143805,1460.0,0.012823343
3374,G19,DR_20221209_143805,1461.0,-0.006062488
3375,G19,DR_20221209_143805,1462.0,0.104827985
3376,G19,DR_20221209_143805,1463.0,0.11642574
3377,G19,DR_20221209_143805,1464.0,-0.007041159
3378,G19,DR_20221209_143805,1465.0,-0.0017169643
3379,G19,DR_20221209_143805,1466.0,0.010284812
3380,G19,DR_20221209_143805,1467.0,0.0071815546
3381,G20,DR_20221209_143805,1468.0,0.020121334
3382,G20,DR_20221209_143805,1469.0,-0.0035458752
3383,G20,DR_20221209_143805,1470.0,-0.03393504
3384,G20,DR_20221209_143805,1471.0,0.005906701
3385,G20,DR_20221209_143805,1472.0,-0.004265286
3386,G20,DR_20221209_143805,1473.0,-0.007875652
3387,G20,DR_20221209_143805,1474.0,-0.016253842
3388,G20,DR_20221209_143805,1475.0,-0.032550048
3389,G20,DR_20221209_143805,1476.0,0.0025327194
3390,G21,DR_20221209_143805,1477.0,-0.015141136
3391,G21,DR_20221209_143805,1478.0,-0.0051972554
3392,G21,DR_20221209_143805,1479.0,-0.012513098
3393,G21,DR_20221209_143805,1480.0,-0.0092223305
3394,G21,DR_20221209_143805,1481.0,-0.0041756616
3395,G21,DR_20221209_143805,1482.0,0.022881066
3396,G21,DR_20221209_143805,1483.0,-0.007566362
3397,G21,DR_20221209_143805,1484.0,-0.022592077
3398,G21,DR_20221209_143805,1485.0,0.005485823
3399,G22,DR_20221209_143805,1486.0,-0.0017585211
3400,G22,DR_20221209_143805,1487.0,0.0015853216
3401,G22,DR_20221209_143805,1488.0,-0.007292962
3402,G22,DR_20221209_143805,1489.0,0.115777
3403,G22,DR_20221209_143805,1490.0,0.0035850764
3404,G22,DR_20221209_143805,1491.0,0.0006269359
3405,G22,DR_20221209_143805,1492.0,-0.011657866
3406,G22,DR_20221209_143805,1493.0,-0.015453071
3407,G22,DR_20221209_143805,1494.0,0.059798162
3444,H03,DR_20221209_143805,1531.0,-0.01473883
3445,H03,DR_20221209_143805,1532.0,-0.0049698595
3446,H03,DR_20221209_143805,1533.0,-0.062367648
3447,H03,DR_20221209_143805,1534.0,0.017116442
3448,H03,DR_20221209_143805,1535.0,0.0075044185
3449,H03,DR_20221209_143805,1536.0,0.0018275377
3450,H03,DR_20221209_143805,1537.0,0.12829034
3451,H03,DR_20221209_143805,1538.0,-0.0014929577
3452,H03,DR_20221209_143805,1539.0,-0.00065439177
3453,H04,DR_20221209_143805,1540.0,0.0017035919
3454,H04,DR_20221209_143805,1541.0,-0.007256873
3455,H04,DR_20221209_143805,1542.0,0.0024643966
3456,H04,DR_20221209_143805,1543.0,0.001834104
3457,H04,DR_20221209_143805,1544.0,0.062011696
3458,H04,DR_20221209_143805,1545.0,-0.0066260966
3459,H04,DR_20221209_143805,1546.0,0.0122802965
3460,H04,DR_20221209_143805,1547.0,0.0031036946
3461,H04,DR_20221209_143805,1548.0,0.020887362
3462,H05,DR_20221209_143805,1549.0,0.026927857
3463,H05,DR_20221209_143805,1550.0,-0.00037029217
3464,H05,DR_20221209_143805,1551.0,-0.007818988
3465,H05,DR_20221209_143805,1552.0,0.0031055813
3466,H05,DR_20221209_143805,1553.0,0.007902079
3467,H05,DR_20221209_143805,1554.0,-0.058186628
3468,H05,DR_20221209_143805,1555.0,0.006440336
3469,H05,DR_20221209_143805,1556.0,0.0061286837
3470,H05,DR_20221209_143805,1557.0,-0.00076433114
3471,H06,DR_20221209_143805,1558.0,-0.0066178786
3472,H06,DR_20221209_143805,1559.0,0.0032644966
3473,H06,DR_20221209_143805,1560.0,-0.00983288
3474,H06,DR_20221209_143805,1561.0,0.030722022
3475,H06,DR_20221209_143805,1562.0,-0.01394446
3476,H06,DR_20221209_143805,1563.0,0.00078377395
3477,H06,DR_20221209_143805,1564.0,0.007944609
3478,H06,DR_20221209_143805,1565.0,0.0027791492
3479,H06,DR_20221209_143805,1566.0,0.013024848
3480,H07,DR_20221209_143805,1567.0,0.025481252
3481,H07,DR_20221209_143805,1568.0,0.017461274
3482,H07,DR_20221209_143805,1569.0,0.0075825052
3483,H07,DR_20221209_143805,1570.0,0.04795119
3484,H07,DR_20221209_143805,1571.0,-0.008638638
3485,H07,DR_20221209_143805,1572.0,-0.007701645
3486,H07,DR_20221209_143805,1573.0,0.0031076598
3487,H07,DR_20221209_143805,1574.0,0.0057404283
3488,H07,DR_20221209_143805,1575.0,0.0010471378
3489,H08,DR_20221209_143805,1576.0,-0.011282204
3490,H08,DR_20221209_143805,1577.0,0.020448381
3491,H08,DR_20221209_143805,1578.0,-0.007991311
3492,H08,DR_20221209_143805,1579.0,-0.0051598693
3493,H08,DR_20221209_143805,1580.0,0.072359994
3494,H08,DR_20221209_143805,1581.0,0.04298724
3495,H08,DR_20221209_143805,1582.0,-0.0017293819
3496,H08,DR_20221209_143805,1583.0,0.007983589
3497,H08,DR_20221209_143805,1584.0,-0.0021835275
3498,H09,DR_20221209_143805,1585.0,0.0007257713
3499,H09,DR_20221209_143805,1586.0,0.08049356
3500,H09,DR_20221209_143805,1587.0,0.024896862
3501,H09,DR_20221209_143805,1588.0,0.0910659
3502,H09,DR_20221209_143805,1589.0,0.14834352
3503,H09,DR_20221209_143805,1590.0,0.052585833
3504,H09,DR_20221209_143805,1591.0,0.012031428
3505,H09,DR_20221209_143805,1592.0,0.3734221
3506,H09,DR_20221209_143805,1593.0,0.0052283895
3507,H10,DR_20221209_143805,1594.0,-0.0001935675
3508,H10,DR_20221209_143805,1595.0,-0.0001602124
3509,H10,DR_20221209_143805,1596.0,-0.006538856
3510,H10,DR_20221209_143805,1597.0,-0.009467681
3511,H10,DR_20221209_143805,1598.0,0.014991643
3512,H10,DR_20221209_143805,1599.0,-0.0065392656
3513,H10,DR_20221209_143805,1600.0,0.018715477
3514,H10,DR_20221209_143805,1601.0,-0.013103853
3515,H10,DR_20221209_143805,1602.0,0.015587117
3516,H11,DR_20221209_143805,1603.0,0.007049897
3517,H11,DR_20221209_143805,1604.0,0.026405957
3518,H11,DR_20221209_143805,1605.0,-0.029166088
3519,H11,DR_20221209_143805,1606.0,0.0020176237
3520,H11,DR_20221209_143805,1607.0,0.3702892
3521,H11,DR_20221209_143805,1608.0,0.015825246
3522,H11,DR_20221209_143805,1609.0,-0.0042354735
3523,H11,DR_20221209_143805,1610.0,0.006805193
3524,H11,DR_20221209_143805,1611.0,-0.020115687
3525,H12,DR_20221209_143805,1612.0,0.058972098
3526,H12,DR_20221209_143805,1613.0,-0.0020696057
3527,H12,DR_20221209_143805,1614.0,-0.01574813
3528,H12,DR_20221209_143805,1615.0,-0.013481825
3529,H12,DR_20221209_143805,1616.0,0.20541821
3530,H12,DR_20221209_143805,1617.0,0.04010979
3531,H12,DR_20221209_143805,1618.0,-0.004278995
3532,H12,DR_20221209_143805,1619.0,-0.0033579923
3533,H12,DR_20221209_143805,1620.0,-0.0037713924
3534,H13,DR_20221209_143805,1621.0,-0.03905237
3535,H13,DR_20221209_143805,1622.0,0.017872645
3536,H13,DR_20221209_143805,1623.0,-0.01799695
3537,H13,DR_20221209_143805,1624.0,0.12049137
3538,H13,DR_20221209_143805,1625.0,-0.008564378
3539,H13,DR_20221209_143805,1626.0,0.13755003
3540,H13,DR_20221209_143805,1627.0,0.008184895
3541,H13,DR_20221209_143805,1628.0,0.16179283
3542,H13,DR_20221209_143805,1629.0,0.03509082
3543,H14,DR_20221209_143805,1630.0,0.20466313
3544,H14,DR_20221209_143805,1631.0,-0.0029686918
3545,H14,DR_20221209_143805,1632.0,0.023009136
3546,H14,DR_20221209_143805,1633.0,0.001508254
3547,H14,DR_20221209_143805,1634.0,-0.0028919748
3548,H14,DR_20221209_143805,1635.0,-0.019281607
3549,H14,DR_20221209_143805,1636.0,0.005353789
3550,H14,DR_20221209_143805,1637.0,0.043440573
3551,H14,DR_20221209_143805,1638.0,0.0007329904
3552,H15,DR_20221209_143805,1639.0,-0.0060784747
3553,H15,DR_20221209_143805,1640.0,0.09271181
3554,H15,DR_20221209_143805,1641.0,0.0033424988
3555,H15,DR_20221209_143805,1642.0,-0.0008407308
3556,H15,DR_20221209_143805,1643.0,0.1541661
3557,H15,DR_20221209_143805,1644.0,0.078571595
3558,H15,DR_20221209_143805,1645.0,-0.015010035
3559,H15,DR_20221209_143805,1646.0,0.0056547914
3560,H15,DR_20221209_143805,1647.0,-0.01613019
3561,H16,DR_20221209_143805,1648.0,-0.028004624
3562,H16,DR_20221209_143805,1649.0,0.0070648217
3563,H16,DR_20221209_143805,1650.0,-0.022201363
3564,H16,DR_20221209_143805,1651.0,0.007407451
3565,H16,DR_20221209_143805,1652.0,0.0050279284
3566,H16,DR_20221209_143805,1653.0,0.037611462
3567,H16,DR_20221209_143805,1654.0,0.12628697
3568,H16,DR_20221209_143805,1655.0,0.00878367
3569,H16,DR_20221209_143805,1656.0,0.03776514
3570,H17,DR_20221209_143805,1657.0,-0.0013806976
3571,H17,DR_20221209_143805,1658.0,0.14232434
3572,H17,DR_20221209_143805,1659.0,-0.010127784
3573,H17,DR_20221209_143805,1660.0,0.15475018
3574,H17,DR_20221209_143805,1661.0,0.13455231
3575,H17,DR_20221209_143805,1662.0,0.0030906582
3576,H17,DR_20221209_143805,1663.0,0.001030339
3577,H17,DR_20221209_143805,1664.0,0.014245891
3578,H17,DR_20221209_143805,1665.0,-0.014024724
3579,H18,DR_20221209_143805,1666.0,0.00043558175
3580,H18,DR_20221209_143805,1667.0,0.0028612865
3581,H18,DR_20221209_143805,1668.0,-0.006376073
3582,H18,DR_20221209_143805,1669.0,0.16224527
3583,H18,DR_20221209_143805,1670.0,-0.007986136
3584,H18,DR_20221209_143805,1671.0,0.0020993399
3585,H18,DR_20221209_143805,1672.0,0.21440339
3586,H18,DR_20221209_143805,1673.0,0.021224257
3587,H18,DR_20221209_143805,1674.0,-0.04364451
3588,H19,DR_20221209_143805,1675.0,-0.006753231
3589,H19,DR_20221209_143805,1676.0,0.11801611
3590,H19,DR_20221209_143805,1677.0,-0.001967238
3591,H19,DR_20221209_143805,1678.0,0.09029054
3592,H19,DR_20221209_143805,1679.0,0.007777355
3593,H19,DR_20221209_143805,1680.0,-0.0047757346
3594,H19,DR_20221209_143805,1681.0,0.017601935
3595,H19,DR_20221209_143805,1682.0,0.0014909547
3596,H19,DR_20221209_143805,1683.0,0.0050016996
3597,H20,DR_20221209_143805,1684.0,0.116169475
3598,H20,DR_20221209_143805,1685.0,0.026261097
3599,H20,DR_20221209_143805,1686.0,-0.040869646
3600,H20,DR_20221209_143805,1687.0,0.12042267
3601,H20,DR_20221209_143805,1688.0,0.008653043
3602,H20,DR_20221209_143805,1689.0,0.0065195137
3603,H20,DR_20221209_143805,1690.0,-0.00048637268
3604,H20,DR_20221209_143805,1691.0,-0.006999233
3605,H20,DR_20221209_143805,1692.0,0.00884459
3606,H21,DR_20221209_143805,1693.0,-0.014996916
3607,H21,DR_20221209_143805,1694.0,0.013483664
3608,H21,DR_20221209_143805,1695.0,0.018837178
3609,H21,DR_20221209_143805,1696.0,0.08590778
3610,H21,DR_20221209_143805,1697.0,-0.0028915524
3611,H21,DR_20221209_143805,1698.0,0.008268263
3612,H21,DR_20221209_143805,1699.0,0.0022052198
3613,H21,DR_20221209_143805,1700.0,-0.003870983
3614,H21,DR_20221209_143805,1701.0,-0.055070847
3615,H22,DR_20221209_143805,1702.0,0.16570699
3616,H22,DR_20221209_143805,1703.0,0.12911579
3617,H22,DR_20221209_143805,1704.0,0.021615682
3618,H22,DR_20221209_143805,1705.0,0.022244282
3619,H22,DR_20221209_143805,1706.0,-0.011158163
3620,H22,DR_20221209_143805,1707.0,0.030940432
3621,H22,DR_20221209_143805,1708.0,-0.007497062
3622,H22,DR_20221209_143805,1709.0,0.0023463329
3623,H22,DR_20221209_143805,1710.0,0.0051093055
3660,I03,DR_20221209_143805,1747.0,0.00412586
3661,I03,DR_20221209_143805,1748.0,0.016259382
3662,I03,DR_20221209_143805,1749.0,0.074876584
3663,I03,DR_20221209_143805,1750.0,-0.02916036
3664,I03,DR_20221209_143805,1751.0,0.061086077
3665,I03,DR_20221209_143805,1752.0,0.004526497
3666,I03,DR_20221209_143805,1753.0,0.06780535
3667,I03,DR_20221209_143805,1754.0,0.040906016
3668,I03,DR_20221209_143805,1755.0,-0.026980953
3669,I04,DR_20221209_143805,1756.0,-0.004415508
3670,I04,DR_20221209_143805,1757.0,-0.0066605257
3671,I04,DR_20221209_143805,1758.0,-0.09162473
3672,I04,DR_20221209_143805,1759.0,0.010148694
3673,I04,DR_20221209_143805,1760.0,-0.0046459096
3674,I04,DR_20221209_143805,1761.0,-0.00076589914
3675,I04,DR_20221209_143805,1762.0,0.003797892
3676,I04,DR_20221209_143805,1763.0,0.0022146318
3677,I04,DR_20221209_143805,1764.0,-0.008046547
3678,I05,DR_20221209_143805,1765.0,-0.00500657
3679,I05,DR_20221209_143805,1766.0,0.0006454507
3680,I05,DR_20221209_143805,1767.0,-0.011655066
3681,I05,DR_20221209_143805,1768.0,0.009774037
3682,I05,DR_20221209_143805,1769.0,0.09102129
3683,I05,DR_20221209_143805,1770.0,0.0007828942
3684,I05,DR_20221209_143805,1771.0,0.028343529
3685,I05,DR_20221209_143805,1772.0,0.035469364
3686,I05,DR_20221209_143805,1773.0,0.045305546
3687,I06,DR_20221209_143805,1774.0,-0.0032622733
3688,I06,DR_20221209_143805,1775.0,-0.003829305
3689,I06,DR_20221209_143805,1776.0,0.004316679
3690,I06,DR_20221209_143805,1777.0,0.0043569943
3691,I06,DR_20221209_143805,1778.0,0.009777276
3692,I06,DR_20221209_143805,1779.0,-0.0055304323
3693,I06,DR_20221209_143805,1780.0,-0.014197199
3694,I06,DR_20221209_143805,1781.0,-0.0050205234
3695,I06,DR_20221209_143805,1782.0,0.0076546473
3696,I07,DR_20221209_143805,1783.0,-0.0007417008
3697,I07,DR_20221209_143805,1784.0,0.010665283
3698,I07,DR_20221209_143805,1785.0,-0.021307169
3699,I07,DR_20221209_143805,1786.0,0.0630052
3700,I07,DR_20221209_143805,1787.0,-0.00763368
3701,I07,DR_20221209_143805,1788.0,-0.0025321997
3702,I07,DR_20221209_143805,1789.0,0.0044344077
3703,I07,DR_20221209_143805,1790.0,-0.004180478
3704,I07,DR_20221209_143805,1791.0,0.06096491
3705,I08,DR_20221209_143805,1792.0,0.0004717931
3706,I08,DR_20221209_143805,1793.0,0.0066206562
3707,I08,DR_20221209_143805,1794.0,0.013103489
3708,I08,DR_20221209_143805,1795.0,0.004281608
3709,I08,DR_20221209_143805,1796.0,-0.0066334833
3710,I08,DR_20221209_143805,1797.0,-0.0088613145
3711,I08,DR_20221209_143805,1798.0,-0.009989374
3712,I08,DR_20221209_143805,1799.0,-0.021174267
3713,I08,DR_20221209_143805,1800.0,0.0071693226
3714,I09,DR_20221209_143805,1801.0,-0.0045896843
3715,I09,DR_20221209_143805,1802.0,0.07493018
3716,I09,DR_20221209_143805,1803.0,0.013654728
3717,I09,DR_20221209_143805,1804.0,0.08028779
3718,I09,DR_20221209_143805,1805.0,0.09118493
3719,I09,DR_20221209_143805,1806.0,0.08551428
3720,I09,DR_20221209_143805,1807.0,0.011413342
3721,I09,DR_20221209_143805,1808.0,0.043750107
3722,I09,DR_20221209_143805,1809.0,0.15446748
3723,I10,DR_20221209_143805,1810.0,-0.012415507
3724,I10,DR_20221209_143805,1811.0,-0.01121153
3725,I10,DR_20221209_143805,1812.0,-0.002452048
3726,I10,DR_20221209_143805,1813.0,0.00018594194
3727,I10,DR_20221209_143805,1814.0,-0.029624544
3728,I10,DR_20221209_143805,1815.0,-0.0023032713
3729,I10,DR_20221209_143805,1816.0,-5.0157207e-05
3730,I10,DR_20221209_143805,1817.0,0.0032557424
3731,I10,DR_20221209_143805,1818.0,-0.021108652
3732,I11,DR_20221209_143805,1819.0,-5.2583742e-05
3733,I11,DR_20221209_143805,1820.0,0.040363826
3734,I11,DR_20221209_143805,1821.0,-0.011068301
3735,I11,DR_20221209_143805,1822.0,0.10018211
3736,I11,DR_20221209_143805,1823.0,0.071882755
3737,I11,DR_20221209_143805,1824.0,-0.00452774
3738,I11,DR_20221209_143805,1825.0,0.0037930924
3739,I11,DR_20221209_143805,1826.0,-0.004068984
3740,I11,DR_20221209_143805,1827.0,-0.0011936289
3741,I12,DR_20221209_143805,1828.0,0.05078216
3742,I12,DR_20221209_143805,1829.0,-0.0005797709
3743,I12,DR_20221209_143805,1830.0,0.010720322
3744,I12,DR_20221209_143805,1831.0,0.00046300486
3745,I12,DR_20221209_143805,1832.0,0.0996428
3746,I12,DR_20221209_143805,1833.0,0.0034680078
3747,I12,DR_20221209_143805,1834.0,0.0060567395
3748,I12,DR_20221209_143805,1835.0,0.004529507
3749,I12,DR_20221209_143805,1836.0,0.0003533924
3750,I13,DR_20221209_143805,1837.0,-0.0052616657
3751,I13,DR_20221209_143805,1838.0,-0.0020794033
3752,I13,DR_20221209_143805,1839.0,0.007573759
3753,I13,DR_20221209_143805,1840.0,-0.033124894
3754,I13,DR_20221209_143805,1841.0,-0.0047406484
3755,I13,DR_20221209_143805,1842.0,0.07819842
3756,I13,DR_20221209_143805,1843.0,-0.014048399
3757,I13,DR_20221209_143805,1844.0,0.16315904
3758,I13,DR_20221209_143805,1845.0,-0.0134475725
3759,I14,DR_20221209_143805,1846.0,0.058379475
3760,I14,DR_20221209_143805,1847.0,0.075181864
3761,I14,DR_20221209_143805,1848.0,-0.022592753
3762,I14,DR_20221209_143805,1849.0,0.025909532
3763,I14,DR_20221209_143805,1850.0,0.01366515
3764,I14,DR_20221209_143805,1851.0,0.0019035634
3765,I14,DR_20221209_143805,1852.0,0.2384702
3766,I14,DR_20221209_143805,1853.0,-0.035337806
3767,I14,DR_20221209_143805,1854.0,0.09111778
3768,I15,DR_20221209_143805,1855.0,-0.010684387
3769,I15,DR_20221209_143805,1856.0,0.008854613
3770,I15,DR_20221209_143805,1857.0,0.06801387
3771,I15,DR_20221209_143805,1858.0,-0.05201172
3772,I15,DR_20221209_143805,1859.0,0.18455155
3773,I15,DR_20221209_143805,1860.0,0.12250315
3774,I15,DR_20221209_143805,1861.0,-0.021088906
3775,I15,DR_20221209_143805,1862.0,-0.016037025
3776,I15,DR_20221209_143805,1863.0,-0.024389917
3777,I16,DR_20221209_143805,1864.0,0.018034609
3778,I16,DR_20221209_143805,1865.0,0.0020076619
3779,I16,DR_20221209_143805,1866.0,-0.0014447462
3780,I16,DR_20221209_143805,1867.0,0.20991322
3781,I16,DR_20221209_143805,1868.0,0.17615083
3782,I16,DR_20221209_143805,1869.0,0.09009608
3783,I16,DR_20221209_143805,1870.0,-0.026094781
3784,I16,DR_20221209_143805,1871.0,-0.0010464102
3785,I16,DR_20221209_143805,1872.0,-0.004477708
3786,I17,DR_20221209_143805,1873.0,0.04348733
3787,I17,DR_20221209_143805,1874.0,0.016077224
3788,I17,DR_20221209_143805,1875.0,0.08706722
3789,I17,DR_20221209_143805,1876.0,0.0836207
3790,I17,DR_20221209_143805,1877.0,0.028848272
3791,I17,DR_20221209_143805,1878.0,-0.00091934664
3792,I17,DR_20221209_143805,1879.0,0.0070788926
3793,I17,DR_20221209_143805,1880.0,-0.017150426
3794,I17,DR_20221209_143805,1881.0,-0.0029079823
3795,I18,DR_20221209_143805,1882.0,0.03549289
3796,I18,DR_20221209_143805,1883.0,0.0350064
3797,I18,DR_20221209_143805,1884.0,0.0021539798
3798,I18,DR_20221209_143805,1885.0,0.012637777
3799,I18,DR_20221209_143805,1886.0,0.074350506
3800,I18,DR_20221209_143805,1887.0,0.011122366
3801,I18,DR_20221209_143805,1888.0,0.0005298017
3802,I18,DR_20221209_143805,1889.0,0.0378612
3803,I18,DR_20221209_143805,1890.0,0.0008913367
3804,I19,DR_20221209_143805,1891.0,0.084599204
3805,I19,DR_20221209_143805,1892.0,0.10042211
3806,I19,DR_20221209_143805,1893.0,0.00786712
3807,I19,DR_20221209_143805,1894.0,0.09541483
3808,I19,DR_20221209_143805,1895.0,0.06378205
3809,I19,DR_20221209_143805,1896.0,0.013968994
3810,I19,DR_20221209_143805,1897.0,0.0028803984
3811,I19,DR_20221209_143805,1898.0,0.02954037
3812,I19,DR_20221209_143805,1899.0,-0.0037485051
3813,I20,DR_20221209_143805,1900.0,0.017590476
3814,I20,DR_20221209_143805,1901.0,0.093920484
3815,I20,DR_20221209_143805,1902.0,0.07839684
3816,I20,DR_20221209_143805,1903.0,0.008009911
3817,I20,DR_20221209_143805,1904.0,-0.010442877
3818,I20,DR_20221209_143805,1905.0,-0.015498296
3819,I20,DR_20221209_143805,1906.0,-0.007466441
3820,I20,DR_20221209_143805,1907.0,0.0017111321
3821,I20,DR_20221209_143805,1908.0,-0.0032876884
3822,I21,DR_20221209_143805,1909.0,0.20374389
3823,I21,DR_20221209_143805,1910.0,-0.001436687
3824,I21,DR_20221209_143805,1911.0,0.0012273862
3825,I21,DR_20221209_143805,1912.0,0.02995835
3826,I21,DR_20221209_143805,1913.0,0.07800095
3827,I21,DR_20221209_143805,1914.0,0.021796022
3828,I21,DR_20221209_143805,1915.0,0.0026231112
3829,I21,DR_20221209_143805,1916.0,-0.007419299
3830,I21,DR_20221209_143805,1917.0,-0.0007408477
3831,I22,DR_20221209_143805,1918.0,0.083580926
3832,I22,DR_20221209_143805,1919.0,0.16195382
3833,I22,DR_20221209_143805,1920.0,0.4102438
3834,I22,DR_20221209_143805,1921.0,-0.020877756
3835,I22,DR_20221209_143805,1922.0,0.06270073
3836,I22,DR_20221209_143805,1923.0,0.02825323
3837,I22,DR_20221209_143805,1924.0,0.004058043
3838,I22,DR_20221209_143805,1925.0,0.006295585
3839,I22,DR_20221209_143805,1926.0,-0.029433906
3876,J03,DR_20221209_143805,1963.0,0.06539871
3877,J03,DR_20221209_143805,1964.0,-0.004663592
3878,J03,DR_20221209_143805,1965.0,-0.023560379
3879,J03,DR_20221209_143805,1966.0,-0.002265382
3880,J03,DR_20221209_143805,1967.0,-0.0029804413
3881,J03,DR_20221209_143805,1968.0,0.009207543
3882,J03,DR_20221209_143805,1969.0,-0.019820856
3883,J03,DR_20221209_143805,1970.0,0.011491196
3884,J04,DR_20221209_143805,1971.0,-0.0066628405
3885,J04,DR_20221209_143805,1972.0,0.005624685
3886,J04,DR_20221209_143805,1973.0,0.07141543
3887,J04,DR_20221209_143805,1974.0,0.0026480798
3888,J04,DR_20221209_143805,1975.0,0.014763285
3889,J04,DR_20221209_143805,1976.0,0.0078385165
3890,J04,DR_20221209_143805,1977.0,-0.020976461
3891,J04,DR_20221209_143805,1978.0,0.0057637114
3892,J04,DR_20221209_143805,1979.0,0.0076616723
3893,J05,DR_20221209_143805,1980.0,-0.006483186
3894,J05,DR_20221209_143805,1981.0,-0.00833998
3895,J05,DR_20221209_143805,1982.0,0.010981931
3896,J05,DR_20221209_143805,1983.0,0.16249754
3897,J05,DR_20221209_143805,1984.0,0.005118583
3898,J05,DR_20221209_143805,1985.0,0.00917735
3899,J05,DR_20221209_143805,1986.0,-0.0052176383
3900,J05,DR_20221209_143805,1987.0,-0.0011777296
3901,J05,DR_20221209_143805,1988.0,0.01744119
3902,J06,DR_20221209_143805,1989.0,0.002672261
3903,J06,DR_20221209_143805,1990.0,0.004209517
3904,J06,DR_20221209_143805,1991.0,-0.0040720915
3905,J06,DR_20221209_143805,1992.0,0.008623227
3906,J06,DR_20221209_143805,1993.0,0.010598941
3907,J06,DR_20221209_143805,1994.0,0.004408002
3908,J06,DR_20221209_143805,1995.0,0.020936029
3909,J06,DR_20221209_143805,1996.0,0.014259606
3910,J06,DR_20221209_143805,1997.0,0.006451584
3911,J07,DR_20221209_143805,1998.0,0.0151120545
3912,J07,DR_20221209_143805,1999.0,0.033750746
3913,J07,DR_20221209_143805,2000.0,0.008238313
3914,J07,DR_20221209_143805,2001.0,0.019830322
3915,J07,DR_20221209_143805,2002.0,0.0003800465
3916,J07,DR_20221209_143805,2003.0,-0.016180506
3917,J07,DR_20221209_143805,2004.0,-0.012443339
3918,J07,DR_20221209_143805,2005.0,0.0037353116
3919,J07,DR_20221209_143805,2006.0,0.011036444
3920,J08,DR_20221209_143805,2007.0,0.0011382658
3921,J08,DR_20221209_143805,2008.0,0.018570367
3922,J08,DR_20221209_143805,2009.0,0.16657388
3923,J08,DR_20221209_143805,2010.0,-0.0076268804
3924,J08,DR_20221209_143805,2011.0,0.011120515
3925,J08,DR_20221209_143805,2012.0,0.013942245
3926,J08,DR_20221209_143805,2013.0,-0.05698894
3927,J08,DR_20221209_143805,2014.0,0.017365074
3928,J08,DR_20221209_143805,2015.0,-0.013371027
3929,J09,DR_20221209_143805,2016.0,0.0060625197
3930,J09,DR_20221209_143805,2017.0,0.02771098
3931,J09,DR_20221209_143805,2018.0,0.010783475
3932,J09,DR_20221209_143805,2019.0,0.059454024
3933,J09,DR_20221209_143805,2020.0,0.11147629
3934,J09,DR_20221209_143805,2021.0,0.0040995455
3935,J09,DR_20221209_143805,2022.0,0.005367637
3936,J09,DR_20221209_143805,2023.0,0.0049819183
3937,J09,DR_20221209_143805,2024.0,-0.011775968
3938,J10,DR_20221209_143805,2025.0,0.005428371
3939,J10,DR_20221209_143805,2026.0,0.015690109
3940,J10,DR_20221209_143805,2027.0,-0.058025166
3941,J10,DR_20221209_143805,2028.0,-0.017893173
3942,J10,DR_20221209_143805,2029.0,-8.549892e-05
3943,J10,DR_20221209_143805,2030.0,-0.028426394
3944,J10,DR_20221209_143805,2031.0,-0.0004051412
3945,J10,DR_20221209_143805,2032.0,-0.0040603816
3946,J10,DR_20221209_143805,2033.0,-0.024470827
3947,J11,DR_20221209_143805,2034.0,-0.012239626
3948,J11,DR_20221209_143805,2035.0,0.09737366
3949,J11,DR_20221209_143805,2036.0,-0.0011123039
3950,J11,DR_20221209_143805,2037.0,0.10863328
3951,J11,DR_20221209_143805,2038.0,0.03319121
3952,J11,DR_20221209_143805,2039.0,0.013513353
3953,J11,DR_20221209_143805,2040.0,-0.0005480889
3954,J11,DR_20221209_143805,2041.0,-0.009679823
3955,J11,DR_20221209_143805,2042.0,0.055237517
3956,J12,DR_20221209_143805,2043.0,-0.018343264
3957,J12,DR_20221209_143805,2044.0,0.0075351316
3958,J12,DR_20221209_143805,2045.0,-0.003984371
3959,J12,DR_20221209_143805,2046.0,0.02745329
3960,J12,DR_20221209_143805,2047.0,0.09579655
3961,J12,DR_20221209_143805,2048.0,0.042943418
3962,J12,DR_20221209_143805,2049.0,-0.074845515
3963,J12,DR_20221209_143805,2050.0,0.009762188
3964,J12,DR_20221209_143805,2051.0,0.0040800795
3965,J13,DR_20221209_143805,2052.0,-0.000468107
3966,J13,DR_20221209_143805,2053.0,0.001924337
3967,J13,DR_20221209_143805,2054.0,0.009171358
3968,J13,DR_20221209_143805,2055.0,0.09841401
3969,J13,DR_20221209_143805,2056.0,0.02976908
3970,J13,DR_20221209_143805,2057.0,0.19486514
3971,J13,DR_20221209_143805,2058.0,0.023363108
3972,J13,DR_20221209_143805,2059.0,-0.003417434
3973,J13,DR_20221209_143805,2060.0,-0.05821022
3974,J14,DR_20221209_143805,2061.0,0.16494872
3975,J14,DR_20221209_143805,2062.0,-0.018803835
3976,J14,DR_20221209_143805,2063.0,-0.024308419
3977,J14,DR_20221209_143805,2064.0,0.19659865
3978,J14,DR_20221209_143805,2065.0,0.07885528
3979,J14,DR_20221209_143805,2066.0,0.02311406
3980,J14,DR_20221209_143805,2067.0,0.014966503
3981,J14,DR_20221209_143805,2068.0,0.054361973
3982,J14,DR_20221209_143805,2069.0,-0.008961442
3983,J15,DR_20221209_143805,2070.0,0.008556631
3984,J15,DR_20221209_143805,2071.0,-0.092135236
3985,J15,DR_20221209_143805,2072.0,0.028777223
3986,J15,DR_20221209_143805,2073.0,0.033167537
3987,J15,DR_20221209_143805,2074.0,0.1394345
3988,J15,DR_20221209_143805,2075.0,0.18688078
3989,J15,DR_20221209_143805,2076.0,0.14078107
3990,J15,DR_20221209_143805,2077.0,0.0118864
3991,J15,DR_20221209_143805,2078.0,-0.024211448
3992,J16,DR_20221209_143805,2079.0,-0.010399429
3993,J16,DR_20221209_143805,2080.0,-0.0073595745
3994,J16,DR_20221209_143805,2081.0,0.03383212
3995,J16,DR_20221209_143805,2082.0,0.13785182
3996,J16,DR_20221209_143805,2083.0,0.2657821
3997,J16,DR_20221209_143805,2084.0,0.004347895
3998,J16,DR_20221209_143805,2085.0,0.17965323
3999,J16,DR_20221209_143805,2086.0,0.019758008
4000,J16,DR_20221209_143805,2087.0,0.1175578
4001,J17,DR_20221209_143805,2088.0,-0.05880638
4002,J17,DR_20221209_143805,2089.0,0.17213456
4003,J17,DR_20221209_143805,2090.0,-0.014241499
4004,J17,DR_20221209_143805,2091.0,0.068760626
4005,J17,DR_20221209_143805,2092.0,0.073976874
4006,J17,DR_20221209_143805,2093.0,0.025756327
4007,J17,DR_20221209_143805,2094.0,0.0068805004
4008,J17,DR_20221209_143805,2095.0,0.11054487
4009,J17,DR_20221209_143805,2096.0,0.0030606398
4010,J18,DR_20221209_143805,2097.0,0.004634962
4011,J18,DR_20221209_143805,2098.0,0.002657413
4012,J18,DR_20221209_143805,2099.0,0.008003891
4013,J18,DR_20221209_143805,2100.0,0.010653369
4014,J18,DR_20221209_143805,2101.0,-0.014242558
4015,J18,DR_20221209_143805,2102.0,-0.01232443
4016,J18,DR_20221209_143805,2103.0,0.0026446914
4017,J18,DR_20221209_143805,2104.0,-0.011673285
4018,J18,DR_20221209_143805,2105.0,0.01609115
4019,J19,DR_20221209_143805,2106.0,0.018298097
4020,J19,DR_20221209_143805,2107.0,-0.0045596194
4021,J19,DR_20221209_143805,2108.0,0.00041244875
4022,J19,DR_20221209_143805,2109.0,0.0018829056
4023,J19,DR_20221209_143805,2110.0,-0.0007935636
4024,J19,DR_20221209_143805,2111.0,0.00094081677
4025,J19,DR_20221209_143805,2112.0,0.017188383
4026,J19,DR_20221209_143805,2113.0,-0.0016137583
4027,J19,DR_20221209_143805,2114.0,0.010661977
4028,J20,DR_20221209_143805,2115.0,0.001333393
4029,J20,DR_20221209_143805,2116.0,0.013382275
4030,J20,DR_20221209_143805,2117.0,0.0014228477
4031,J20,DR_20221209_143805,2118.0,-0.0036085523
4032,J20,DR_20221209_143805,2119.0,0.08205086
4033,J20,DR_20221209_143805,2120.0,0.020677747
4034,J20,DR_20221209_143805,2121.0,0.27433652
4035,J20,DR_20221209_143805,2122.0,0.006594833
4036,J20,DR_20221209_143805,2123.0,-0.02934287
4037,J21,DR_20221209_143805,2124.0,0.01268149
4038,J21,DR_20221209_143805,2125.0,0.0045032934
4039,J21,DR_20221209_143805,2126.0,-0.032677043
4040,J21,DR_20221209_143805,2127.0,0.0025217969
4041,J21,DR_20221209_143805,2128.0,-0.0047792285
4042,J21,DR_20221209_143805,2129.0,-0.0008743405
4043,J21,DR_20221209_143805,2130.0,0.009871533
4044,J21,DR_20221209_143805,2131.0,-0.008333338
4045,J21,DR_20221209_143805,2132.0,-0.02347214
4046,J22,DR_20221209_143805,2133.0,0.12592341
4047,J22,DR_20221209_143805,2134.0,-0.0048404466
4048,J22,DR_20221209_143805,2135.0,0.049190365
4049,J22,DR_20221209_143805,2136.0,-0.0075393133
4050,J22,DR_20221209_143805,2137.0,0.015319131
4051,J22,DR_20221209_143805,2138.0,0.016128466
4052,J22,DR_20221209_143805,2139.0,-0.01144263
4053,J22,DR_20221209_143805,2140.0,0.021563504
4054,J22,DR_20221209_143805,2141.0,0.07064108
4091,K04,DR_20221209_143805,2187.0,0.0076482417
4092,K04,DR_20221209_143805,2188.0,-0.0027163883
4093,K04,DR_20221209_143805,2189.0,-0.046469573
4094,K04,DR_20221209_143805,2190.0,0.003800093
4095,K04,DR_20221209_143805,2191.0,0.08736384
4096,K04,DR_20221209_143805,2192.0,-0.0058342298
4097,K04,DR_20221209_143805,2193.0,0.1027274
4098,K04,DR_20221209_143805,2194.0,0.01577126
4099,K04,DR_20221209_143805,2195.0,0.08203819
4100,K05,DR_20221209_143805,2196.0,-0.0063038166
4101,K05,DR_20221209_143805,2197.0,-0.016036417
4102,K05,DR_20221209_143805,2198.0,-0.0111440085
4103,K05,DR_20221209_143805,2199.0,0.07257174
4104,K05,DR_20221209_143805,2200.0,-0.0004804987
4105,K05,DR_20221209_143805,2201.0,-0.0137396585
4106,K05,DR_20221209_143805,2202.0,-0.013952212
4107,K05,DR_20221209_143805,2203.0,0.037667934
4108,K05,DR_20221209_143805,2204.0,-0.018899655
4109,K06,DR_20221209_143805,2205.0,0.026193708
4110,K06,DR_20221209_143805,2206.0,-0.00039176363
4111,K06,DR_20221209_143805,2207.0,0.0039573344
4112,K06,DR_20221209_143805,2208.0,-0.0117066465
4113,K06,DR_20221209_143805,2209.0,-0.00867719
4114,K06,DR_20221209_143805,2210.0,-0.0024121355
4115,K06,DR_20221209_143805,2211.0,0.007013401
4116,K06,DR_20221209_143805,2212.0,0.0129213305
4117,K06,DR_20221209_143805,2213.0,-0.005646293
4118,K07,DR_20221209_143805,2214.0,0.024972653
4119,K07,DR_20221209_143805,2215.0,-0.040602826
4120,K07,DR_20221209_143805,2216.0,0.18021794
4121,K07,DR_20221209_143805,2217.0,0.10015454
4122,K07,DR_20221209_143805,2218.0,-0.0083072325
4123,K07,DR_20221209_143805,2219.0,0.06270066
4124,K07,DR_20221209_143805,2220.0,0.05940807
4125,K07,DR_20221209_143805,2221.0,0.009699154
4126,K07,DR_20221209_143805,2222.0,-0.0107833
4127,K08,DR_20221209_143805,2223.0,0.18190205
4128,K08,DR_20221209_143805,2224.0,0.13451524
4129,K08,DR_20221209_143805,2225.0,0.0056245523
4130,K08,DR_20221209_143805,2226.0,0.12473678
4131,K08,DR_20221209_143805,2227.0,0.08340004
4132,K08,DR_20221209_143805,2228.0,0.013938269
4133,K08,DR_20221209_143805,2229.0,-0.0017413615
4134,K08,DR_20221209_143805,2230.0,0.010197244
4135,K08,DR_20221209_143805,2231.0,-0.004056025
4136,K09,DR_20221209_143805,2232.0,0.00069687754
4137,K09,DR_20221209_143805,2233.0,0.033413686
4138,K09,DR_20221209_143805,2234.0,-0.001344378
4139,K09,DR_20221209_143805,2235.0,0.0780905
4140,K09,DR_20221209_143805,2236.0,0.1189553
4141,K09,DR_20221209_143805,2237.0,0.07517691
4142,K09,DR_20221209_143805,2238.0,-0.0032534765
4143,K09,DR_20221209_143805,2239.0,0.013965559
4144,K09,DR_20221209_143805,2240.0,-0.013968057
4145,K10,DR_20221209_143805,2241.0,0.2005923
4146,K10,DR_20221209_143805,2242.0,0.10112768
4147,K10,DR_20221209_143805,2243.0,0.025689505
4148,K10,DR_20221209_143805,2244.0,-0.01060517
4149,K10,DR_20221209_143805,2245.0,0.10576245
4150,K10,DR_20221209_143805,2246.0,0.04307587
4151,K10,DR_20221209_143805,2247.0,0.113883495
4152,K10,DR_20221209_143805,2248.0,0.13213176
4153,K10,DR_20221209_143805,2249.0,-0.020973034
4154,K11,DR_20221209_143805,2250.0,-0.0024385124
4155,K11,DR_20221209_143805,2251.0,0.08560392
4156,K11,DR_20221209_143805,2252.0,0.044594802
4157,K11,DR_20221209_143805,2253.0,0.02253527
4158,K11,DR_20221209_143805,2254.0,-0.004162315
4159,K11,DR_20221209_143805,2255.0,0.09839326
4160,K11,DR_20221209_143805,2256.0,0.10923288
4161,K11,DR_20221209_143805,2257.0,0.06611774
4162,K11,DR_20221209_143805,2258.0,0.009371962
4163,K12,DR_20221209_143805,2259.0,0.0050083
4164,K12,DR_20221209_143805,2260.0,0.03151076
4165,K12,DR_20221209_143805,2261.0,0.14684677
4166,K12,DR_20221209_143805,2262.0,0.14494242
4167,K12,DR_20221209_143805,2263.0,0.109301835
4168,K12,DR_20221209_143805,2264.0,0.08370585
4169,K12,DR_20221209_143805,2265.0,0.042333513
4170,K12,DR_20221209_143805,2266.0,-0.0011119319
4171,K12,DR_20221209_143805,2267.0,0.087147556
4172,K14,DR_20221209_143805,2277.0,-0.017459657
4173,K14,DR_20221209_143805,2278.0,0.15709741
4174,K14,DR_20221209_143805,2279.0,0.00014573941
4175,K14,DR_20221209_143805,2280.0,0.025625529
4176,K14,DR_20221209_143805,2281.0,0.10339251
4177,K14,DR_20221209_143805,2282.0,0.06801954
4178,K14,DR_20221209_143805,2283.0,0.016768796
4179,K14,DR_20221209_143805,2284.0,-0.011096004
4180,K14,DR_20221209_143805,2285.0,0.09889244
4181,K18,DR_20221209_143805,2313.0,0.06825824
4182,K18,DR_20221209_143805,2314.0,-0.04967945
4183,K18,DR_20221209_143805,2315.0,0.03993095
4184,K18,DR_20221209_143805,2316.0,0.13650876
4185,K18,DR_20221209_143805,2317.0,0.34399638
4186,K18,DR_20221209_143805,2318.0,0.17627555
4187,K18,DR_20221209_143805,2319.0,0.15895057
4188,K18,DR_20221209_143805,2320.0,0.027731609
4189,K18,DR_20221209_143805,2321.0,0.26790127
4190,K19,DR_20221209_143805,2322.0,-0.029245296
4191,K19,DR_20221209_143805,2323.0,0.003014698
4192,K19,DR_20221209_143805,2324.0,0.01026067
4193,K19,DR_20221209_143805,2325.0,0.13266568
4194,K19,DR_20221209_143805,2326.0,0.20976035
4195,K19,DR_20221209_143805,2327.0,0.01914841
4196,K19,DR_20221209_143805,2328.0,-0.010510624
4197,K19,DR_20221209_143805,2329.0,0.0035338132
4198,K19,DR_20221209_143805,2330.0,0.076961614
4199,K20,DR_20221209_143805,2331.0,0.009687519
4200,K20,DR_20221209_143805,2332.0,0.0075507727
4201,K20,DR_20221209_143805,2333.0,-0.009538611
4202,K20,DR_20221209_143805,2334.0,0.0031156123
4203,K20,DR_20221209_143805,2335.0,0.005479075
4204,K20,DR_20221209_143805,2336.0,0.0067556025
4205,K20,DR_20221209_143805,2337.0,-0.0043370044
4206,K20,DR_20221209_143805,2338.0,0.01291171
4207,K20,DR_20221209_143805,2339.0,-0.0069028246
4208,K21,DR_20221209_143805,2340.0,0.17545818
4209,K21,DR_20221209_143805,2341.0,0.005711106
4210,K21,DR_20221209_143805,2342.0,-0.005193858
4211,K21,DR_20221209_143805,2343.0,0.00073103124
4212,K21,DR_20221209_143805,2344.0,-0.003923271
4213,K21,DR_20221209_143805,2345.0,0.10356805
4214,K21,DR_20221209_143805,2346.0,-0.0038068402
4215,K21,DR_20221209_143805,2347.0,0.00068815093
4216,K21,DR_20221209_143805,2348.0,0.0022967157
4217,K22,DR_20221209_143805,2349.0,-0.046908893
4218,K22,DR_20221209_143805,2350.0,0.18179746
4219,K22,DR_20221209_143805,2351.0,0.015155821
4220,K22,DR_20221209_143805,2352.0,0.006031181
4221,K22,DR_20221209_143805,2353.0,0.06455634
4222,K22,DR_20221209_143805,2354.0,0.15291448
4223,K22,DR_20221209_143805,2355.0,-0.01942313
4224,K22,DR_20221209_143805,2356.0,0.13914195
4225,K22,DR_20221209_143805,2357.0,0.16250613
4262,L04,DR_20221209_143805,2403.0,-0.0027821076
4263,L04,DR_20221209_143805,2404.0,0.1743114
4264,L04,DR_20221209_143805,2405.0,0.019233929
4265,L04,DR_20221209_143805,2406.0,-0.009261111
4266,L04,DR_20221209_143805,2407.0,-0.0008433258
4267,L04,DR_20221209_143805,2408.0,0.007455159
4268,L04,DR_20221209_143805,2409.0,0.2576754
4269,L04,DR_20221209_143805,2410.0,0.00082176464
4270,L04,DR_20221209_143805,2411.0,0.01541727
4271,L05,DR_20221209_143805,2412.0,-0.019494025
4272,L05,DR_20221209_143805,2413.0,0.0074816956
4273,L05,DR_20221209_143805,2414.0,0.016706992
4274,L05,DR_20221209_143805,2415.0,0.009030473
4275,L05,DR_20221209_143805,2416.0,0.0021650672
4276,L05,DR_20221209_143805,2417.0,0.014397952
4277,L05,DR_20221209_143805,2418.0,0.0023094448
4278,L05,DR_20221209_143805,2419.0,0.0014047388
4279,L05,DR_20221209_143805,2420.0,0.0259934
4280,L06,DR_20221209_143805,2421.0,-0.0062594675
4281,L06,DR_20221209_143805,2422.0,-0.0035099876
4282,L06,DR_20221209_143805,2423.0,-0.00012958456
4283,L06,DR_20221209_143805,2424.0,-0.008578144
4284,L06,DR_20221209_143805,2425.0,0.041950457
4285,L06,DR_20221209_143805,2426.0,0.00016365903
4286,L06,DR_20221209_143805,2427.0,-0.016186953
4287,L06,DR_20221209_143805,2428.0,0.0018481187
4288,L06,DR_20221209_143805,2429.0,0.022823127
4289,L07,DR_20221209_143805,2430.0,0.071141474
4290,L07,DR_20221209_143805,2431.0,0.09338403
4291,L07,DR_20221209_143805,2432.0,-0.055080354
4292,L07,DR_20221209_143805,2433.0,0.039556514
4293,L07,DR_20221209_143805,2434.0,0.12688337
4294,L07,DR_20221209_143805,2435.0,-0.001529978
4295,L07,DR_20221209_143805,2436.0,0.0074364482
4296,L07,DR_20221209_143805,2437.0,0.041960366
4297,L07,DR_20221209_143805,2438.0,0.044071365
4298,L08,DR_20221209_143805,2439.0,-0.00030693732
4299,L08,DR_20221209_143805,2440.0,-0.0020615994
4300,L08,DR_20221209_143805,2441.0,0.0006371978
4301,L08,DR_20221209_143805,2442.0,0.23823237
4302,L08,DR_20221209_143805,2443.0,0.035259254
4303,L08,DR_20221209_143805,2444.0,-0.0014339098
4304,L08,DR_20221209_143805,2445.0,0.00087378157
4305,L08,DR_20221209_143805,2446.0,0.080398835
4306,L08,DR_20221209_143805,2447.0,0.0091177635
4307,L09,DR_20221209_143805,2448.0,0.25323784
4308,L09,DR_20221209_143805,2449.0,-0.009164035
4309,L09,DR_20221209_143805,2450.0,0.14518227
4310,L09,DR_20221209_143805,2451.0,0.03633628
4311,L09,DR_20221209_143805,2452.0,-0.013330116
4312,L09,DR_20221209_143805,2453.0,-0.0017663444
4313,L09,DR_20221209_143805,2454.0,0.011158677
4314,L09,DR_20221209_143805,2455.0,0.0016652519
4315,L09,DR_20221209_143805,2456.0,-0.01658862
4316,L10,DR_20221209_143805,2457.0,0.016095808
4317,L10,DR_20221209_143805,2458.0,0.0032584108
4318,L10,DR_20221209_143805,2459.0,-0.008355716
4319,L10,DR_20221209_143805,2460.0,0.0028226175
4320,L10,DR_20221209_143805,2461.0,0.098288804
4321,L10,DR_20221209_143805,2462.0,0.0003008918
4322,L10,DR_20221209_143805,2463.0,0.022740262
4323,L10,DR_20221209_143805,2464.0,0.012739481
4324,L10,DR_20221209_143805,2465.0,-0.0087042395
4325,L11,DR_20221209_143805,2466.0,0.14650196
4326,L11,DR_20221209_143805,2467.0,0.14606225
4327,L11,DR_20221209_143805,2468.0,-0.017573634
4328,L11,DR_20221209_143805,2469.0,0.016682575
4329,L11,DR_20221209_143805,2470.0,0.199924
4330,L11,DR_20221209_143805,2471.0,0.20797192
4331,L11,DR_20221209_143805,2472.0,0.022194052
4332,L11,DR_20221209_143805,2473.0,0.008450861
4333,L11,DR_20221209_143805,2474.0,0.09821326
4334,L12,DR_20221209_143805,2475.0,0.060585625
4335,L12,DR_20221209_143805,2476.0,0.008014064
4336,L12,DR_20221209_143805,2477.0,0.009323036
4337,L12,DR_20221209_143805,2478.0,0.14825264
4338,L12,DR_20221209_143805,2479.0,0.011674923
4339,L12,DR_20221209_143805,2480.0,-0.009513455
4340,L12,DR_20221209_143805,2481.0,0.0058646714
4341,L12,DR_20221209_143805,2482.0,0.018126288
4342,L12,DR_20221209_143805,2483.0,-0.01447843
4343,L13,DR_20221209_143805,2484.0,0.07038198
4344,L13,DR_20221209_143805,2485.0,0.1717765
4345,L13,DR_20221209_143805,2486.0,-0.02667427
4346,L13,DR_20221209_143805,2487.0,-0.014381156
4347,L13,DR_20221209_143805,2488.0,0.004832771
4348,L13,DR_20221209_143805,2489.0,-0.0014726882
4349,L13,DR_20221209_143805,2490.0,-0.0049105003
4350,L13,DR_20221209_143805,2491.0,0.06648345
4351,L13,DR_20221209_143805,2492.0,-0.0033974594
4352,L18,DR_20221209_143805,2529.0,-0.023771016
4353,L18,DR_20221209_143805,2530.0,0.06629737
4354,L18,DR_20221209_143805,2531.0,0.018529551
4355,L18,DR_20221209_143805,2532.0,-0.013339639
4356,L18,DR_20221209_143805,2533.0,0.19146475
4357,L18,DR_20221209_143805,2534.0,-0.0061487514
4358,L18,DR_20221209_143805,2535.0,-6.7651315e-05
4359,L18,DR_20221209_143805,2536.0,0.016608763
4360,L18,DR_20221209_143805,2537.0,-0.038765755
4361,L19,DR_20221209_143805,2538.0,-0.050618142
4362,L19,DR_20221209_143805,2539.0,0.013686027
4363,L19,DR_20221209_143805,2540.0,0.10669472
4364,L19,DR_20221209_143805,2541.0,-0.03187723
4365,L19,DR_20221209_143805,2542.0,0.06549176
4366,L19,DR_20221209_143805,2543.0,0.08022915
4367,L19,DR_20221209_143805,2544.0,0.0030859874
4368,L19,DR_20221209_143805,2545.0,0.010348867
4369,L19,DR_20221209_143805,2546.0,-0.013112007
4370,L22,DR_20221209_143805,2565.0,0.0092250295
4371,L22,DR_20221209_143805,2566.0,-0.0049685086
4372,L22,DR_20221209_143805,2567.0,0.5396145
4373,L22,DR_20221209_143805,2568.0,0.02451386
4374,L22,DR_20221209_143805,2569.0,0.009289814
4375,L22,DR_20221209_143805,2570.0,0.09476738
4376,L22,DR_20221209_143805,2571.0,-0.014741528
4377,L22,DR_20221209_143805,2572.0,-0.008566783
4378,L22,DR_20221209_143805,2573.0,0.044471905
4415,M03,DR_20221209_143805,2610.0,0.0020845346
4416,M03,DR_20221209_143805,2611.0,0.012997864
4417,M03,DR_20221209_143805,2612.0,0.051820047
4418,M03,DR_20221209_143805,2613.0,0.014033215
4419,M03,DR_20221209_143805,2614.0,0.00020072696
4420,M03,DR_20221209_143805,2615.0,-0.044910576
4421,M03,DR_20221209_143805,2616.0,0.006121697
4422,M03,DR_20221209_143805,2617.0,0.0021165635
4423,M03,DR_20221209_143805,2618.0,-0.00025384105
4424,M04,DR_20221209_143805,2619.0,0.0015208387
4425,M04,DR_20221209_143805,2620.0,-0.0022822723
4426,M04,DR_20221209_143805,2621.0,-0.002750224
4427,M04,DR_20221209_143805,2622.0,-0.00086056784
4428,M04,DR_20221209_143805,2623.0,-0.009615047
4429,M04,DR_20221209_143805,2624.0,0.0019970655
4430,M04,DR_20221209_143805,2625.0,-0.0033043704
4431,M04,DR_20221209_143805,2626.0,0.007782268
4432,M04,DR_20221209_143805,2627.0,-0.004998416
4433,M05,DR_20221209_143805,2628.0,-0.0033382995
4434,M05,DR_20221209_143805,2629.0,-0.023125075
4435,M05,DR_20221209_143805,2630.0,0.00043607666
4436,M05,DR_20221209_143805,2631.0,0.0041212696
4437,M05,DR_20221209_143805,2632.0,-0.007839233
4438,M05,DR_20221209_143805,2633.0,-0.015740447
4439,M05,DR_20221209_143805,2634.0,0.0033655814
4440,M05,DR_20221209_143805,2635.0,0.004570473
4441,M05,DR_20221209_143805,2636.0,-0.008259284
4442,M06,DR_20221209_143805,2637.0,0.22720382
4443,M06,DR_20221209_143805,2638.0,-0.002976771
4444,M06,DR_20221209_143805,2639.0,-0.0101992795
4445,M06,DR_20221209_143805,2640.0,0.0042984555
4446,M06,DR_20221209_143805,2641.0,-0.0032537554
4447,M06,DR_20221209_143805,2642.0,0.030794593
4448,M06,DR_20221209_143805,2643.0,0.59225637
4449,M06,DR_20221209_143805,2644.0,0.001982353
4450,M06,DR_20221209_143805,2645.0,-0.004117023
4451,M07,DR_20221209_143805,2646.0,-0.002553691
4452,M07,DR_20221209_143805,2647.0,-0.005275313
4453,M07,DR_20221209_143805,2648.0,0.013193509
4454,M07,DR_20221209_143805,2649.0,-0.0019615013
4455,M07,DR_20221209_143805,2650.0,0.001073122
4456,M07,DR_20221209_143805,2651.0,0.08507041
4457,M07,DR_20221209_143805,2652.0,0.006579604
4458,M07,DR_20221209_143805,2653.0,0.005464695
4459,M07,DR_20221209_143805,2654.0,0.015580006
4460,M08,DR_20221209_143805,2655.0,0.14189897
4461,M08,DR_20221209_143805,2656.0,-0.013999198
4462,M08,DR_20221209_143805,2657.0,0.0008434705
4463,M08,DR_20221209_143805,2658.0,0.16704164
4464,M08,DR_20221209_143805,2659.0,0.07329611
4465,M08,DR_20221209_143805,2660.0,0.10730836
4466,M08,DR_20221209_143805,2661.0,-0.0045939796
4467,M08,DR_20221209_143805,2662.0,-0.009656297
4468,M08,DR_20221209_143805,2663.0,-0.019302474
4469,M09,DR_20221209_143805,2664.0,0.013333787
4470,M09,DR_20221209_143805,2665.0,0.06011549
4471,M09,DR_20221209_143805,2666.0,0.023792675
4472,M09,DR_20221209_143805,2667.0,-0.0031412316
4473,M09,DR_20221209_143805,2668.0,-0.00066831696
4474,M09,DR_20221209_143805,2669.0,-0.00087203336
4475,M09,DR_20221209_143805,2670.0,0.006442976
4476,M09,DR_20221209_143805,2671.0,0.0048239417
4477,M09,DR_20221209_143805,2672.0,0.007488971
4478,M10,DR_20221209_143805,2673.0,0.015934227
4479,M10,DR_20221209_143805,2674.0,0.19018751
4480,M10,DR_20221209_143805,2675.0,-0.015612563
4481,M10,DR_20221209_143805,2676.0,0.10752125
4482,M10,DR_20221209_143805,2677.0,0.12763107
4483,M10,DR_20221209_143805,2678.0,0.0090369
4484,M10,DR_20221209_143805,2679.0,0.010969417
4485,M10,DR_20221209_143805,2680.0,0.0061910767
4486,M10,DR_20221209_143805,2681.0,-0.103584684
4487,M11,DR_20221209_143805,2682.0,0.0139293205
4488,M11,DR_20221209_143805,2683.0,0.0527089
4489,M11,DR_20221209_143805,2684.0,-0.010528178
4490,M11,DR_20221209_143805,2685.0,0.040605977
4491,M11,DR_20221209_143805,2686.0,0.05213363
4492,M11,DR_20221209_143805,2687.0,0.093819834
4493,M11,DR_20221209_143805,2688.0,0.03893732
4494,M11,DR_20221209_143805,2689.0,0.04868148
4495,M11,DR_20221209_143805,2690.0,-0.0018585768
4496,M12,DR_20221209_143805,2691.0,0.00434471
4497,M12,DR_20221209_143805,2692.0,0.00906758
4498,M12,DR_20221209_143805,2693.0,0.015093385
4499,M12,DR_20221209_143805,2694.0,-0.004863703
4500,M12,DR_20221209_143805,2695.0,0.077763185
4501,M12,DR_20221209_143805,2696.0,-0.0065227835
4502,M12,DR_20221209_143805,2697.0,-0.0056786
4503,M12,DR_20221209_143805,2698.0,0.0017635121
4504,M12,DR_20221209_143805,2699.0,0.0028545193
4514,N03,DR_20221209_143805,2718.0,0.000501083
4515,N03,DR_20221209_143805,2719.0,0.00043634244
4516,N03,DR_20221209_143805,2720.0,0.014342957
4517,N03,DR_20221209_143805,2721.0,-0.003797401
4518,N03,DR_20221209_143805,2722.0,-0.0007859228
4519,N03,DR_20221209_143805,2723.0,0.0007862955
4520,N03,DR_20221209_143805,2724.0,0.014869701
4521,N03,DR_20221209_143805,2725.0,-0.00044796625
4522,N03,DR_20221209_143805,2726.0,-0.009032751
4523,N04,DR_20221209_143805,2727.0,-0.0053445664
4524,N04,DR_20221209_143805,2728.0,0.01068884
4525,N04,DR_20221209_143805,2729.0,-0.0050037527
4526,N04,DR_20221209_143805,2730.0,-0.00012970011
4527,N04,DR_20221209_143805,2731.0,-0.0003433199
4528,N04,DR_20221209_143805,2732.0,-0.0007895908
4529,N04,DR_20221209_143805,2733.0,-0.003962677
4530,N04,DR_20221209_143805,2734.0,-0.0049642352
4531,N04,DR_20221209_143805,2735.0,-0.010708138
4532,N05,DR_20221209_143805,2736.0,-0.01406854
4533,N05,DR_20221209_143805,2737.0,0.0018493297
4534,N05,DR_20221209_143805,2738.0,0.04486676
4535,N05,DR_20221209_143805,2739.0,0.008944528
4536,N05,DR_20221209_143805,2740.0,-0.007620139
4537,N05,DR_20221209_143805,2741.0,0.0011135367
4538,N05,DR_20221209_143805,2742.0,-0.002473279
4539,N05,DR_20221209_143805,2743.0,0.0010233027
4540,N05,DR_20221209_143805,2744.0,-0.0001472304
4541,N06,DR_20221209_143805,2745.0,-0.0041151633
4542,N06,DR_20221209_143805,2746.0,0.005734148
4543,N06,DR_20221209_143805,2747.0,0.0016132798
4544,N06,DR_20221209_143805,2748.0,-0.0023139166
4545,N06,DR_20221209_143805,2749.0,-0.003255334
4546,N06,DR_20221209_143805,2750.0,0.010554247
4547,N06,DR_20221209_143805,2751.0,0.2663399
4548,N06,DR_20221209_143805,2752.0,0.004890783
4549,N06,DR_20221209_143805,2753.0,0.00199713
4550,N07,DR_20221209_143805,2754.0,0.017593399
4551,N07,DR_20221209_143805,2755.0,-0.006017721
4552,N07,DR_20221209_143805,2756.0,0.006312623
4553,N07,DR_20221209_143805,2757.0,0.070371866
4554,N07,DR_20221209_143805,2758.0,-0.0006265168
4555,N07,DR_20221209_143805,2759.0,0.022814333
4556,N07,DR_20221209_143805,2760.0,0.25003994
4557,N07,DR_20221209_143805,2761.0,-0.008908551
4558,N07,DR_20221209_143805,2762.0,0.012164687
4559,N08,DR_20221209_143805,2763.0,0.0012493167
4560,N08,DR_20221209_143805,2764.0,0.027826874
4561,N08,DR_20221209_143805,2765.0,0.2518086
4562,N08,DR_20221209_143805,2766.0,0.12248822
4563,N08,DR_20221209_143805,2767.0,-0.016762229
4564,N08,DR_20221209_143805,2768.0,0.004813765
4565,N08,DR_20221209_143805,2769.0,0.04519447
4566,N08,DR_20221209_143805,2770.0,0.09034791
4567,N08,DR_20221209_143805,2771.0,0.01077318
4568,N09,DR_20221209_143805,2772.0,-0.016585782
4569,N09,DR_20221209_143805,2773.0,0.017716326
4570,N09,DR_20221209_143805,2774.0,0.04849426
4571,N09,DR_20221209_143805,2775.0,-0.00088950235
4572,N09,DR_20221209_143805,2776.0,0.09650663
4573,N09,DR_20221209_143805,2777.0,0.029387776
4574,N09,DR_20221209_143805,2778.0,-0.022064056
4575,N09,DR_20221209_143805,2779.0,-0.011737519
4576,N09,DR_20221209_143805,2780.0,0.098958634
4577,N10,DR_20221209_143805,2781.0,0.009763494
4578,N10,DR_20221209_143805,2782.0,0.012606925
4579,N10,DR_20221209_143805,2783.0,0.027002018
4580,N10,DR_20221209_143805,2784.0,0.13354953
4581,N10,DR_20221209_143805,2785.0,0.07693944
4582,N10,DR_20221209_143805,2786.0,0.14944953
4583,N10,DR_20221209_143805,2787.0,0.0194805
4584,N10,DR_20221209_143805,2788.0,0.1736107
4585,N10,DR_20221209_143805,2789.0,-0.012255098
4586,N11,DR_20221209_143805,2790.0,0.034574807
4587,N11,DR_20221209_143805,2791.0,0.0006017943
4588,N11,DR_20221209_143805,2792.0,-0.0027050585
4589,N11,DR_20221209_143805,2793.0,-0.018494565
4590,N11,DR_20221209_143805,2794.0,0.16303074
4591,N11,DR_20221209_143805,2795.0,0.002678622
4592,N11,DR_20221209_143805,2796.0,0.0018898087
4593,N11,DR_20221209_143805,2797.0,-0.0008832234
4594,N11,DR_20221209_143805,2798.0,0.02748954
4595,N12,DR_20221209_143805,2799.0,-0.00026499067
4596,N12,DR_20221209_143805,2800.0,0.061503857
4597,N12,DR_20221209_143805,2801.0,-8.3114544e-05
4598,N12,DR_20221209_143805,2802.0,0.027215462
4599,N12,DR_20221209_143805,2803.0,0.107011005
4600,N12,DR_20221209_143805,2804.0,-0.008748714
4601,N12,DR_20221209_143805,2805.0,-0.01103025
4602,N12,DR_20221209_143805,2806.0,0.16196182
4603,N12,DR_20221209_143805,2807.0,-0.004440164
4622,O04,DR_20221209_143805,2835.0,-0.007462641
4623,O04,DR_20221209_143805,2836.0,-0.009340199
4624,O04,DR_20221209_143805,2837.0,-0.00032702193
4625,O04,DR_20221209_143805,2838.0,-0.0029109255
4626,O04,DR_20221209_143805,2839.0,-0.0031429746
4627,O04,DR_20221209_143805,2840.0,0.00085157895
4628,O04,DR_20221209_143805,2841.0,-0.060210247
4629,O04,DR_20221209_143805,2842.0,-0.0037980343
4630,O04,DR_20221209_143805,2843.0,0.004694987
4631,O05,DR_20221209_143805,2844.0,-0.0024248478
4632,O05,DR_20221209_143805,2845.0,0.00226365
4633,O05,DR_20221209_143805,2846.0,0.0012462513
4634,O05,DR_20221209_143805,2847.0,0.011200077
4635,O05,DR_20221209_143805,2848.0,0.0036800094
4636,O05,DR_20221209_143805,2849.0,0.008632233
4637,O05,DR_20221209_143805,2850.0,0.011693083
4638,O05,DR_20221209_143805,2851.0,0.014853339
4639,O05,DR_20221209_143805,2852.0,0.0021441174
4640,O06,DR_20221209_143805,2853.0,-0.003245379
4641,O06,DR_20221209_143805,2854.0,-0.0008835354
4642,O06,DR_20221209_143805,2855.0,-0.0023565115
4643,O06,DR_20221209_143805,2856.0,-0.011572227
4644,O06,DR_20221209_143805,2857.0,-6.476365e-05
4645,O06,DR_20221209_143805,2858.0,-0.0019414029
4646,O06,DR_20221209_143805,2859.0,-0.009166035
4647,O06,DR_20221209_143805,2860.0,0.25297695
4648,O06,DR_20221209_143805,2861.0,-0.003311216
4649,O07,DR_20221209_143805,2862.0,0.0016952334
4650,O07,DR_20221209_143805,2863.0,0.0010801934
4651,O07,DR_20221209_143805,2864.0,0.022861533
4652,O07,DR_20221209_143805,2865.0,-0.012694019
4653,O07,DR_20221209_143805,2866.0,0.037927542
4654,O07,DR_20221209_143805,2867.0,0.021598697
4655,O07,DR_20221209_143805,2868.0,0.0127652995
4656,O07,DR_20221209_143805,2869.0,-0.0024696295
4657,O07,DR_20221209_143805,2870.0,0.3730586
4658,O08,DR_20221209_143805,2871.0,0.0051847426
4659,O08,DR_20221209_143805,2872.0,0.07849156
4660,O08,DR_20221209_143805,2873.0,-0.017369315
4661,O08,DR_20221209_143805,2874.0,0.0886656
4662,O08,DR_20221209_143805,2875.0,-0.016030734
4663,O08,DR_20221209_143805,2876.0,0.01996323
4664,O08,DR_20221209_143805,2877.0,0.007684527
4665,O08,DR_20221209_143805,2878.0,0.0015893409
4666,O08,DR_20221209_143805,2879.0,-0.004288302
4667,O09,DR_20221209_143805,2880.0,0.015448155
4668,O09,DR_20221209_143805,2881.0,0.112391844
4669,O09,DR_20221209_143805,2882.0,0.012807187
4670,O09,DR_20221209_143805,2883.0,-0.021314356
4671,O09,DR_20221209_143805,2884.0,0.020272845
4672,O09,DR_20221209_143805,2885.0,-0.009155054
4673,O09,DR_20221209_143805,2886.0,-0.0021953513
4674,O09,DR_20221209_143805,2887.0,0.08732411
4675,O09,DR_20221209_143805,2888.0,-0.028190672
4676,O12,DR_20221209_143805,2907.0,0.05897453
4677,O12,DR_20221209_143805,2908.0,0.0054226224
4678,O12,DR_20221209_143805,2909.0,-0.004595404
4679,O12,DR_20221209_143805,2910.0,-0.007346355
4680,O12,DR_20221209_143805,2911.0,0.08664094
4681,O12,DR_20221209_143805,2912.0,0.05103177
4682,O12,DR_20221209_143805,2913.0,-0.0172909
4683,O12,DR_20221209_143805,2914.0,-0.0053893114
4684,O12,DR_20221209_143805,2915.0,-0.011488246
