,Image_Metadata_WellID,Image_Metadata_PlateID,ImageNumber,score
1941,A03,DR_20221209_143805,19.0,0.012512025
1942,A03,DR_20221209_143805,20.0,-0.01710082
1943,A03,DR_20221209_143805,21.0,0.15110591
1944,A03,DR_20221209_143805,22.0,0.011767767
1945,A03,DR_20221209_143805,23.0,0.17998992
1946,A03,DR_20221209_143805,24.0,0.14683792
1947,A03,DR_20221209_143805,25.0,-0.02375078
1948,A03,DR_20221209_143805,26.0,-0.014849494
1949,A03,DR_20221209_143805,27.0,-0.016497659
1950,A04,DR_20221209_143805,28.0,-0.025856541
1951,A04,DR_20221209_143805,29.0,0.085742354
1952,A04,DR_20221209_143805,30.0,0.075078785
1953,A04,DR_20221209_143805,31.0,0.010825626
1954,A04,DR_20221209_143805,32.0,0.0076851314
1955,A04,DR_20221209_143805,33.0,-0.021531133
1956,A04,DR_20221209_143805,34.0,-0.02491478
1957,A04,DR_20221209_143805,35.0,0.006958745
1958,A04,DR_20221209_143805,36.0,0.003601511
1959,A05,DR_20221209_143805,37.0,0.0033993376
1960,A05,DR_20221209_143805,38.0,-0.0055191424
1961,A05,DR_20221209_143805,39.0,0.01246704
1962,A05,DR_20221209_143805,40.0,-0.014991276
1963,A05,DR_20221209_143805,41.0,-0.0050985944
1964,A05,DR_20221209_143805,42.0,-0.009938057
1965,A05,DR_20221209_143805,43.0,0.007855793
1966,A05,DR_20221209_143805,44.0,0.004351391
1967,A05,DR_20221209_143805,45.0,-0.004073883
1968,A06,DR_20221209_143805,46.0,-0.006466088
1969,A06,DR_20221209_143805,47.0,0.002128293
1970,A06,DR_20221209_143805,48.0,0.007864132
1971,A06,DR_20221209_143805,49.0,-0.0023285104
1972,A06,DR_20221209_143805,50.0,0.0002605679
1973,A06,DR_20221209_143805,51.0,0.0019464304
1974,A06,DR_20221209_143805,52.0,-0.01759354
1975,A06,DR_20221209_143805,53.0,-0.018389516
1976,A06,DR_20221209_143805,54.0,0.017517596
1977,A07,DR_20221209_143805,55.0,0.0014985752
1978,A07,DR_20221209_143805,56.0,0.0053157923
1979,A07,DR_20221209_143805,57.0,0.004490657
1980,A07,DR_20221209_143805,58.0,-0.0038215718
1981,A07,DR_20221209_143805,59.0,0.0040014205
1982,A07,DR_20221209_143805,60.0,0.00066763896
1983,A07,DR_20221209_143805,61.0,-0.009144999
1984,A07,DR_20221209_143805,62.0,-0.009563007
1985,A07,DR_20221209_143805,63.0,0.0028509942
1986,A08,DR_20221209_143805,64.0,-0.0077384748
1987,A08,DR_20221209_143805,65.0,-0.0029048594
1988,A08,DR_20221209_143805,66.0,0.008295248
1989,A08,DR_20221209_143805,67.0,-0.0037265867
1990,A08,DR_20221209_143805,68.0,1.6455137e-05
1991,A08,DR_20221209_143805,69.0,0.0033470767
1992,A08,DR_20221209_143805,70.0,0.02046441
1993,A08,DR_20221209_143805,71.0,0.03839298
1994,A08,DR_20221209_143805,72.0,0.0044023264
1995,A09,DR_20221209_143805,73.0,0.020990679
1996,A09,DR_20221209_143805,74.0,0.009111867
1997,A09,DR_20221209_143805,75.0,-0.0048005385
1998,A09,DR_20221209_143805,76.0,-0.0066181533
1999,A09,DR_20221209_143805,77.0,0.29721686
2000,A09,DR_20221209_143805,78.0,-0.001580228
2001,A09,DR_20221209_143805,79.0,0.058453783
2002,A09,DR_20221209_143805,80.0,0.017153954
2003,A09,DR_20221209_143805,81.0,0.010925028
2004,A10,DR_20221209_143805,82.0,0.0004382459
2005,A10,DR_20221209_143805,83.0,0.04695145
2006,A10,DR_20221209_143805,84.0,0.02185581
2007,A10,DR_20221209_143805,85.0,0.057464488
2008,A10,DR_20221209_143805,86.0,0.30197316
2009,A10,DR_20221209_143805,87.0,-0.0110126715
2010,A10,DR_20221209_143805,88.0,-0.0038596531
2011,A10,DR_20221209_143805,89.0,0.0028516834
2012,A10,DR_20221209_143805,90.0,0.0021718543
2013,A11,DR_20221209_143805,91.0,0.0011874635
2014,A11,DR_20221209_143805,92.0,-0.004082663
2015,A11,DR_20221209_143805,93.0,0.0013445547
2016,A11,DR_20221209_143805,94.0,-0.0043890374
2017,A11,DR_20221209_143805,95.0,-0.017333573
2018,A11,DR_20221209_143805,96.0,0.0030419363
2019,A11,DR_20221209_143805,97.0,-0.00053194084
2020,A11,DR_20221209_143805,98.0,0.062116947
2021,A11,DR_20221209_143805,99.0,0.053369623
2022,A12,DR_20221209_143805,100.0,-0.00829575
2023,A12,DR_20221209_143805,101.0,0.0031003547
2024,A12,DR_20221209_143805,102.0,-0.0013245732
2025,A12,DR_20221209_143805,103.0,0.09979383
2026,A12,DR_20221209_143805,104.0,-0.00507872
2027,A12,DR_20221209_143805,105.0,0.006763171
2028,A12,DR_20221209_143805,106.0,0.015717829
2029,A12,DR_20221209_143805,107.0,0.056622453
2030,A12,DR_20221209_143805,108.0,0.0057557155
2031,A13,DR_20221209_143805,109.0,0.009161419
2032,A13,DR_20221209_143805,110.0,0.0034540961
2033,A13,DR_20221209_143805,111.0,0.0053904355
2034,A13,DR_20221209_143805,112.0,0.021422192
2035,A13,DR_20221209_143805,113.0,-0.018593596
2036,A13,DR_20221209_143805,114.0,-0.0015692224
2037,A13,DR_20221209_143805,115.0,0.005120725
2038,A13,DR_20221209_143805,116.0,0.014789768
2039,A13,DR_20221209_143805,117.0,0.009374616
2040,A14,DR_20221209_143805,118.0,0.050770793
2041,A14,DR_20221209_143805,119.0,0.013618971
2042,A14,DR_20221209_143805,120.0,0.009025122
2043,A14,DR_20221209_143805,121.0,-0.000112344365
2044,A14,DR_20221209_143805,122.0,-0.009622581
2045,A14,DR_20221209_143805,123.0,0.0015181978
2046,A14,DR_20221209_143805,124.0,-0.008804248
2047,A14,DR_20221209_143805,125.0,-0.009856082
2048,A14,DR_20221209_143805,126.0,-0.007814518
2049,A15,DR_20221209_143805,127.0,0.0009546634
2050,A15,DR_20221209_143805,128.0,-0.010265498
2051,A15,DR_20221209_143805,129.0,-0.0011244277
2052,A15,DR_20221209_143805,130.0,0.0048692906
2053,A15,DR_20221209_143805,131.0,-0.019130964
2054,A15,DR_20221209_143805,132.0,-0.0026236693
2055,A15,DR_20221209_143805,133.0,0.04558891
2056,A15,DR_20221209_143805,134.0,-0.030668188
2057,A15,DR_20221209_143805,135.0,0.0015642578
2058,A16,DR_20221209_143805,136.0,0.0012057043
2059,A16,DR_20221209_143805,137.0,0.065989695
2060,A16,DR_20221209_143805,138.0,-0.006595168
2061,A16,DR_20221209_143805,139.0,0.009256335
2062,A16,DR_20221209_143805,140.0,-0.00058517815
2063,A16,DR_20221209_143805,141.0,0.0037376452
2064,A16,DR_20221209_143805,142.0,-0.015607725
2065,A16,DR_20221209_143805,143.0,0.005218678
2066,A16,DR_20221209_143805,144.0,-0.0049919323
2067,A17,DR_20221209_143805,145.0,-0.011511445
2068,A17,DR_20221209_143805,146.0,0.0070475005
2069,A17,DR_20221209_143805,147.0,-0.0024456296
2070,A17,DR_20221209_143805,148.0,-0.0009430906
2071,A17,DR_20221209_143805,149.0,0.033985995
2072,A17,DR_20221209_143805,150.0,0.0029294176
2073,A17,DR_20221209_143805,151.0,-0.01644217
2074,A17,DR_20221209_143805,152.0,-0.012798799
2075,A17,DR_20221209_143805,153.0,-0.0075924415
2076,A18,DR_20221209_143805,154.0,-0.021690791
2077,A18,DR_20221209_143805,155.0,-0.0019384939
2078,A18,DR_20221209_143805,156.0,-0.00047150577
2079,A18,DR_20221209_143805,157.0,0.061276086
2080,A18,DR_20221209_143805,158.0,-0.002631881
2081,A18,DR_20221209_143805,159.0,0.029603614
2082,A18,DR_20221209_143805,160.0,-0.007621855
2083,A18,DR_20221209_143805,161.0,0.000102479906
2084,A18,DR_20221209_143805,162.0,0.004599041
2085,A19,DR_20221209_143805,163.0,0.071665384
2086,A19,DR_20221209_143805,164.0,0.05172298
2087,A19,DR_20221209_143805,165.0,0.006262675
2088,A19,DR_20221209_143805,166.0,0.00078653666
2089,A19,DR_20221209_143805,167.0,0.1886629
2090,A19,DR_20221209_143805,168.0,0.0008966229
2091,A19,DR_20221209_143805,169.0,-0.0021196045
2092,A19,DR_20221209_143805,170.0,-0.007067983
2093,A19,DR_20221209_143805,171.0,-0.047360364
2094,A20,DR_20221209_143805,172.0,0.004566141
2095,A20,DR_20221209_143805,173.0,0.01217033
2096,A20,DR_20221209_143805,174.0,0.0037703756
2097,A20,DR_20221209_143805,175.0,0.007302419
2098,A20,DR_20221209_143805,176.0,0.0017047768
2099,A20,DR_20221209_143805,177.0,0.0041988003
2100,A20,DR_20221209_143805,178.0,0.0037703346
2101,A20,DR_20221209_143805,179.0,0.0030876552
2102,A20,DR_20221209_143805,180.0,0.001910545
2103,A21,DR_20221209_143805,181.0,0.012740114
2104,A21,DR_20221209_143805,182.0,0.015590914
2105,A21,DR_20221209_143805,183.0,0.0057059084
2106,A21,DR_20221209_143805,184.0,0.08112
2107,A21,DR_20221209_143805,185.0,0.159466
2108,A21,DR_20221209_143805,186.0,-0.0039837677
2109,A21,DR_20221209_143805,187.0,0.005419134
2110,A21,DR_20221209_143805,188.0,0.01091124
2111,A21,DR_20221209_143805,189.0,0.0047640502
2112,A22,DR_20221209_143805,190.0,0.005447788
2113,A22,DR_20221209_143805,191.0,0.008049837
2114,A22,DR_20221209_143805,192.0,-0.030884692
2115,A22,DR_20221209_143805,193.0,-0.00913335
2116,A22,DR_20221209_143805,194.0,0.00082575344
2117,A22,DR_20221209_143805,195.0,0.0073170885
2118,A22,DR_20221209_143805,196.0,0.010059674
2119,A22,DR_20221209_143805,197.0,0.010458009
2120,A22,DR_20221209_143805,198.0,0.0012120437
2157,B03,DR_20221209_143805,235.0,-0.0029285958
2158,B03,DR_20221209_143805,236.0,0.017045986
2159,B03,DR_20221209_143805,237.0,-0.0018220578
2160,B03,DR_20221209_143805,238.0,-0.0009299095
2161,B03,DR_20221209_143805,239.0,-0.01456465
2162,B03,DR_20221209_143805,240.0,-0.004206223
2163,B03,DR_20221209_143805,241.0,0.0057257847
2164,B03,DR_20221209_143805,242.0,0.32430995
2165,B03,DR_20221209_143805,243.0,0.030702101
2166,B04,DR_20221209_143805,244.0,-0.028253658
2167,B04,DR_20221209_143805,245.0,0.14855169
2168,B04,DR_20221209_143805,246.0,0.14201368
2169,B04,DR_20221209_143805,247.0,0.18657894
2170,B04,DR_20221209_143805,248.0,0.12640326
2171,B04,DR_20221209_143805,249.0,0.003334012
2172,B04,DR_20221209_143805,250.0,0.0011421004
2173,B04,DR_20221209_143805,251.0,0.2677278
2174,B04,DR_20221209_143805,252.0,0.015531796
2175,B05,DR_20221209_143805,253.0,0.0048417235
2176,B05,DR_20221209_143805,254.0,-0.00090724276
2177,B05,DR_20221209_143805,255.0,-0.0024063354
2178,B05,DR_20221209_143805,256.0,-0.01903906
2179,B05,DR_20221209_143805,257.0,6.989904e-05
2180,B05,DR_20221209_143805,258.0,-0.0077928742
2181,B05,DR_20221209_143805,259.0,0.051435515
2182,B05,DR_20221209_143805,260.0,0.022571228
2183,B05,DR_20221209_143805,261.0,-0.025918083
2184,B06,DR_20221209_143805,262.0,-0.0013346085
2185,B06,DR_20221209_143805,263.0,-0.0009009996
2186,B06,DR_20221209_143805,264.0,-0.007474424
2187,B06,DR_20221209_143805,265.0,0.0045406227
2188,B06,DR_20221209_143805,266.0,-0.0031603533
2189,B06,DR_20221209_143805,267.0,2.379812e-05
2190,B06,DR_20221209_143805,268.0,-0.012367016
2191,B06,DR_20221209_143805,269.0,-0.0011118102
2192,B06,DR_20221209_143805,270.0,0.0018377356
2193,B07,DR_20221209_143805,271.0,-0.0047941357
2194,B07,DR_20221209_143805,272.0,0.03547007
2195,B07,DR_20221209_143805,273.0,0.00029900012
2196,B07,DR_20221209_143805,274.0,-0.0003765261
2197,B07,DR_20221209_143805,275.0,0.0017393287
2198,B07,DR_20221209_143805,276.0,-0.0002452702
2199,B07,DR_20221209_143805,277.0,-0.002779498
2200,B07,DR_20221209_143805,278.0,-0.0064661503
2201,B07,DR_20221209_143805,279.0,0.002016455
2202,B08,DR_20221209_143805,280.0,-0.0015045722
2203,B08,DR_20221209_143805,281.0,-0.0043321056
2204,B08,DR_20221209_143805,282.0,-0.0141604915
2205,B08,DR_20221209_143805,283.0,-0.01416392
2206,B08,DR_20221209_143805,284.0,-0.0031141343
2207,B08,DR_20221209_143805,285.0,0.0006581925
2208,B08,DR_20221209_143805,286.0,0.0016483736
2209,B08,DR_20221209_143805,287.0,0.054383986
2210,B08,DR_20221209_143805,288.0,0.0020882927
2211,B09,DR_20221209_143805,289.0,-0.0015989223
2212,B09,DR_20221209_143805,290.0,-0.0016292629
2213,B09,DR_20221209_143805,291.0,-0.0042406926
2214,B09,DR_20221209_143805,292.0,-0.03673604
2215,B09,DR_20221209_143805,293.0,-0.02028274
2216,B09,DR_20221209_143805,294.0,-0.00056388247
2217,B09,DR_20221209_143805,295.0,0.06926032
2218,B09,DR_20221209_143805,296.0,0.06670909
2219,B09,DR_20221209_143805,297.0,0.0021811835
2220,B10,DR_20221209_143805,298.0,-0.0012634618
2221,B10,DR_20221209_143805,299.0,0.047656678
2222,B10,DR_20221209_143805,300.0,0.19382767
2223,B10,DR_20221209_143805,301.0,0.25685403
2224,B10,DR_20221209_143805,302.0,0.11898311
2225,B10,DR_20221209_143805,303.0,0.0965346
2226,B10,DR_20221209_143805,304.0,-0.0023657798
2227,B10,DR_20221209_143805,305.0,0.2336123
2228,B10,DR_20221209_143805,306.0,0.03559681
2229,B11,DR_20221209_143805,307.0,-0.002987702
2230,B11,DR_20221209_143805,308.0,-0.00064661127
2231,B11,DR_20221209_143805,309.0,0.17963018
2232,B11,DR_20221209_143805,310.0,0.0017211053
2233,B11,DR_20221209_143805,311.0,0.18682435
2234,B11,DR_20221209_143805,312.0,0.0047552236
2235,B11,DR_20221209_143805,313.0,0.0056480924
2236,B11,DR_20221209_143805,314.0,0.0033236044
2237,B11,DR_20221209_143805,315.0,0.009538067
2238,B12,DR_20221209_143805,316.0,0.011455097
2239,B12,DR_20221209_143805,317.0,-0.007918463
2240,B12,DR_20221209_143805,318.0,-0.027731642
2241,B12,DR_20221209_143805,319.0,0.0028684726
2242,B12,DR_20221209_143805,320.0,0.0008376039
2243,B12,DR_20221209_143805,321.0,-0.020350799
2244,B12,DR_20221209_143805,322.0,0.004350364
2245,B12,DR_20221209_143805,323.0,0.0054779053
2246,B12,DR_20221209_143805,324.0,0.0052834665
2247,B13,DR_20221209_143805,325.0,0.016537948
2248,B13,DR_20221209_143805,326.0,-0.0067691025
2249,B13,DR_20221209_143805,327.0,0.018284483
2250,B13,DR_20221209_143805,328.0,0.032193914
2251,B13,DR_20221209_143805,329.0,-0.016487624
2252,B13,DR_20221209_143805,330.0,0.009580727
2253,B13,DR_20221209_143805,331.0,0.0035823563
2254,B13,DR_20221209_143805,332.0,-0.010186737
2255,B13,DR_20221209_143805,333.0,0.0051183715
2256,B14,DR_20221209_143805,334.0,0.0016038012
2257,B14,DR_20221209_143805,335.0,-0.0030270775
2258,B14,DR_20221209_143805,336.0,-0.0020290304
2259,B14,DR_20221209_143805,337.0,0.0070680315
2260,B14,DR_20221209_143805,338.0,0.10242784
2261,B14,DR_20221209_143805,339.0,0.00988725
2262,B14,DR_20221209_143805,340.0,0.007453123
2263,B14,DR_20221209_143805,341.0,0.15616585
2264,B14,DR_20221209_143805,342.0,0.06764314
2265,B15,DR_20221209_143805,343.0,-0.04616402
2266,B15,DR_20221209_143805,344.0,0.010453267
2267,B15,DR_20221209_143805,345.0,0.0016846386
2268,B15,DR_20221209_143805,346.0,-0.013881809
2269,B15,DR_20221209_143805,347.0,-0.0025853778
2270,B15,DR_20221209_143805,348.0,0.0056495536
2271,B15,DR_20221209_143805,349.0,0.0033567054
2272,B15,DR_20221209_143805,350.0,0.0008161053
2273,B15,DR_20221209_143805,351.0,-0.0004632365
2274,B16,DR_20221209_143805,352.0,0.0155464485
2275,B16,DR_20221209_143805,353.0,-0.0063189548
2276,B16,DR_20221209_143805,354.0,-0.013358414
2277,B16,DR_20221209_143805,355.0,-0.008576611
2278,B16,DR_20221209_143805,356.0,0.09355601
2279,B16,DR_20221209_143805,357.0,0.09793578
2280,B16,DR_20221209_143805,358.0,0.21709703
2281,B16,DR_20221209_143805,359.0,0.17097522
2282,B16,DR_20221209_143805,360.0,0.21968572
2283,B17,DR_20221209_143805,361.0,-0.01954753
2284,B17,DR_20221209_143805,362.0,0.006279812
2285,B17,DR_20221209_143805,363.0,0.18026376
2286,B17,DR_20221209_143805,364.0,0.002641234
2287,B17,DR_20221209_143805,365.0,0.037334334
2288,B17,DR_20221209_143805,366.0,0.00025227855
2289,B17,DR_20221209_143805,367.0,-0.0024466908
2290,B17,DR_20221209_143805,368.0,-0.0017054842
2291,B17,DR_20221209_143805,369.0,0.0011789324
2292,B18,DR_20221209_143805,370.0,-0.004571519
2293,B18,DR_20221209_143805,371.0,0.12431346
2294,B18,DR_20221209_143805,372.0,-0.009625722
2295,B18,DR_20221209_143805,373.0,0.0018925491
2296,B18,DR_20221209_143805,374.0,0.04498912
2297,B18,DR_20221209_143805,375.0,0.0022454285
2298,B18,DR_20221209_143805,376.0,-0.0018882974
2299,B18,DR_20221209_143805,377.0,0.015551178
2300,B18,DR_20221209_143805,378.0,-0.013038838
2301,B19,DR_20221209_143805,379.0,0.10816969
2302,B19,DR_20221209_143805,380.0,-0.0037524751
2303,B19,DR_20221209_143805,381.0,0.09000183
2304,B19,DR_20221209_143805,382.0,0.32160974
2305,B19,DR_20221209_143805,383.0,0.115999356
2306,B19,DR_20221209_143805,384.0,-0.040085863
2307,B19,DR_20221209_143805,385.0,0.007535905
2308,B19,DR_20221209_143805,386.0,0.16853781
2309,B19,DR_20221209_143805,387.0,0.17266834
2310,B20,DR_20221209_143805,388.0,0.008656339
2311,B20,DR_20221209_143805,389.0,-0.020853858
2312,B20,DR_20221209_143805,390.0,0.009045224
2313,B20,DR_20221209_143805,391.0,0.0042476794
2314,B20,DR_20221209_143805,392.0,-0.002911223
2315,B20,DR_20221209_143805,393.0,-0.0028109336
2316,B20,DR_20221209_143805,394.0,0.0009309462
2317,B20,DR_20221209_143805,395.0,0.0172128
2318,B20,DR_20221209_143805,396.0,0.0020925927
2319,B21,DR_20221209_143805,397.0,-0.0053622327
2320,B21,DR_20221209_143805,398.0,0.0010256539
2321,B21,DR_20221209_143805,399.0,0.0042357473
2322,B21,DR_20221209_143805,400.0,-0.005520434
2323,B21,DR_20221209_143805,401.0,0.00050636596
2324,B21,DR_20221209_143805,402.0,-9.36268e-05
2325,B21,DR_20221209_143805,403.0,0.004934453
2326,B21,DR_20221209_143805,404.0,-0.00043186874
2327,B21,DR_20221209_143805,405.0,0.00335848
2328,B22,DR_20221209_143805,406.0,0.0014372844
2329,B22,DR_20221209_143805,407.0,-0.00104586
2330,B22,DR_20221209_143805,408.0,0.008853498
2331,B22,DR_20221209_143805,409.0,-0.0023941707
2332,B22,DR_20221209_143805,410.0,-0.0040562483
2333,B22,DR_20221209_143805,411.0,0.0023064448
2334,B22,DR_20221209_143805,412.0,0.023435107
2335,B22,DR_20221209_143805,413.0,0.00882604
2336,B22,DR_20221209_143805,414.0,0.0014570242
2373,C03,DR_20221209_143805,451.0,0.00049824483
2374,C03,DR_20221209_143805,452.0,-0.015427504
2375,C03,DR_20221209_143805,453.0,0.0071894224
2376,C03,DR_20221209_143805,454.0,-0.026210679
2377,C03,DR_20221209_143805,455.0,-0.016347371
2378,C03,DR_20221209_143805,456.0,0.00041459798
2379,C03,DR_20221209_143805,457.0,0.00055682595
2380,C03,DR_20221209_143805,458.0,0.00043802493
2381,C03,DR_20221209_143805,459.0,0.015839746
2382,C04,DR_20221209_143805,460.0,-0.002086811
2383,C04,DR_20221209_143805,461.0,-0.00842085
2384,C04,DR_20221209_143805,462.0,0.0017102327
2385,C04,DR_20221209_143805,463.0,-0.02802919
2386,C04,DR_20221209_143805,464.0,0.113643594
2387,C04,DR_20221209_143805,465.0,0.1540433
2388,C04,DR_20221209_143805,466.0,-0.109406
2389,C04,DR_20221209_143805,467.0,-0.004417024
2390,C04,DR_20221209_143805,468.0,0.07847848
2391,C05,DR_20221209_143805,469.0,0.0021211891
2392,C05,DR_20221209_143805,470.0,-0.012580743
2393,C05,DR_20221209_143805,471.0,-0.0026459852
2394,C05,DR_20221209_143805,472.0,0.14618586
2395,C05,DR_20221209_143805,473.0,0.009582681
2396,C05,DR_20221209_143805,474.0,0.010696392
2397,C05,DR_20221209_143805,475.0,0.023484152
2398,C05,DR_20221209_143805,476.0,0.009503489
2399,C05,DR_20221209_143805,477.0,-0.0042477143
2400,C06,DR_20221209_143805,478.0,0.005872879
2401,C06,DR_20221209_143805,479.0,0.007449559
2402,C06,DR_20221209_143805,480.0,0.0024623233
2403,C06,DR_20221209_143805,481.0,-0.010913601
2404,C06,DR_20221209_143805,482.0,0.0024397196
2405,C06,DR_20221209_143805,483.0,0.0015304605
2406,C06,DR_20221209_143805,484.0,0.0027463734
2407,C06,DR_20221209_143805,485.0,-0.00065394165
2408,C06,DR_20221209_143805,486.0,-0.0020850159
2409,C07,DR_20221209_143805,487.0,-0.00894443
2410,C07,DR_20221209_143805,488.0,0.010876293
2411,C07,DR_20221209_143805,489.0,0.0010756226
2412,C07,DR_20221209_143805,490.0,0.15394898
2413,C07,DR_20221209_143805,491.0,-0.0028083867
2414,C07,DR_20221209_143805,492.0,0.00020928109
2415,C07,DR_20221209_143805,493.0,0.0017812761
2416,C07,DR_20221209_143805,494.0,0.0008465781
2417,C07,DR_20221209_143805,495.0,0.0012283958
2418,C08,DR_20221209_143805,496.0,-0.024060955
2419,C08,DR_20221209_143805,497.0,0.023768624
2420,C08,DR_20221209_143805,498.0,-0.0099638
2421,C08,DR_20221209_143805,499.0,-0.026970942
2422,C08,DR_20221209_143805,500.0,0.0040708585
2423,C08,DR_20221209_143805,501.0,0.0154834725
2424,C08,DR_20221209_143805,502.0,-0.00017836953
2425,C08,DR_20221209_143805,503.0,-0.01821271
2426,C08,DR_20221209_143805,504.0,0.04362351
2427,C09,DR_20221209_143805,505.0,-0.007289699
2428,C09,DR_20221209_143805,506.0,0.0006391811
2429,C09,DR_20221209_143805,507.0,-0.0032226497
2430,C09,DR_20221209_143805,508.0,-0.0077331555
2431,C09,DR_20221209_143805,509.0,0.038855962
2432,C09,DR_20221209_143805,510.0,0.0054658093
2433,C09,DR_20221209_143805,511.0,-0.0070619825
2434,C09,DR_20221209_143805,512.0,-0.0076671224
2435,C09,DR_20221209_143805,513.0,-0.005829274
2436,C10,DR_20221209_143805,514.0,-0.010632029
2437,C10,DR_20221209_143805,515.0,0.057501316
2438,C10,DR_20221209_143805,516.0,-0.0096409395
2439,C10,DR_20221209_143805,517.0,0.33456334
2440,C10,DR_20221209_143805,518.0,0.016016344
2441,C10,DR_20221209_143805,519.0,0.00029101086
2442,C10,DR_20221209_143805,520.0,0.009187816
2443,C10,DR_20221209_143805,521.0,-0.0006430238
2444,C10,DR_20221209_143805,522.0,0.17145495
2445,C11,DR_20221209_143805,523.0,0.050377987
2446,C11,DR_20221209_143805,524.0,0.0040367343
2447,C11,DR_20221209_143805,525.0,0.0076361843
2448,C11,DR_20221209_143805,526.0,-0.0019387061
2449,C11,DR_20221209_143805,527.0,-0.026106725
2450,C11,DR_20221209_143805,528.0,0.0001656548
2451,C11,DR_20221209_143805,529.0,-0.013514487
2452,C11,DR_20221209_143805,530.0,-0.019233951
2453,C11,DR_20221209_143805,531.0,0.00422667
2454,C12,DR_20221209_143805,532.0,0.006180237
2455,C12,DR_20221209_143805,533.0,0.0033387463
2456,C12,DR_20221209_143805,534.0,0.07786753
2457,C12,DR_20221209_143805,535.0,0.09594567
2458,C12,DR_20221209_143805,536.0,-0.006023242
2459,C12,DR_20221209_143805,537.0,-0.01103326
2460,C12,DR_20221209_143805,538.0,-0.0076247994
2461,C12,DR_20221209_143805,539.0,-0.00041614947
2462,C12,DR_20221209_143805,540.0,0.2682331
2463,C13,DR_20221209_143805,541.0,-0.0037427053
2464,C13,DR_20221209_143805,542.0,-0.0022513913
2465,C13,DR_20221209_143805,543.0,0.0062230234
2466,C13,DR_20221209_143805,544.0,-0.006872192
2467,C13,DR_20221209_143805,545.0,-0.045974173
2468,C13,DR_20221209_143805,546.0,-0.0051495573
2469,C13,DR_20221209_143805,547.0,-0.0010675222
2470,C13,DR_20221209_143805,548.0,-0.0043002623
2471,C13,DR_20221209_143805,549.0,0.0064274906
2472,C14,DR_20221209_143805,550.0,0.07069322
2473,C14,DR_20221209_143805,551.0,0.00047346664
2474,C14,DR_20221209_143805,552.0,0.0011156561
2475,C14,DR_20221209_143805,553.0,-0.0024668705
2476,C14,DR_20221209_143805,554.0,0.029819887
2477,C14,DR_20221209_143805,555.0,-0.0017095924
2478,C14,DR_20221209_143805,556.0,0.00085021165
2479,C14,DR_20221209_143805,557.0,0.017539317
2480,C14,DR_20221209_143805,558.0,0.0060099973
2481,C15,DR_20221209_143805,559.0,-0.0020233686
2482,C15,DR_20221209_143805,560.0,0.0015679866
2483,C15,DR_20221209_143805,561.0,0.005916938
2484,C15,DR_20221209_143805,562.0,-0.01697439
2485,C15,DR_20221209_143805,563.0,0.01795906
2486,C15,DR_20221209_143805,564.0,0.08332549
2487,C15,DR_20221209_143805,565.0,0.028530348
2488,C15,DR_20221209_143805,566.0,0.2035345
2489,C15,DR_20221209_143805,567.0,0.0050020884
2490,C16,DR_20221209_143805,568.0,-0.0006499012
2491,C16,DR_20221209_143805,569.0,-0.0013073771
2492,C16,DR_20221209_143805,570.0,-0.013783559
2493,C16,DR_20221209_143805,571.0,0.059724495
2494,C16,DR_20221209_143805,572.0,0.01944556
2495,C16,DR_20221209_143805,573.0,0.048786763
2496,C16,DR_20221209_143805,574.0,0.42804998
2497,C16,DR_20221209_143805,575.0,-0.010463273
2498,C16,DR_20221209_143805,576.0,0.23830654
2499,C17,DR_20221209_143805,577.0,0.003133523
2500,C17,DR_20221209_143805,578.0,-0.01922541
2501,C17,DR_20221209_143805,579.0,0.0018881045
2502,C17,DR_20221209_143805,580.0,0.07164448
2503,C17,DR_20221209_143805,581.0,-0.005996105
2504,C17,DR_20221209_143805,582.0,0.0021085879
2505,C17,DR_20221209_143805,583.0,0.002255413
2506,C17,DR_20221209_143805,584.0,-0.0033021355
2507,C17,DR_20221209_143805,585.0,0.0041449154
2508,C18,DR_20221209_143805,586.0,-0.0041744183
2509,C18,DR_20221209_143805,587.0,0.084423386
2510,C18,DR_20221209_143805,588.0,0.38394296
2511,C18,DR_20221209_143805,589.0,0.008696396
2512,C18,DR_20221209_143805,590.0,0.076400764
2513,C18,DR_20221209_143805,591.0,0.0051023173
2514,C18,DR_20221209_143805,592.0,-0.00088167394
2515,C18,DR_20221209_143805,593.0,0.00081125426
2516,C18,DR_20221209_143805,594.0,0.10390816
2517,C19,DR_20221209_143805,595.0,-0.0008480611
2518,C19,DR_20221209_143805,596.0,-0.014321113
2519,C19,DR_20221209_143805,597.0,0.00397098
2520,C19,DR_20221209_143805,598.0,0.18588382
2521,C19,DR_20221209_143805,599.0,0.21983624
2522,C19,DR_20221209_143805,600.0,-0.0014246973
2523,C19,DR_20221209_143805,601.0,0.0052091787
2524,C19,DR_20221209_143805,602.0,0.0075010955
2525,C19,DR_20221209_143805,603.0,-0.002059038
2526,C20,DR_20221209_143805,604.0,0.00016480262
2527,C20,DR_20221209_143805,605.0,-0.0015032465
2528,C20,DR_20221209_143805,606.0,0.008919449
2529,C20,DR_20221209_143805,607.0,-0.0054555796
2530,C20,DR_20221209_143805,608.0,-0.0002534812
2531,C20,DR_20221209_143805,609.0,-0.00236727
2532,C20,DR_20221209_143805,610.0,-0.0010348973
2533,C20,DR_20221209_143805,611.0,-0.0037369383
2534,C20,DR_20221209_143805,612.0,0.005233314
2535,C21,DR_20221209_143805,613.0,0.00027509738
2536,C21,DR_20221209_143805,614.0,-0.0018915936
2537,C21,DR_20221209_143805,615.0,0.0010299801
2538,C21,DR_20221209_143805,616.0,0.03975199
2539,C21,DR_20221209_143805,617.0,-0.004338256
2540,C21,DR_20221209_143805,618.0,0.00081816333
2541,C21,DR_20221209_143805,619.0,-0.0068027982
2542,C21,DR_20221209_143805,620.0,0.076683275
2543,C21,DR_20221209_143805,621.0,0.0063753356
2544,C22,DR_20221209_143805,622.0,0.0050768587
2545,C22,DR_20221209_143805,623.0,0.0034545437
2546,C22,DR_20221209_143805,624.0,-0.011324027
2547,C22,DR_20221209_143805,625.0,-0.0014166385
2548,C22,DR_20221209_143805,626.0,-0.006838839
2549,C22,DR_20221209_143805,627.0,-0.0024480128
2550,C22,DR_20221209_143805,628.0,-0.0005584158
2551,C22,DR_20221209_143805,629.0,-0.0020603933
2552,C22,DR_20221209_143805,630.0,0.25952744
2589,D03,DR_20221209_143805,667.0,0.17238513
2590,D03,DR_20221209_143805,668.0,0.011079691
2591,D03,DR_20221209_143805,669.0,0.13360944
2592,D03,DR_20221209_143805,670.0,0.14455733
2593,D03,DR_20221209_143805,671.0,0.20606889
2594,D03,DR_20221209_143805,672.0,-0.030230979
2595,D03,DR_20221209_143805,673.0,0.19351995
2596,D03,DR_20221209_143805,674.0,-0.012103042
2597,D03,DR_20221209_143805,675.0,-0.01278616
2598,D04,DR_20221209_143805,676.0,0.007141117
2599,D04,DR_20221209_143805,677.0,0.014766851
2600,D04,DR_20221209_143805,678.0,0.011205312
2601,D04,DR_20221209_143805,679.0,-0.003623883
2602,D04,DR_20221209_143805,680.0,0.1425819
2603,D04,DR_20221209_143805,681.0,0.005620824
2604,D04,DR_20221209_143805,682.0,-0.02241009
2605,D04,DR_20221209_143805,683.0,0.16312812
2606,D04,DR_20221209_143805,684.0,-0.01568931
2607,D05,DR_20221209_143805,685.0,0.007559448
2608,D05,DR_20221209_143805,686.0,-5.5578676e-05
2609,D05,DR_20221209_143805,687.0,-0.007421353
2610,D05,DR_20221209_143805,688.0,-0.025931856
2611,D05,DR_20221209_143805,689.0,-0.0019104147
2612,D05,DR_20221209_143805,690.0,0.01596644
2613,D05,DR_20221209_143805,691.0,-0.006179588
2614,D05,DR_20221209_143805,692.0,0.024680804
2615,D05,DR_20221209_143805,693.0,-0.004348717
2616,D06,DR_20221209_143805,694.0,0.12822889
2617,D06,DR_20221209_143805,695.0,0.14169551
2618,D06,DR_20221209_143805,696.0,0.2784005
2619,D06,DR_20221209_143805,697.0,0.010198383
2620,D06,DR_20221209_143805,698.0,0.12080647
2621,D06,DR_20221209_143805,699.0,0.12553781
2622,D06,DR_20221209_143805,700.0,0.008710148
2623,D06,DR_20221209_143805,701.0,0.13943337
2624,D06,DR_20221209_143805,702.0,0.0047114706
2625,D07,DR_20221209_143805,703.0,0.14123455
2626,D07,DR_20221209_143805,704.0,0.2680106
2627,D07,DR_20221209_143805,705.0,0.001852469
2628,D07,DR_20221209_143805,706.0,6.552298e-06
2629,D07,DR_20221209_143805,707.0,0.23952618
2630,D07,DR_20221209_143805,708.0,0.0040524527
2631,D07,DR_20221209_143805,709.0,0.044346537
2632,D07,DR_20221209_143805,710.0,0.0009359098
2633,D07,DR_20221209_143805,711.0,-0.0007428524
2634,D09,DR_20221209_143805,721.0,-4.196752e-05
2635,D09,DR_20221209_143805,722.0,0.0014740016
2636,D09,DR_20221209_143805,723.0,0.0002947052
2637,D09,DR_20221209_143805,724.0,-0.008657794
2638,D09,DR_20221209_143805,725.0,0.17350982
2639,D09,DR_20221209_143805,726.0,-0.030056603
2640,D09,DR_20221209_143805,727.0,0.03988798
2641,D09,DR_20221209_143805,728.0,0.14565828
2642,D09,DR_20221209_143805,729.0,0.18101612
2643,D10,DR_20221209_143805,730.0,0.0029278344
2644,D10,DR_20221209_143805,731.0,0.0068020294
2645,D10,DR_20221209_143805,732.0,0.020548668
2646,D10,DR_20221209_143805,733.0,-0.0006804815
2647,D10,DR_20221209_143805,734.0,0.00065022614
2648,D10,DR_20221209_143805,735.0,0.004225687
2649,D10,DR_20221209_143805,736.0,0.34321478
2650,D10,DR_20221209_143805,737.0,-0.0009703899
2651,D10,DR_20221209_143805,738.0,-0.00059271435
2652,D11,DR_20221209_143805,739.0,-0.0055321897
2653,D11,DR_20221209_143805,740.0,-0.0069936807
2654,D11,DR_20221209_143805,741.0,0.006536362
2655,D11,DR_20221209_143805,742.0,0.079867125
2656,D11,DR_20221209_143805,743.0,0.14306968
2657,D11,DR_20221209_143805,744.0,-0.0007730798
2658,D11,DR_20221209_143805,745.0,0.0030699654
2659,D11,DR_20221209_143805,746.0,0.003269428
2660,D11,DR_20221209_143805,747.0,0.3079798
2661,D12,DR_20221209_143805,748.0,-0.0028566297
2662,D12,DR_20221209_143805,749.0,0.13137913
2663,D12,DR_20221209_143805,750.0,-0.0050178114
2664,D12,DR_20221209_143805,751.0,0.014269536
2665,D12,DR_20221209_143805,752.0,-0.0062505915
2666,D12,DR_20221209_143805,753.0,0.047380082
2667,D12,DR_20221209_143805,754.0,0.021154918
2668,D12,DR_20221209_143805,755.0,0.08882654
2669,D12,DR_20221209_143805,756.0,-0.019179773
2670,D13,DR_20221209_143805,757.0,-0.030333653
2671,D13,DR_20221209_143805,758.0,0.001754253
2672,D13,DR_20221209_143805,759.0,-0.009301628
2673,D13,DR_20221209_143805,760.0,-0.0032301818
2674,D13,DR_20221209_143805,761.0,0.013891055
2675,D13,DR_20221209_143805,762.0,-0.0015482969
2676,D13,DR_20221209_143805,763.0,-0.03908765
2677,D13,DR_20221209_143805,764.0,-0.0053419103
2678,D13,DR_20221209_143805,765.0,-0.018880276
2679,D14,DR_20221209_143805,766.0,0.040750816
2680,D14,DR_20221209_143805,767.0,0.03786771
2681,D14,DR_20221209_143805,768.0,-0.010230109
2682,D14,DR_20221209_143805,769.0,0.15273297
2683,D14,DR_20221209_143805,770.0,0.0069467877
2684,D14,DR_20221209_143805,771.0,-0.0054821167
2685,D14,DR_20221209_143805,772.0,0.0103367595
2686,D14,DR_20221209_143805,773.0,-0.00051192165
2687,D14,DR_20221209_143805,774.0,-0.014013204
2688,D15,DR_20221209_143805,775.0,-0.017659802
2689,D15,DR_20221209_143805,776.0,0.037238587
2690,D15,DR_20221209_143805,777.0,-0.041033614
2691,D15,DR_20221209_143805,778.0,0.041899778
2692,D15,DR_20221209_143805,779.0,0.0062031555
2693,D15,DR_20221209_143805,780.0,-0.014680407
2694,D15,DR_20221209_143805,781.0,0.0004248867
2695,D15,DR_20221209_143805,782.0,0.47045144
2696,D15,DR_20221209_143805,783.0,0.046842024
2697,D16,DR_20221209_143805,784.0,-0.0013104457
2698,D16,DR_20221209_143805,785.0,-0.002886315
2699,D16,DR_20221209_143805,786.0,-0.0051096384
2700,D16,DR_20221209_143805,787.0,0.0002775543
2701,D16,DR_20221209_143805,788.0,0.032614004
2702,D16,DR_20221209_143805,789.0,-0.0016165173
2703,D16,DR_20221209_143805,790.0,0.2692436
2704,D16,DR_20221209_143805,791.0,0.20638648
2705,D16,DR_20221209_143805,792.0,-0.017677415
2706,D17,DR_20221209_143805,793.0,0.11496652
2707,D17,DR_20221209_143805,794.0,0.026028411
2708,D17,DR_20221209_143805,795.0,9.0958936e-05
2709,D17,DR_20221209_143805,796.0,0.33369336
2710,D17,DR_20221209_143805,797.0,-0.011572604
2711,D17,DR_20221209_143805,798.0,-0.0037255082
2712,D17,DR_20221209_143805,799.0,0.0013993762
2713,D17,DR_20221209_143805,800.0,-0.0011927672
2714,D17,DR_20221209_143805,801.0,-0.013577836
2715,D18,DR_20221209_143805,802.0,-0.0051893136
2716,D18,DR_20221209_143805,803.0,0.0044027967
2717,D18,DR_20221209_143805,804.0,0.038830463
2718,D18,DR_20221209_143805,805.0,0.2064556
2719,D18,DR_20221209_143805,806.0,-0.0009313485
2720,D18,DR_20221209_143805,807.0,-0.00047542976
2721,D18,DR_20221209_143805,808.0,0.00043591746
2722,D18,DR_20221209_143805,809.0,-0.014046725
2723,D18,DR_20221209_143805,810.0,0.028246664
2724,D19,DR_20221209_143805,811.0,-0.030374952
2725,D19,DR_20221209_143805,812.0,0.0045517585
2726,D19,DR_20221209_143805,813.0,0.20590588
2727,D19,DR_20221209_143805,814.0,0.014265259
2728,D19,DR_20221209_143805,815.0,-0.0020722293
2729,D19,DR_20221209_143805,816.0,0.004396495
2730,D19,DR_20221209_143805,817.0,-0.0014962011
2731,D19,DR_20221209_143805,818.0,0.018873053
2732,D19,DR_20221209_143805,819.0,3.7414342e-05
2733,D20,DR_20221209_143805,820.0,0.0027172028
2734,D20,DR_20221209_143805,821.0,-0.00302506
2735,D20,DR_20221209_143805,822.0,-0.009753614
2736,D20,DR_20221209_143805,823.0,-0.009860675
2737,D20,DR_20221209_143805,824.0,-0.02609499
2738,D20,DR_20221209_143805,825.0,-0.0014822053
2739,D20,DR_20221209_143805,826.0,0.0007373894
2740,D20,DR_20221209_143805,827.0,-0.0011416258
2741,D20,DR_20221209_143805,828.0,-0.0020135907
2742,D21,DR_20221209_143805,829.0,0.0005678631
2743,D21,DR_20221209_143805,830.0,-0.0010678882
2744,D21,DR_20221209_143805,831.0,0.018522697
2745,D21,DR_20221209_143805,832.0,0.18157038
2746,D21,DR_20221209_143805,833.0,-0.00959517
2747,D21,DR_20221209_143805,834.0,-0.0054893033
2748,D21,DR_20221209_143805,835.0,0.019696034
2749,D21,DR_20221209_143805,836.0,0.0052606896
2750,D21,DR_20221209_143805,837.0,0.1292654
2751,D22,DR_20221209_143805,838.0,0.004351375
2752,D22,DR_20221209_143805,839.0,-0.0041593066
2753,D22,DR_20221209_143805,840.0,0.0841123
2754,D22,DR_20221209_143805,841.0,0.049293153
2755,D22,DR_20221209_143805,842.0,0.043605074
2756,D22,DR_20221209_143805,843.0,0.0208389
2757,D22,DR_20221209_143805,844.0,0.008661953
2758,D22,DR_20221209_143805,845.0,0.0053645982
2759,D22,DR_20221209_143805,846.0,-0.030409759
2796,E03,DR_20221209_143805,883.0,-0.002204435
2797,E03,DR_20221209_143805,884.0,0.007091426
2798,E03,DR_20221209_143805,885.0,0.12484078
2799,E03,DR_20221209_143805,886.0,-0.046408586
2800,E03,DR_20221209_143805,887.0,0.0026307309
2801,E03,DR_20221209_143805,888.0,0.030669503
2802,E03,DR_20221209_143805,889.0,-0.029767731
2803,E03,DR_20221209_143805,890.0,-0.018539246
2804,E03,DR_20221209_143805,891.0,0.12938051
2805,E04,DR_20221209_143805,892.0,-0.0010232353
2806,E04,DR_20221209_143805,893.0,0.13813381
2807,E04,DR_20221209_143805,894.0,0.01908429
2808,E04,DR_20221209_143805,895.0,-0.007197561
2809,E04,DR_20221209_143805,896.0,0.23487747
2810,E04,DR_20221209_143805,897.0,0.15452664
2811,E04,DR_20221209_143805,898.0,-0.07348398
2812,E04,DR_20221209_143805,899.0,0.15725502
2813,E04,DR_20221209_143805,900.0,0.0042715254
2814,E05,DR_20221209_143805,901.0,0.003931593
2815,E05,DR_20221209_143805,902.0,0.005517295
2816,E05,DR_20221209_143805,903.0,0.12882237
2817,E05,DR_20221209_143805,904.0,0.15153748
2818,E05,DR_20221209_143805,905.0,0.011208794
2819,E05,DR_20221209_143805,906.0,0.008974568
2820,E05,DR_20221209_143805,907.0,0.15304051
2821,E05,DR_20221209_143805,908.0,-0.011898498
2822,E05,DR_20221209_143805,909.0,0.15333809
2823,E06,DR_20221209_143805,910.0,0.004104349
2824,E06,DR_20221209_143805,911.0,-0.0062641185
2825,E06,DR_20221209_143805,912.0,0.12056571
2826,E06,DR_20221209_143805,913.0,0.28130734
2827,E06,DR_20221209_143805,914.0,0.14452514
2828,E06,DR_20221209_143805,915.0,0.01459637
2829,E06,DR_20221209_143805,916.0,-0.009780397
2830,E06,DR_20221209_143805,917.0,-0.010711303
2831,E06,DR_20221209_143805,918.0,0.030523838
2832,E07,DR_20221209_143805,919.0,0.07835389
2833,E07,DR_20221209_143805,920.0,-0.0016456884
2834,E07,DR_20221209_143805,921.0,0.0039967597
2835,E07,DR_20221209_143805,922.0,0.014477106
2836,E07,DR_20221209_143805,923.0,-0.008172444
2837,E07,DR_20221209_143805,924.0,0.26415437
2838,E07,DR_20221209_143805,925.0,-0.03449807
2839,E07,DR_20221209_143805,926.0,0.0034489708
2840,E07,DR_20221209_143805,927.0,0.056755602
2841,E08,DR_20221209_143805,928.0,0.36008602
2842,E08,DR_20221209_143805,929.0,-0.017426347
2843,E08,DR_20221209_143805,930.0,-0.04303491
2844,E08,DR_20221209_143805,931.0,0.009781292
2845,E08,DR_20221209_143805,932.0,0.23353234
2846,E08,DR_20221209_143805,933.0,0.003023965
2847,E08,DR_20221209_143805,934.0,0.07742159
2848,E08,DR_20221209_143805,935.0,0.1546139
2849,E08,DR_20221209_143805,936.0,-0.012481645
2850,E09,DR_20221209_143805,937.0,0.0002219109
2851,E09,DR_20221209_143805,938.0,0.0043611038
2852,E09,DR_20221209_143805,939.0,-0.008349938
2853,E09,DR_20221209_143805,940.0,-0.00934403
2854,E09,DR_20221209_143805,941.0,0.051185112
2855,E09,DR_20221209_143805,942.0,0.026755525
2856,E09,DR_20221209_143805,943.0,0.08247361
2857,E09,DR_20221209_143805,944.0,-0.029347327
2858,E09,DR_20221209_143805,945.0,0.012546738
2859,E10,DR_20221209_143805,946.0,-0.0030071002
2860,E10,DR_20221209_143805,947.0,-0.004717219
2861,E10,DR_20221209_143805,948.0,0.0027355435
2862,E10,DR_20221209_143805,949.0,0.0010091261
2863,E10,DR_20221209_143805,950.0,-0.0016687005
2864,E10,DR_20221209_143805,951.0,0.009823932
2865,E10,DR_20221209_143805,952.0,0.005506749
2866,E10,DR_20221209_143805,953.0,-0.00079922716
2867,E10,DR_20221209_143805,954.0,-0.006496188
2868,E11,DR_20221209_143805,955.0,0.0012641292
2869,E11,DR_20221209_143805,956.0,-0.021572746
2870,E11,DR_20221209_143805,957.0,0.05530297
2871,E11,DR_20221209_143805,958.0,-0.022947175
2872,E11,DR_20221209_143805,959.0,0.14652893
2873,E11,DR_20221209_143805,960.0,-0.021391312
2874,E11,DR_20221209_143805,961.0,-0.0049575064
2875,E11,DR_20221209_143805,962.0,0.05228986
2876,E11,DR_20221209_143805,963.0,0.002616578
2877,E12,DR_20221209_143805,964.0,-0.0035945207
2878,E12,DR_20221209_143805,965.0,-0.0028563393
2879,E12,DR_20221209_143805,966.0,0.00054049405
2880,E12,DR_20221209_143805,967.0,0.00089736003
2881,E12,DR_20221209_143805,968.0,-0.0120022725
2882,E12,DR_20221209_143805,969.0,-0.0006280646
2883,E12,DR_20221209_143805,970.0,0.0006789546
2884,E12,DR_20221209_143805,971.0,-0.03558172
2885,E12,DR_20221209_143805,972.0,-0.0026099002
2886,E13,DR_20221209_143805,973.0,-0.0019829532
2887,E13,DR_20221209_143805,974.0,-0.00053421856
2888,E13,DR_20221209_143805,975.0,-0.0011869151
2889,E13,DR_20221209_143805,976.0,-0.010024889
2890,E13,DR_20221209_143805,977.0,0.0013691003
2891,E13,DR_20221209_143805,978.0,0.00546814
2892,E13,DR_20221209_143805,979.0,0.0027497367
2893,E13,DR_20221209_143805,980.0,-0.014067517
2894,E13,DR_20221209_143805,981.0,-0.0070450897
2895,E14,DR_20221209_143805,982.0,-0.0014018577
2896,E14,DR_20221209_143805,983.0,0.043666285
2897,E14,DR_20221209_143805,984.0,-0.005805212
2898,E14,DR_20221209_143805,985.0,0.1639262
2899,E14,DR_20221209_143805,986.0,0.023883024
2900,E14,DR_20221209_143805,987.0,0.005664214
2901,E14,DR_20221209_143805,988.0,-0.0065630567
2902,E14,DR_20221209_143805,989.0,0.04302784
2903,E14,DR_20221209_143805,990.0,-0.0156287
2904,E15,DR_20221209_143805,991.0,-0.002927981
2905,E15,DR_20221209_143805,992.0,0.026437782
2906,E15,DR_20221209_143805,993.0,-0.025144352
2907,E15,DR_20221209_143805,994.0,-0.02036324
2908,E15,DR_20221209_143805,995.0,0.051187854
2909,E15,DR_20221209_143805,996.0,0.0048715323
2910,E15,DR_20221209_143805,997.0,-0.005806455
2911,E15,DR_20221209_143805,998.0,0.004329872
2912,E15,DR_20221209_143805,999.0,-0.002179614
2913,E16,DR_20221209_143805,1000.0,-0.00235567
2914,E16,DR_20221209_143805,1001.0,-0.0006147601
2915,E16,DR_20221209_143805,1002.0,0.14210823
2916,E16,DR_20221209_143805,1003.0,0.16293629
2917,E16,DR_20221209_143805,1004.0,0.045244947
2918,E16,DR_20221209_143805,1005.0,0.002044383
2919,E16,DR_20221209_143805,1006.0,-0.02202554
2920,E16,DR_20221209_143805,1007.0,-0.024289824
2921,E16,DR_20221209_143805,1008.0,-0.033025797
2922,E17,DR_20221209_143805,1009.0,-0.006637963
2923,E17,DR_20221209_143805,1010.0,0.0025588945
2924,E17,DR_20221209_143805,1011.0,0.0061944304
2925,E17,DR_20221209_143805,1012.0,0.00057093345
2926,E17,DR_20221209_143805,1013.0,0.00023173212
2927,E17,DR_20221209_143805,1014.0,-0.0030509569
2928,E17,DR_20221209_143805,1015.0,-0.004014087
2929,E17,DR_20221209_143805,1016.0,-0.0015978424
2930,E17,DR_20221209_143805,1017.0,0.03231391
2931,E18,DR_20221209_143805,1018.0,-0.019839833
2932,E18,DR_20221209_143805,1019.0,-0.0029265285
2933,E18,DR_20221209_143805,1020.0,-0.0016108414
2934,E18,DR_20221209_143805,1021.0,-0.03510866
2935,E18,DR_20221209_143805,1022.0,0.04121972
2936,E18,DR_20221209_143805,1023.0,-0.0017380042
2937,E18,DR_20221209_143805,1024.0,0.025218712
2938,E18,DR_20221209_143805,1025.0,0.0050834836
2939,E18,DR_20221209_143805,1026.0,0.105073124
2940,E19,DR_20221209_143805,1027.0,0.0011420285
2941,E19,DR_20221209_143805,1028.0,0.029884214
2942,E19,DR_20221209_143805,1029.0,0.0011924055
2943,E19,DR_20221209_143805,1030.0,-0.0008695571
2944,E19,DR_20221209_143805,1031.0,-0.0006674216
2945,E19,DR_20221209_143805,1032.0,0.018286014
2946,E19,DR_20221209_143805,1033.0,-0.012695115
2947,E19,DR_20221209_143805,1034.0,-0.00060432986
2948,E19,DR_20221209_143805,1035.0,0.062653475
2949,E20,DR_20221209_143805,1036.0,-0.0015953663
2950,E20,DR_20221209_143805,1037.0,0.0063377437
2951,E20,DR_20221209_143805,1038.0,-0.007216382
2952,E20,DR_20221209_143805,1039.0,0.024509206
2953,E20,DR_20221209_143805,1040.0,-0.00063986355
2954,E20,DR_20221209_143805,1041.0,0.0051508984
2955,E20,DR_20221209_143805,1042.0,0.0038711927
2956,E20,DR_20221209_143805,1043.0,0.0061787902
2957,E20,DR_20221209_143805,1044.0,0.029848097
2958,E21,DR_20221209_143805,1045.0,0.006393793
2959,E21,DR_20221209_143805,1046.0,0.03557389
2960,E21,DR_20221209_143805,1047.0,-0.034333877
2961,E21,DR_20221209_143805,1048.0,0.053243954
2962,E21,DR_20221209_143805,1049.0,-0.006332075
2963,E21,DR_20221209_143805,1050.0,-0.00034650398
2964,E21,DR_20221209_143805,1051.0,0.010867931
2965,E21,DR_20221209_143805,1052.0,0.004424037
2966,E21,DR_20221209_143805,1053.0,0.0034464865
2967,E22,DR_20221209_143805,1054.0,0.09289873
2968,E22,DR_20221209_143805,1055.0,0.09808761
2969,E22,DR_20221209_143805,1056.0,0.18039934
2970,E22,DR_20221209_143805,1057.0,0.046148196
2971,E22,DR_20221209_143805,1058.0,-0.0062105544
2972,E22,DR_20221209_143805,1059.0,-0.008192331
2973,E22,DR_20221209_143805,1060.0,0.009561113
2974,E22,DR_20221209_143805,1061.0,-0.013001795
2975,E22,DR_20221209_143805,1062.0,0.0037102192
3012,F03,DR_20221209_143805,1099.0,-0.001676964
3013,F03,DR_20221209_143805,1100.0,-0.0029956761
3014,F03,DR_20221209_143805,1101.0,-0.014271071
3015,F03,DR_20221209_143805,1102.0,0.077546075
3016,F03,DR_20221209_143805,1103.0,0.19622464
3017,F03,DR_20221209_143805,1104.0,0.16186808
3018,F03,DR_20221209_143805,1105.0,-0.013885234
3019,F03,DR_20221209_143805,1106.0,-0.012768571
3020,F03,DR_20221209_143805,1107.0,-0.0190501
3021,F04,DR_20221209_143805,1108.0,0.008768297
3022,F04,DR_20221209_143805,1109.0,0.003812876
3023,F04,DR_20221209_143805,1110.0,0.15194918
3024,F04,DR_20221209_143805,1111.0,-0.010872912
3025,F04,DR_20221209_143805,1112.0,0.2460569
3026,F04,DR_20221209_143805,1113.0,0.14847803
3027,F04,DR_20221209_143805,1114.0,0.24015976
3028,F04,DR_20221209_143805,1115.0,0.13407926
3029,F04,DR_20221209_143805,1116.0,0.18170616
3030,F05,DR_20221209_143805,1117.0,0.0040112804
3031,F05,DR_20221209_143805,1118.0,0.14987174
3032,F05,DR_20221209_143805,1119.0,0.078556724
3033,F05,DR_20221209_143805,1120.0,-0.007545029
3034,F05,DR_20221209_143805,1121.0,0.14301528
3035,F05,DR_20221209_143805,1122.0,0.13289705
3036,F05,DR_20221209_143805,1123.0,-0.010623988
3037,F05,DR_20221209_143805,1124.0,-0.020883437
3038,F05,DR_20221209_143805,1125.0,-0.022557035
3039,F06,DR_20221209_143805,1126.0,0.009095942
3040,F06,DR_20221209_143805,1127.0,0.00092704827
3041,F06,DR_20221209_143805,1128.0,0.00434455
3042,F06,DR_20221209_143805,1129.0,0.0028997262
3043,F06,DR_20221209_143805,1130.0,0.23359737
3044,F06,DR_20221209_143805,1131.0,0.011528307
3045,F06,DR_20221209_143805,1132.0,0.16566163
3046,F06,DR_20221209_143805,1133.0,0.12011745
3047,F06,DR_20221209_143805,1134.0,0.1835829
3048,F07,DR_20221209_143805,1135.0,0.0013028583
3049,F07,DR_20221209_143805,1136.0,0.005514753
3050,F07,DR_20221209_143805,1137.0,0.13653474
3051,F07,DR_20221209_143805,1138.0,-0.0148390755
3052,F07,DR_20221209_143805,1139.0,0.22970027
3053,F07,DR_20221209_143805,1140.0,0.14549953
3054,F07,DR_20221209_143805,1141.0,0.15790832
3055,F07,DR_20221209_143805,1142.0,0.15328166
3056,F07,DR_20221209_143805,1143.0,0.0062263915
3057,F08,DR_20221209_143805,1144.0,0.14463133
3058,F08,DR_20221209_143805,1145.0,0.15116146
3059,F08,DR_20221209_143805,1146.0,0.0019196968
3060,F08,DR_20221209_143805,1147.0,-0.0032001452
3061,F08,DR_20221209_143805,1148.0,0.09333347
3062,F08,DR_20221209_143805,1149.0,-0.033001073
3063,F08,DR_20221209_143805,1150.0,-0.02780201
3064,F08,DR_20221209_143805,1151.0,0.12153865
3065,F08,DR_20221209_143805,1152.0,0.00038330688
3066,F09,DR_20221209_143805,1153.0,0.0023424218
3067,F09,DR_20221209_143805,1154.0,-0.00056036154
3068,F09,DR_20221209_143805,1155.0,0.095941775
3069,F09,DR_20221209_143805,1156.0,-0.02193996
3070,F09,DR_20221209_143805,1157.0,0.1375999
3071,F09,DR_20221209_143805,1158.0,0.008428177
3072,F09,DR_20221209_143805,1159.0,0.07061006
3073,F09,DR_20221209_143805,1160.0,0.07362195
3074,F09,DR_20221209_143805,1161.0,-0.0019656015
3075,F10,DR_20221209_143805,1162.0,-0.019806376
3076,F10,DR_20221209_143805,1163.0,0.07774302
3077,F10,DR_20221209_143805,1164.0,0.043643966
3078,F10,DR_20221209_143805,1165.0,0.004888626
3079,F10,DR_20221209_143805,1166.0,-0.004058269
3080,F10,DR_20221209_143805,1167.0,0.096600115
3081,F10,DR_20221209_143805,1168.0,0.0026269516
3082,F10,DR_20221209_143805,1169.0,0.23813346
3083,F10,DR_20221209_143805,1170.0,-0.0043368195
3084,F11,DR_20221209_143805,1171.0,-0.0008022093
3085,F11,DR_20221209_143805,1172.0,0.002220872
3086,F11,DR_20221209_143805,1173.0,0.068317905
3087,F11,DR_20221209_143805,1174.0,0.035692524
3088,F11,DR_20221209_143805,1175.0,-0.031511903
3089,F11,DR_20221209_143805,1176.0,0.03151148
3090,F11,DR_20221209_143805,1177.0,-0.006402924
3091,F11,DR_20221209_143805,1178.0,0.31357542
3092,F11,DR_20221209_143805,1179.0,-0.010597306
3093,F12,DR_20221209_143805,1180.0,0.009176028
3094,F12,DR_20221209_143805,1181.0,0.002286935
3095,F12,DR_20221209_143805,1182.0,-0.008384075
3096,F12,DR_20221209_143805,1183.0,0.068047315
3097,F12,DR_20221209_143805,1184.0,0.013397093
3098,F12,DR_20221209_143805,1185.0,0.030108754
3099,F12,DR_20221209_143805,1186.0,-0.017416824
3100,F12,DR_20221209_143805,1187.0,0.24446096
3101,F12,DR_20221209_143805,1188.0,0.046138402
3102,F13,DR_20221209_143805,1189.0,-0.00604446
3103,F13,DR_20221209_143805,1190.0,0.001983658
3104,F13,DR_20221209_143805,1191.0,-0.006150606
3105,F13,DR_20221209_143805,1192.0,0.05110082
3106,F13,DR_20221209_143805,1193.0,-0.03086404
3107,F13,DR_20221209_143805,1194.0,-0.0010933941
3108,F13,DR_20221209_143805,1195.0,0.102127224
3109,F13,DR_20221209_143805,1196.0,0.006139438
3110,F13,DR_20221209_143805,1197.0,0.00022162942
3111,F14,DR_20221209_143805,1198.0,-0.00018901612
3112,F14,DR_20221209_143805,1199.0,0.12805791
3113,F14,DR_20221209_143805,1200.0,0.023498612
3114,F14,DR_20221209_143805,1201.0,0.26466817
3115,F14,DR_20221209_143805,1202.0,0.024406495
3116,F14,DR_20221209_143805,1203.0,0.0444238
3117,F14,DR_20221209_143805,1204.0,0.0044942424
3118,F14,DR_20221209_143805,1205.0,0.038812626
3119,F14,DR_20221209_143805,1206.0,0.069723435
3120,F15,DR_20221209_143805,1207.0,-0.0015867903
3121,F15,DR_20221209_143805,1208.0,0.001728879
3122,F15,DR_20221209_143805,1209.0,-0.0097369775
3123,F15,DR_20221209_143805,1210.0,0.058150638
3124,F15,DR_20221209_143805,1211.0,0.1470335
3125,F15,DR_20221209_143805,1212.0,0.0019593216
3126,F15,DR_20221209_143805,1213.0,0.090582654
3127,F15,DR_20221209_143805,1214.0,0.041178968
3128,F15,DR_20221209_143805,1215.0,-0.0024509379
3129,F16,DR_20221209_143805,1216.0,-0.0052754735
3130,F16,DR_20221209_143805,1217.0,0.002079771
3131,F16,DR_20221209_143805,1218.0,-0.0057940064
3132,F16,DR_20221209_143805,1219.0,-0.027843073
3133,F16,DR_20221209_143805,1220.0,-0.013312814
3134,F16,DR_20221209_143805,1221.0,-0.009787496
3135,F16,DR_20221209_143805,1222.0,-0.012393698
3136,F16,DR_20221209_143805,1223.0,0.255339
3137,F16,DR_20221209_143805,1224.0,0.15743466
3138,F17,DR_20221209_143805,1225.0,0.14882216
3139,F17,DR_20221209_143805,1226.0,0.07131116
3140,F17,DR_20221209_143805,1227.0,0.022199996
3141,F17,DR_20221209_143805,1228.0,0.3561032
3142,F17,DR_20221209_143805,1229.0,0.037581857
3143,F17,DR_20221209_143805,1230.0,-0.0016719893
3144,F17,DR_20221209_143805,1231.0,0.0005138179
3145,F17,DR_20221209_143805,1232.0,0.000646798
3146,F17,DR_20221209_143805,1233.0,0.0033063926
3147,F18,DR_20221209_143805,1234.0,0.003839615
3148,F18,DR_20221209_143805,1235.0,0.14739828
3149,F18,DR_20221209_143805,1236.0,0.07553994
3150,F18,DR_20221209_143805,1237.0,0.17632473
3151,F18,DR_20221209_143805,1238.0,-0.009590881
3152,F18,DR_20221209_143805,1239.0,-0.009815028
3153,F18,DR_20221209_143805,1240.0,-0.002094254
3154,F18,DR_20221209_143805,1241.0,0.19428341
3155,F18,DR_20221209_143805,1242.0,0.011506363
3156,F19,DR_20221209_143805,1243.0,-0.0032595678
3157,F19,DR_20221209_143805,1244.0,0.14753787
3158,F19,DR_20221209_143805,1245.0,-0.0030420604
3159,F19,DR_20221209_143805,1246.0,0.0017931946
3160,F19,DR_20221209_143805,1247.0,0.029829001
3161,F19,DR_20221209_143805,1248.0,-0.0029440173
3162,F19,DR_20221209_143805,1249.0,-0.0008508123
3163,F19,DR_20221209_143805,1250.0,-0.021312015
3164,F19,DR_20221209_143805,1251.0,0.08651642
3165,F20,DR_20221209_143805,1252.0,0.0024374267
3166,F20,DR_20221209_143805,1253.0,-0.00075018674
3167,F20,DR_20221209_143805,1254.0,-0.010223609
3168,F20,DR_20221209_143805,1255.0,0.0022140797
3169,F20,DR_20221209_143805,1256.0,0.01986813
3170,F20,DR_20221209_143805,1257.0,0.002295743
3171,F20,DR_20221209_143805,1258.0,0.00039763158
3172,F20,DR_20221209_143805,1259.0,0.0006330579
3173,F20,DR_20221209_143805,1260.0,-0.006853503
3174,F21,DR_20221209_143805,1261.0,-0.00102775
3175,F21,DR_20221209_143805,1262.0,0.014365577
3176,F21,DR_20221209_143805,1263.0,-0.012418796
3177,F21,DR_20221209_143805,1264.0,0.065213494
3178,F21,DR_20221209_143805,1265.0,0.00058449275
3179,F21,DR_20221209_143805,1266.0,-0.04083677
3180,F21,DR_20221209_143805,1267.0,-0.040355977
3181,F21,DR_20221209_143805,1268.0,0.005394564
3182,F21,DR_20221209_143805,1269.0,0.25949875
3183,F22,DR_20221209_143805,1270.0,0.115005344
3184,F22,DR_20221209_143805,1271.0,0.0015745768
3185,F22,DR_20221209_143805,1272.0,-0.0010446211
3186,F22,DR_20221209_143805,1273.0,0.0033001266
3187,F22,DR_20221209_143805,1274.0,-0.0011739789
3188,F22,DR_20221209_143805,1275.0,0.00010902071
3189,F22,DR_20221209_143805,1276.0,0.004044167
3190,F22,DR_20221209_143805,1277.0,0.0032126557
3191,F22,DR_20221209_143805,1278.0,0.0017959552
3228,G03,DR_20221209_143805,1315.0,-0.0003596879
3229,G03,DR_20221209_143805,1316.0,2.4988714e-05
3230,G03,DR_20221209_143805,1317.0,0.046844445
3231,G03,DR_20221209_143805,1318.0,0.051165864
3232,G03,DR_20221209_143805,1319.0,-0.0046898965
3233,G03,DR_20221209_143805,1320.0,-0.0019828544
3234,G03,DR_20221209_143805,1321.0,0.00023211486
3235,G03,DR_20221209_143805,1322.0,0.09717519
3236,G03,DR_20221209_143805,1323.0,-0.005798374
3237,G04,DR_20221209_143805,1324.0,0.00085752585
3238,G04,DR_20221209_143805,1325.0,0.0021333923
3239,G04,DR_20221209_143805,1326.0,-0.0077362373
3240,G04,DR_20221209_143805,1327.0,-0.01303032
3241,G04,DR_20221209_143805,1328.0,-0.046793792
3242,G04,DR_20221209_143805,1329.0,-0.002380236
3243,G04,DR_20221209_143805,1330.0,-0.010352064
3244,G04,DR_20221209_143805,1331.0,-0.007136087
3245,G04,DR_20221209_143805,1332.0,0.013265164
3246,G05,DR_20221209_143805,1333.0,-0.0098546455
3247,G05,DR_20221209_143805,1334.0,0.0011132521
3248,G05,DR_20221209_143805,1335.0,-0.00033817018
3249,G05,DR_20221209_143805,1336.0,-0.0066804443
3250,G05,DR_20221209_143805,1337.0,0.00032533315
3251,G05,DR_20221209_143805,1338.0,-0.0011460797
3252,G05,DR_20221209_143805,1339.0,0.018096298
3253,G05,DR_20221209_143805,1340.0,-0.004272929
3254,G05,DR_20221209_143805,1341.0,0.0009807672
3255,G06,DR_20221209_143805,1342.0,-0.0006204357
3256,G06,DR_20221209_143805,1343.0,-0.0035374688
3257,G06,DR_20221209_143805,1344.0,-0.0018005151
3258,G06,DR_20221209_143805,1345.0,0.0010502613
3259,G06,DR_20221209_143805,1346.0,-0.0011142966
3260,G06,DR_20221209_143805,1347.0,-0.00024183419
3261,G06,DR_20221209_143805,1348.0,0.0029290225
3262,G06,DR_20221209_143805,1349.0,-0.009160917
3263,G06,DR_20221209_143805,1350.0,0.0032550131
3264,G07,DR_20221209_143805,1351.0,0.0033576617
3265,G07,DR_20221209_143805,1352.0,0.06273947
3266,G07,DR_20221209_143805,1353.0,0.0040810783
3267,G07,DR_20221209_143805,1354.0,6.498578e-05
3268,G07,DR_20221209_143805,1355.0,0.0009891734
3269,G07,DR_20221209_143805,1356.0,0.004959327
3270,G07,DR_20221209_143805,1357.0,-0.0011895332
3271,G07,DR_20221209_143805,1358.0,-0.013186369
3272,G07,DR_20221209_143805,1359.0,0.0047216085
3273,G08,DR_20221209_143805,1360.0,-0.009721845
3274,G08,DR_20221209_143805,1361.0,-0.03267483
3275,G08,DR_20221209_143805,1362.0,-0.017088193
3276,G08,DR_20221209_143805,1363.0,0.063398644
3277,G08,DR_20221209_143805,1364.0,0.12797554
3278,G08,DR_20221209_143805,1365.0,-0.0024848473
3279,G08,DR_20221209_143805,1366.0,0.014996147
3280,G08,DR_20221209_143805,1367.0,0.0050277114
3281,G08,DR_20221209_143805,1368.0,0.14007339
3282,G09,DR_20221209_143805,1369.0,-0.0022055996
3283,G09,DR_20221209_143805,1370.0,0.0046712575
3284,G09,DR_20221209_143805,1371.0,-0.007986691
3285,G09,DR_20221209_143805,1372.0,0.016626542
3286,G09,DR_20221209_143805,1373.0,0.09117881
3287,G09,DR_20221209_143805,1374.0,0.14007908
3288,G09,DR_20221209_143805,1375.0,-0.0075589577
3289,G09,DR_20221209_143805,1376.0,-0.005456029
3290,G09,DR_20221209_143805,1377.0,-0.009340767
3291,G10,DR_20221209_143805,1378.0,0.010507407
3292,G10,DR_20221209_143805,1379.0,-0.021957604
3293,G10,DR_20221209_143805,1380.0,0.0019431117
3294,G10,DR_20221209_143805,1381.0,-0.0034775503
3295,G10,DR_20221209_143805,1382.0,-0.004472878
3296,G10,DR_20221209_143805,1383.0,0.0071561984
3297,G10,DR_20221209_143805,1384.0,-0.0021782897
3298,G10,DR_20221209_143805,1385.0,0.00080860837
3299,G10,DR_20221209_143805,1386.0,0.101989664
3300,G11,DR_20221209_143805,1387.0,-0.0071552387
3301,G11,DR_20221209_143805,1388.0,-0.036490444
3302,G11,DR_20221209_143805,1389.0,-0.008554637
3303,G11,DR_20221209_143805,1390.0,0.022224205
3304,G11,DR_20221209_143805,1391.0,0.11513367
3305,G11,DR_20221209_143805,1392.0,0.0018907582
3306,G11,DR_20221209_143805,1393.0,0.006409538
3307,G11,DR_20221209_143805,1394.0,0.015259065
3308,G11,DR_20221209_143805,1395.0,0.0047748378
3309,G12,DR_20221209_143805,1396.0,-0.0051379204
3310,G12,DR_20221209_143805,1397.0,0.005431954
3311,G12,DR_20221209_143805,1398.0,0.009991061
3312,G12,DR_20221209_143805,1399.0,0.0702173
3313,G12,DR_20221209_143805,1400.0,0.1639715
3314,G12,DR_20221209_143805,1401.0,-0.008652914
3315,G12,DR_20221209_143805,1402.0,-0.0014616929
3316,G12,DR_20221209_143805,1403.0,0.10546053
3317,G12,DR_20221209_143805,1404.0,-0.0021790946
3318,G13,DR_20221209_143805,1405.0,-0.01370177
3319,G13,DR_20221209_143805,1406.0,-0.020287246
3320,G13,DR_20221209_143805,1407.0,-0.01825031
3321,G13,DR_20221209_143805,1408.0,0.23185037
3322,G13,DR_20221209_143805,1409.0,0.1306571
3323,G13,DR_20221209_143805,1410.0,0.06885424
3324,G13,DR_20221209_143805,1411.0,-0.012244139
3325,G13,DR_20221209_143805,1412.0,0.063356586
3326,G13,DR_20221209_143805,1413.0,0.0016809335
3327,G14,DR_20221209_143805,1414.0,0.027211845
3328,G14,DR_20221209_143805,1415.0,0.0026814877
3329,G14,DR_20221209_143805,1416.0,0.17532599
3330,G14,DR_20221209_143805,1417.0,0.014789683
3331,G14,DR_20221209_143805,1418.0,0.04751065
3332,G14,DR_20221209_143805,1419.0,0.00010008149
3333,G14,DR_20221209_143805,1420.0,-0.024780473
3334,G14,DR_20221209_143805,1421.0,-0.0026079312
3335,G14,DR_20221209_143805,1422.0,-0.0033232998
3336,G15,DR_20221209_143805,1423.0,-0.01731437
3337,G15,DR_20221209_143805,1424.0,0.16033667
3338,G15,DR_20221209_143805,1425.0,0.27635524
3339,G15,DR_20221209_143805,1426.0,-0.014715133
3340,G15,DR_20221209_143805,1427.0,0.034682803
3341,G15,DR_20221209_143805,1428.0,0.106802806
3342,G15,DR_20221209_143805,1429.0,-0.020569868
3343,G15,DR_20221209_143805,1430.0,0.0008230263
3344,G15,DR_20221209_143805,1431.0,0.005803099
3345,G16,DR_20221209_143805,1432.0,-0.021924274
3346,G16,DR_20221209_143805,1433.0,0.0026952832
3347,G16,DR_20221209_143805,1434.0,-0.032205276
3348,G16,DR_20221209_143805,1435.0,0.17112388
3349,G16,DR_20221209_143805,1436.0,8.121449e-05
3350,G16,DR_20221209_143805,1437.0,0.00013071147
3351,G16,DR_20221209_143805,1438.0,0.16096355
3352,G16,DR_20221209_143805,1439.0,0.09635343
3353,G16,DR_20221209_143805,1440.0,0.0141979335
3354,G17,DR_20221209_143805,1441.0,0.26917493
3355,G17,DR_20221209_143805,1442.0,-0.0185338
3356,G17,DR_20221209_143805,1443.0,0.9432233
3357,G17,DR_20221209_143805,1444.0,0.1441986
3358,G17,DR_20221209_143805,1445.0,-0.0015484182
3359,G17,DR_20221209_143805,1446.0,-0.031690042
3360,G17,DR_20221209_143805,1447.0,0.0015176194
3361,G17,DR_20221209_143805,1448.0,-0.001987943
3362,G17,DR_20221209_143805,1449.0,-0.005818837
3363,G18,DR_20221209_143805,1450.0,-0.042908058
3364,G18,DR_20221209_143805,1451.0,-0.028518613
3365,G18,DR_20221209_143805,1452.0,-0.00037335767
3366,G18,DR_20221209_143805,1453.0,0.16241193
3367,G18,DR_20221209_143805,1454.0,0.04066547
3368,G18,DR_20221209_143805,1455.0,-0.014628967
3369,G18,DR_20221209_143805,1456.0,0.0036192385
3370,G18,DR_20221209_143805,1457.0,-0.0009401871
3371,G18,DR_20221209_143805,1458.0,-0.008544286
3372,G19,DR_20221209_143805,1459.0,0.0017191021
3373,G19,DR_20221209_143805,1460.0,0.043923195
3374,G19,DR_20221209_143805,1461.0,0.06436445
3375,G19,DR_20221209_143805,1462.0,-0.003147661
3376,G19,DR_20221209_143805,1463.0,0.027604535
3377,G19,DR_20221209_143805,1464.0,-0.0050666407
3378,G19,DR_20221209_143805,1465.0,-0.0045359842
3379,G19,DR_20221209_143805,1466.0,0.005663165
3380,G19,DR_20221209_143805,1467.0,0.007239302
3381,G20,DR_20221209_143805,1468.0,-0.0009266026
3382,G20,DR_20221209_143805,1469.0,-0.008128242
3383,G20,DR_20221209_143805,1470.0,-0.019452417
3384,G20,DR_20221209_143805,1471.0,-0.015336639
3385,G20,DR_20221209_143805,1472.0,-0.009578297
3386,G20,DR_20221209_143805,1473.0,-0.002170608
3387,G20,DR_20221209_143805,1474.0,-0.0054296185
3388,G20,DR_20221209_143805,1475.0,0.0109102065
3389,G20,DR_20221209_143805,1476.0,0.0014742949
3390,G21,DR_20221209_143805,1477.0,0.0021458745
3391,G21,DR_20221209_143805,1478.0,-0.006366293
3392,G21,DR_20221209_143805,1479.0,0.002159596
3393,G21,DR_20221209_143805,1480.0,0.000821204
3394,G21,DR_20221209_143805,1481.0,-0.0033364806
3395,G21,DR_20221209_143805,1482.0,0.0025018957
3396,G21,DR_20221209_143805,1483.0,-0.003035528
3397,G21,DR_20221209_143805,1484.0,0.008093324
3398,G21,DR_20221209_143805,1485.0,0.0018319746
3399,G22,DR_20221209_143805,1486.0,0.009278559
3400,G22,DR_20221209_143805,1487.0,0.0057070577
3401,G22,DR_20221209_143805,1488.0,-0.054307986
3402,G22,DR_20221209_143805,1489.0,-0.017321466
3403,G22,DR_20221209_143805,1490.0,-0.0032526627
3404,G22,DR_20221209_143805,1491.0,0.0046520527
3405,G22,DR_20221209_143805,1492.0,0.012876089
3406,G22,DR_20221209_143805,1493.0,0.037706595
3407,G22,DR_20221209_143805,1494.0,0.0043889116
3444,H03,DR_20221209_143805,1531.0,0.00041867472
3445,H03,DR_20221209_143805,1532.0,-0.002808947
3446,H03,DR_20221209_143805,1533.0,0.016377756
3447,H03,DR_20221209_143805,1534.0,-0.008197505
3448,H03,DR_20221209_143805,1535.0,-0.0014097318
3449,H03,DR_20221209_143805,1536.0,-0.00069299695
3450,H03,DR_20221209_143805,1537.0,0.0015927642
3451,H03,DR_20221209_143805,1538.0,-0.00037641768
3452,H03,DR_20221209_143805,1539.0,0.0012098879
3453,H04,DR_20221209_143805,1540.0,0.0030929353
3454,H04,DR_20221209_143805,1541.0,-0.0106951445
3455,H04,DR_20221209_143805,1542.0,-0.0086861625
3456,H04,DR_20221209_143805,1543.0,-0.0037879215
3457,H04,DR_20221209_143805,1544.0,-0.016047915
3458,H04,DR_20221209_143805,1545.0,-0.001162139
3459,H04,DR_20221209_143805,1546.0,0.0021284278
3460,H04,DR_20221209_143805,1547.0,-0.00073612574
3461,H04,DR_20221209_143805,1548.0,-0.008970986
3462,H05,DR_20221209_143805,1549.0,0.006627061
3463,H05,DR_20221209_143805,1550.0,-0.002297594
3464,H05,DR_20221209_143805,1551.0,-0.0071728677
3465,H05,DR_20221209_143805,1552.0,0.014699285
3466,H05,DR_20221209_143805,1553.0,-0.007245495
3467,H05,DR_20221209_143805,1554.0,0.002104907
3468,H05,DR_20221209_143805,1555.0,-0.0024156577
3469,H05,DR_20221209_143805,1556.0,-0.00060419855
3470,H05,DR_20221209_143805,1557.0,-0.003644423
3471,H06,DR_20221209_143805,1558.0,0.0002466104
3472,H06,DR_20221209_143805,1559.0,0.00038321794
3473,H06,DR_20221209_143805,1560.0,-0.0068313694
3474,H06,DR_20221209_143805,1561.0,0.027591284
3475,H06,DR_20221209_143805,1562.0,-0.0010385291
3476,H06,DR_20221209_143805,1563.0,0.0020834787
3477,H06,DR_20221209_143805,1564.0,-0.0022900926
3478,H06,DR_20221209_143805,1565.0,-9.474028e-05
3479,H06,DR_20221209_143805,1566.0,-0.00011815314
3480,H07,DR_20221209_143805,1567.0,-0.0009969604
3481,H07,DR_20221209_143805,1568.0,-0.008524027
3482,H07,DR_20221209_143805,1569.0,-0.0011981291
3483,H07,DR_20221209_143805,1570.0,-0.021337943
3484,H07,DR_20221209_143805,1571.0,-0.0029434036
3485,H07,DR_20221209_143805,1572.0,0.0013014846
3486,H07,DR_20221209_143805,1573.0,0.00070869643
3487,H07,DR_20221209_143805,1574.0,0.0015608391
3488,H07,DR_20221209_143805,1575.0,-0.0032872006
3489,H08,DR_20221209_143805,1576.0,0.12664776
3490,H08,DR_20221209_143805,1577.0,0.11812812
3491,H08,DR_20221209_143805,1578.0,-4.1187825e-05
3492,H08,DR_20221209_143805,1579.0,0.0008134553
3493,H08,DR_20221209_143805,1580.0,-0.022171477
3494,H08,DR_20221209_143805,1581.0,-0.032353725
3495,H08,DR_20221209_143805,1582.0,0.023543533
3496,H08,DR_20221209_143805,1583.0,0.0027398474
3497,H08,DR_20221209_143805,1584.0,-0.00086597586
3498,H09,DR_20221209_143805,1585.0,-0.0019266594
3499,H09,DR_20221209_143805,1586.0,-0.03385812
3500,H09,DR_20221209_143805,1587.0,0.007572128
3501,H09,DR_20221209_143805,1588.0,-0.015571475
3502,H09,DR_20221209_143805,1589.0,0.1482258
3503,H09,DR_20221209_143805,1590.0,-0.023224264
3504,H09,DR_20221209_143805,1591.0,-0.007780269
3505,H09,DR_20221209_143805,1592.0,0.071946904
3506,H09,DR_20221209_143805,1593.0,-0.016015487
3507,H10,DR_20221209_143805,1594.0,-0.0121883545
3508,H10,DR_20221209_143805,1595.0,0.021681128
3509,H10,DR_20221209_143805,1596.0,-0.0077827442
3510,H10,DR_20221209_143805,1597.0,-0.00018859538
3511,H10,DR_20221209_143805,1598.0,-0.0054284763
3512,H10,DR_20221209_143805,1599.0,0.0016209271
3513,H10,DR_20221209_143805,1600.0,0.00070277764
3514,H10,DR_20221209_143805,1601.0,0.027242925
3515,H10,DR_20221209_143805,1602.0,-0.001517537
3516,H11,DR_20221209_143805,1603.0,0.0045024897
3517,H11,DR_20221209_143805,1604.0,0.0038117156
3518,H11,DR_20221209_143805,1605.0,-0.010154888
3519,H11,DR_20221209_143805,1606.0,0.0041286657
3520,H11,DR_20221209_143805,1607.0,0.088954575
3521,H11,DR_20221209_143805,1608.0,0.0073391623
3522,H11,DR_20221209_143805,1609.0,0.0018554486
3523,H11,DR_20221209_143805,1610.0,-0.0049125883
3524,H11,DR_20221209_143805,1611.0,0.106957525
3525,H12,DR_20221209_143805,1612.0,0.0075292196
3526,H12,DR_20221209_143805,1613.0,-0.00738753
3527,H12,DR_20221209_143805,1614.0,0.013928441
3528,H12,DR_20221209_143805,1615.0,0.012337673
3529,H12,DR_20221209_143805,1616.0,0.14745766
3530,H12,DR_20221209_143805,1617.0,0.04893317
3531,H12,DR_20221209_143805,1618.0,0.0027093082
3532,H12,DR_20221209_143805,1619.0,-0.005463078
3533,H12,DR_20221209_143805,1620.0,-0.00077222823
3534,H13,DR_20221209_143805,1621.0,-0.038790416
3535,H13,DR_20221209_143805,1622.0,0.04955117
3536,H13,DR_20221209_143805,1623.0,0.09258357
3537,H13,DR_20221209_143805,1624.0,0.099216744
3538,H13,DR_20221209_143805,1625.0,0.2055716
3539,H13,DR_20221209_143805,1626.0,0.2839317
3540,H13,DR_20221209_143805,1627.0,0.0035122458
3541,H13,DR_20221209_143805,1628.0,-0.010656446
3542,H13,DR_20221209_143805,1629.0,0.00396199
3543,H14,DR_20221209_143805,1630.0,0.09325243
3544,H14,DR_20221209_143805,1631.0,0.01360782
3545,H14,DR_20221209_143805,1632.0,0.17438853
3546,H14,DR_20221209_143805,1633.0,0.052286353
3547,H14,DR_20221209_143805,1634.0,0.17221099
3548,H14,DR_20221209_143805,1635.0,0.08187114
3549,H14,DR_20221209_143805,1636.0,-0.00029075937
3550,H14,DR_20221209_143805,1637.0,0.015053188
3551,H14,DR_20221209_143805,1638.0,0.005774856
3552,H15,DR_20221209_143805,1639.0,0.004717452
3553,H15,DR_20221209_143805,1640.0,-0.0021717153
3554,H15,DR_20221209_143805,1641.0,0.0015231443
3555,H15,DR_20221209_143805,1642.0,0.012677422
3556,H15,DR_20221209_143805,1643.0,0.13869141
3557,H15,DR_20221209_143805,1644.0,0.15706426
3558,H15,DR_20221209_143805,1645.0,-0.0001958683
3559,H15,DR_20221209_143805,1646.0,0.0012742012
3560,H15,DR_20221209_143805,1647.0,0.0053566704
3561,H16,DR_20221209_143805,1648.0,-0.040816348
3562,H16,DR_20221209_143805,1649.0,-0.003281766
3563,H16,DR_20221209_143805,1650.0,-0.016755631
3564,H16,DR_20221209_143805,1651.0,-0.004931181
3565,H16,DR_20221209_143805,1652.0,0.13955043
3566,H16,DR_20221209_143805,1653.0,-0.008579428
3567,H16,DR_20221209_143805,1654.0,0.11841248
3568,H16,DR_20221209_143805,1655.0,-0.018244227
3569,H16,DR_20221209_143805,1656.0,0.0582695
3570,H17,DR_20221209_143805,1657.0,0.010601001
3571,H17,DR_20221209_143805,1658.0,-0.0005783333
3572,H17,DR_20221209_143805,1659.0,0.0062603233
3573,H17,DR_20221209_143805,1660.0,0.002681701
3574,H17,DR_20221209_143805,1661.0,0.25382513
3575,H17,DR_20221209_143805,1662.0,-0.0026501277
3576,H17,DR_20221209_143805,1663.0,-0.011223584
3577,H17,DR_20221209_143805,1664.0,-0.0010155194
3578,H17,DR_20221209_143805,1665.0,0.012168608
3579,H18,DR_20221209_143805,1666.0,0.0058023883
3580,H18,DR_20221209_143805,1667.0,0.07600646
3581,H18,DR_20221209_143805,1668.0,0.11172971
3582,H18,DR_20221209_143805,1669.0,0.040919717
3583,H18,DR_20221209_143805,1670.0,-0.0065840445
3584,H18,DR_20221209_143805,1671.0,0.0013180453
3585,H18,DR_20221209_143805,1672.0,1.4166302e-05
3586,H18,DR_20221209_143805,1673.0,0.017661372
3587,H18,DR_20221209_143805,1674.0,0.17026472
3588,H19,DR_20221209_143805,1675.0,-0.0049777124
3589,H19,DR_20221209_143805,1676.0,0.10553787
3590,H19,DR_20221209_143805,1677.0,-0.021222489
3591,H19,DR_20221209_143805,1678.0,0.003966692
3592,H19,DR_20221209_143805,1679.0,-0.0018795604
3593,H19,DR_20221209_143805,1680.0,-0.0013515414
3594,H19,DR_20221209_143805,1681.0,-0.005517033
3595,H19,DR_20221209_143805,1682.0,-0.004588143
3596,H19,DR_20221209_143805,1683.0,0.0028379872
3597,H20,DR_20221209_143805,1684.0,-0.019174568
3598,H20,DR_20221209_143805,1685.0,0.08718265
3599,H20,DR_20221209_143805,1686.0,0.11058099
3600,H20,DR_20221209_143805,1687.0,0.06932887
3601,H20,DR_20221209_143805,1688.0,-0.0024017412
3602,H20,DR_20221209_143805,1689.0,-0.003533357
3603,H20,DR_20221209_143805,1690.0,-0.0044889785
3604,H20,DR_20221209_143805,1691.0,0.0008913744
3605,H20,DR_20221209_143805,1692.0,0.0022066536
3606,H21,DR_20221209_143805,1693.0,-0.008205823
3607,H21,DR_20221209_143805,1694.0,0.06548327
3608,H21,DR_20221209_143805,1695.0,0.004142127
3609,H21,DR_20221209_143805,1696.0,0.0028682963
3610,H21,DR_20221209_143805,1697.0,-0.008013385
3611,H21,DR_20221209_143805,1698.0,0.0010231937
3612,H21,DR_20221209_143805,1699.0,0.004361033
3613,H21,DR_20221209_143805,1700.0,-0.0007383751
3614,H21,DR_20221209_143805,1701.0,0.11873583
3615,H22,DR_20221209_143805,1702.0,-0.01136335
3616,H22,DR_20221209_143805,1703.0,0.007962891
3617,H22,DR_20221209_143805,1704.0,0.18955278
3618,H22,DR_20221209_143805,1705.0,0.0028136787
3619,H22,DR_20221209_143805,1706.0,-0.015014499
3620,H22,DR_20221209_143805,1707.0,0.0024424319
3621,H22,DR_20221209_143805,1708.0,0.0014704166
3622,H22,DR_20221209_143805,1709.0,0.0056077098
3623,H22,DR_20221209_143805,1710.0,0.0014018893
3660,I03,DR_20221209_143805,1747.0,-0.000116832794
3661,I03,DR_20221209_143805,1748.0,-0.0067170584
3662,I03,DR_20221209_143805,1749.0,-0.004035195
3663,I03,DR_20221209_143805,1750.0,-0.002740424
3664,I03,DR_20221209_143805,1751.0,-0.03204704
3665,I03,DR_20221209_143805,1752.0,0.0026305155
3666,I03,DR_20221209_143805,1753.0,-0.007731433
3667,I03,DR_20221209_143805,1754.0,-0.006017766
3668,I03,DR_20221209_143805,1755.0,-0.006651317
3669,I04,DR_20221209_143805,1756.0,0.0010418316
3670,I04,DR_20221209_143805,1757.0,-0.004305663
3671,I04,DR_20221209_143805,1758.0,0.05490314
3672,I04,DR_20221209_143805,1759.0,0.11324531
3673,I04,DR_20221209_143805,1760.0,-0.0016012762
3674,I04,DR_20221209_143805,1761.0,-0.00026577737
3675,I04,DR_20221209_143805,1762.0,-0.00031827937
3676,I04,DR_20221209_143805,1763.0,-0.0027228866
3677,I04,DR_20221209_143805,1764.0,0.0024370507
3678,I05,DR_20221209_143805,1765.0,-0.0023582627
3679,I05,DR_20221209_143805,1766.0,-5.0959407e-05
3680,I05,DR_20221209_143805,1767.0,-5.6254285e-05
3681,I05,DR_20221209_143805,1768.0,-0.004034517
3682,I05,DR_20221209_143805,1769.0,-0.004949225
3683,I05,DR_20221209_143805,1770.0,0.0002822888
3684,I05,DR_20221209_143805,1771.0,-0.0062189563
3685,I05,DR_20221209_143805,1772.0,-0.0046667824
3686,I05,DR_20221209_143805,1773.0,0.027061429
3687,I06,DR_20221209_143805,1774.0,-0.00091264985
3688,I06,DR_20221209_143805,1775.0,-0.001607943
3689,I06,DR_20221209_143805,1776.0,-0.0047443155
3690,I06,DR_20221209_143805,1777.0,-0.010363069
3691,I06,DR_20221209_143805,1778.0,-0.0031676402
3692,I06,DR_20221209_143805,1779.0,-0.0007661867
3693,I06,DR_20221209_143805,1780.0,-0.009652213
3694,I06,DR_20221209_143805,1781.0,-0.0022216947
3695,I06,DR_20221209_143805,1782.0,-0.010162758
3696,I07,DR_20221209_143805,1783.0,-0.004610084
3697,I07,DR_20221209_143805,1784.0,-0.018004362
3698,I07,DR_20221209_143805,1785.0,0.002968499
3699,I07,DR_20221209_143805,1786.0,-0.031532485
3700,I07,DR_20221209_143805,1787.0,-0.00013262159
3701,I07,DR_20221209_143805,1788.0,-0.00028838986
3702,I07,DR_20221209_143805,1789.0,-0.008449557
3703,I07,DR_20221209_143805,1790.0,-0.0017229719
3704,I07,DR_20221209_143805,1791.0,-0.016411172
3705,I08,DR_20221209_143805,1792.0,0.03775169
3706,I08,DR_20221209_143805,1793.0,-0.0044147153
3707,I08,DR_20221209_143805,1794.0,0.022397138
3708,I08,DR_20221209_143805,1795.0,-0.013463361
3709,I08,DR_20221209_143805,1796.0,-0.0030492004
3710,I08,DR_20221209_143805,1797.0,0.0004785182
3711,I08,DR_20221209_143805,1798.0,0.0010589894
3712,I08,DR_20221209_143805,1799.0,-0.0017133494
3713,I08,DR_20221209_143805,1800.0,-0.009189648
3714,I09,DR_20221209_143805,1801.0,-0.002628317
3715,I09,DR_20221209_143805,1802.0,-0.022654228
3716,I09,DR_20221209_143805,1803.0,0.2577496
3717,I09,DR_20221209_143805,1804.0,0.10103345
3718,I09,DR_20221209_143805,1805.0,0.0045900675
3719,I09,DR_20221209_143805,1806.0,0.028359832
3720,I09,DR_20221209_143805,1807.0,0.011015375
3721,I09,DR_20221209_143805,1808.0,0.2229148
3722,I09,DR_20221209_143805,1809.0,0.18782058
3723,I10,DR_20221209_143805,1810.0,0.025089407
3724,I10,DR_20221209_143805,1811.0,0.08547999
3725,I10,DR_20221209_143805,1812.0,-0.039717205
3726,I10,DR_20221209_143805,1813.0,0.002112848
3727,I10,DR_20221209_143805,1814.0,-0.0081287855
3728,I10,DR_20221209_143805,1815.0,-0.0006592115
3729,I10,DR_20221209_143805,1816.0,-0.0036297555
3730,I10,DR_20221209_143805,1817.0,-0.002748369
3731,I10,DR_20221209_143805,1818.0,-0.0038405987
3732,I11,DR_20221209_143805,1819.0,-0.002918007
3733,I11,DR_20221209_143805,1820.0,0.036707908
3734,I11,DR_20221209_143805,1821.0,-0.0031421222
3735,I11,DR_20221209_143805,1822.0,0.021999117
3736,I11,DR_20221209_143805,1823.0,0.035276324
3737,I11,DR_20221209_143805,1824.0,-0.0018049602
3738,I11,DR_20221209_143805,1825.0,-0.012939835
3739,I11,DR_20221209_143805,1826.0,0.20212638
3740,I11,DR_20221209_143805,1827.0,-0.009129805
3741,I12,DR_20221209_143805,1828.0,-0.013318601
3742,I12,DR_20221209_143805,1829.0,-0.0028140396
3743,I12,DR_20221209_143805,1830.0,-0.021932898
3744,I12,DR_20221209_143805,1831.0,0.47218412
3745,I12,DR_20221209_143805,1832.0,0.03626451
3746,I12,DR_20221209_143805,1833.0,-0.009391347
3747,I12,DR_20221209_143805,1834.0,-0.022790398
3748,I12,DR_20221209_143805,1835.0,0.012592293
3749,I12,DR_20221209_143805,1836.0,0.0004839453
3750,I13,DR_20221209_143805,1837.0,-0.0013680456
3751,I13,DR_20221209_143805,1838.0,0.07705822
3752,I13,DR_20221209_143805,1839.0,-5.512911e-05
3753,I13,DR_20221209_143805,1840.0,0.04012584
3754,I13,DR_20221209_143805,1841.0,0.13486461
3755,I13,DR_20221209_143805,1842.0,0.23737304
3756,I13,DR_20221209_143805,1843.0,0.011291765
3757,I13,DR_20221209_143805,1844.0,0.43475738
3758,I13,DR_20221209_143805,1845.0,0.06931663
3759,I14,DR_20221209_143805,1846.0,-0.0012762352
3760,I14,DR_20221209_143805,1847.0,-0.004048308
3761,I14,DR_20221209_143805,1848.0,0.30916238
3762,I14,DR_20221209_143805,1849.0,-0.016107209
3763,I14,DR_20221209_143805,1850.0,0.19293198
3764,I14,DR_20221209_143805,1851.0,-0.011211934
3765,I14,DR_20221209_143805,1852.0,-0.0009084014
3766,I14,DR_20221209_143805,1853.0,-0.03738538
3767,I14,DR_20221209_143805,1854.0,-0.0020145287
3768,I15,DR_20221209_143805,1855.0,-0.016703747
3769,I15,DR_20221209_143805,1856.0,0.0018465872
3770,I15,DR_20221209_143805,1857.0,-0.039542846
3771,I15,DR_20221209_143805,1858.0,0.1286048
3772,I15,DR_20221209_143805,1859.0,0.29572737
3773,I15,DR_20221209_143805,1860.0,0.06351032
3774,I15,DR_20221209_143805,1861.0,0.00261298
3775,I15,DR_20221209_143805,1862.0,0.31764352
3776,I15,DR_20221209_143805,1863.0,0.016031776
3777,I16,DR_20221209_143805,1864.0,0.010678084
3778,I16,DR_20221209_143805,1865.0,-0.013328161
3779,I16,DR_20221209_143805,1866.0,0.15482314
3780,I16,DR_20221209_143805,1867.0,0.06036757
3781,I16,DR_20221209_143805,1868.0,0.27943435
3782,I16,DR_20221209_143805,1869.0,-0.001146173
3783,I16,DR_20221209_143805,1870.0,-0.02486
3784,I16,DR_20221209_143805,1871.0,0.024280826
3785,I16,DR_20221209_143805,1872.0,-0.028322833
3786,I17,DR_20221209_143805,1873.0,0.0007798988
3787,I17,DR_20221209_143805,1874.0,0.0009454185
3788,I17,DR_20221209_143805,1875.0,0.032386225
3789,I17,DR_20221209_143805,1876.0,0.051260144
3790,I17,DR_20221209_143805,1877.0,0.03412555
3791,I17,DR_20221209_143805,1878.0,-0.048655976
3792,I17,DR_20221209_143805,1879.0,-0.014992566
3793,I17,DR_20221209_143805,1880.0,0.0021015727
3794,I17,DR_20221209_143805,1881.0,0.0007559367
3795,I18,DR_20221209_143805,1882.0,0.22870594
3796,I18,DR_20221209_143805,1883.0,-0.0041683745
3797,I18,DR_20221209_143805,1884.0,0.0019499634
3798,I18,DR_20221209_143805,1885.0,0.04541468
3799,I18,DR_20221209_143805,1886.0,0.03394014
3800,I18,DR_20221209_143805,1887.0,0.0016169759
3801,I18,DR_20221209_143805,1888.0,0.0021379658
3802,I18,DR_20221209_143805,1889.0,0.016436867
3803,I18,DR_20221209_143805,1890.0,-0.006040929
3804,I19,DR_20221209_143805,1891.0,-0.0036909124
3805,I19,DR_20221209_143805,1892.0,-0.02981986
3806,I19,DR_20221209_143805,1893.0,0.0005946288
3807,I19,DR_20221209_143805,1894.0,0.0027559209
3808,I19,DR_20221209_143805,1895.0,-0.028952897
3809,I19,DR_20221209_143805,1896.0,0.020542886
3810,I19,DR_20221209_143805,1897.0,-0.0002397853
3811,I19,DR_20221209_143805,1898.0,0.0012205248
3812,I19,DR_20221209_143805,1899.0,0.0007149668
3813,I20,DR_20221209_143805,1900.0,0.061709687
3814,I20,DR_20221209_143805,1901.0,0.034108575
3815,I20,DR_20221209_143805,1902.0,0.00085207744
3816,I20,DR_20221209_143805,1903.0,0.0025948547
3817,I20,DR_20221209_143805,1904.0,-0.0054567326
3818,I20,DR_20221209_143805,1905.0,-0.0025634116
3819,I20,DR_20221209_143805,1906.0,0.0025561373
3820,I20,DR_20221209_143805,1907.0,-0.0057742214
3821,I20,DR_20221209_143805,1908.0,0.0023213169
3822,I21,DR_20221209_143805,1909.0,-0.0020708789
3823,I21,DR_20221209_143805,1910.0,-0.0041156313
3824,I21,DR_20221209_143805,1911.0,0.0055277017
3825,I21,DR_20221209_143805,1912.0,-0.01442921
3826,I21,DR_20221209_143805,1913.0,-0.0024314853
3827,I21,DR_20221209_143805,1914.0,0.01624649
3828,I21,DR_20221209_143805,1915.0,-0.0002911431
3829,I21,DR_20221209_143805,1916.0,0.0013586747
3830,I21,DR_20221209_143805,1917.0,-0.002509836
3831,I22,DR_20221209_143805,1918.0,0.0013765715
3832,I22,DR_20221209_143805,1919.0,0.049076702
3833,I22,DR_20221209_143805,1920.0,0.4193957
3834,I22,DR_20221209_143805,1921.0,0.0014582619
3835,I22,DR_20221209_143805,1922.0,0.015498092
3836,I22,DR_20221209_143805,1923.0,-0.008982854
3837,I22,DR_20221209_143805,1924.0,0.014208568
3838,I22,DR_20221209_143805,1925.0,-0.0039580376
3839,I22,DR_20221209_143805,1926.0,0.0016406559
3876,J03,DR_20221209_143805,1963.0,-0.0031320602
3877,J03,DR_20221209_143805,1964.0,0.000182683
3878,J03,DR_20221209_143805,1965.0,-0.0038428628
3879,J03,DR_20221209_143805,1966.0,0.15443504
3880,J03,DR_20221209_143805,1967.0,-0.00054329296
3881,J03,DR_20221209_143805,1968.0,-0.022263346
3882,J03,DR_20221209_143805,1969.0,-0.0051840474
3883,J03,DR_20221209_143805,1970.0,0.004643299
3884,J04,DR_20221209_143805,1971.0,-0.0075006387
3885,J04,DR_20221209_143805,1972.0,-0.011563395
3886,J04,DR_20221209_143805,1973.0,0.020906143
3887,J04,DR_20221209_143805,1974.0,0.10925534
3888,J04,DR_20221209_143805,1975.0,0.03120203
3889,J04,DR_20221209_143805,1976.0,0.0018331362
3890,J04,DR_20221209_143805,1977.0,-0.013419777
3891,J04,DR_20221209_143805,1978.0,0.002385734
3892,J04,DR_20221209_143805,1979.0,-0.006576548
3893,J05,DR_20221209_143805,1980.0,0.00075055636
3894,J05,DR_20221209_143805,1981.0,-0.00023620702
3895,J05,DR_20221209_143805,1982.0,-0.0024887845
3896,J05,DR_20221209_143805,1983.0,-0.0032445753
3897,J05,DR_20221209_143805,1984.0,-0.0032957816
3898,J05,DR_20221209_143805,1985.0,8.875907e-05
3899,J05,DR_20221209_143805,1986.0,-0.0077710873
3900,J05,DR_20221209_143805,1987.0,-0.015463019
3901,J05,DR_20221209_143805,1988.0,-0.0050439634
3902,J06,DR_20221209_143805,1989.0,-0.0016629829
3903,J06,DR_20221209_143805,1990.0,0.0055373004
3904,J06,DR_20221209_143805,1991.0,-0.00022047026
3905,J06,DR_20221209_143805,1992.0,0.0040249224
3906,J06,DR_20221209_143805,1993.0,-0.006757035
3907,J06,DR_20221209_143805,1994.0,-0.0014908249
3908,J06,DR_20221209_143805,1995.0,-0.0067015016
3909,J06,DR_20221209_143805,1996.0,-0.00091858144
3910,J06,DR_20221209_143805,1997.0,-0.009475681
3911,J07,DR_20221209_143805,1998.0,0.0079254545
3912,J07,DR_20221209_143805,1999.0,-0.0013253099
3913,J07,DR_20221209_143805,2000.0,0.01934765
3914,J07,DR_20221209_143805,2001.0,0.000713361
3915,J07,DR_20221209_143805,2002.0,-0.0021793637
3916,J07,DR_20221209_143805,2003.0,-0.025833717
3917,J07,DR_20221209_143805,2004.0,-0.00290778
3918,J07,DR_20221209_143805,2005.0,0.002738014
3919,J07,DR_20221209_143805,2006.0,0.0024483893
3920,J08,DR_20221209_143805,2007.0,0.0006362404
3921,J08,DR_20221209_143805,2008.0,-0.00036823802
3922,J08,DR_20221209_143805,2009.0,-0.02121102
3923,J08,DR_20221209_143805,2010.0,-0.009128659
3924,J08,DR_20221209_143805,2011.0,-0.00016083838
3925,J08,DR_20221209_143805,2012.0,-0.01543623
3926,J08,DR_20221209_143805,2013.0,-0.024252674
3927,J08,DR_20221209_143805,2014.0,0.0033435004
3928,J08,DR_20221209_143805,2015.0,-0.015583696
3929,J09,DR_20221209_143805,2016.0,-0.0048219087
3930,J09,DR_20221209_143805,2017.0,-0.009109433
3931,J09,DR_20221209_143805,2018.0,0.0033084434
3932,J09,DR_20221209_143805,2019.0,-0.0037427922
3933,J09,DR_20221209_143805,2020.0,0.022089424
3934,J09,DR_20221209_143805,2021.0,-0.00086471124
3935,J09,DR_20221209_143805,2022.0,-0.0038718563
3936,J09,DR_20221209_143805,2023.0,0.007925418
3937,J09,DR_20221209_143805,2024.0,0.0026249029
3938,J10,DR_20221209_143805,2025.0,-0.0005936935
3939,J10,DR_20221209_143805,2026.0,-0.0019005274
3940,J10,DR_20221209_143805,2027.0,-0.0013790367
3941,J10,DR_20221209_143805,2028.0,-0.0007433933
3942,J10,DR_20221209_143805,2029.0,-0.003024924
3943,J10,DR_20221209_143805,2030.0,-0.015128846
3944,J10,DR_20221209_143805,2031.0,0.012679164
3945,J10,DR_20221209_143805,2032.0,0.0049866796
3946,J10,DR_20221209_143805,2033.0,-0.012371684
3947,J11,DR_20221209_143805,2034.0,0.00080380304
3948,J11,DR_20221209_143805,2035.0,0.038326837
3949,J11,DR_20221209_143805,2036.0,-0.025862673
3950,J11,DR_20221209_143805,2037.0,-0.010260652
3951,J11,DR_20221209_143805,2038.0,0.012018779
3952,J11,DR_20221209_143805,2039.0,0.0410352
3953,J11,DR_20221209_143805,2040.0,0.020941012
3954,J11,DR_20221209_143805,2041.0,0.0050995736
3955,J11,DR_20221209_143805,2042.0,0.16718316
3956,J12,DR_20221209_143805,2043.0,-0.01571017
3957,J12,DR_20221209_143805,2044.0,0.014833292
3958,J12,DR_20221209_143805,2045.0,0.0014233473
3959,J12,DR_20221209_143805,2046.0,-0.015787022
3960,J12,DR_20221209_143805,2047.0,0.04034104
3961,J12,DR_20221209_143805,2048.0,-0.022020105
3962,J12,DR_20221209_143805,2049.0,0.05843111
3963,J12,DR_20221209_143805,2050.0,-0.011318644
3964,J12,DR_20221209_143805,2051.0,-0.013233224
3965,J13,DR_20221209_143805,2052.0,-0.018481001
3966,J13,DR_20221209_143805,2053.0,-0.031526312
3967,J13,DR_20221209_143805,2054.0,0.010184651
3968,J13,DR_20221209_143805,2055.0,0.04845093
3969,J13,DR_20221209_143805,2056.0,-0.014904412
3970,J13,DR_20221209_143805,2057.0,0.1344878
3971,J13,DR_20221209_143805,2058.0,-0.030716209
3972,J13,DR_20221209_143805,2059.0,-0.0050208117
3973,J13,DR_20221209_143805,2060.0,-0.015415172
3974,J14,DR_20221209_143805,2061.0,0.0076075196
3975,J14,DR_20221209_143805,2062.0,0.056869406
3976,J14,DR_20221209_143805,2063.0,0.1789863
3977,J14,DR_20221209_143805,2064.0,0.067859225
3978,J14,DR_20221209_143805,2065.0,0.049831156
3979,J14,DR_20221209_143805,2066.0,0.005112685
3980,J14,DR_20221209_143805,2067.0,0.012516543
3981,J14,DR_20221209_143805,2068.0,0.062582344
3982,J14,DR_20221209_143805,2069.0,0.16468653
3983,J15,DR_20221209_143805,2070.0,0.006364102
3984,J15,DR_20221209_143805,2071.0,0.04980524
3985,J15,DR_20221209_143805,2072.0,0.15922546
3986,J15,DR_20221209_143805,2073.0,0.007404714
3987,J15,DR_20221209_143805,2074.0,0.123773955
3988,J15,DR_20221209_143805,2075.0,0.079442486
3989,J15,DR_20221209_143805,2076.0,0.00957274
3990,J15,DR_20221209_143805,2077.0,-0.022028396
3991,J15,DR_20221209_143805,2078.0,0.24305941
3992,J16,DR_20221209_143805,2079.0,0.0033696399
3993,J16,DR_20221209_143805,2080.0,0.0011456973
3994,J16,DR_20221209_143805,2081.0,0.23593502
3995,J16,DR_20221209_143805,2082.0,0.016645584
3996,J16,DR_20221209_143805,2083.0,-0.050022375
3997,J16,DR_20221209_143805,2084.0,0.0046016267
3998,J16,DR_20221209_143805,2085.0,0.040796753
3999,J16,DR_20221209_143805,2086.0,-0.0006465183
4000,J16,DR_20221209_143805,2087.0,0.32849282
4001,J17,DR_20221209_143805,2088.0,0.03538925
4002,J17,DR_20221209_143805,2089.0,-0.020622792
4003,J17,DR_20221209_143805,2090.0,-0.013492722
4004,J17,DR_20221209_143805,2091.0,0.9599865
4005,J17,DR_20221209_143805,2092.0,0.03705662
4006,J17,DR_20221209_143805,2093.0,-0.0056356974
4007,J17,DR_20221209_143805,2094.0,-0.0061208904
4008,J17,DR_20221209_143805,2095.0,-0.023515906
4009,J17,DR_20221209_143805,2096.0,0.027114406
4010,J18,DR_20221209_143805,2097.0,0.0020479292
4011,J18,DR_20221209_143805,2098.0,0.0044878502
4012,J18,DR_20221209_143805,2099.0,-0.012646651
4013,J18,DR_20221209_143805,2100.0,0.008541346
4014,J18,DR_20221209_143805,2101.0,-0.03387074
4015,J18,DR_20221209_143805,2102.0,-0.00964965
4016,J18,DR_20221209_143805,2103.0,0.01827929
4017,J18,DR_20221209_143805,2104.0,-0.00939607
4018,J18,DR_20221209_143805,2105.0,0.09892004
4019,J19,DR_20221209_143805,2106.0,0.0064724763
4020,J19,DR_20221209_143805,2107.0,-0.0034210316
4021,J19,DR_20221209_143805,2108.0,-0.012747209
4022,J19,DR_20221209_143805,2109.0,0.0058156443
4023,J19,DR_20221209_143805,2110.0,-0.0048043146
4024,J19,DR_20221209_143805,2111.0,0.0032687103
4025,J19,DR_20221209_143805,2112.0,-0.012714184
4026,J19,DR_20221209_143805,2113.0,-0.018899238
4027,J19,DR_20221209_143805,2114.0,0.035633713
4028,J20,DR_20221209_143805,2115.0,0.036300205
4029,J20,DR_20221209_143805,2116.0,0.11572767
4030,J20,DR_20221209_143805,2117.0,-0.00819616
4031,J20,DR_20221209_143805,2118.0,0.010836295
4032,J20,DR_20221209_143805,2119.0,-0.001722925
4033,J20,DR_20221209_143805,2120.0,-0.00032998028
4034,J20,DR_20221209_143805,2121.0,0.0005681359
4035,J20,DR_20221209_143805,2122.0,-0.008283562
4036,J20,DR_20221209_143805,2123.0,-0.0027457627
4037,J21,DR_20221209_143805,2124.0,-0.0027215655
4038,J21,DR_20221209_143805,2125.0,0.12301083
4039,J21,DR_20221209_143805,2126.0,0.017761119
4040,J21,DR_20221209_143805,2127.0,-0.0038047996
4041,J21,DR_20221209_143805,2128.0,-0.0014952008
4042,J21,DR_20221209_143805,2129.0,-0.010012424
4043,J21,DR_20221209_143805,2130.0,0.005695473
4044,J21,DR_20221209_143805,2131.0,-0.019701572
4045,J21,DR_20221209_143805,2132.0,-0.0015543723
4046,J22,DR_20221209_143805,2133.0,0.9357458
4047,J22,DR_20221209_143805,2134.0,0.0017329548
4048,J22,DR_20221209_143805,2135.0,0.00031911884
4049,J22,DR_20221209_143805,2136.0,0.0018811913
4050,J22,DR_20221209_143805,2137.0,0.0072086873
4051,J22,DR_20221209_143805,2138.0,0.005438237
4052,J22,DR_20221209_143805,2139.0,0.0048864465
4053,J22,DR_20221209_143805,2140.0,0.0013438223
4054,J22,DR_20221209_143805,2141.0,0.010517793
4091,K04,DR_20221209_143805,2187.0,-0.0014515608
4092,K04,DR_20221209_143805,2188.0,-0.005804372
4093,K04,DR_20221209_143805,2189.0,0.03655134
4094,K04,DR_20221209_143805,2190.0,-0.003647583
4095,K04,DR_20221209_143805,2191.0,-0.0073280847
4096,K04,DR_20221209_143805,2192.0,-0.00016424128
4097,K04,DR_20221209_143805,2193.0,-0.018326454
4098,K04,DR_20221209_143805,2194.0,0.01096358
4099,K04,DR_20221209_143805,2195.0,-0.0023116162
4100,K05,DR_20221209_143805,2196.0,-0.0006432999
4101,K05,DR_20221209_143805,2197.0,2.6860476e-05
4102,K05,DR_20221209_143805,2198.0,-0.0048352396
4103,K05,DR_20221209_143805,2199.0,-0.019526212
4104,K05,DR_20221209_143805,2200.0,-0.0028037522
4105,K05,DR_20221209_143805,2201.0,0.016938252
4106,K05,DR_20221209_143805,2202.0,-0.02355344
4107,K05,DR_20221209_143805,2203.0,-0.011718498
4108,K05,DR_20221209_143805,2204.0,-0.052835256
4109,K06,DR_20221209_143805,2205.0,-0.0039060216
4110,K06,DR_20221209_143805,2206.0,-0.0028772426
4111,K06,DR_20221209_143805,2207.0,0.011057134
4112,K06,DR_20221209_143805,2208.0,0.03527843
4113,K06,DR_20221209_143805,2209.0,-0.0072196317
4114,K06,DR_20221209_143805,2210.0,0.0025262153
4115,K06,DR_20221209_143805,2211.0,-0.0005237009
4116,K06,DR_20221209_143805,2212.0,0.03652165
4117,K06,DR_20221209_143805,2213.0,0.0034089282
4118,K07,DR_20221209_143805,2214.0,0.04280959
4119,K07,DR_20221209_143805,2215.0,0.084659256
4120,K07,DR_20221209_143805,2216.0,0.06970802
4121,K07,DR_20221209_143805,2217.0,0.0065545477
4122,K07,DR_20221209_143805,2218.0,-0.0012698948
4123,K07,DR_20221209_143805,2219.0,-0.0017648581
4124,K07,DR_20221209_143805,2220.0,-0.013003056
4125,K07,DR_20221209_143805,2221.0,-0.0043735583
4126,K07,DR_20221209_143805,2222.0,-0.0026107423
4127,K08,DR_20221209_143805,2223.0,0.7843823
4128,K08,DR_20221209_143805,2224.0,0.09555296
4129,K08,DR_20221209_143805,2225.0,0.0074202525
4130,K08,DR_20221209_143805,2226.0,0.0027851204
4131,K08,DR_20221209_143805,2227.0,0.049829908
4132,K08,DR_20221209_143805,2228.0,-0.0015899232
4133,K08,DR_20221209_143805,2229.0,0.0047969716
4134,K08,DR_20221209_143805,2230.0,-0.0021267019
4135,K08,DR_20221209_143805,2231.0,1.592663e-05
4136,K09,DR_20221209_143805,2232.0,-0.00041451017
4137,K09,DR_20221209_143805,2233.0,-0.006812536
4138,K09,DR_20221209_143805,2234.0,0.00789578
4139,K09,DR_20221209_143805,2235.0,0.00015836349
4140,K09,DR_20221209_143805,2236.0,0.13701363
4141,K09,DR_20221209_143805,2237.0,0.027206527
4142,K09,DR_20221209_143805,2238.0,0.00089641334
4143,K09,DR_20221209_143805,2239.0,0.19483843
4144,K09,DR_20221209_143805,2240.0,0.16383587
4145,K10,DR_20221209_143805,2241.0,0.024965879
4146,K10,DR_20221209_143805,2242.0,-0.0336077
4147,K10,DR_20221209_143805,2243.0,-0.0039403266
4148,K10,DR_20221209_143805,2244.0,-0.020483129
4149,K10,DR_20221209_143805,2245.0,-0.001337087
4150,K10,DR_20221209_143805,2246.0,0.004368422
4151,K10,DR_20221209_143805,2247.0,-0.0017127075
4152,K10,DR_20221209_143805,2248.0,-0.0028096186
4153,K10,DR_20221209_143805,2249.0,0.17666712
4154,K11,DR_20221209_143805,2250.0,0.001467736
4155,K11,DR_20221209_143805,2251.0,-0.008594536
4156,K11,DR_20221209_143805,2252.0,0.007894616
4157,K11,DR_20221209_143805,2253.0,0.00066773756
4158,K11,DR_20221209_143805,2254.0,-0.007050987
4159,K11,DR_20221209_143805,2255.0,0.021122664
4160,K11,DR_20221209_143805,2256.0,-0.0050945836
4161,K11,DR_20221209_143805,2257.0,-0.0021095937
4162,K11,DR_20221209_143805,2258.0,0.0013928236
4163,K12,DR_20221209_143805,2259.0,0.0031349878
4164,K12,DR_20221209_143805,2260.0,-0.002306744
4165,K12,DR_20221209_143805,2261.0,-0.038734056
4166,K12,DR_20221209_143805,2262.0,0.049579423
4167,K12,DR_20221209_143805,2263.0,0.11013014
4168,K12,DR_20221209_143805,2264.0,0.0050366577
4169,K12,DR_20221209_143805,2265.0,-0.010378082
4170,K12,DR_20221209_143805,2266.0,-0.00036002498
4171,K12,DR_20221209_143805,2267.0,-0.007868318
4172,K14,DR_20221209_143805,2277.0,0.001820353
4173,K14,DR_20221209_143805,2278.0,0.049440015
4174,K14,DR_20221209_143805,2279.0,-0.0075549553
4175,K14,DR_20221209_143805,2280.0,0.06595215
4176,K14,DR_20221209_143805,2281.0,-0.018958408
4177,K14,DR_20221209_143805,2282.0,0.004070215
4178,K14,DR_20221209_143805,2283.0,0.0023813965
4179,K14,DR_20221209_143805,2284.0,-0.016668024
4180,K14,DR_20221209_143805,2285.0,-0.015676273
4181,K18,DR_20221209_143805,2313.0,-0.0049150274
4182,K18,DR_20221209_143805,2314.0,-0.017277177
4183,K18,DR_20221209_143805,2315.0,0.3162063
4184,K18,DR_20221209_143805,2316.0,0.8417914
4185,K18,DR_20221209_143805,2317.0,0.08822315
4186,K18,DR_20221209_143805,2318.0,-0.011521588
4187,K18,DR_20221209_143805,2319.0,-0.0028877722
4188,K18,DR_20221209_143805,2320.0,0.25303817
4189,K18,DR_20221209_143805,2321.0,0.08680129
4190,K19,DR_20221209_143805,2322.0,-0.0049935905
4191,K19,DR_20221209_143805,2323.0,0.0025890165
4192,K19,DR_20221209_143805,2324.0,-0.004554063
4193,K19,DR_20221209_143805,2325.0,0.0144412555
4194,K19,DR_20221209_143805,2326.0,-0.015415013
4195,K19,DR_20221209_143805,2327.0,0.025041645
4196,K19,DR_20221209_143805,2328.0,-0.0029520323
4197,K19,DR_20221209_143805,2329.0,-0.0001333284
4198,K19,DR_20221209_143805,2330.0,0.14330775
4199,K20,DR_20221209_143805,2331.0,0.0022109875
4200,K20,DR_20221209_143805,2332.0,0.0042747185
4201,K20,DR_20221209_143805,2333.0,-0.003830911
4202,K20,DR_20221209_143805,2334.0,0.0021099907
4203,K20,DR_20221209_143805,2335.0,-0.0037933686
4204,K20,DR_20221209_143805,2336.0,0.0018258134
4205,K20,DR_20221209_143805,2337.0,0.0033707207
4206,K20,DR_20221209_143805,2338.0,-0.014585321
4207,K20,DR_20221209_143805,2339.0,0.12699261
4208,K21,DR_20221209_143805,2340.0,-0.0008518246
4209,K21,DR_20221209_143805,2341.0,0.0039012586
4210,K21,DR_20221209_143805,2342.0,-0.015860803
4211,K21,DR_20221209_143805,2343.0,0.00901616
4212,K21,DR_20221209_143805,2344.0,0.016306505
4213,K21,DR_20221209_143805,2345.0,0.0013489707
4214,K21,DR_20221209_143805,2346.0,0.0033746588
4215,K21,DR_20221209_143805,2347.0,-0.012309859
4216,K21,DR_20221209_143805,2348.0,0.0025762462
4217,K22,DR_20221209_143805,2349.0,-0.0210751
4218,K22,DR_20221209_143805,2350.0,0.0011431834
4219,K22,DR_20221209_143805,2351.0,0.1910675
4220,K22,DR_20221209_143805,2352.0,0.00086747797
4221,K22,DR_20221209_143805,2353.0,-0.0019922398
4222,K22,DR_20221209_143805,2354.0,0.0038616292
4223,K22,DR_20221209_143805,2355.0,-0.0030804253
4224,K22,DR_20221209_143805,2356.0,0.002616283
4225,K22,DR_20221209_143805,2357.0,0.080964774
4262,L04,DR_20221209_143805,2403.0,-0.003753082
4263,L04,DR_20221209_143805,2404.0,-0.0018647066
4264,L04,DR_20221209_143805,2405.0,0.0014987921
4265,L04,DR_20221209_143805,2406.0,0.0016211958
4266,L04,DR_20221209_143805,2407.0,-0.00039044645
4267,L04,DR_20221209_143805,2408.0,0.00058184547
4268,L04,DR_20221209_143805,2409.0,0.0011959587
4269,L04,DR_20221209_143805,2410.0,0.00059269305
4270,L04,DR_20221209_143805,2411.0,-0.0009690756
4271,L05,DR_20221209_143805,2412.0,-0.0024760808
4272,L05,DR_20221209_143805,2413.0,-0.00018031902
4273,L05,DR_20221209_143805,2414.0,-0.01812403
4274,L05,DR_20221209_143805,2415.0,-0.0042426614
4275,L05,DR_20221209_143805,2416.0,-0.0072966083
4276,L05,DR_20221209_143805,2417.0,0.0030263972
4277,L05,DR_20221209_143805,2418.0,-0.0022570917
4278,L05,DR_20221209_143805,2419.0,-0.004738222
4279,L05,DR_20221209_143805,2420.0,-0.013590125
4280,L06,DR_20221209_143805,2421.0,-0.009036595
4281,L06,DR_20221209_143805,2422.0,-0.010495514
4282,L06,DR_20221209_143805,2423.0,0.07130584
4283,L06,DR_20221209_143805,2424.0,0.0042572673
4284,L06,DR_20221209_143805,2425.0,0.0071436153
4285,L06,DR_20221209_143805,2426.0,-0.0028734654
4286,L06,DR_20221209_143805,2427.0,-0.015321969
4287,L06,DR_20221209_143805,2428.0,-0.0023669333
4288,L06,DR_20221209_143805,2429.0,-0.0051140357
4289,L07,DR_20221209_143805,2430.0,0.00038129662
4290,L07,DR_20221209_143805,2431.0,-0.004445061
4291,L07,DR_20221209_143805,2432.0,0.029723255
4292,L07,DR_20221209_143805,2433.0,0.030350788
4293,L07,DR_20221209_143805,2434.0,-0.0068073096
4294,L07,DR_20221209_143805,2435.0,0.0023203047
4295,L07,DR_20221209_143805,2436.0,0.049724445
4296,L07,DR_20221209_143805,2437.0,-0.0062655173
4297,L07,DR_20221209_143805,2438.0,0.8271608
4298,L08,DR_20221209_143805,2439.0,-0.0017052904
4299,L08,DR_20221209_143805,2440.0,0.07416117
4300,L08,DR_20221209_143805,2441.0,-0.00037160877
4301,L08,DR_20221209_143805,2442.0,-0.0038620597
4302,L08,DR_20221209_143805,2443.0,-0.0040309755
4303,L08,DR_20221209_143805,2444.0,-0.0017749534
4304,L08,DR_20221209_143805,2445.0,-0.0023621912
4305,L08,DR_20221209_143805,2446.0,-0.049838956
4306,L08,DR_20221209_143805,2447.0,0.0014948759
4307,L09,DR_20221209_143805,2448.0,0.0041411887
4308,L09,DR_20221209_143805,2449.0,-0.012327427
4309,L09,DR_20221209_143805,2450.0,-0.0154158445
4310,L09,DR_20221209_143805,2451.0,0.00077347894
4311,L09,DR_20221209_143805,2452.0,-0.0036756322
4312,L09,DR_20221209_143805,2453.0,-0.0011518977
4313,L09,DR_20221209_143805,2454.0,-0.013126414
4314,L09,DR_20221209_143805,2455.0,0.0032687087
4315,L09,DR_20221209_143805,2456.0,-0.0069172373
4316,L10,DR_20221209_143805,2457.0,0.0042611524
4317,L10,DR_20221209_143805,2458.0,-0.0068735415
4318,L10,DR_20221209_143805,2459.0,-0.007076536
4319,L10,DR_20221209_143805,2460.0,-0.015341222
4320,L10,DR_20221209_143805,2461.0,-0.004844375
4321,L10,DR_20221209_143805,2462.0,-0.0009329762
4322,L10,DR_20221209_143805,2463.0,0.0051231785
4323,L10,DR_20221209_143805,2464.0,-0.004959817
4324,L10,DR_20221209_143805,2465.0,-0.004569295
4325,L11,DR_20221209_143805,2466.0,0.028118763
4326,L11,DR_20221209_143805,2467.0,0.009286417
4327,L11,DR_20221209_143805,2468.0,-0.01535707
4328,L11,DR_20221209_143805,2469.0,-0.034009885
4329,L11,DR_20221209_143805,2470.0,-0.01888011
4330,L11,DR_20221209_143805,2471.0,-0.01137894
4331,L11,DR_20221209_143805,2472.0,0.0070156152
4332,L11,DR_20221209_143805,2473.0,0.07698919
4333,L11,DR_20221209_143805,2474.0,0.049918026
4334,L12,DR_20221209_143805,2475.0,0.017600818
4335,L12,DR_20221209_143805,2476.0,0.022959953
4336,L12,DR_20221209_143805,2477.0,0.12810335
4337,L12,DR_20221209_143805,2478.0,-0.03167032
4338,L12,DR_20221209_143805,2479.0,0.00092759787
4339,L12,DR_20221209_143805,2480.0,0.015785063
4340,L12,DR_20221209_143805,2481.0,0.08796067
4341,L12,DR_20221209_143805,2482.0,-0.009555148
4342,L12,DR_20221209_143805,2483.0,-0.009759224
4343,L13,DR_20221209_143805,2484.0,0.009341907
4344,L13,DR_20221209_143805,2485.0,-0.00476284
4345,L13,DR_20221209_143805,2486.0,-0.015413694
4346,L13,DR_20221209_143805,2487.0,-0.005678382
4347,L13,DR_20221209_143805,2488.0,-0.0019108896
4348,L13,DR_20221209_143805,2489.0,0.0018109268
4349,L13,DR_20221209_143805,2490.0,0.00096454576
4350,L13,DR_20221209_143805,2491.0,0.006137662
4351,L13,DR_20221209_143805,2492.0,-0.0044035735
4352,L18,DR_20221209_143805,2529.0,0.016988061
4353,L18,DR_20221209_143805,2530.0,0.0027965435
4354,L18,DR_20221209_143805,2531.0,0.031203788
4355,L18,DR_20221209_143805,2532.0,-0.044129234
4356,L18,DR_20221209_143805,2533.0,0.024552612
4357,L18,DR_20221209_143805,2534.0,0.0052327844
4358,L18,DR_20221209_143805,2535.0,-0.004548146
4359,L18,DR_20221209_143805,2536.0,0.0008390854
4360,L18,DR_20221209_143805,2537.0,0.16209443
4361,L19,DR_20221209_143805,2538.0,0.0012124694
4362,L19,DR_20221209_143805,2539.0,0.0059747864
4363,L19,DR_20221209_143805,2540.0,-0.0075888447
4364,L19,DR_20221209_143805,2541.0,-0.00048793806
4365,L19,DR_20221209_143805,2542.0,-0.0043428694
4366,L19,DR_20221209_143805,2543.0,0.0047759027
4367,L19,DR_20221209_143805,2544.0,-0.0006874012
4368,L19,DR_20221209_143805,2545.0,-0.00025574924
4369,L19,DR_20221209_143805,2546.0,-0.0019405142
4370,L22,DR_20221209_143805,2565.0,0.0038520321
4371,L22,DR_20221209_143805,2566.0,0.005734527
4372,L22,DR_20221209_143805,2567.0,0.10412558
4373,L22,DR_20221209_143805,2568.0,0.007252304
4374,L22,DR_20221209_143805,2569.0,-0.000993015
4375,L22,DR_20221209_143805,2570.0,0.005160782
4376,L22,DR_20221209_143805,2571.0,-0.005810284
4377,L22,DR_20221209_143805,2572.0,-0.0024448894
4378,L22,DR_20221209_143805,2573.0,0.34992203
4415,M03,DR_20221209_143805,2610.0,-0.002338041
4416,M03,DR_20221209_143805,2611.0,-0.0032649965
4417,M03,DR_20221209_143805,2612.0,-5.885902e-05
4418,M03,DR_20221209_143805,2613.0,0.010756019
4419,M03,DR_20221209_143805,2614.0,-0.003048662
4420,M03,DR_20221209_143805,2615.0,0.13194844
4421,M03,DR_20221209_143805,2616.0,-0.033533495
4422,M03,DR_20221209_143805,2617.0,-0.0015551496
4423,M03,DR_20221209_143805,2618.0,0.0031933573
4424,M04,DR_20221209_143805,2619.0,-0.0028816934
4425,M04,DR_20221209_143805,2620.0,-0.0043372917
4426,M04,DR_20221209_143805,2621.0,0.002889182
4427,M04,DR_20221209_143805,2622.0,-0.00027570166
4428,M04,DR_20221209_143805,2623.0,-0.0021032598
4429,M04,DR_20221209_143805,2624.0,-0.00089761853
4430,M04,DR_20221209_143805,2625.0,0.00019079527
4431,M04,DR_20221209_143805,2626.0,-0.004450259
4432,M04,DR_20221209_143805,2627.0,-0.00048542017
4433,M05,DR_20221209_143805,2628.0,-0.0049305954
4434,M05,DR_20221209_143805,2629.0,-0.011449371
4435,M05,DR_20221209_143805,2630.0,0.0063134367
4436,M05,DR_20221209_143805,2631.0,-0.0003187799
4437,M05,DR_20221209_143805,2632.0,0.0039428608
4438,M05,DR_20221209_143805,2633.0,0.00035871644
4439,M05,DR_20221209_143805,2634.0,-0.0068834233
4440,M05,DR_20221209_143805,2635.0,-0.0035259295
4441,M05,DR_20221209_143805,2636.0,-0.030748323
4442,M06,DR_20221209_143805,2637.0,0.09854809
4443,M06,DR_20221209_143805,2638.0,-0.00051013083
4444,M06,DR_20221209_143805,2639.0,0.004474486
4445,M06,DR_20221209_143805,2640.0,-0.007926139
4446,M06,DR_20221209_143805,2641.0,-0.003375285
4447,M06,DR_20221209_143805,2642.0,-0.0007681961
4448,M06,DR_20221209_143805,2643.0,0.68943244
4449,M06,DR_20221209_143805,2644.0,0.0034340564
4450,M06,DR_20221209_143805,2645.0,0.42250404
4451,M07,DR_20221209_143805,2646.0,-0.01168881
4452,M07,DR_20221209_143805,2647.0,-0.005067095
4453,M07,DR_20221209_143805,2648.0,0.7108155
4454,M07,DR_20221209_143805,2649.0,-0.009439834
4455,M07,DR_20221209_143805,2650.0,0.0002037956
4456,M07,DR_20221209_143805,2651.0,-0.003735322
4457,M07,DR_20221209_143805,2652.0,0.10279298
4458,M07,DR_20221209_143805,2653.0,-0.004310218
4459,M07,DR_20221209_143805,2654.0,0.12637731
4460,M08,DR_20221209_143805,2655.0,0.013635105
4461,M08,DR_20221209_143805,2656.0,-0.024790028
4462,M08,DR_20221209_143805,2657.0,0.029490165
4463,M08,DR_20221209_143805,2658.0,0.08758419
4464,M08,DR_20221209_143805,2659.0,0.020495782
4465,M08,DR_20221209_143805,2660.0,-0.0023757939
4466,M08,DR_20221209_143805,2661.0,-0.006417853
4467,M08,DR_20221209_143805,2662.0,-0.015119825
4468,M08,DR_20221209_143805,2663.0,0.08127277
4469,M09,DR_20221209_143805,2664.0,-7.3775824e-05
4470,M09,DR_20221209_143805,2665.0,-0.003894674
4471,M09,DR_20221209_143805,2666.0,-0.0071758013
4472,M09,DR_20221209_143805,2667.0,0.26856485
4473,M09,DR_20221209_143805,2668.0,-0.0069901715
4474,M09,DR_20221209_143805,2669.0,-0.0067312643
4475,M09,DR_20221209_143805,2670.0,0.07736427
4476,M09,DR_20221209_143805,2671.0,0.0014666737
4477,M09,DR_20221209_143805,2672.0,-0.0018426792
4478,M10,DR_20221209_143805,2673.0,0.008414888
4479,M10,DR_20221209_143805,2674.0,0.08942018
4480,M10,DR_20221209_143805,2675.0,0.022662645
4481,M10,DR_20221209_143805,2676.0,0.05879087
4482,M10,DR_20221209_143805,2677.0,0.065958865
4483,M10,DR_20221209_143805,2678.0,0.0025664142
4484,M10,DR_20221209_143805,2679.0,0.0009867136
4485,M10,DR_20221209_143805,2680.0,-0.011089231
4486,M10,DR_20221209_143805,2681.0,0.36361074
4487,M11,DR_20221209_143805,2682.0,-0.0037216085
4488,M11,DR_20221209_143805,2683.0,-0.0058755754
4489,M11,DR_20221209_143805,2684.0,-0.0008168102
4490,M11,DR_20221209_143805,2685.0,0.7938619
4491,M11,DR_20221209_143805,2686.0,0.075753264
4492,M11,DR_20221209_143805,2687.0,-0.018624457
4493,M11,DR_20221209_143805,2688.0,0.00888428
4494,M11,DR_20221209_143805,2689.0,0.017720466
4495,M11,DR_20221209_143805,2690.0,0.010081109
4496,M12,DR_20221209_143805,2691.0,-0.0026955812
4497,M12,DR_20221209_143805,2692.0,0.0022396268
4498,M12,DR_20221209_143805,2693.0,-0.01787234
4499,M12,DR_20221209_143805,2694.0,-0.0069892635
4500,M12,DR_20221209_143805,2695.0,-0.015809577
4501,M12,DR_20221209_143805,2696.0,0.0028308113
4502,M12,DR_20221209_143805,2697.0,-0.016652951
4503,M12,DR_20221209_143805,2698.0,-0.011693907
4504,M12,DR_20221209_143805,2699.0,-0.00095415825
4514,N03,DR_20221209_143805,2718.0,0.0030946082
4515,N03,DR_20221209_143805,2719.0,-0.0016609513
4516,N03,DR_20221209_143805,2720.0,-0.011664505
4517,N03,DR_20221209_143805,2721.0,0.0012837043
4518,N03,DR_20221209_143805,2722.0,-0.0016694694
4519,N03,DR_20221209_143805,2723.0,-0.00027899165
4520,N03,DR_20221209_143805,2724.0,-0.0022344592
4521,N03,DR_20221209_143805,2725.0,-0.00033970166
4522,N03,DR_20221209_143805,2726.0,-0.055492885
4523,N04,DR_20221209_143805,2727.0,0.002329507
4524,N04,DR_20221209_143805,2728.0,-0.029310416
4525,N04,DR_20221209_143805,2729.0,-0.004278914
4526,N04,DR_20221209_143805,2730.0,0.014199398
4527,N04,DR_20221209_143805,2731.0,0.00013935094
4528,N04,DR_20221209_143805,2732.0,-0.0016841091
4529,N04,DR_20221209_143805,2733.0,-0.005641614
4530,N04,DR_20221209_143805,2734.0,-0.0014147003
4531,N04,DR_20221209_143805,2735.0,0.153969
4532,N05,DR_20221209_143805,2736.0,-0.058470875
4533,N05,DR_20221209_143805,2737.0,-0.00090136554
4534,N05,DR_20221209_143805,2738.0,0.122125864
4535,N05,DR_20221209_143805,2739.0,0.014562515
4536,N05,DR_20221209_143805,2740.0,-0.0013323184
4537,N05,DR_20221209_143805,2741.0,-0.0025146033
4538,N05,DR_20221209_143805,2742.0,0.078657
4539,N05,DR_20221209_143805,2743.0,0.0015723656
4540,N05,DR_20221209_143805,2744.0,0.16885924
4541,N06,DR_20221209_143805,2745.0,0.011523109
4542,N06,DR_20221209_143805,2746.0,0.0100951865
4543,N06,DR_20221209_143805,2747.0,-0.04300143
4544,N06,DR_20221209_143805,2748.0,-0.003773353
4545,N06,DR_20221209_143805,2749.0,-0.012658278
4546,N06,DR_20221209_143805,2750.0,-0.0009994039
4547,N06,DR_20221209_143805,2751.0,0.015321552
4548,N06,DR_20221209_143805,2752.0,0.0016651972
4549,N06,DR_20221209_143805,2753.0,-0.009280447
4550,N07,DR_20221209_143805,2754.0,0.06521169
4551,N07,DR_20221209_143805,2755.0,0.07690941
4552,N07,DR_20221209_143805,2756.0,0.088308595
4553,N07,DR_20221209_143805,2757.0,0.23047534
4554,N07,DR_20221209_143805,2758.0,0.013459042
4555,N07,DR_20221209_143805,2759.0,0.0034269735
4556,N07,DR_20221209_143805,2760.0,0.061180137
4557,N07,DR_20221209_143805,2761.0,-0.032156575
4558,N07,DR_20221209_143805,2762.0,0.17363498
4559,N08,DR_20221209_143805,2763.0,0.012337516
4560,N08,DR_20221209_143805,2764.0,-0.012459504
4561,N08,DR_20221209_143805,2765.0,0.111680195
4562,N08,DR_20221209_143805,2766.0,-0.004451111
4563,N08,DR_20221209_143805,2767.0,0.15689097
4564,N08,DR_20221209_143805,2768.0,0.060601898
4565,N08,DR_20221209_143805,2769.0,0.020943321
4566,N08,DR_20221209_143805,2770.0,0.013549342
4567,N08,DR_20221209_143805,2771.0,0.003268312
4568,N09,DR_20221209_143805,2772.0,-0.03310659
4569,N09,DR_20221209_143805,2773.0,0.09850581
4570,N09,DR_20221209_143805,2774.0,0.19013067
4571,N09,DR_20221209_143805,2775.0,0.20843443
4572,N09,DR_20221209_143805,2776.0,0.008271458
4573,N09,DR_20221209_143805,2777.0,0.10631309
4574,N09,DR_20221209_143805,2778.0,0.050319612
4575,N09,DR_20221209_143805,2779.0,0.04175908
4576,N09,DR_20221209_143805,2780.0,0.2337693
4577,N10,DR_20221209_143805,2781.0,-0.005623414
4578,N10,DR_20221209_143805,2782.0,0.0012705501
4579,N10,DR_20221209_143805,2783.0,0.15594296
4580,N10,DR_20221209_143805,2784.0,0.020612707
4581,N10,DR_20221209_143805,2785.0,-0.021491218
4582,N10,DR_20221209_143805,2786.0,0.048407868
4583,N10,DR_20221209_143805,2787.0,-0.0072841668
4584,N10,DR_20221209_143805,2788.0,0.00084017834
4585,N10,DR_20221209_143805,2789.0,-0.027121717
4586,N11,DR_20221209_143805,2790.0,-0.0029760166
4587,N11,DR_20221209_143805,2791.0,0.0010044584
4588,N11,DR_20221209_143805,2792.0,0.16788028
4589,N11,DR_20221209_143805,2793.0,-0.015826516
4590,N11,DR_20221209_143805,2794.0,-0.0070343376
4591,N11,DR_20221209_143805,2795.0,-0.0029850155
4592,N11,DR_20221209_143805,2796.0,0.00660957
4593,N11,DR_20221209_143805,2797.0,0.009986962
4594,N11,DR_20221209_143805,2798.0,0.0007192753
4595,N12,DR_20221209_143805,2799.0,0.0086449
4596,N12,DR_20221209_143805,2800.0,-0.0062006614
4597,N12,DR_20221209_143805,2801.0,0.002783931
4598,N12,DR_20221209_143805,2802.0,0.0050693974
4599,N12,DR_20221209_143805,2803.0,-0.007240597
4600,N12,DR_20221209_143805,2804.0,-0.0029408962
4601,N12,DR_20221209_143805,2805.0,0.0027151788
4602,N12,DR_20221209_143805,2806.0,0.043138213
4603,N12,DR_20221209_143805,2807.0,-0.00033185832
4622,O04,DR_20221209_143805,2835.0,0.34628743
4623,O04,DR_20221209_143805,2836.0,-0.002339698
4624,O04,DR_20221209_143805,2837.0,0.05369751
4625,O04,DR_20221209_143805,2838.0,0.00056036
4626,O04,DR_20221209_143805,2839.0,-0.008106084
4627,O04,DR_20221209_143805,2840.0,-0.0057557533
4628,O04,DR_20221209_143805,2841.0,0.060761176
4629,O04,DR_20221209_143805,2842.0,-0.012288893
4630,O04,DR_20221209_143805,2843.0,0.22052276
4631,O05,DR_20221209_143805,2844.0,0.1960475
4632,O05,DR_20221209_143805,2845.0,0.049591433
4633,O05,DR_20221209_143805,2846.0,-0.00386645
4634,O05,DR_20221209_143805,2847.0,0.008379823
4635,O05,DR_20221209_143805,2848.0,0.005047925
4636,O05,DR_20221209_143805,2849.0,-0.0066473344
4637,O05,DR_20221209_143805,2850.0,-0.005638
4638,O05,DR_20221209_143805,2851.0,-0.042291533
4639,O05,DR_20221209_143805,2852.0,-0.031518
4640,O06,DR_20221209_143805,2853.0,0.045073673
4641,O06,DR_20221209_143805,2854.0,0.0047483086
4642,O06,DR_20221209_143805,2855.0,-0.035489585
4643,O06,DR_20221209_143805,2856.0,0.08498144
4644,O06,DR_20221209_143805,2857.0,-0.0033168173
4645,O06,DR_20221209_143805,2858.0,-0.0012379454
4646,O06,DR_20221209_143805,2859.0,0.049101073
4647,O06,DR_20221209_143805,2860.0,0.03570665
4648,O06,DR_20221209_143805,2861.0,-0.004540632
4649,O07,DR_20221209_143805,2862.0,-0.039868027
4650,O07,DR_20221209_143805,2863.0,-0.007122574
4651,O07,DR_20221209_143805,2864.0,-0.014428987
4652,O07,DR_20221209_143805,2865.0,-0.037731778
4653,O07,DR_20221209_143805,2866.0,0.008823312
4654,O07,DR_20221209_143805,2867.0,0.008552954
4655,O07,DR_20221209_143805,2868.0,-0.0017046087
4656,O07,DR_20221209_143805,2869.0,0.22989292
4657,O07,DR_20221209_143805,2870.0,-0.006881351
4658,O08,DR_20221209_143805,2871.0,-0.0063095
4659,O08,DR_20221209_143805,2872.0,0.21179268
4660,O08,DR_20221209_143805,2873.0,-0.0057941363
4661,O08,DR_20221209_143805,2874.0,-0.009227879
4662,O08,DR_20221209_143805,2875.0,-0.001652002
4663,O08,DR_20221209_143805,2876.0,-0.016224127
4664,O08,DR_20221209_143805,2877.0,0.00056235667
4665,O08,DR_20221209_143805,2878.0,-0.009061759
4666,O08,DR_20221209_143805,2879.0,0.002125203
4667,O09,DR_20221209_143805,2880.0,0.007859485
4668,O09,DR_20221209_143805,2881.0,-0.0069245207
4669,O09,DR_20221209_143805,2882.0,0.16237532
4670,O09,DR_20221209_143805,2883.0,-0.01057831
4671,O09,DR_20221209_143805,2884.0,0.0069741816
4672,O09,DR_20221209_143805,2885.0,-0.0022878302
4673,O09,DR_20221209_143805,2886.0,-0.0032017105
4674,O09,DR_20221209_143805,2887.0,0.011252969
4675,O09,DR_20221209_143805,2888.0,0.077534445
4676,O12,DR_20221209_143805,2907.0,-0.027535705
4677,O12,DR_20221209_143805,2908.0,-0.033729333
4678,O12,DR_20221209_143805,2909.0,-0.009891674
4679,O12,DR_20221209_143805,2910.0,0.045373
4680,O12,DR_20221209_143805,2911.0,0.01234381
4681,O12,DR_20221209_143805,2912.0,0.019984497
4682,O12,DR_20221209_143805,2913.0,0.009604271
4683,O12,DR_20221209_143805,2914.0,0.06022058
4684,O12,DR_20221209_143805,2915.0,0.02876693
