,Image_Metadata_WellID,Image_Metadata_PlateID,ImageNumber,score
1941,A03,DR_20221209_143805,19.0,-0.0014523187
1942,A03,DR_20221209_143805,20.0,0.001299804
1943,A03,DR_20221209_143805,21.0,0.06159682
1944,A03,DR_20221209_143805,22.0,0.9239722
1945,A03,DR_20221209_143805,23.0,0.26622704
1946,A03,DR_20221209_143805,24.0,0.13168868
1947,A03,DR_20221209_143805,25.0,0.932964
1948,A03,DR_20221209_143805,26.0,0.81073236
1949,A03,DR_20221209_143805,27.0,0.9259372
1950,A04,DR_20221209_143805,28.0,0.94142896
1951,A04,DR_20221209_143805,29.0,0.8379365
1952,A04,DR_20221209_143805,30.0,0.91051495
1953,A04,DR_20221209_143805,31.0,0.923643
1954,A04,DR_20221209_143805,32.0,0.90929306
1955,A04,DR_20221209_143805,33.0,0.92109954
1956,A04,DR_20221209_143805,34.0,1.0013542
1957,A04,DR_20221209_143805,35.0,0.9057959
1958,A04,DR_20221209_143805,36.0,0.9140144
1959,A05,DR_20221209_143805,37.0,0.97187203
1960,A05,DR_20221209_143805,38.0,0.9454546
1961,A05,DR_20221209_143805,39.0,0.94537586
1962,A05,DR_20221209_143805,40.0,0.74239373
1963,A05,DR_20221209_143805,41.0,0.9529379
1964,A05,DR_20221209_143805,42.0,0.9874274
1965,A05,DR_20221209_143805,43.0,0.98679584
1966,A05,DR_20221209_143805,44.0,0.98134327
1967,A05,DR_20221209_143805,45.0,0.9618911
1968,A06,DR_20221209_143805,46.0,0.96635604
1969,A06,DR_20221209_143805,47.0,0.9498403
1970,A06,DR_20221209_143805,48.0,0.9245722
1971,A06,DR_20221209_143805,49.0,0.7559273
1972,A06,DR_20221209_143805,50.0,0.93888175
1973,A06,DR_20221209_143805,51.0,0.98711884
1974,A06,DR_20221209_143805,52.0,0.49180242
1975,A06,DR_20221209_143805,53.0,0.87328094
1976,A06,DR_20221209_143805,54.0,0.9897602
1977,A07,DR_20221209_143805,55.0,0.9056616
1978,A07,DR_20221209_143805,56.0,1.0159948
1979,A07,DR_20221209_143805,57.0,1.0067879
1980,A07,DR_20221209_143805,58.0,1.008178
1981,A07,DR_20221209_143805,59.0,0.94581777
1982,A07,DR_20221209_143805,60.0,0.94430244
1983,A07,DR_20221209_143805,61.0,0.73159105
1984,A07,DR_20221209_143805,62.0,0.94401896
1985,A07,DR_20221209_143805,63.0,0.99333966
1986,A08,DR_20221209_143805,64.0,0.9844657
1987,A08,DR_20221209_143805,65.0,1.0059116
1988,A08,DR_20221209_143805,66.0,0.9470468
1989,A08,DR_20221209_143805,67.0,1.0080745
1990,A08,DR_20221209_143805,68.0,0.9508604
1991,A08,DR_20221209_143805,69.0,0.9931318
1992,A08,DR_20221209_143805,70.0,0.9334994
1993,A08,DR_20221209_143805,71.0,0.31952277
1994,A08,DR_20221209_143805,72.0,0.9226525
1995,A09,DR_20221209_143805,73.0,0.93452805
1996,A09,DR_20221209_143805,74.0,1.0073997
1997,A09,DR_20221209_143805,75.0,0.77315074
1998,A09,DR_20221209_143805,76.0,0.9929411
1999,A09,DR_20221209_143805,77.0,1.0021753
2000,A09,DR_20221209_143805,78.0,1.0014356
2001,A09,DR_20221209_143805,79.0,1.0137755
2002,A09,DR_20221209_143805,80.0,0.9688219
2003,A09,DR_20221209_143805,81.0,0.9195268
2004,A10,DR_20221209_143805,82.0,0.9200239
2005,A10,DR_20221209_143805,83.0,0.9508568
2006,A10,DR_20221209_143805,84.0,0.99598676
2007,A10,DR_20221209_143805,85.0,1.0001229
2008,A10,DR_20221209_143805,86.0,1.0012703
2009,A10,DR_20221209_143805,87.0,0.8889403
2010,A10,DR_20221209_143805,88.0,0.9195061
2011,A10,DR_20221209_143805,89.0,0.945491
2012,A10,DR_20221209_143805,90.0,0.75952923
2013,A11,DR_20221209_143805,91.0,0.73950213
2014,A11,DR_20221209_143805,92.0,1.0023412
2015,A11,DR_20221209_143805,93.0,1.008109
2016,A11,DR_20221209_143805,94.0,1.0098102
2017,A11,DR_20221209_143805,95.0,0.99989986
2018,A11,DR_20221209_143805,96.0,0.9877922
2019,A11,DR_20221209_143805,97.0,1.0041568
2020,A11,DR_20221209_143805,98.0,0.964498
2021,A11,DR_20221209_143805,99.0,0.89856285
2022,A12,DR_20221209_143805,100.0,0.98575485
2023,A12,DR_20221209_143805,101.0,0.992816
2024,A12,DR_20221209_143805,102.0,0.7153694
2025,A12,DR_20221209_143805,103.0,0.9996191
2026,A12,DR_20221209_143805,104.0,1.0008565
2027,A12,DR_20221209_143805,105.0,0.8879461
2028,A12,DR_20221209_143805,106.0,0.99236333
2029,A12,DR_20221209_143805,107.0,1.0158799
2030,A12,DR_20221209_143805,108.0,1.0150336
2031,A13,DR_20221209_143805,109.0,0.7406875
2032,A13,DR_20221209_143805,110.0,0.40775338
2033,A13,DR_20221209_143805,111.0,0.95126367
2034,A13,DR_20221209_143805,112.0,1.0000026
2035,A13,DR_20221209_143805,113.0,0.99121106
2036,A13,DR_20221209_143805,114.0,0.9997836
2037,A13,DR_20221209_143805,115.0,0.9932791
2038,A13,DR_20221209_143805,116.0,1.0012759
2039,A13,DR_20221209_143805,117.0,0.97994155
2040,A14,DR_20221209_143805,118.0,0.9950877
2041,A14,DR_20221209_143805,119.0,0.9980533
2042,A14,DR_20221209_143805,120.0,0.99379176
2043,A14,DR_20221209_143805,121.0,0.99463814
2044,A14,DR_20221209_143805,122.0,0.9989024
2045,A14,DR_20221209_143805,123.0,0.9725908
2046,A14,DR_20221209_143805,124.0,0.09422657
2047,A14,DR_20221209_143805,125.0,0.99882203
2048,A14,DR_20221209_143805,126.0,1.015705
2049,A15,DR_20221209_143805,127.0,0.8736315
2050,A15,DR_20221209_143805,128.0,0.40783447
2051,A15,DR_20221209_143805,129.0,0.9909519
2052,A15,DR_20221209_143805,130.0,0.95992845
2053,A15,DR_20221209_143805,131.0,0.95119023
2054,A15,DR_20221209_143805,132.0,0.950785
2055,A15,DR_20221209_143805,133.0,0.71993315
2056,A15,DR_20221209_143805,134.0,1.0142537
2057,A15,DR_20221209_143805,135.0,1.0058231
2058,A16,DR_20221209_143805,136.0,0.87288195
2059,A16,DR_20221209_143805,137.0,0.9443915
2060,A16,DR_20221209_143805,138.0,0.87086904
2061,A16,DR_20221209_143805,139.0,1.0073134
2062,A16,DR_20221209_143805,140.0,0.9424015
2063,A16,DR_20221209_143805,141.0,0.9927629
2064,A16,DR_20221209_143805,142.0,1.0013785
2065,A16,DR_20221209_143805,143.0,1.0143039
2066,A16,DR_20221209_143805,144.0,1.0131644
2067,A17,DR_20221209_143805,145.0,0.9994796
2068,A17,DR_20221209_143805,146.0,1.014956
2069,A17,DR_20221209_143805,147.0,0.8139859
2070,A17,DR_20221209_143805,148.0,0.95747966
2071,A17,DR_20221209_143805,149.0,0.9497185
2072,A17,DR_20221209_143805,150.0,0.8975753
2073,A17,DR_20221209_143805,151.0,0.40723053
2074,A17,DR_20221209_143805,152.0,0.940567
2075,A17,DR_20221209_143805,153.0,0.926916
2076,A18,DR_20221209_143805,154.0,0.99976
2077,A18,DR_20221209_143805,155.0,1.0133407
2078,A18,DR_20221209_143805,156.0,0.91960174
2079,A18,DR_20221209_143805,157.0,1.0145878
2080,A18,DR_20221209_143805,158.0,0.95230025
2081,A18,DR_20221209_143805,159.0,0.9467848
2082,A18,DR_20221209_143805,160.0,0.99144477
2083,A18,DR_20221209_143805,161.0,0.9267904
2084,A18,DR_20221209_143805,162.0,0.94907105
2085,A19,DR_20221209_143805,163.0,0.9662387
2086,A19,DR_20221209_143805,164.0,0.99923265
2087,A19,DR_20221209_143805,165.0,0.94571155
2088,A19,DR_20221209_143805,166.0,0.78503734
2089,A19,DR_20221209_143805,167.0,0.94833493
2090,A19,DR_20221209_143805,168.0,0.92755884
2091,A19,DR_20221209_143805,169.0,0.9266979
2092,A19,DR_20221209_143805,170.0,0.8876063
2093,A19,DR_20221209_143805,171.0,1.0137761
2094,A20,DR_20221209_143805,172.0,0.9451396
2095,A20,DR_20221209_143805,173.0,1.0077784
2096,A20,DR_20221209_143805,174.0,1.0078005
2097,A20,DR_20221209_143805,175.0,0.9911885
2098,A20,DR_20221209_143805,176.0,0.9447877
2099,A20,DR_20221209_143805,177.0,0.989704
2100,A20,DR_20221209_143805,178.0,0.907801
2101,A20,DR_20221209_143805,179.0,0.9415434
2102,A20,DR_20221209_143805,180.0,0.8547724
2103,A21,DR_20221209_143805,181.0,0.9641921
2104,A21,DR_20221209_143805,182.0,1.0058658
2105,A21,DR_20221209_143805,183.0,0.7937025
2106,A21,DR_20221209_143805,184.0,1.0060457
2107,A21,DR_20221209_143805,185.0,1.0002692
2108,A21,DR_20221209_143805,186.0,0.8819086
2109,A21,DR_20221209_143805,187.0,0.7391845
2110,A21,DR_20221209_143805,188.0,0.93156755
2111,A21,DR_20221209_143805,189.0,0.79488236
2112,A22,DR_20221209_143805,190.0,0.9172208
2113,A22,DR_20221209_143805,191.0,0.79871935
2114,A22,DR_20221209_143805,192.0,0.7411963
2115,A22,DR_20221209_143805,193.0,1.0080245
2116,A22,DR_20221209_143805,194.0,0.8679207
2117,A22,DR_20221209_143805,195.0,0.98215556
2118,A22,DR_20221209_143805,196.0,0.912715
2119,A22,DR_20221209_143805,197.0,0.8139836
2120,A22,DR_20221209_143805,198.0,0.7349904
2157,B03,DR_20221209_143805,235.0,0.77059644
2158,B03,DR_20221209_143805,236.0,0.8751478
2159,B03,DR_20221209_143805,237.0,0.89970493
2160,B03,DR_20221209_143805,238.0,0.9199781
2161,B03,DR_20221209_143805,239.0,0.87363124
2162,B03,DR_20221209_143805,240.0,0.875612
2163,B03,DR_20221209_143805,241.0,0.39859167
2164,B03,DR_20221209_143805,242.0,0.86579275
2165,B03,DR_20221209_143805,243.0,0.90812653
2166,B04,DR_20221209_143805,244.0,0.1765316
2167,B04,DR_20221209_143805,245.0,0.06621397
2168,B04,DR_20221209_143805,246.0,0.71654016
2169,B04,DR_20221209_143805,247.0,0.9230966
2170,B04,DR_20221209_143805,248.0,0.084521204
2171,B04,DR_20221209_143805,249.0,0.002176889
2172,B04,DR_20221209_143805,250.0,-0.00034671032
2173,B04,DR_20221209_143805,251.0,0.10180426
2174,B04,DR_20221209_143805,252.0,0.93919754
2175,B05,DR_20221209_143805,253.0,0.9209685
2176,B05,DR_20221209_143805,254.0,0.84494746
2177,B05,DR_20221209_143805,255.0,0.78865945
2178,B05,DR_20221209_143805,256.0,1.0083674
2179,B05,DR_20221209_143805,257.0,0.7485913
2180,B05,DR_20221209_143805,258.0,0.9778571
2181,B05,DR_20221209_143805,259.0,1.0079067
2182,B05,DR_20221209_143805,260.0,0.9875026
2183,B05,DR_20221209_143805,261.0,1.0083674
2184,B06,DR_20221209_143805,262.0,0.93915635
2185,B06,DR_20221209_143805,263.0,0.9374249
2186,B06,DR_20221209_143805,264.0,0.957224
2187,B06,DR_20221209_143805,265.0,0.9651895
2188,B06,DR_20221209_143805,266.0,0.9385985
2189,B06,DR_20221209_143805,267.0,0.9171088
2190,B06,DR_20221209_143805,268.0,0.99337053
2191,B06,DR_20221209_143805,269.0,0.9140238
2192,B06,DR_20221209_143805,270.0,0.95796984
2193,B07,DR_20221209_143805,271.0,0.95977694
2194,B07,DR_20221209_143805,272.0,0.9565725
2195,B07,DR_20221209_143805,273.0,0.7574817
2196,B07,DR_20221209_143805,274.0,0.9569248
2197,B07,DR_20221209_143805,275.0,0.8139093
2198,B07,DR_20221209_143805,276.0,0.9753822
2199,B07,DR_20221209_143805,277.0,0.8884426
2200,B07,DR_20221209_143805,278.0,0.93015915
2201,B07,DR_20221209_143805,279.0,1.0078005
2202,B08,DR_20221209_143805,280.0,0.869518
2203,B08,DR_20221209_143805,281.0,0.87284046
2204,B08,DR_20221209_143805,282.0,0.94837844
2205,B08,DR_20221209_143805,283.0,0.9997836
2206,B08,DR_20221209_143805,284.0,0.9520966
2207,B08,DR_20221209_143805,285.0,0.987183
2208,B08,DR_20221209_143805,286.0,1.017907
2209,B08,DR_20221209_143805,287.0,1.000122
2210,B08,DR_20221209_143805,288.0,0.9991929
2211,B09,DR_20221209_143805,289.0,0.9421154
2212,B09,DR_20221209_143805,290.0,1.0650951
2213,B09,DR_20221209_143805,291.0,1.00777
2214,B09,DR_20221209_143805,292.0,0.99980175
2215,B09,DR_20221209_143805,293.0,0.9500275
2216,B09,DR_20221209_143805,294.0,0.97775924
2217,B09,DR_20221209_143805,295.0,0.9953627
2218,B09,DR_20221209_143805,296.0,0.9943178
2219,B09,DR_20221209_143805,297.0,1.0001253
2220,B10,DR_20221209_143805,298.0,0.9378992
2221,B10,DR_20221209_143805,299.0,0.93748254
2222,B10,DR_20221209_143805,300.0,0.9520966
2223,B10,DR_20221209_143805,301.0,0.41714832
2224,B10,DR_20221209_143805,302.0,0.41716096
2225,B10,DR_20221209_143805,303.0,0.41570428
2226,B10,DR_20221209_143805,304.0,0.9997192
2227,B10,DR_20221209_143805,305.0,1.0020268
2228,B10,DR_20221209_143805,306.0,1.009279
2229,B11,DR_20221209_143805,307.0,0.41101846
2230,B11,DR_20221209_143805,308.0,0.92799866
2231,B11,DR_20221209_143805,309.0,0.8553885
2232,B11,DR_20221209_143805,310.0,1.014757
2233,B11,DR_20221209_143805,311.0,1.0008487
2234,B11,DR_20221209_143805,312.0,0.9872894
2235,B11,DR_20221209_143805,313.0,0.8973063
2236,B11,DR_20221209_143805,314.0,1.0095704
2237,B11,DR_20221209_143805,315.0,1.0009086
2238,B12,DR_20221209_143805,316.0,0.8698725
2239,B12,DR_20221209_143805,317.0,0.40857476
2240,B12,DR_20221209_143805,318.0,0.91432905
2241,B12,DR_20221209_143805,319.0,0.992415
2242,B12,DR_20221209_143805,320.0,1.0081607
2243,B12,DR_20221209_143805,321.0,0.74105036
2244,B12,DR_20221209_143805,322.0,1.0142715
2245,B12,DR_20221209_143805,323.0,1.012829
2246,B12,DR_20221209_143805,324.0,0.98508996
2247,B13,DR_20221209_143805,325.0,1.0017916
2248,B13,DR_20221209_143805,326.0,0.9511729
2249,B13,DR_20221209_143805,327.0,0.73998195
2250,B13,DR_20221209_143805,328.0,1.0076374
2251,B13,DR_20221209_143805,329.0,0.9499447
2252,B13,DR_20221209_143805,330.0,1.0077769
2253,B13,DR_20221209_143805,331.0,0.91232526
2254,B13,DR_20221209_143805,332.0,0.7992572
2255,B13,DR_20221209_143805,333.0,1.0061382
2256,B14,DR_20221209_143805,334.0,1.0016859
2257,B14,DR_20221209_143805,335.0,0.26390353
2258,B14,DR_20221209_143805,336.0,1.0156872
2259,B14,DR_20221209_143805,337.0,0.37070283
2260,B14,DR_20221209_143805,338.0,0.4120025
2261,B14,DR_20221209_143805,339.0,0.9621261
2262,B14,DR_20221209_143805,340.0,0.99705327
2263,B14,DR_20221209_143805,341.0,0.9924424
2264,B14,DR_20221209_143805,342.0,1.0147418
2265,B15,DR_20221209_143805,343.0,0.9263057
2266,B15,DR_20221209_143805,344.0,0.92707515
2267,B15,DR_20221209_143805,345.0,0.86865145
2268,B15,DR_20221209_143805,346.0,0.7271041
2269,B15,DR_20221209_143805,347.0,0.9515676
2270,B15,DR_20221209_143805,348.0,0.9845558
2271,B15,DR_20221209_143805,349.0,1.0000931
2272,B15,DR_20221209_143805,350.0,0.9897481
2273,B15,DR_20221209_143805,351.0,1.0079737
2274,B16,DR_20221209_143805,352.0,0.9472037
2275,B16,DR_20221209_143805,353.0,0.09220527
2276,B16,DR_20221209_143805,354.0,0.95128596
2277,B16,DR_20221209_143805,355.0,0.84731495
2278,B16,DR_20221209_143805,356.0,1.0003535
2279,B16,DR_20221209_143805,357.0,1.0029746
2280,B16,DR_20221209_143805,358.0,0.96072036
2281,B16,DR_20221209_143805,359.0,0.8004885
2282,B16,DR_20221209_143805,360.0,1.0086188
2283,B17,DR_20221209_143805,361.0,1.0004957
2284,B17,DR_20221209_143805,362.0,0.95734674
2285,B17,DR_20221209_143805,363.0,0.83292055
2286,B17,DR_20221209_143805,364.0,0.9093222
2287,B17,DR_20221209_143805,365.0,0.94435555
2288,B17,DR_20221209_143805,366.0,0.87352526
2289,B17,DR_20221209_143805,367.0,0.68976873
2290,B17,DR_20221209_143805,368.0,0.92105854
2291,B17,DR_20221209_143805,369.0,0.85117126
2292,B18,DR_20221209_143805,370.0,0.9996444
2293,B18,DR_20221209_143805,371.0,0.99310946
2294,B18,DR_20221209_143805,372.0,0.88916737
2295,B18,DR_20221209_143805,373.0,0.99724376
2296,B18,DR_20221209_143805,374.0,0.95225656
2297,B18,DR_20221209_143805,375.0,0.87540823
2298,B18,DR_20221209_143805,376.0,1.0075202
2299,B18,DR_20221209_143805,377.0,0.88308495
2300,B18,DR_20221209_143805,378.0,0.9982549
2301,B19,DR_20221209_143805,379.0,0.95079803
2302,B19,DR_20221209_143805,380.0,0.95132524
2303,B19,DR_20221209_143805,381.0,1.0155996
2304,B19,DR_20221209_143805,382.0,0.9998619
2305,B19,DR_20221209_143805,383.0,0.9921683
2306,B19,DR_20221209_143805,384.0,0.8285659
2307,B19,DR_20221209_143805,385.0,0.9924669
2308,B19,DR_20221209_143805,386.0,0.9992192
2309,B19,DR_20221209_143805,387.0,0.87576866
2310,B20,DR_20221209_143805,388.0,0.87292
2311,B20,DR_20221209_143805,389.0,1.000069
2312,B20,DR_20221209_143805,390.0,0.88957304
2313,B20,DR_20221209_143805,391.0,1.0067744
2314,B20,DR_20221209_143805,392.0,0.9437466
2315,B20,DR_20221209_143805,393.0,0.93619037
2316,B20,DR_20221209_143805,394.0,0.95236814
2317,B20,DR_20221209_143805,395.0,0.930928
2318,B20,DR_20221209_143805,396.0,1.0158558
2319,B21,DR_20221209_143805,397.0,0.8735168
2320,B21,DR_20221209_143805,398.0,0.76174307
2321,B21,DR_20221209_143805,399.0,0.9959934
2322,B21,DR_20221209_143805,400.0,0.8806599
2323,B21,DR_20221209_143805,401.0,0.94418913
2324,B21,DR_20221209_143805,402.0,0.9205734
2325,B21,DR_20221209_143805,403.0,0.9073816
2326,B21,DR_20221209_143805,404.0,1.0065169
2327,B21,DR_20221209_143805,405.0,0.8446956
2328,B22,DR_20221209_143805,406.0,0.9507729
2329,B22,DR_20221209_143805,407.0,1.0078005
2330,B22,DR_20221209_143805,408.0,0.95963496
2331,B22,DR_20221209_143805,409.0,0.7471536
2332,B22,DR_20221209_143805,410.0,0.95173866
2333,B22,DR_20221209_143805,411.0,0.9929969
2334,B22,DR_20221209_143805,412.0,0.8493387
2335,B22,DR_20221209_143805,413.0,0.98653805
2336,B22,DR_20221209_143805,414.0,0.9996732
2373,C03,DR_20221209_143805,451.0,0.30316707
2374,C03,DR_20221209_143805,452.0,0.9083342
2375,C03,DR_20221209_143805,453.0,0.90956795
2376,C03,DR_20221209_143805,454.0,0.8789652
2377,C03,DR_20221209_143805,455.0,0.8115133
2378,C03,DR_20221209_143805,456.0,0.85357076
2379,C03,DR_20221209_143805,457.0,0.85353005
2380,C03,DR_20221209_143805,458.0,0.9062358
2381,C03,DR_20221209_143805,459.0,0.85357106
2382,C04,DR_20221209_143805,460.0,0.99336636
2383,C04,DR_20221209_143805,461.0,0.7924786
2384,C04,DR_20221209_143805,462.0,0.86491996
2385,C04,DR_20221209_143805,463.0,0.93807465
2386,C04,DR_20221209_143805,464.0,0.10199392
2387,C04,DR_20221209_143805,465.0,0.6456849
2388,C04,DR_20221209_143805,466.0,0.8520175
2389,C04,DR_20221209_143805,467.0,0.326563
2390,C04,DR_20221209_143805,468.0,0.86585397
2391,C05,DR_20221209_143805,469.0,0.18761696
2392,C05,DR_20221209_143805,470.0,0.0042364793
2393,C05,DR_20221209_143805,471.0,0.12242771
2394,C05,DR_20221209_143805,472.0,0.7431858
2395,C05,DR_20221209_143805,473.0,0.083182655
2396,C05,DR_20221209_143805,474.0,-0.00019949641
2397,C05,DR_20221209_143805,475.0,0.7404543
2398,C05,DR_20221209_143805,476.0,0.1213238
2399,C05,DR_20221209_143805,477.0,0.93694264
2400,C06,DR_20221209_143805,478.0,0.9439447
2401,C06,DR_20221209_143805,479.0,0.95903116
2402,C06,DR_20221209_143805,480.0,0.93434566
2403,C06,DR_20221209_143805,481.0,0.9513294
2404,C06,DR_20221209_143805,482.0,0.94575
2405,C06,DR_20221209_143805,483.0,0.97485906
2406,C06,DR_20221209_143805,484.0,0.98497564
2407,C06,DR_20221209_143805,485.0,1.029143
2408,C06,DR_20221209_143805,486.0,1.0177425
2409,C07,DR_20221209_143805,487.0,1.001519
2410,C07,DR_20221209_143805,488.0,0.99812317
2411,C07,DR_20221209_143805,489.0,1.006357
2412,C07,DR_20221209_143805,490.0,0.9997836
2413,C07,DR_20221209_143805,491.0,0.94534516
2414,C07,DR_20221209_143805,492.0,0.9871149
2415,C07,DR_20221209_143805,493.0,0.87561375
2416,C07,DR_20221209_143805,494.0,0.9943815
2417,C07,DR_20221209_143805,495.0,0.9928163
2418,C08,DR_20221209_143805,496.0,1.0046452
2419,C08,DR_20221209_143805,497.0,0.9541989
2420,C08,DR_20221209_143805,498.0,0.99980175
2421,C08,DR_20221209_143805,499.0,0.991605
2422,C08,DR_20221209_143805,500.0,0.9353009
2423,C08,DR_20221209_143805,501.0,0.94514996
2424,C08,DR_20221209_143805,502.0,0.92907
2425,C08,DR_20221209_143805,503.0,0.94432145
2426,C08,DR_20221209_143805,504.0,1.0006213
2427,C09,DR_20221209_143805,505.0,0.47831687
2428,C09,DR_20221209_143805,506.0,0.81504655
2429,C09,DR_20221209_143805,507.0,0.9996128
2430,C09,DR_20221209_143805,508.0,0.99336743
2431,C09,DR_20221209_143805,509.0,0.94460374
2432,C09,DR_20221209_143805,510.0,0.9443557
2433,C09,DR_20221209_143805,511.0,0.9868777
2434,C09,DR_20221209_143805,512.0,0.9515794
2435,C09,DR_20221209_143805,513.0,0.9502658
2436,C10,DR_20221209_143805,514.0,0.9934034
2437,C10,DR_20221209_143805,515.0,0.9991837
2438,C10,DR_20221209_143805,516.0,0.95934635
2439,C10,DR_20221209_143805,517.0,1.0010475
2440,C10,DR_20221209_143805,518.0,0.95202285
2441,C10,DR_20221209_143805,519.0,0.93741995
2442,C10,DR_20221209_143805,520.0,0.9198903
2443,C10,DR_20221209_143805,521.0,0.9291006
2444,C10,DR_20221209_143805,522.0,0.8555536
2445,C11,DR_20221209_143805,523.0,0.9443076
2446,C11,DR_20221209_143805,524.0,0.9996128
2447,C11,DR_20221209_143805,525.0,0.91288245
2448,C11,DR_20221209_143805,526.0,1.007998
2449,C11,DR_20221209_143805,527.0,0.95190793
2450,C11,DR_20221209_143805,528.0,0.9322513
2451,C11,DR_20221209_143805,529.0,0.8023506
2452,C11,DR_20221209_143805,530.0,0.9933006
2453,C11,DR_20221209_143805,531.0,0.96198857
2454,C12,DR_20221209_143805,532.0,0.95079803
2455,C12,DR_20221209_143805,533.0,0.9266925
2456,C12,DR_20221209_143805,534.0,0.8810843
2457,C12,DR_20221209_143805,535.0,1.0013205
2458,C12,DR_20221209_143805,536.0,0.9509631
2459,C12,DR_20221209_143805,537.0,1.0022879
2460,C12,DR_20221209_143805,538.0,0.88116264
2461,C12,DR_20221209_143805,539.0,0.951361
2462,C12,DR_20221209_143805,540.0,1.0008827
2463,C13,DR_20221209_143805,541.0,0.95111936
2464,C13,DR_20221209_143805,542.0,0.91959596
2465,C13,DR_20221209_143805,543.0,1.0050987
2466,C13,DR_20221209_143805,544.0,1.0019962
2467,C13,DR_20221209_143805,545.0,0.98942745
2468,C13,DR_20221209_143805,546.0,0.999569
2469,C13,DR_20221209_143805,547.0,0.94421864
2470,C13,DR_20221209_143805,548.0,1.0098274
2471,C13,DR_20221209_143805,549.0,1.0057024
2472,C14,DR_20221209_143805,550.0,1.0022162
2473,C14,DR_20221209_143805,551.0,0.930711
2474,C14,DR_20221209_143805,552.0,1.00131
2475,C14,DR_20221209_143805,553.0,0.9993654
2476,C14,DR_20221209_143805,554.0,0.942504
2477,C14,DR_20221209_143805,555.0,0.99976087
2478,C14,DR_20221209_143805,556.0,0.92982346
2479,C14,DR_20221209_143805,557.0,0.9454324
2480,C14,DR_20221209_143805,558.0,0.8090956
2481,C15,DR_20221209_143805,559.0,0.9450073
2482,C15,DR_20221209_143805,560.0,0.8659788
2483,C15,DR_20221209_143805,561.0,1.0148251
2484,C15,DR_20221209_143805,562.0,0.91583836
2485,C15,DR_20221209_143805,563.0,0.4152942
2486,C15,DR_20221209_143805,564.0,1.0007633
2487,C15,DR_20221209_143805,565.0,0.96352524
2488,C15,DR_20221209_143805,566.0,1.0008615
2489,C15,DR_20221209_143805,567.0,1.0076412
2490,C16,DR_20221209_143805,568.0,0.88077617
2491,C16,DR_20221209_143805,569.0,0.9872781
2492,C16,DR_20221209_143805,570.0,0.8935319
2493,C16,DR_20221209_143805,571.0,1.0004517
2494,C16,DR_20221209_143805,572.0,1.0024757
2495,C16,DR_20221209_143805,573.0,0.98453957
2496,C16,DR_20221209_143805,574.0,1.0023227
2497,C16,DR_20221209_143805,575.0,1.0002346
2498,C16,DR_20221209_143805,576.0,0.7785139
2499,C17,DR_20221209_143805,577.0,1.0001534
2500,C17,DR_20221209_143805,578.0,0.99301463
2501,C17,DR_20221209_143805,579.0,0.9279236
2502,C17,DR_20221209_143805,580.0,0.9930412
2503,C17,DR_20221209_143805,581.0,0.9444363
2504,C17,DR_20221209_143805,582.0,0.97644365
2505,C17,DR_20221209_143805,583.0,0.524481
2506,C17,DR_20221209_143805,584.0,0.9870298
2507,C17,DR_20221209_143805,585.0,0.99949574
2508,C18,DR_20221209_143805,586.0,1.0007257
2509,C18,DR_20221209_143805,587.0,1.0008932
2510,C18,DR_20221209_143805,588.0,0.8063971
2511,C18,DR_20221209_143805,589.0,0.9639271
2512,C18,DR_20221209_143805,590.0,0.951993
2513,C18,DR_20221209_143805,591.0,1.0004507
2514,C18,DR_20221209_143805,592.0,0.9423255
2515,C18,DR_20221209_143805,593.0,0.9763725
2516,C18,DR_20221209_143805,594.0,1.0009276
2517,C19,DR_20221209_143805,595.0,1.0009917
2518,C19,DR_20221209_143805,596.0,0.7976211
2519,C19,DR_20221209_143805,597.0,1.0111934
2520,C19,DR_20221209_143805,598.0,0.9973407
2521,C19,DR_20221209_143805,599.0,0.94350624
2522,C19,DR_20221209_143805,600.0,0.89541936
2523,C19,DR_20221209_143805,601.0,0.92147464
2524,C19,DR_20221209_143805,602.0,0.9230289
2525,C19,DR_20221209_143805,603.0,1.0056341
2526,C20,DR_20221209_143805,604.0,0.92909235
2527,C20,DR_20221209_143805,605.0,0.82555467
2528,C20,DR_20221209_143805,606.0,0.831026
2529,C20,DR_20221209_143805,607.0,0.9593419
2530,C20,DR_20221209_143805,608.0,0.9223291
2531,C20,DR_20221209_143805,609.0,0.9212791
2532,C20,DR_20221209_143805,610.0,0.9764441
2533,C20,DR_20221209_143805,611.0,0.9870298
2534,C20,DR_20221209_143805,612.0,0.7778763
2535,C21,DR_20221209_143805,613.0,0.99287754
2536,C21,DR_20221209_143805,614.0,0.9999784
2537,C21,DR_20221209_143805,615.0,0.79123455
2538,C21,DR_20221209_143805,616.0,0.9992016
2539,C21,DR_20221209_143805,617.0,0.9454059
2540,C21,DR_20221209_143805,618.0,0.9282429
2541,C21,DR_20221209_143805,619.0,0.95575064
2542,C21,DR_20221209_143805,620.0,0.8670846
2543,C21,DR_20221209_143805,621.0,1.0152453
2544,C22,DR_20221209_143805,622.0,1.0025653
2545,C22,DR_20221209_143805,623.0,1.0001563
2546,C22,DR_20221209_143805,624.0,1.0160297
2547,C22,DR_20221209_143805,625.0,0.9988332
2548,C22,DR_20221209_143805,626.0,1.000152
2549,C22,DR_20221209_143805,627.0,1.0001891
2550,C22,DR_20221209_143805,628.0,0.99962795
2551,C22,DR_20221209_143805,629.0,0.95954
2552,C22,DR_20221209_143805,630.0,0.9712261
2589,D03,DR_20221209_143805,667.0,-8.840008e-05
2590,D03,DR_20221209_143805,668.0,0.058322746
2591,D03,DR_20221209_143805,669.0,0.9263077
2592,D03,DR_20221209_143805,670.0,0.936317
2593,D03,DR_20221209_143805,671.0,0.0939388
2594,D03,DR_20221209_143805,672.0,0.002267464
2595,D03,DR_20221209_143805,673.0,0.7030212
2596,D03,DR_20221209_143805,674.0,0.87524515
2597,D03,DR_20221209_143805,675.0,0.93168265
2598,D04,DR_20221209_143805,676.0,0.8896466
2599,D04,DR_20221209_143805,677.0,0.8186101
2600,D04,DR_20221209_143805,678.0,0.8998668
2601,D04,DR_20221209_143805,679.0,0.8109762
2602,D04,DR_20221209_143805,680.0,0.24317004
2603,D04,DR_20221209_143805,681.0,0.8942489
2604,D04,DR_20221209_143805,682.0,0.2641133
2605,D04,DR_20221209_143805,683.0,0.23203029
2606,D04,DR_20221209_143805,684.0,0.89025915
2607,D05,DR_20221209_143805,685.0,0.31960002
2608,D05,DR_20221209_143805,686.0,0.36719403
2609,D05,DR_20221209_143805,687.0,0.6123389
2610,D05,DR_20221209_143805,688.0,0.90978
2611,D05,DR_20221209_143805,689.0,0.9208034
2612,D05,DR_20221209_143805,690.0,0.81774807
2613,D05,DR_20221209_143805,691.0,0.91119087
2614,D05,DR_20221209_143805,692.0,0.91185224
2615,D05,DR_20221209_143805,693.0,0.9930391
2616,D06,DR_20221209_143805,694.0,0.29988644
2617,D06,DR_20221209_143805,695.0,0.87657344
2618,D06,DR_20221209_143805,696.0,0.6947258
2619,D06,DR_20221209_143805,697.0,0.8657258
2620,D06,DR_20221209_143805,698.0,0.17601284
2621,D06,DR_20221209_143805,699.0,0.14374009
2622,D06,DR_20221209_143805,700.0,0.84998757
2623,D06,DR_20221209_143805,701.0,0.6954872
2624,D06,DR_20221209_143805,702.0,0.92961097
2625,D07,DR_20221209_143805,703.0,0.0029069327
2626,D07,DR_20221209_143805,704.0,0.26417556
2627,D07,DR_20221209_143805,705.0,0.8767736
2628,D07,DR_20221209_143805,706.0,0.055803027
2629,D07,DR_20221209_143805,707.0,0.10780221
2630,D07,DR_20221209_143805,708.0,0.004205266
2631,D07,DR_20221209_143805,709.0,0.0018918023
2632,D07,DR_20221209_143805,710.0,0.003074538
2633,D07,DR_20221209_143805,711.0,0.93103784
2634,D09,DR_20221209_143805,721.0,0.9419985
2635,D09,DR_20221209_143805,722.0,0.93745154
2636,D09,DR_20221209_143805,723.0,0.9999682
2637,D09,DR_20221209_143805,724.0,0.9922046
2638,D09,DR_20221209_143805,725.0,0.9428715
2639,D09,DR_20221209_143805,726.0,0.4156307
2640,D09,DR_20221209_143805,727.0,0.9870298
2641,D09,DR_20221209_143805,728.0,0.99341637
2642,D09,DR_20221209_143805,729.0,0.96922445
2643,D10,DR_20221209_143805,730.0,0.8492135
2644,D10,DR_20221209_143805,731.0,0.88423645
2645,D10,DR_20221209_143805,732.0,0.9028074
2646,D10,DR_20221209_143805,733.0,0.9973378
2647,D10,DR_20221209_143805,734.0,0.91405046
2648,D10,DR_20221209_143805,735.0,0.9329204
2649,D10,DR_20221209_143805,736.0,0.97150344
2650,D10,DR_20221209_143805,737.0,0.880377
2651,D10,DR_20221209_143805,738.0,0.7239857
2652,D11,DR_20221209_143805,739.0,1.0000522
2653,D11,DR_20221209_143805,740.0,0.99995077
2654,D11,DR_20221209_143805,741.0,1.0150894
2655,D11,DR_20221209_143805,742.0,0.998872
2656,D11,DR_20221209_143805,743.0,0.99154586
2657,D11,DR_20221209_143805,744.0,0.99931455
2658,D11,DR_20221209_143805,745.0,0.99251103
2659,D11,DR_20221209_143805,746.0,0.99987674
2660,D11,DR_20221209_143805,747.0,0.80884635
2661,D12,DR_20221209_143805,748.0,0.94444025
2662,D12,DR_20221209_143805,749.0,0.9933928
2663,D12,DR_20221209_143805,750.0,0.99942565
2664,D12,DR_20221209_143805,751.0,0.9929194
2665,D12,DR_20221209_143805,752.0,0.9411416
2666,D12,DR_20221209_143805,753.0,0.9430257
2667,D12,DR_20221209_143805,754.0,0.8733684
2668,D12,DR_20221209_143805,755.0,1.0015824
2669,D12,DR_20221209_143805,756.0,0.86085784
2670,D13,DR_20221209_143805,757.0,1.0242461
2671,D13,DR_20221209_143805,758.0,0.75738335
2672,D13,DR_20221209_143805,759.0,0.73466235
2673,D13,DR_20221209_143805,760.0,1.0077277
2674,D13,DR_20221209_143805,761.0,0.9374856
2675,D13,DR_20221209_143805,762.0,0.8372787
2676,D13,DR_20221209_143805,763.0,1.0126978
2677,D13,DR_20221209_143805,764.0,1.0078005
2678,D13,DR_20221209_143805,765.0,0.90415186
2679,D14,DR_20221209_143805,766.0,0.9430257
2680,D14,DR_20221209_143805,767.0,0.94488335
2681,D14,DR_20221209_143805,768.0,0.71008086
2682,D14,DR_20221209_143805,769.0,1.0000101
2683,D14,DR_20221209_143805,770.0,0.34884247
2684,D14,DR_20221209_143805,771.0,0.39138427
2685,D14,DR_20221209_143805,772.0,0.82176715
2686,D14,DR_20221209_143805,773.0,0.40202263
2687,D14,DR_20221209_143805,774.0,0.94813144
2688,D15,DR_20221209_143805,775.0,0.42147633
2689,D15,DR_20221209_143805,776.0,0.9447203
2690,D15,DR_20221209_143805,777.0,0.83046263
2691,D15,DR_20221209_143805,778.0,0.7399318
2692,D15,DR_20221209_143805,779.0,0.9411807
2693,D15,DR_20221209_143805,780.0,0.8224859
2694,D15,DR_20221209_143805,781.0,0.8736263
2695,D15,DR_20221209_143805,782.0,1.0030638
2696,D15,DR_20221209_143805,783.0,0.952156
2697,D16,DR_20221209_143805,784.0,0.8736009
2698,D16,DR_20221209_143805,785.0,0.8710225
2699,D16,DR_20221209_143805,786.0,0.94421035
2700,D16,DR_20221209_143805,787.0,0.99304664
2701,D16,DR_20221209_143805,788.0,0.9417897
2702,D16,DR_20221209_143805,789.0,0.87364966
2703,D16,DR_20221209_143805,790.0,0.8307259
2704,D16,DR_20221209_143805,791.0,0.9436495
2705,D16,DR_20221209_143805,792.0,1.0080096
2706,D17,DR_20221209_143805,793.0,0.9488932
2707,D17,DR_20221209_143805,794.0,0.9503916
2708,D17,DR_20221209_143805,795.0,0.9395904
2709,D17,DR_20221209_143805,796.0,1.0011727
2710,D17,DR_20221209_143805,797.0,0.9445139
2711,D17,DR_20221209_143805,798.0,1.0150485
2712,D17,DR_20221209_143805,799.0,0.93009335
2713,D17,DR_20221209_143805,800.0,0.92692304
2714,D17,DR_20221209_143805,801.0,0.9905992
2715,D18,DR_20221209_143805,802.0,0.94440967
2716,D18,DR_20221209_143805,803.0,0.9801346
2717,D18,DR_20221209_143805,804.0,0.8366709
2718,D18,DR_20221209_143805,805.0,1.0010424
2719,D18,DR_20221209_143805,806.0,0.92104065
2720,D18,DR_20221209_143805,807.0,0.93050647
2721,D18,DR_20221209_143805,808.0,0.8862619
2722,D18,DR_20221209_143805,809.0,0.94773793
2723,D18,DR_20221209_143805,810.0,0.9085557
2724,D19,DR_20221209_143805,811.0,0.993096
2725,D19,DR_20221209_143805,812.0,1.0009987
2726,D19,DR_20221209_143805,813.0,0.7986261
2727,D19,DR_20221209_143805,814.0,1.014258
2728,D19,DR_20221209_143805,815.0,0.95197916
2729,D19,DR_20221209_143805,816.0,0.92012906
2730,D19,DR_20221209_143805,817.0,0.9583804
2731,D19,DR_20221209_143805,818.0,0.9927027
2732,D19,DR_20221209_143805,819.0,1.0080812
2733,D20,DR_20221209_143805,820.0,0.8807856
2734,D20,DR_20221209_143805,821.0,1.0081571
2735,D20,DR_20221209_143805,822.0,0.74570495
2736,D20,DR_20221209_143805,823.0,1.0021718
2737,D20,DR_20221209_143805,824.0,0.95200735
2738,D20,DR_20221209_143805,825.0,0.86369866
2739,D20,DR_20221209_143805,826.0,0.98629063
2740,D20,DR_20221209_143805,827.0,0.9213962
2741,D20,DR_20221209_143805,828.0,1.0080659
2742,D21,DR_20221209_143805,829.0,0.9980926
2743,D21,DR_20221209_143805,830.0,1.0000132
2744,D21,DR_20221209_143805,831.0,0.78610647
2745,D21,DR_20221209_143805,832.0,0.89394474
2746,D21,DR_20221209_143805,833.0,0.9516573
2747,D21,DR_20221209_143805,834.0,0.95345265
2748,D21,DR_20221209_143805,835.0,0.9549408
2749,D21,DR_20221209_143805,836.0,0.9375203
2750,D21,DR_20221209_143805,837.0,0.8669045
2751,D22,DR_20221209_143805,838.0,0.99983394
2752,D22,DR_20221209_143805,839.0,0.993147
2753,D22,DR_20221209_143805,840.0,0.852471
2754,D22,DR_20221209_143805,841.0,1.0014645
2755,D22,DR_20221209_143805,842.0,0.9439815
2756,D22,DR_20221209_143805,843.0,0.9510992
2757,D22,DR_20221209_143805,844.0,0.8416253
2758,D22,DR_20221209_143805,845.0,0.99426794
2759,D22,DR_20221209_143805,846.0,0.9172273
2796,E03,DR_20221209_143805,883.0,0.8554423
2797,E03,DR_20221209_143805,884.0,0.24605308
2798,E03,DR_20221209_143805,885.0,0.2192823
2799,E03,DR_20221209_143805,886.0,1.0091741
2800,E03,DR_20221209_143805,887.0,0.8140025
2801,E03,DR_20221209_143805,888.0,0.33494085
2802,E03,DR_20221209_143805,889.0,0.5606169
2803,E03,DR_20221209_143805,890.0,0.8548922
2804,E03,DR_20221209_143805,891.0,0.23619638
2805,E04,DR_20221209_143805,892.0,0.5265805
2806,E04,DR_20221209_143805,893.0,0.102977425
2807,E04,DR_20221209_143805,894.0,0.88470376
2808,E04,DR_20221209_143805,895.0,0.92951727
2809,E04,DR_20221209_143805,896.0,0.30547133
2810,E04,DR_20221209_143805,897.0,0.0785167
2811,E04,DR_20221209_143805,898.0,0.12561715
2812,E04,DR_20221209_143805,899.0,0.87217057
2813,E04,DR_20221209_143805,900.0,0.9110865
2814,E05,DR_20221209_143805,901.0,0.002194363
2815,E05,DR_20221209_143805,902.0,-0.0051152133
2816,E05,DR_20221209_143805,903.0,-0.0014513596
2817,E05,DR_20221209_143805,904.0,0.065283544
2818,E05,DR_20221209_143805,905.0,0.008290801
2819,E05,DR_20221209_143805,906.0,0.004735283
2820,E05,DR_20221209_143805,907.0,0.28329426
2821,E05,DR_20221209_143805,908.0,-0.00045463812
2822,E05,DR_20221209_143805,909.0,0.92427945
2823,E06,DR_20221209_143805,910.0,0.0026603779
2824,E06,DR_20221209_143805,911.0,0.0078053507
2825,E06,DR_20221209_143805,912.0,0.67905647
2826,E06,DR_20221209_143805,913.0,0.26880696
2827,E06,DR_20221209_143805,914.0,0.07508563
2828,E06,DR_20221209_143805,915.0,0.0078044347
2829,E06,DR_20221209_143805,916.0,0.9931478
2830,E06,DR_20221209_143805,917.0,0.0064820484
2831,E06,DR_20221209_143805,918.0,-0.00031121288
2832,E07,DR_20221209_143805,919.0,0.97581047
2833,E07,DR_20221209_143805,920.0,0.926159
2834,E07,DR_20221209_143805,921.0,0.911517
2835,E07,DR_20221209_143805,922.0,0.9198681
2836,E07,DR_20221209_143805,923.0,1.0072966
2837,E07,DR_20221209_143805,924.0,0.8342368
2838,E07,DR_20221209_143805,925.0,0.8164823
2839,E07,DR_20221209_143805,926.0,0.9021932
2840,E07,DR_20221209_143805,927.0,0.92928994
2841,E08,DR_20221209_143805,928.0,0.96234846
2842,E08,DR_20221209_143805,929.0,0.93894774
2843,E08,DR_20221209_143805,930.0,0.8170976
2844,E08,DR_20221209_143805,931.0,0.92783654
2845,E08,DR_20221209_143805,932.0,0.10278687
2846,E08,DR_20221209_143805,933.0,0.19434337
2847,E08,DR_20221209_143805,934.0,0.84752387
2848,E08,DR_20221209_143805,935.0,0.9408877
2849,E08,DR_20221209_143805,936.0,0.9312254
2850,E09,DR_20221209_143805,937.0,0.9201994
2851,E09,DR_20221209_143805,938.0,0.91994184
2852,E09,DR_20221209_143805,939.0,0.9519128
2853,E09,DR_20221209_143805,940.0,1.0008577
2854,E09,DR_20221209_143805,941.0,0.9446149
2855,E09,DR_20221209_143805,942.0,0.9508288
2856,E09,DR_20221209_143805,943.0,0.99338967
2857,E09,DR_20221209_143805,944.0,0.99960834
2858,E09,DR_20221209_143805,945.0,1.0000516
2859,E10,DR_20221209_143805,946.0,0.9219274
2860,E10,DR_20221209_143805,947.0,0.959436
2861,E10,DR_20221209_143805,948.0,0.90434414
2862,E10,DR_20221209_143805,949.0,0.7567987
2863,E10,DR_20221209_143805,950.0,0.94409144
2864,E10,DR_20221209_143805,951.0,0.97789764
2865,E10,DR_20221209_143805,952.0,0.85482436
2866,E10,DR_20221209_143805,953.0,0.96218616
2867,E10,DR_20221209_143805,954.0,0.8207616
2868,E11,DR_20221209_143805,955.0,0.895801
2869,E11,DR_20221209_143805,956.0,0.99218583
2870,E11,DR_20221209_143805,957.0,0.9980644
2871,E11,DR_20221209_143805,958.0,0.9995472
2872,E11,DR_20221209_143805,959.0,0.41511264
2873,E11,DR_20221209_143805,960.0,1.0000348
2874,E11,DR_20221209_143805,961.0,0.739302
2875,E11,DR_20221209_143805,962.0,0.99956506
2876,E11,DR_20221209_143805,963.0,0.89188504
2877,E12,DR_20221209_143805,964.0,0.9945739
2878,E12,DR_20221209_143805,965.0,0.9872065
2879,E12,DR_20221209_143805,966.0,0.88306516
2880,E12,DR_20221209_143805,967.0,1.0003449
2881,E12,DR_20221209_143805,968.0,0.94421905
2882,E12,DR_20221209_143805,969.0,0.92907
2883,E12,DR_20221209_143805,970.0,0.9426527
2884,E12,DR_20221209_143805,971.0,0.9934614
2885,E12,DR_20221209_143805,972.0,1.0123267
2886,E13,DR_20221209_143805,973.0,0.49365208
2887,E13,DR_20221209_143805,974.0,0.9564546
2888,E13,DR_20221209_143805,975.0,0.7986132
2889,E13,DR_20221209_143805,976.0,0.99995863
2890,E13,DR_20221209_143805,977.0,0.8321842
2891,E13,DR_20221209_143805,978.0,0.81788594
2892,E13,DR_20221209_143805,979.0,0.88553315
2893,E13,DR_20221209_143805,980.0,1.008173
2894,E13,DR_20221209_143805,981.0,0.9042849
2895,E14,DR_20221209_143805,982.0,0.38747615
2896,E14,DR_20221209_143805,983.0,0.95136184
2897,E14,DR_20221209_143805,984.0,0.7283808
2898,E14,DR_20221209_143805,985.0,1.001041
2899,E14,DR_20221209_143805,986.0,0.947237
2900,E14,DR_20221209_143805,987.0,0.99826306
2901,E14,DR_20221209_143805,988.0,1.0096964
2902,E14,DR_20221209_143805,989.0,0.9508122
2903,E14,DR_20221209_143805,990.0,0.79010713
2904,E15,DR_20221209_143805,991.0,0.4962744
2905,E15,DR_20221209_143805,992.0,0.82420266
2906,E15,DR_20221209_143805,993.0,0.36027107
2907,E15,DR_20221209_143805,994.0,0.7878004
2908,E15,DR_20221209_143805,995.0,0.50806224
2909,E15,DR_20221209_143805,996.0,0.9229536
2910,E15,DR_20221209_143805,997.0,0.7784
2911,E15,DR_20221209_143805,998.0,0.853514
2912,E15,DR_20221209_143805,999.0,0.72559303
2913,E16,DR_20221209_143805,1000.0,0.8735168
2914,E16,DR_20221209_143805,1001.0,0.8804428
2915,E16,DR_20221209_143805,1002.0,0.8741818
2916,E16,DR_20221209_143805,1003.0,0.78870624
2917,E16,DR_20221209_143805,1004.0,0.5090396
2918,E16,DR_20221209_143805,1005.0,0.9291784
2919,E16,DR_20221209_143805,1006.0,0.94393456
2920,E16,DR_20221209_143805,1007.0,0.9505919
2921,E16,DR_20221209_143805,1008.0,0.7953362
2922,E17,DR_20221209_143805,1009.0,0.8624578
2923,E17,DR_20221209_143805,1010.0,0.9513577
2924,E17,DR_20221209_143805,1011.0,0.8423821
2925,E17,DR_20221209_143805,1012.0,0.9492965
2926,E17,DR_20221209_143805,1013.0,0.50864595
2927,E17,DR_20221209_143805,1014.0,0.44723785
2928,E17,DR_20221209_143805,1015.0,0.9869043
2929,E17,DR_20221209_143805,1016.0,0.9276506
2930,E17,DR_20221209_143805,1017.0,1.0007163
2931,E18,DR_20221209_143805,1018.0,0.95209825
2932,E18,DR_20221209_143805,1019.0,0.9069471
2933,E18,DR_20221209_143805,1020.0,0.9420776
2934,E18,DR_20221209_143805,1021.0,1.0005013
2935,E18,DR_20221209_143805,1022.0,0.94446814
2936,E18,DR_20221209_143805,1023.0,0.92138064
2937,E18,DR_20221209_143805,1024.0,0.7133065
2938,E18,DR_20221209_143805,1025.0,0.8852329
2939,E18,DR_20221209_143805,1026.0,0.85867697
2940,E19,DR_20221209_143805,1027.0,0.9451121
2941,E19,DR_20221209_143805,1028.0,1.0009181
2942,E19,DR_20221209_143805,1029.0,0.9531323
2943,E19,DR_20221209_143805,1030.0,0.89156014
2944,E19,DR_20221209_143805,1031.0,0.9213451
2945,E19,DR_20221209_143805,1032.0,0.944513
2946,E19,DR_20221209_143805,1033.0,0.9853013
2947,E19,DR_20221209_143805,1034.0,0.8911054
2948,E19,DR_20221209_143805,1035.0,1.0013238
2949,E20,DR_20221209_143805,1036.0,0.9869043
2950,E20,DR_20221209_143805,1037.0,1.0081425
2951,E20,DR_20221209_143805,1038.0,0.73587
2952,E20,DR_20221209_143805,1039.0,0.7202746
2953,E20,DR_20221209_143805,1040.0,0.94592464
2954,E20,DR_20221209_143805,1041.0,0.86648655
2955,E20,DR_20221209_143805,1042.0,0.992328
2956,E20,DR_20221209_143805,1043.0,0.8775349
2957,E20,DR_20221209_143805,1044.0,1.0081997
2958,E21,DR_20221209_143805,1045.0,0.9996536
2959,E21,DR_20221209_143805,1046.0,1.0084195
2960,E21,DR_20221209_143805,1047.0,0.7818617
2961,E21,DR_20221209_143805,1048.0,0.9929429
2962,E21,DR_20221209_143805,1049.0,0.94436413
2963,E21,DR_20221209_143805,1050.0,0.937577
2964,E21,DR_20221209_143805,1051.0,0.72453123
2965,E21,DR_20221209_143805,1052.0,0.97629374
2966,E21,DR_20221209_143805,1053.0,0.9173737
2967,E22,DR_20221209_143805,1054.0,0.9998668
2968,E22,DR_20221209_143805,1055.0,1.0009723
2969,E22,DR_20221209_143805,1056.0,0.7810923
2970,E22,DR_20221209_143805,1057.0,0.9979269
2971,E22,DR_20221209_143805,1058.0,0.9516208
2972,E22,DR_20221209_143805,1059.0,0.9443068
2973,E22,DR_20221209_143805,1060.0,1.0008459
2974,E22,DR_20221209_143805,1061.0,0.91333437
2975,E22,DR_20221209_143805,1062.0,0.99958414
3012,F03,DR_20221209_143805,1099.0,0.3098909
3013,F03,DR_20221209_143805,1100.0,0.23427488
3014,F03,DR_20221209_143805,1101.0,0.9586185
3015,F03,DR_20221209_143805,1102.0,0.8028656
3016,F03,DR_20221209_143805,1103.0,0.24347846
3017,F03,DR_20221209_143805,1104.0,0.17542848
3018,F03,DR_20221209_143805,1105.0,0.9114916
3019,F03,DR_20221209_143805,1106.0,0.92557895
3020,F03,DR_20221209_143805,1107.0,0.9230559
3021,F04,DR_20221209_143805,1108.0,-0.00252408
3022,F04,DR_20221209_143805,1109.0,-0.0017327546
3023,F04,DR_20221209_143805,1110.0,0.06960379
3024,F04,DR_20221209_143805,1111.0,0.87244684
3025,F04,DR_20221209_143805,1112.0,0.295667
3026,F04,DR_20221209_143805,1113.0,0.103254646
3027,F04,DR_20221209_143805,1114.0,0.8537024
3028,F04,DR_20221209_143805,1115.0,0.93641204
3029,F04,DR_20221209_143805,1116.0,0.9237647
3030,F05,DR_20221209_143805,1117.0,-0.0013010248
3031,F05,DR_20221209_143805,1118.0,0.07847292
3032,F05,DR_20221209_143805,1119.0,0.6796109
3033,F05,DR_20221209_143805,1120.0,0.93786675
3034,F05,DR_20221209_143805,1121.0,0.00791359
3035,F05,DR_20221209_143805,1122.0,0.11503408
3036,F05,DR_20221209_143805,1123.0,0.93124735
3037,F05,DR_20221209_143805,1124.0,0.8725013
3038,F05,DR_20221209_143805,1125.0,0.93792045
3039,F06,DR_20221209_143805,1126.0,0.5164038
3040,F06,DR_20221209_143805,1127.0,0.11969127
3041,F06,DR_20221209_143805,1128.0,0.92574567
3042,F06,DR_20221209_143805,1129.0,0.93951297
3043,F06,DR_20221209_143805,1130.0,0.07012726
3044,F06,DR_20221209_143805,1131.0,0.059068352
3045,F06,DR_20221209_143805,1132.0,0.66996264
3046,F06,DR_20221209_143805,1133.0,0.13056277
3047,F06,DR_20221209_143805,1134.0,0.92702115
3048,F07,DR_20221209_143805,1135.0,0.26198903
3049,F07,DR_20221209_143805,1136.0,0.97690594
3050,F07,DR_20221209_143805,1137.0,0.6715306
3051,F07,DR_20221209_143805,1138.0,0.91522926
3052,F07,DR_20221209_143805,1139.0,0.7246742
3053,F07,DR_20221209_143805,1140.0,0.19858094
3054,F07,DR_20221209_143805,1141.0,0.7492667
3055,F07,DR_20221209_143805,1142.0,0.6841843
3056,F07,DR_20221209_143805,1143.0,0.9183361
3057,F08,DR_20221209_143805,1144.0,0.85707456
3058,F08,DR_20221209_143805,1145.0,0.93653315
3059,F08,DR_20221209_143805,1146.0,0.9310233
3060,F08,DR_20221209_143805,1147.0,0.91941184
3061,F08,DR_20221209_143805,1148.0,0.9047414
3062,F08,DR_20221209_143805,1149.0,0.8593662
3063,F08,DR_20221209_143805,1150.0,1.015879
3064,F08,DR_20221209_143805,1151.0,0.9295317
3065,F08,DR_20221209_143805,1152.0,0.93838966
3066,F09,DR_20221209_143805,1153.0,0.9201994
3067,F09,DR_20221209_143805,1154.0,0.97686094
3068,F09,DR_20221209_143805,1155.0,1.0004997
3069,F09,DR_20221209_143805,1156.0,0.9444602
3070,F09,DR_20221209_143805,1157.0,0.41615006
3071,F09,DR_20221209_143805,1158.0,0.9508116
3072,F09,DR_20221209_143805,1159.0,0.9991957
3073,F09,DR_20221209_143805,1160.0,0.9921927
3074,F09,DR_20221209_143805,1161.0,0.999729
3075,F10,DR_20221209_143805,1162.0,0.9453704
3076,F10,DR_20221209_143805,1163.0,0.9922601
3077,F10,DR_20221209_143805,1164.0,1.0013463
3078,F10,DR_20221209_143805,1165.0,0.9055031
3079,F10,DR_20221209_143805,1166.0,0.9426712
3080,F10,DR_20221209_143805,1167.0,0.9904194
3081,F10,DR_20221209_143805,1168.0,0.9491037
3082,F10,DR_20221209_143805,1169.0,0.7767893
3083,F10,DR_20221209_143805,1170.0,0.9632285
3084,F11,DR_20221209_143805,1171.0,0.9872432
3085,F11,DR_20221209_143805,1172.0,0.8859602
3086,F11,DR_20221209_143805,1173.0,0.85116905
3087,F11,DR_20221209_143805,1174.0,0.993385
3088,F11,DR_20221209_143805,1175.0,0.9557474
3089,F11,DR_20221209_143805,1176.0,0.94413024
3090,F11,DR_20221209_143805,1177.0,0.93848133
3091,F11,DR_20221209_143805,1178.0,1.00069
3092,F11,DR_20221209_143805,1179.0,1.000868
3093,F12,DR_20221209_143805,1180.0,0.9869411
3094,F12,DR_20221209_143805,1181.0,1.0076398
3095,F12,DR_20221209_143805,1182.0,0.9924589
3096,F12,DR_20221209_143805,1183.0,0.9929937
3097,F12,DR_20221209_143805,1184.0,0.94307446
3098,F12,DR_20221209_143805,1185.0,0.9868333
3099,F12,DR_20221209_143805,1186.0,0.8384675
3100,F12,DR_20221209_143805,1187.0,0.9517917
3101,F12,DR_20221209_143805,1188.0,0.94328684
3102,F13,DR_20221209_143805,1189.0,0.49468166
3103,F13,DR_20221209_143805,1190.0,1.0057718
3104,F13,DR_20221209_143805,1191.0,0.74620897
3105,F13,DR_20221209_143805,1192.0,0.94530725
3106,F13,DR_20221209_143805,1193.0,0.83772326
3107,F13,DR_20221209_143805,1194.0,0.9191242
3108,F13,DR_20221209_143805,1195.0,1.0084698
3109,F13,DR_20221209_143805,1196.0,0.996839
3110,F13,DR_20221209_143805,1197.0,1.0071146
3111,F14,DR_20221209_143805,1198.0,0.8735168
3112,F14,DR_20221209_143805,1199.0,0.99173224
3113,F14,DR_20221209_143805,1200.0,1.000539
3114,F14,DR_20221209_143805,1201.0,1.0010353
3115,F14,DR_20221209_143805,1202.0,0.9430257
3116,F14,DR_20221209_143805,1203.0,0.9451697
3117,F14,DR_20221209_143805,1204.0,0.9996762
3118,F14,DR_20221209_143805,1205.0,0.99919313
3119,F14,DR_20221209_143805,1206.0,0.8594205
3120,F15,DR_20221209_143805,1207.0,0.49369502
3121,F15,DR_20221209_143805,1208.0,0.9378764
3122,F15,DR_20221209_143805,1209.0,0.7930512
3123,F15,DR_20221209_143805,1210.0,0.9445583
3124,F15,DR_20221209_143805,1211.0,0.9418444
3125,F15,DR_20221209_143805,1212.0,0.8738933
3126,F15,DR_20221209_143805,1213.0,0.992899
3127,F15,DR_20221209_143805,1214.0,0.9444586
3128,F15,DR_20221209_143805,1215.0,0.9183917
3129,F16,DR_20221209_143805,1216.0,0.43977055
3130,F16,DR_20221209_143805,1217.0,0.87356573
3131,F16,DR_20221209_143805,1218.0,0.8856451
3132,F16,DR_20221209_143805,1219.0,0.7820007
3133,F16,DR_20221209_143805,1220.0,0.9407548
3134,F16,DR_20221209_143805,1221.0,0.9521902
3135,F16,DR_20221209_143805,1222.0,0.99929756
3136,F16,DR_20221209_143805,1223.0,0.7885392
3137,F16,DR_20221209_143805,1224.0,1.007713
3138,F17,DR_20221209_143805,1225.0,0.993057
3139,F17,DR_20221209_143805,1226.0,1.0018221
3140,F17,DR_20221209_143805,1227.0,0.9463077
3141,F17,DR_20221209_143805,1228.0,0.9940885
3142,F17,DR_20221209_143805,1229.0,0.9435348
3143,F17,DR_20221209_143805,1230.0,0.9443068
3144,F17,DR_20221209_143805,1231.0,0.9275208
3145,F17,DR_20221209_143805,1232.0,0.9277597
3146,F17,DR_20221209_143805,1233.0,0.99670464
3147,F18,DR_20221209_143805,1234.0,0.9514383
3148,F18,DR_20221209_143805,1235.0,0.41470435
3149,F18,DR_20221209_143805,1236.0,0.9060622
3150,F18,DR_20221209_143805,1237.0,0.8897909
3151,F18,DR_20221209_143805,1238.0,0.9402796
3152,F18,DR_20221209_143805,1239.0,0.9440843
3153,F18,DR_20221209_143805,1240.0,0.8844537
3154,F18,DR_20221209_143805,1241.0,0.89216137
3155,F18,DR_20221209_143805,1242.0,0.9750773
3156,F19,DR_20221209_143805,1243.0,0.9137489
3157,F19,DR_20221209_143805,1244.0,0.994956
3158,F19,DR_20221209_143805,1245.0,1.0078565
3159,F19,DR_20221209_143805,1246.0,0.7260894
3160,F19,DR_20221209_143805,1247.0,0.94336265
3161,F19,DR_20221209_143805,1248.0,0.8805091
3162,F19,DR_20221209_143805,1249.0,0.8363101
3163,F19,DR_20221209_143805,1250.0,0.89228386
3164,F19,DR_20221209_143805,1251.0,1.0005417
3165,F20,DR_20221209_143805,1252.0,0.94400555
3166,F20,DR_20221209_143805,1253.0,0.9569529
3167,F20,DR_20221209_143805,1254.0,0.9397495
3168,F20,DR_20221209_143805,1255.0,1.0096636
3169,F20,DR_20221209_143805,1256.0,0.9444799
3170,F20,DR_20221209_143805,1257.0,0.40613684
3171,F20,DR_20221209_143805,1258.0,0.99592286
3172,F20,DR_20221209_143805,1259.0,0.86077225
3173,F20,DR_20221209_143805,1260.0,0.9999424
3174,F21,DR_20221209_143805,1261.0,1.0005352
3175,F21,DR_20221209_143805,1262.0,0.99720854
3176,F21,DR_20221209_143805,1263.0,0.8939651
3177,F21,DR_20221209_143805,1264.0,0.99455124
3178,F21,DR_20221209_143805,1265.0,0.95200366
3179,F21,DR_20221209_143805,1266.0,0.94374174
3180,F21,DR_20221209_143805,1267.0,0.9455159
3181,F21,DR_20221209_143805,1268.0,0.9518396
3182,F21,DR_20221209_143805,1269.0,1.0001559
3183,F22,DR_20221209_143805,1270.0,1.0003353
3184,F22,DR_20221209_143805,1271.0,1.000152
3185,F22,DR_20221209_143805,1272.0,0.80939907
3186,F22,DR_20221209_143805,1273.0,0.99982965
3187,F22,DR_20221209_143805,1274.0,0.9444363
3188,F22,DR_20221209_143805,1275.0,0.873574
3189,F22,DR_20221209_143805,1276.0,0.9525307
3190,F22,DR_20221209_143805,1277.0,0.9630077
3191,F22,DR_20221209_143805,1278.0,0.9634085
3228,G03,DR_20221209_143805,1315.0,0.92043024
3229,G03,DR_20221209_143805,1316.0,0.9142452
3230,G03,DR_20221209_143805,1317.0,0.7988628
3231,G03,DR_20221209_143805,1318.0,1.000011
3232,G03,DR_20221209_143805,1319.0,0.92105377
3233,G03,DR_20221209_143805,1320.0,0.97647786
3234,G03,DR_20221209_143805,1321.0,1.0379112
3235,G03,DR_20221209_143805,1322.0,0.99847835
3236,G03,DR_20221209_143805,1323.0,1.0085924
3237,G04,DR_20221209_143805,1324.0,0.5094786
3238,G04,DR_20221209_143805,1325.0,0.9370931
3239,G04,DR_20221209_143805,1326.0,0.959361
3240,G04,DR_20221209_143805,1327.0,0.9933811
3241,G04,DR_20221209_143805,1328.0,0.9446035
3242,G04,DR_20221209_143805,1329.0,0.94234484
3243,G04,DR_20221209_143805,1330.0,0.95569026
3244,G04,DR_20221209_143805,1331.0,0.93812424
3245,G04,DR_20221209_143805,1332.0,0.9984651
3246,G05,DR_20221209_143805,1333.0,0.5081285
3247,G05,DR_20221209_143805,1334.0,0.92091405
3248,G05,DR_20221209_143805,1335.0,0.8731943
3249,G05,DR_20221209_143805,1336.0,1.0057492
3250,G05,DR_20221209_143805,1337.0,0.92024815
3251,G05,DR_20221209_143805,1338.0,0.9783313
3252,G05,DR_20221209_143805,1339.0,0.9997383
3253,G05,DR_20221209_143805,1340.0,0.953562
3254,G05,DR_20221209_143805,1341.0,1.0081692
3255,G06,DR_20221209_143805,1342.0,0.5064311
3256,G06,DR_20221209_143805,1343.0,0.95195794
3257,G06,DR_20221209_143805,1344.0,0.95690423
3258,G06,DR_20221209_143805,1345.0,0.9510719
3259,G06,DR_20221209_143805,1346.0,0.9380197
3260,G06,DR_20221209_143805,1347.0,0.9198164
3261,G06,DR_20221209_143805,1348.0,1.0266881
3262,G06,DR_20221209_143805,1349.0,0.95188123
3263,G06,DR_20221209_143805,1350.0,1.0000169
3264,G07,DR_20221209_143805,1351.0,0.99277747
3265,G07,DR_20221209_143805,1352.0,1.0073726
3266,G07,DR_20221209_143805,1353.0,0.79603255
3267,G07,DR_20221209_143805,1354.0,0.99995965
3268,G07,DR_20221209_143805,1355.0,0.9205694
3269,G07,DR_20221209_143805,1356.0,0.96651286
3270,G07,DR_20221209_143805,1357.0,0.9228692
3271,G07,DR_20221209_143805,1358.0,0.98579586
3272,G07,DR_20221209_143805,1359.0,0.99970543
3273,G08,DR_20221209_143805,1360.0,1.0003855
3274,G08,DR_20221209_143805,1361.0,0.9384721
3275,G08,DR_20221209_143805,1362.0,0.9367612
3276,G08,DR_20221209_143805,1363.0,0.99249995
3277,G08,DR_20221209_143805,1364.0,0.41362336
3278,G08,DR_20221209_143805,1365.0,0.95121115
3279,G08,DR_20221209_143805,1366.0,1.0020806
3280,G08,DR_20221209_143805,1367.0,1.0006074
3281,G08,DR_20221209_143805,1368.0,0.90150493
3282,G09,DR_20221209_143805,1369.0,0.9765043
3283,G09,DR_20221209_143805,1370.0,0.9872791
3284,G09,DR_20221209_143805,1371.0,1.0089595
3285,G09,DR_20221209_143805,1372.0,0.9104525
3286,G09,DR_20221209_143805,1373.0,0.41250896
3287,G09,DR_20221209_143805,1374.0,0.9934192
3288,G09,DR_20221209_143805,1375.0,0.5134611
3289,G09,DR_20221209_143805,1376.0,0.8373174
3290,G09,DR_20221209_143805,1377.0,1.0006113
3291,G10,DR_20221209_143805,1378.0,0.78715914
3292,G10,DR_20221209_143805,1379.0,0.7344109
3293,G10,DR_20221209_143805,1380.0,0.78883374
3294,G10,DR_20221209_143805,1381.0,0.9262642
3295,G10,DR_20221209_143805,1382.0,0.92124224
3296,G10,DR_20221209_143805,1383.0,0.774997
3297,G10,DR_20221209_143805,1384.0,0.6882646
3298,G10,DR_20221209_143805,1385.0,0.91212237
3299,G10,DR_20221209_143805,1386.0,0.6872135
3300,G11,DR_20221209_143805,1387.0,0.89169914
3301,G11,DR_20221209_143805,1388.0,0.9913701
3302,G11,DR_20221209_143805,1389.0,0.99878544
3303,G11,DR_20221209_143805,1390.0,0.9583996
3304,G11,DR_20221209_143805,1391.0,0.41510567
3305,G11,DR_20221209_143805,1392.0,0.9999276
3306,G11,DR_20221209_143805,1393.0,0.89319724
3307,G11,DR_20221209_143805,1394.0,0.9480172
3308,G11,DR_20221209_143805,1395.0,0.96001357
3309,G12,DR_20221209_143805,1396.0,0.8712637
3310,G12,DR_20221209_143805,1397.0,0.78668547
3311,G12,DR_20221209_143805,1398.0,1.0003097
3312,G12,DR_20221209_143805,1399.0,1.0024343
3313,G12,DR_20221209_143805,1400.0,0.99357367
3314,G12,DR_20221209_143805,1401.0,1.0014057
3315,G12,DR_20221209_143805,1402.0,0.9585475
3316,G12,DR_20221209_143805,1403.0,0.8673414
3317,G12,DR_20221209_143805,1404.0,1.000215
3318,G13,DR_20221209_143805,1405.0,0.9449383
3319,G13,DR_20221209_143805,1406.0,0.84900963
3320,G13,DR_20221209_143805,1407.0,0.9997426
3321,G13,DR_20221209_143805,1408.0,1.0027329
3322,G13,DR_20221209_143805,1409.0,0.9999503
3323,G13,DR_20221209_143805,1410.0,1.0002556
3324,G13,DR_20221209_143805,1411.0,0.9773849
3325,G13,DR_20221209_143805,1412.0,1.0023506
3326,G13,DR_20221209_143805,1413.0,0.8016029
3327,G14,DR_20221209_143805,1414.0,0.84426343
3328,G14,DR_20221209_143805,1415.0,1.0019928
3329,G14,DR_20221209_143805,1416.0,0.8913562
3330,G14,DR_20221209_143805,1417.0,0.9942727
3331,G14,DR_20221209_143805,1418.0,0.9926442
3332,G14,DR_20221209_143805,1419.0,0.95227677
3333,G14,DR_20221209_143805,1420.0,0.98144776
3334,G14,DR_20221209_143805,1421.0,0.8260462
3335,G14,DR_20221209_143805,1422.0,0.9921282
3336,G15,DR_20221209_143805,1423.0,0.91436356
3337,G15,DR_20221209_143805,1424.0,0.7425327
3338,G15,DR_20221209_143805,1425.0,0.80466783
3339,G15,DR_20221209_143805,1426.0,0.9050076
3340,G15,DR_20221209_143805,1427.0,0.9454869
3341,G15,DR_20221209_143805,1428.0,0.9980771
3342,G15,DR_20221209_143805,1429.0,0.9518057
3343,G15,DR_20221209_143805,1430.0,1.0073298
3344,G15,DR_20221209_143805,1431.0,0.7883335
3345,G16,DR_20221209_143805,1432.0,0.9535158
3346,G16,DR_20221209_143805,1433.0,0.92821234
3347,G16,DR_20221209_143805,1434.0,0.8533583
3348,G16,DR_20221209_143805,1435.0,0.90657336
3349,G16,DR_20221209_143805,1436.0,0.9497114
3350,G16,DR_20221209_143805,1437.0,0.8835369
3351,G16,DR_20221209_143805,1438.0,1.0011727
3352,G16,DR_20221209_143805,1439.0,0.99950945
3353,G16,DR_20221209_143805,1440.0,0.90988463
3354,G17,DR_20221209_143805,1441.0,0.9988954
3355,G17,DR_20221209_143805,1442.0,0.9987495
3356,G17,DR_20221209_143805,1443.0,0.8345274
3357,G17,DR_20221209_143805,1444.0,0.8906858
3358,G17,DR_20221209_143805,1445.0,0.9521291
3359,G17,DR_20221209_143805,1446.0,0.9840048
3360,G17,DR_20221209_143805,1447.0,0.98496157
3361,G17,DR_20221209_143805,1448.0,0.9863198
3362,G17,DR_20221209_143805,1449.0,1.0000504
3363,G18,DR_20221209_143805,1450.0,0.88466716
3364,G18,DR_20221209_143805,1451.0,0.37269244
3365,G18,DR_20221209_143805,1452.0,0.8748136
3366,G18,DR_20221209_143805,1453.0,1.0010252
3367,G18,DR_20221209_143805,1454.0,0.944428
3368,G18,DR_20221209_143805,1455.0,0.95178336
3369,G18,DR_20221209_143805,1456.0,0.9444363
3370,G18,DR_20221209_143805,1457.0,0.92205495
3371,G18,DR_20221209_143805,1458.0,0.9344588
3372,G19,DR_20221209_143805,1459.0,1.001307
3373,G19,DR_20221209_143805,1460.0,0.99608904
3374,G19,DR_20221209_143805,1461.0,0.65404207
3375,G19,DR_20221209_143805,1462.0,1.0005013
3376,G19,DR_20221209_143805,1463.0,0.9429069
3377,G19,DR_20221209_143805,1464.0,1.007881
3378,G19,DR_20221209_143805,1465.0,0.9331679
3379,G19,DR_20221209_143805,1466.0,0.93239534
3380,G19,DR_20221209_143805,1467.0,1.0002466
3381,G20,DR_20221209_143805,1468.0,0.8796012
3382,G20,DR_20221209_143805,1469.0,0.8670037
3383,G20,DR_20221209_143805,1470.0,0.75693446
3384,G20,DR_20221209_143805,1471.0,0.91086656
3385,G20,DR_20221209_143805,1472.0,0.9445769
3386,G20,DR_20221209_143805,1473.0,0.9219594
3387,G20,DR_20221209_143805,1474.0,0.94930375
3388,G20,DR_20221209_143805,1475.0,0.45426258
3389,G20,DR_20221209_143805,1476.0,0.9890224
3390,G21,DR_20221209_143805,1477.0,0.88894624
3391,G21,DR_20221209_143805,1478.0,1.0081692
3392,G21,DR_20221209_143805,1479.0,0.9179637
3393,G21,DR_20221209_143805,1480.0,1.0006461
3394,G21,DR_20221209_143805,1481.0,0.9218643
3395,G21,DR_20221209_143805,1482.0,0.95171326
3396,G21,DR_20221209_143805,1483.0,0.930639
3397,G21,DR_20221209_143805,1484.0,0.97666013
3398,G21,DR_20221209_143805,1485.0,0.99986416
3399,G22,DR_20221209_143805,1486.0,0.8898056
3400,G22,DR_20221209_143805,1487.0,1.0000961
3401,G22,DR_20221209_143805,1488.0,0.6770005
3402,G22,DR_20221209_143805,1489.0,1.0021168
3403,G22,DR_20221209_143805,1490.0,0.95180994
3404,G22,DR_20221209_143805,1491.0,0.8736995
3405,G22,DR_20221209_143805,1492.0,0.74264854
3406,G22,DR_20221209_143805,1493.0,0.9998249
3407,G22,DR_20221209_143805,1494.0,1.001057
3444,H03,DR_20221209_143805,1531.0,0.48621443
3445,H03,DR_20221209_143805,1532.0,0.8137668
3446,H03,DR_20221209_143805,1533.0,0.9964724
3447,H03,DR_20221209_143805,1534.0,0.99942493
3448,H03,DR_20221209_143805,1535.0,0.92040026
3449,H03,DR_20221209_143805,1536.0,0.8137668
3450,H03,DR_20221209_143805,1537.0,0.91949946
3451,H03,DR_20221209_143805,1538.0,0.7608608
3452,H03,DR_20221209_143805,1539.0,0.8522053
3453,H04,DR_20221209_143805,1540.0,1.0097494
3454,H04,DR_20221209_143805,1541.0,0.95186406
3455,H04,DR_20221209_143805,1542.0,1.0083667
3456,H04,DR_20221209_143805,1543.0,0.951132
3457,H04,DR_20221209_143805,1544.0,0.94430774
3458,H04,DR_20221209_143805,1545.0,0.9618822
3459,H04,DR_20221209_143805,1546.0,1.0490258
3460,H04,DR_20221209_143805,1547.0,0.9767355
3461,H04,DR_20221209_143805,1548.0,0.99913347
3462,H05,DR_20221209_143805,1549.0,0.92040116
3463,H05,DR_20221209_143805,1550.0,1.0287648
3464,H05,DR_20221209_143805,1551.0,0.73415285
3465,H05,DR_20221209_143805,1552.0,1.0000803
3466,H05,DR_20221209_143805,1553.0,0.9325053
3467,H05,DR_20221209_143805,1554.0,1.0159551
3468,H05,DR_20221209_143805,1555.0,0.9511056
3469,H05,DR_20221209_143805,1556.0,0.9529611
3470,H05,DR_20221209_143805,1557.0,1.0001109
3471,H06,DR_20221209_143805,1558.0,0.94422805
3472,H06,DR_20221209_143805,1559.0,0.99995476
3473,H06,DR_20221209_143805,1560.0,1.0059717
3474,H06,DR_20221209_143805,1561.0,0.9510546
3475,H06,DR_20221209_143805,1562.0,0.9436916
3476,H06,DR_20221209_143805,1563.0,0.99402696
3477,H06,DR_20221209_143805,1564.0,0.9512336
3478,H06,DR_20221209_143805,1565.0,0.93852985
3479,H06,DR_20221209_143805,1566.0,0.9980661
3480,H07,DR_20221209_143805,1567.0,0.9997252
3481,H07,DR_20221209_143805,1568.0,0.99841636
3482,H07,DR_20221209_143805,1569.0,1.0001234
3483,H07,DR_20221209_143805,1570.0,1.0005143
3484,H07,DR_20221209_143805,1571.0,0.9520245
3485,H07,DR_20221209_143805,1572.0,0.9777105
3486,H07,DR_20221209_143805,1573.0,0.9208757
3487,H07,DR_20221209_143805,1574.0,1.066437
3488,H07,DR_20221209_143805,1575.0,1.0002872
3489,H08,DR_20221209_143805,1576.0,0.88107914
3490,H08,DR_20221209_143805,1577.0,1.0003152
3491,H08,DR_20221209_143805,1578.0,1.0928928
3492,H08,DR_20221209_143805,1579.0,0.99942493
3493,H08,DR_20221209_143805,1580.0,0.9514953
3494,H08,DR_20221209_143805,1581.0,0.6080527
3495,H08,DR_20221209_143805,1582.0,0.84646785
3496,H08,DR_20221209_143805,1583.0,0.8663513
3497,H08,DR_20221209_143805,1584.0,0.9998326
3498,H09,DR_20221209_143805,1585.0,0.9751193
3499,H09,DR_20221209_143805,1586.0,1.0007316
3500,H09,DR_20221209_143805,1587.0,0.99346626
3501,H09,DR_20221209_143805,1588.0,1.0000496
3502,H09,DR_20221209_143805,1589.0,0.9888868
3503,H09,DR_20221209_143805,1590.0,0.943304
3504,H09,DR_20221209_143805,1591.0,0.9872404
3505,H09,DR_20221209_143805,1592.0,0.99988925
3506,H09,DR_20221209_143805,1593.0,1.0001425
3507,H10,DR_20221209_143805,1594.0,0.95157206
3508,H10,DR_20221209_143805,1595.0,0.9508122
3509,H10,DR_20221209_143805,1596.0,0.9596707
3510,H10,DR_20221209_143805,1597.0,0.9103611
3511,H10,DR_20221209_143805,1598.0,0.9211763
3512,H10,DR_20221209_143805,1599.0,1.047199
3513,H10,DR_20221209_143805,1600.0,0.9930037
3514,H10,DR_20221209_143805,1601.0,1.0256851
3515,H10,DR_20221209_143805,1602.0,1.026678
3516,H11,DR_20221209_143805,1603.0,1.0001358
3517,H11,DR_20221209_143805,1604.0,0.99920833
3518,H11,DR_20221209_143805,1605.0,1.015391
3519,H11,DR_20221209_143805,1606.0,1.0018307
3520,H11,DR_20221209_143805,1607.0,1.0005978
3521,H11,DR_20221209_143805,1608.0,0.86571485
3522,H11,DR_20221209_143805,1609.0,1.0931239
3523,H11,DR_20221209_143805,1610.0,0.99351174
3524,H11,DR_20221209_143805,1611.0,1.0114669
3525,H12,DR_20221209_143805,1612.0,0.9996477
3526,H12,DR_20221209_143805,1613.0,1.0006777
3527,H12,DR_20221209_143805,1614.0,0.992058
3528,H12,DR_20221209_143805,1615.0,0.9988534
3529,H12,DR_20221209_143805,1616.0,0.41396978
3530,H12,DR_20221209_143805,1617.0,0.9908514
3531,H12,DR_20221209_143805,1618.0,0.8948623
3532,H12,DR_20221209_143805,1619.0,0.9999281
3533,H12,DR_20221209_143805,1620.0,1.0040948
3534,H13,DR_20221209_143805,1621.0,0.9395209
3535,H13,DR_20221209_143805,1622.0,0.95174265
3536,H13,DR_20221209_143805,1623.0,1.0005448
3537,H13,DR_20221209_143805,1624.0,0.9991879
3538,H13,DR_20221209_143805,1625.0,0.944684
3539,H13,DR_20221209_143805,1626.0,0.9917164
3540,H13,DR_20221209_143805,1627.0,0.9538944
3541,H13,DR_20221209_143805,1628.0,1.0010084
3542,H13,DR_20221209_143805,1629.0,1.0000174
3543,H14,DR_20221209_143805,1630.0,0.99015677
3544,H14,DR_20221209_143805,1631.0,0.78476375
3545,H14,DR_20221209_143805,1632.0,0.88986593
3546,H14,DR_20221209_143805,1633.0,1.0000383
3547,H14,DR_20221209_143805,1634.0,0.99365735
3548,H14,DR_20221209_143805,1635.0,0.9999259
3549,H14,DR_20221209_143805,1636.0,0.91073847
3550,H14,DR_20221209_143805,1637.0,0.99696296
3551,H14,DR_20221209_143805,1638.0,0.85682374
3552,H15,DR_20221209_143805,1639.0,1.0058795
3553,H15,DR_20221209_143805,1640.0,0.99927783
3554,H15,DR_20221209_143805,1641.0,1.0081856
3555,H15,DR_20221209_143805,1642.0,0.9919768
3556,H15,DR_20221209_143805,1643.0,0.99256814
3557,H15,DR_20221209_143805,1644.0,0.99115443
3558,H15,DR_20221209_143805,1645.0,0.9962569
3559,H15,DR_20221209_143805,1646.0,0.99401
3560,H15,DR_20221209_143805,1647.0,0.9259823
3561,H16,DR_20221209_143805,1648.0,1.0001234
3562,H16,DR_20221209_143805,1649.0,0.88143885
3563,H16,DR_20221209_143805,1650.0,0.7619028
3564,H16,DR_20221209_143805,1651.0,0.8845609
3565,H16,DR_20221209_143805,1652.0,0.99162686
3566,H16,DR_20221209_143805,1653.0,0.99277747
3567,H16,DR_20221209_143805,1654.0,0.97196615
3568,H16,DR_20221209_143805,1655.0,0.8734567
3569,H16,DR_20221209_143805,1656.0,1.0016041
3570,H17,DR_20221209_143805,1657.0,0.9999026
3571,H17,DR_20221209_143805,1658.0,1.0010719
3572,H17,DR_20221209_143805,1659.0,0.99226344
3573,H17,DR_20221209_143805,1660.0,0.9442324
3574,H17,DR_20221209_143805,1661.0,0.94385016
3575,H17,DR_20221209_143805,1662.0,0.8802852
3576,H17,DR_20221209_143805,1663.0,0.8469265
3577,H17,DR_20221209_143805,1664.0,0.9962005
3578,H17,DR_20221209_143805,1665.0,0.80052114
3579,H18,DR_20221209_143805,1666.0,1.0004063
3580,H18,DR_20221209_143805,1667.0,1.000708
3581,H18,DR_20221209_143805,1668.0,0.7880309
3582,H18,DR_20221209_143805,1669.0,1.0021482
3583,H18,DR_20221209_143805,1670.0,0.9526534
3584,H18,DR_20221209_143805,1671.0,0.9211913
3585,H18,DR_20221209_143805,1672.0,0.88790476
3586,H18,DR_20221209_143805,1673.0,1.0445607
3587,H18,DR_20221209_143805,1674.0,1.0001397
3588,H19,DR_20221209_143805,1675.0,1.0005329
3589,H19,DR_20221209_143805,1676.0,0.99974483
3590,H19,DR_20221209_143805,1677.0,0.9551966
3591,H19,DR_20221209_143805,1678.0,1.0007157
3592,H19,DR_20221209_143805,1679.0,0.95309085
3593,H19,DR_20221209_143805,1680.0,0.8367758
3594,H19,DR_20221209_143805,1681.0,0.8477853
3595,H19,DR_20221209_143805,1682.0,0.994794
3596,H19,DR_20221209_143805,1683.0,0.9928501
3597,H20,DR_20221209_143805,1684.0,0.95106655
3598,H20,DR_20221209_143805,1685.0,0.9998326
3599,H20,DR_20221209_143805,1686.0,0.66703916
3600,H20,DR_20221209_143805,1687.0,1.0006282
3601,H20,DR_20221209_143805,1688.0,0.9522956
3602,H20,DR_20221209_143805,1689.0,0.95162475
3603,H20,DR_20221209_143805,1690.0,0.8456352
3604,H20,DR_20221209_143805,1691.0,0.87402225
3605,H20,DR_20221209_143805,1692.0,1.0112365
3606,H21,DR_20221209_143805,1693.0,0.96450436
3607,H21,DR_20221209_143805,1694.0,0.9977405
3608,H21,DR_20221209_143805,1695.0,1.0151341
3609,H21,DR_20221209_143805,1696.0,1.0005387
3610,H21,DR_20221209_143805,1697.0,1.0002879
3611,H21,DR_20221209_143805,1698.0,0.9370649
3612,H21,DR_20221209_143805,1699.0,0.98517394
3613,H21,DR_20221209_143805,1700.0,0.9768915
3614,H21,DR_20221209_143805,1701.0,0.97375196
3615,H22,DR_20221209_143805,1702.0,0.993069
3616,H22,DR_20221209_143805,1703.0,1.0008749
3617,H22,DR_20221209_143805,1704.0,0.80399495
3618,H22,DR_20221209_143805,1705.0,0.99983793
3619,H22,DR_20221209_143805,1706.0,0.9445796
3620,H22,DR_20221209_143805,1707.0,1.000865
3621,H22,DR_20221209_143805,1708.0,0.98485667
3622,H22,DR_20221209_143805,1709.0,1.0078709
3623,H22,DR_20221209_143805,1710.0,0.9998411
3660,I03,DR_20221209_143805,1747.0,0.9209275
3661,I03,DR_20221209_143805,1748.0,0.9872781
3662,I03,DR_20221209_143805,1749.0,1.0081631
3663,I03,DR_20221209_143805,1750.0,0.9999501
3664,I03,DR_20221209_143805,1751.0,0.9513189
3665,I03,DR_20221209_143805,1752.0,0.87030417
3666,I03,DR_20221209_143805,1753.0,0.8859488
3667,I03,DR_20221209_143805,1754.0,0.9997187
3668,I03,DR_20221209_143805,1755.0,0.9994831
3669,I04,DR_20221209_143805,1756.0,0.87364966
3670,I04,DR_20221209_143805,1757.0,0.95115864
3671,I04,DR_20221209_143805,1758.0,1.0060446
3672,I04,DR_20221209_143805,1759.0,1.0081425
3673,I04,DR_20221209_143805,1760.0,0.93213636
3674,I04,DR_20221209_143805,1761.0,0.9202971
3675,I04,DR_20221209_143805,1762.0,0.9271912
3676,I04,DR_20221209_143805,1763.0,0.9277446
3677,I04,DR_20221209_143805,1764.0,0.9509878
3678,I05,DR_20221209_143805,1765.0,0.9227855
3679,I05,DR_20221209_143805,1766.0,1.0297093
3680,I05,DR_20221209_143805,1767.0,0.89541906
3681,I05,DR_20221209_143805,1768.0,1.0010004
3682,I05,DR_20221209_143805,1769.0,1.0007488
3683,I05,DR_20221209_143805,1770.0,0.94325477
3684,I05,DR_20221209_143805,1771.0,1.0002365
3685,I05,DR_20221209_143805,1772.0,0.999906
3686,I05,DR_20221209_143805,1773.0,1.000614
3687,I06,DR_20221209_143805,1774.0,0.93946624
3688,I06,DR_20221209_143805,1775.0,0.9718
3689,I06,DR_20221209_143805,1776.0,0.84984607
3690,I06,DR_20221209_143805,1777.0,0.95114666
3691,I06,DR_20221209_143805,1778.0,0.91833067
3692,I06,DR_20221209_143805,1779.0,0.9203038
3693,I06,DR_20221209_143805,1780.0,0.9873097
3694,I06,DR_20221209_143805,1781.0,0.9453743
3695,I06,DR_20221209_143805,1782.0,0.9997294
3696,I07,DR_20221209_143805,1783.0,0.9520299
3697,I07,DR_20221209_143805,1784.0,0.99914545
3698,I07,DR_20221209_143805,1785.0,1.0003082
3699,I07,DR_20221209_143805,1786.0,1.0005491
3700,I07,DR_20221209_143805,1787.0,0.9519257
3701,I07,DR_20221209_143805,1788.0,0.92014116
3702,I07,DR_20221209_143805,1789.0,0.9870787
3703,I07,DR_20221209_143805,1790.0,0.9199951
3704,I07,DR_20221209_143805,1791.0,0.9997623
3705,I08,DR_20221209_143805,1792.0,0.95185554
3706,I08,DR_20221209_143805,1793.0,0.9991942
3707,I08,DR_20221209_143805,1794.0,0.95932424
3708,I08,DR_20221209_143805,1795.0,1.0002775
3709,I08,DR_20221209_143805,1796.0,0.94571084
3710,I08,DR_20221209_143805,1797.0,0.9775478
3711,I08,DR_20221209_143805,1798.0,0.9868777
3712,I08,DR_20221209_143805,1799.0,0.92025423
3713,I08,DR_20221209_143805,1800.0,1.0004927
3714,I09,DR_20221209_143805,1801.0,1.0283372
3715,I09,DR_20221209_143805,1802.0,0.993268
3716,I09,DR_20221209_143805,1803.0,1.0004278
3717,I09,DR_20221209_143805,1804.0,1.0008042
3718,I09,DR_20221209_143805,1805.0,0.9420606
3719,I09,DR_20221209_143805,1806.0,0.9436052
3720,I09,DR_20221209_143805,1807.0,1.0290946
3721,I09,DR_20221209_143805,1808.0,1.0038474
3722,I09,DR_20221209_143805,1809.0,0.9519818
3723,I10,DR_20221209_143805,1810.0,0.9516787
3724,I10,DR_20221209_143805,1811.0,0.9519901
3725,I10,DR_20221209_143805,1812.0,0.95977694
3726,I10,DR_20221209_143805,1813.0,0.8268701
3727,I10,DR_20221209_143805,1814.0,0.82319945
3728,I10,DR_20221209_143805,1815.0,0.93926466
3729,I10,DR_20221209_143805,1816.0,0.94488734
3730,I10,DR_20221209_143805,1817.0,0.50138515
3731,I10,DR_20221209_143805,1818.0,0.7210665
3732,I11,DR_20221209_143805,1819.0,0.9218844
3733,I11,DR_20221209_143805,1820.0,0.9428715
3734,I11,DR_20221209_143805,1821.0,0.99979895
3735,I11,DR_20221209_143805,1822.0,1.0005491
3736,I11,DR_20221209_143805,1823.0,0.94251734
3737,I11,DR_20221209_143805,1824.0,0.8216994
3738,I11,DR_20221209_143805,1825.0,0.9199464
3739,I11,DR_20221209_143805,1826.0,0.9516956
3740,I11,DR_20221209_143805,1827.0,1.0005618
3741,I12,DR_20221209_143805,1828.0,0.9477415
3742,I12,DR_20221209_143805,1829.0,0.7785827
3743,I12,DR_20221209_143805,1830.0,0.7784865
3744,I12,DR_20221209_143805,1831.0,1.0006921
3745,I12,DR_20221209_143805,1832.0,0.99297005
3746,I12,DR_20221209_143805,1833.0,0.9944831
3747,I12,DR_20221209_143805,1834.0,0.94821614
3748,I12,DR_20221209_143805,1835.0,0.7869863
3749,I12,DR_20221209_143805,1836.0,0.78769636
3750,I13,DR_20221209_143805,1837.0,0.9377979
3751,I13,DR_20221209_143805,1838.0,0.9997318
3752,I13,DR_20221209_143805,1839.0,1.0001664
3753,I13,DR_20221209_143805,1840.0,1.0006185
3754,I13,DR_20221209_143805,1841.0,0.9999267
3755,I13,DR_20221209_143805,1842.0,0.99181825
3756,I13,DR_20221209_143805,1843.0,1.0004972
3757,I13,DR_20221209_143805,1844.0,1.0053647
3758,I13,DR_20221209_143805,1845.0,1.0007675
3759,I14,DR_20221209_143805,1846.0,1.0009754
3760,I14,DR_20221209_143805,1847.0,0.99935365
3761,I14,DR_20221209_143805,1848.0,0.85112476
3762,I14,DR_20221209_143805,1849.0,0.9140612
3763,I14,DR_20221209_143805,1850.0,1.0016583
3764,I14,DR_20221209_143805,1851.0,0.8676744
3765,I14,DR_20221209_143805,1852.0,0.94292045
3766,I14,DR_20221209_143805,1853.0,0.9989974
3767,I14,DR_20221209_143805,1854.0,0.88408756
3768,I15,DR_20221209_143805,1855.0,1.0004431
3769,I15,DR_20221209_143805,1856.0,1.0018024
3770,I15,DR_20221209_143805,1857.0,0.90611607
3771,I15,DR_20221209_143805,1858.0,0.9209422
3772,I15,DR_20221209_143805,1859.0,0.9928132
3773,I15,DR_20221209_143805,1860.0,1.0012273
3774,I15,DR_20221209_143805,1861.0,0.9595204
3775,I15,DR_20221209_143805,1862.0,1.0000044
3776,I15,DR_20221209_143805,1863.0,0.94574636
3777,I16,DR_20221209_143805,1864.0,0.98651224
3778,I16,DR_20221209_143805,1865.0,0.9133906
3779,I16,DR_20221209_143805,1866.0,0.9002477
3780,I16,DR_20221209_143805,1867.0,1.0009338
3781,I16,DR_20221209_143805,1868.0,1.0003945
3782,I16,DR_20221209_143805,1869.0,0.9101134
3783,I16,DR_20221209_143805,1870.0,0.85731304
3784,I16,DR_20221209_143805,1871.0,0.843262
3785,I16,DR_20221209_143805,1872.0,0.88783437
3786,I17,DR_20221209_143805,1873.0,1.0010265
3787,I17,DR_20221209_143805,1874.0,1.0001475
3788,I17,DR_20221209_143805,1875.0,0.9787042
3789,I17,DR_20221209_143805,1876.0,0.9922432
3790,I17,DR_20221209_143805,1877.0,0.9453863
3791,I17,DR_20221209_143805,1878.0,0.9516165
3792,I17,DR_20221209_143805,1879.0,0.9036731
3793,I17,DR_20221209_143805,1880.0,0.8448187
3794,I17,DR_20221209_143805,1881.0,0.99959123
3795,I18,DR_20221209_143805,1882.0,0.8459636
3796,I18,DR_20221209_143805,1883.0,1.0016536
3797,I18,DR_20221209_143805,1884.0,0.85300785
3798,I18,DR_20221209_143805,1885.0,0.84371454
3799,I18,DR_20221209_143805,1886.0,0.41667506
3800,I18,DR_20221209_143805,1887.0,0.99814844
3801,I18,DR_20221209_143805,1888.0,0.95291936
3802,I18,DR_20221209_143805,1889.0,0.86230296
3803,I18,DR_20221209_143805,1890.0,0.81367755
3804,I19,DR_20221209_143805,1891.0,0.99217284
3805,I19,DR_20221209_143805,1892.0,0.99802136
3806,I19,DR_20221209_143805,1893.0,0.9190525
3807,I19,DR_20221209_143805,1894.0,0.9851408
3808,I19,DR_20221209_143805,1895.0,0.9935251
3809,I19,DR_20221209_143805,1896.0,0.9999259
3810,I19,DR_20221209_143805,1897.0,0.925068
3811,I19,DR_20221209_143805,1898.0,0.92227906
3812,I19,DR_20221209_143805,1899.0,1.0069473
3813,I20,DR_20221209_143805,1900.0,0.9974989
3814,I20,DR_20221209_143805,1901.0,0.9945627
3815,I20,DR_20221209_143805,1902.0,1.0002555
3816,I20,DR_20221209_143805,1903.0,0.9850141
3817,I20,DR_20221209_143805,1904.0,0.8226845
3818,I20,DR_20221209_143805,1905.0,0.92208153
3819,I20,DR_20221209_143805,1906.0,0.9624966
3820,I20,DR_20221209_143805,1907.0,0.93873405
3821,I20,DR_20221209_143805,1908.0,1.0002022
3822,I21,DR_20221209_143805,1909.0,1.0015459
3823,I21,DR_20221209_143805,1910.0,0.99966556
3824,I21,DR_20221209_143805,1911.0,0.8007904
3825,I21,DR_20221209_143805,1912.0,0.8369461
3826,I21,DR_20221209_143805,1913.0,0.94439983
3827,I21,DR_20221209_143805,1914.0,0.9998879
3828,I21,DR_20221209_143805,1915.0,1.0925691
3829,I21,DR_20221209_143805,1916.0,0.9794681
3830,I21,DR_20221209_143805,1917.0,0.6719477
3831,I22,DR_20221209_143805,1918.0,0.89223
3832,I22,DR_20221209_143805,1919.0,0.94150925
3833,I22,DR_20221209_143805,1920.0,0.8847405
3834,I22,DR_20221209_143805,1921.0,1.0000602
3835,I22,DR_20221209_143805,1922.0,1.0005643
3836,I22,DR_20221209_143805,1923.0,1.0007033
3837,I22,DR_20221209_143805,1924.0,0.9842291
3838,I22,DR_20221209_143805,1925.0,1.0008909
3839,I22,DR_20221209_143805,1926.0,1.0074266
3876,J03,DR_20221209_143805,1963.0,0.6047295
3877,J03,DR_20221209_143805,1964.0,0.8074271
3878,J03,DR_20221209_143805,1965.0,0.60464805
3879,J03,DR_20221209_143805,1966.0,0.82401645
3880,J03,DR_20221209_143805,1967.0,0.62823915
3881,J03,DR_20221209_143805,1968.0,0.54052675
3882,J03,DR_20221209_143805,1969.0,0.6044817
3883,J03,DR_20221209_143805,1970.0,0.9098172
3884,J04,DR_20221209_143805,1971.0,0.9445713
3885,J04,DR_20221209_143805,1972.0,0.8660549
3886,J04,DR_20221209_143805,1973.0,0.9978487
3887,J04,DR_20221209_143805,1974.0,0.99976045
3888,J04,DR_20221209_143805,1975.0,0.7795918
3889,J04,DR_20221209_143805,1976.0,0.98611915
3890,J04,DR_20221209_143805,1977.0,1.0373678
3891,J04,DR_20221209_143805,1978.0,0.83283573
3892,J04,DR_20221209_143805,1979.0,0.8362795
3893,J05,DR_20221209_143805,1980.0,0.9364689
3894,J05,DR_20221209_143805,1981.0,0.9179064
3895,J05,DR_20221209_143805,1982.0,0.9995313
3896,J05,DR_20221209_143805,1983.0,0.99974483
3897,J05,DR_20221209_143805,1984.0,0.95113426
3898,J05,DR_20221209_143805,1985.0,1.0296606
3899,J05,DR_20221209_143805,1986.0,1.0002142
3900,J05,DR_20221209_143805,1987.0,1.0003097
3901,J05,DR_20221209_143805,1988.0,1.0003082
3902,J06,DR_20221209_143805,1989.0,1.0078505
3903,J06,DR_20221209_143805,1990.0,0.7478492
3904,J06,DR_20221209_143805,1991.0,0.8663386
3905,J06,DR_20221209_143805,1992.0,1.0010309
3906,J06,DR_20221209_143805,1993.0,0.91354835
3907,J06,DR_20221209_143805,1994.0,0.97523445
3908,J06,DR_20221209_143805,1995.0,0.7641108
3909,J06,DR_20221209_143805,1996.0,1.0078307
3910,J06,DR_20221209_143805,1997.0,0.9923526
3911,J07,DR_20221209_143805,1998.0,0.991792
3912,J07,DR_20221209_143805,1999.0,1.0001109
3913,J07,DR_20221209_143805,2000.0,0.78472435
3914,J07,DR_20221209_143805,2001.0,1.0001109
3915,J07,DR_20221209_143805,2002.0,0.9456695
3916,J07,DR_20221209_143805,2003.0,1.0164837
3917,J07,DR_20221209_143805,2004.0,0.9277027
3918,J07,DR_20221209_143805,2005.0,0.9229375
3919,J07,DR_20221209_143805,2006.0,0.8859722
3920,J08,DR_20221209_143805,2007.0,1.0115869
3921,J08,DR_20221209_143805,2008.0,0.74202013
3922,J08,DR_20221209_143805,2009.0,0.72851926
3923,J08,DR_20221209_143805,2010.0,0.93218976
3924,J08,DR_20221209_143805,2011.0,0.82910246
3925,J08,DR_20221209_143805,2012.0,0.92903984
3926,J08,DR_20221209_143805,2013.0,0.85347533
3927,J08,DR_20221209_143805,2014.0,0.9975423
3928,J08,DR_20221209_143805,2015.0,1.0244992
3929,J09,DR_20221209_143805,2016.0,0.9673821
3930,J09,DR_20221209_143805,2017.0,0.99991614
3931,J09,DR_20221209_143805,2018.0,1.000102
3932,J09,DR_20221209_143805,2019.0,1.0007274
3933,J09,DR_20221209_143805,2020.0,0.9922136
3934,J09,DR_20221209_143805,2021.0,0.94330704
3935,J09,DR_20221209_143805,2022.0,0.9869556
3936,J09,DR_20221209_143805,2023.0,0.947367
3937,J09,DR_20221209_143805,2024.0,0.95501083
3938,J10,DR_20221209_143805,2025.0,0.89332306
3939,J10,DR_20221209_143805,2026.0,0.9992275
3940,J10,DR_20221209_143805,2027.0,0.94596684
3941,J10,DR_20221209_143805,2028.0,0.8494697
3942,J10,DR_20221209_143805,2029.0,0.9381425
3943,J10,DR_20221209_143805,2030.0,0.96648043
3944,J10,DR_20221209_143805,2031.0,0.9292727
3945,J10,DR_20221209_143805,2032.0,0.9975423
3946,J10,DR_20221209_143805,2033.0,0.8641726
3947,J11,DR_20221209_143805,2034.0,0.9984083
3948,J11,DR_20221209_143805,2035.0,1.0004805
3949,J11,DR_20221209_143805,2036.0,0.8879988
3950,J11,DR_20221209_143805,2037.0,0.99926186
3951,J11,DR_20221209_143805,2038.0,0.9418293
3952,J11,DR_20221209_143805,2039.0,1.0002556
3953,J11,DR_20221209_143805,2040.0,0.9349751
3954,J11,DR_20221209_143805,2041.0,0.99229354
3955,J11,DR_20221209_143805,2042.0,0.96793026
3956,J12,DR_20221209_143805,2043.0,1.0112815
3957,J12,DR_20221209_143805,2044.0,0.73849595
3958,J12,DR_20221209_143805,2045.0,0.73838514
3959,J12,DR_20221209_143805,2046.0,0.86209434
3960,J12,DR_20221209_143805,2047.0,0.9444822
3961,J12,DR_20221209_143805,2048.0,0.93011516
3962,J12,DR_20221209_143805,2049.0,0.5137355
3963,J12,DR_20221209_143805,2050.0,0.98239726
3964,J12,DR_20221209_143805,2051.0,0.8413481
3965,J13,DR_20221209_143805,2052.0,0.99242866
3966,J13,DR_20221209_143805,2053.0,0.8147261
3967,J13,DR_20221209_143805,2054.0,0.870296
3968,J13,DR_20221209_143805,2055.0,1.0013621
3969,J13,DR_20221209_143805,2056.0,1.0008334
3970,J13,DR_20221209_143805,2057.0,0.99742615
3971,J13,DR_20221209_143805,2058.0,0.72530115
3972,J13,DR_20221209_143805,2059.0,0.9967286
3973,J13,DR_20221209_143805,2060.0,0.9998687
3974,J14,DR_20221209_143805,2061.0,1.0009869
3975,J14,DR_20221209_143805,2062.0,0.8915466
3976,J14,DR_20221209_143805,2063.0,1.0005138
3977,J14,DR_20221209_143805,2064.0,0.9990844
3978,J14,DR_20221209_143805,2065.0,0.9901699
3979,J14,DR_20221209_143805,2066.0,0.99979895
3980,J14,DR_20221209_143805,2067.0,0.9522347
3981,J14,DR_20221209_143805,2068.0,1.0016904
3982,J14,DR_20221209_143805,2069.0,0.9975156
3983,J15,DR_20221209_143805,2070.0,1.0004431
3984,J15,DR_20221209_143805,2071.0,0.9607234
3985,J15,DR_20221209_143805,2072.0,0.90445995
3986,J15,DR_20221209_143805,2073.0,0.908481
3987,J15,DR_20221209_143805,2074.0,0.9903621
3988,J15,DR_20221209_143805,2075.0,0.998142
3989,J15,DR_20221209_143805,2076.0,1.0009942
3990,J15,DR_20221209_143805,2077.0,0.9592486
3991,J15,DR_20221209_143805,2078.0,0.7831965
3992,J16,DR_20221209_143805,2079.0,0.99318147
3993,J16,DR_20221209_143805,2080.0,0.6341339
3994,J16,DR_20221209_143805,2081.0,0.75871736
3995,J16,DR_20221209_143805,2082.0,0.7839778
3996,J16,DR_20221209_143805,2083.0,1.0006247
3997,J16,DR_20221209_143805,2084.0,0.9921835
3998,J16,DR_20221209_143805,2085.0,0.99941254
3999,J16,DR_20221209_143805,2086.0,0.9940288
4000,J16,DR_20221209_143805,2087.0,0.9979737
4001,J17,DR_20221209_143805,2088.0,0.8997986
4002,J17,DR_20221209_143805,2089.0,0.31710562
4003,J17,DR_20221209_143805,2090.0,0.9530063
4004,J17,DR_20221209_143805,2091.0,0.8410059
4005,J17,DR_20221209_143805,2092.0,1.0018708
4006,J17,DR_20221209_143805,2093.0,0.873841
4007,J17,DR_20221209_143805,2094.0,0.87960875
4008,J17,DR_20221209_143805,2095.0,1.0884651
4009,J17,DR_20221209_143805,2096.0,0.8711166
4010,J18,DR_20221209_143805,2097.0,0.8748016
4011,J18,DR_20221209_143805,2098.0,0.781902
4012,J18,DR_20221209_143805,2099.0,0.85662293
4013,J18,DR_20221209_143805,2100.0,1.0012634
4014,J18,DR_20221209_143805,2101.0,0.9516134
4015,J18,DR_20221209_143805,2102.0,0.930067
4016,J18,DR_20221209_143805,2103.0,1.0288533
4017,J18,DR_20221209_143805,2104.0,0.83903277
4018,J18,DR_20221209_143805,2105.0,0.99820685
4019,J19,DR_20221209_143805,2106.0,0.9998102
4020,J19,DR_20221209_143805,2107.0,0.99995476
4021,J19,DR_20221209_143805,2108.0,0.8493294
4022,J19,DR_20221209_143805,2109.0,1.0081259
4023,J19,DR_20221209_143805,2110.0,0.9520067
4024,J19,DR_20221209_143805,2111.0,0.85501355
4025,J19,DR_20221209_143805,2112.0,0.9459416
4026,J19,DR_20221209_143805,2113.0,0.99855566
4027,J19,DR_20221209_143805,2114.0,1.0004132
4028,J20,DR_20221209_143805,2115.0,0.99462384
4029,J20,DR_20221209_143805,2116.0,1.000005
4030,J20,DR_20221209_143805,2117.0,0.75222754
4031,J20,DR_20221209_143805,2118.0,0.9149405
4032,J20,DR_20221209_143805,2119.0,0.9213013
4033,J20,DR_20221209_143805,2120.0,0.9870298
4034,J20,DR_20221209_143805,2121.0,0.9088074
4035,J20,DR_20221209_143805,2122.0,0.9484216
4036,J20,DR_20221209_143805,2123.0,0.95119214
4037,J21,DR_20221209_143805,2124.0,0.9790064
4038,J21,DR_20221209_143805,2125.0,0.9996851
4039,J21,DR_20221209_143805,2126.0,0.88598984
4040,J21,DR_20221209_143805,2127.0,0.7804187
4041,J21,DR_20221209_143805,2128.0,0.9209791
4042,J21,DR_20221209_143805,2129.0,0.8756091
4043,J21,DR_20221209_143805,2130.0,0.954666
4044,J21,DR_20221209_143805,2131.0,1.0934837
4045,J21,DR_20221209_143805,2132.0,0.28020054
4046,J22,DR_20221209_143805,2133.0,0.9359816
4047,J22,DR_20221209_143805,2134.0,0.9924494
4048,J22,DR_20221209_143805,2135.0,0.9065492
4049,J22,DR_20221209_143805,2136.0,0.960695
4050,J22,DR_20221209_143805,2137.0,0.9995253
4051,J22,DR_20221209_143805,2138.0,0.9014748
4052,J22,DR_20221209_143805,2139.0,0.98467374
4053,J22,DR_20221209_143805,2140.0,0.72529554
4054,J22,DR_20221209_143805,2141.0,0.9459966
4091,K04,DR_20221209_143805,2187.0,1.0094616
4092,K04,DR_20221209_143805,2188.0,0.9453743
4093,K04,DR_20221209_143805,2189.0,1.0063053
4094,K04,DR_20221209_143805,2190.0,0.99907637
4095,K04,DR_20221209_143805,2191.0,1.0010003
4096,K04,DR_20221209_143805,2192.0,0.8138435
4097,K04,DR_20221209_143805,2193.0,1.0166832
4098,K04,DR_20221209_143805,2194.0,0.9874887
4099,K04,DR_20221209_143805,2195.0,0.99969476
4100,K05,DR_20221209_143805,2196.0,0.94367236
4101,K05,DR_20221209_143805,2197.0,0.93909395
4102,K05,DR_20221209_143805,2198.0,1.0084486
4103,K05,DR_20221209_143805,2199.0,0.99843645
4104,K05,DR_20221209_143805,2200.0,0.95198953
4105,K05,DR_20221209_143805,2201.0,0.9620962
4106,K05,DR_20221209_143805,2202.0,1.0003545
4107,K05,DR_20221209_143805,2203.0,1.000261
4108,K05,DR_20221209_143805,2204.0,1.0003082
4109,K06,DR_20221209_143805,2205.0,1.0472596
4110,K06,DR_20221209_143805,2206.0,1.0078505
4111,K06,DR_20221209_143805,2207.0,0.79610974
4112,K06,DR_20221209_143805,2208.0,1.0023386
4113,K06,DR_20221209_143805,2209.0,0.9457943
4114,K06,DR_20221209_143805,2210.0,0.9767358
4115,K06,DR_20221209_143805,2211.0,0.71155137
4116,K06,DR_20221209_143805,2212.0,1.0004925
4117,K06,DR_20221209_143805,2213.0,1.0000007
4118,K07,DR_20221209_143805,2214.0,0.935874
4119,K07,DR_20221209_143805,2215.0,0.9997548
4120,K07,DR_20221209_143805,2216.0,0.690844
4121,K07,DR_20221209_143805,2217.0,1.0001917
4122,K07,DR_20221209_143805,2218.0,0.92052066
4123,K07,DR_20221209_143805,2219.0,0.9878117
4124,K07,DR_20221209_143805,2220.0,0.72625494
4125,K07,DR_20221209_143805,2221.0,1.0098109
4126,K07,DR_20221209_143805,2222.0,0.93274784
4127,K08,DR_20221209_143805,2223.0,0.32393116
4128,K08,DR_20221209_143805,2224.0,0.9998605
4129,K08,DR_20221209_143805,2225.0,1.0003662
4130,K08,DR_20221209_143805,2226.0,0.99876744
4131,K08,DR_20221209_143805,2227.0,0.94081575
4132,K08,DR_20221209_143805,2228.0,0.9917379
4133,K08,DR_20221209_143805,2229.0,0.94232595
4134,K08,DR_20221209_143805,2230.0,0.94218427
4135,K08,DR_20221209_143805,2231.0,0.9924997
4136,K09,DR_20221209_143805,2232.0,0.9746449
4137,K09,DR_20221209_143805,2233.0,0.92169386
4138,K09,DR_20221209_143805,2234.0,0.9995674
4139,K09,DR_20221209_143805,2235.0,0.9910914
4140,K09,DR_20221209_143805,2236.0,0.9926572
4141,K09,DR_20221209_143805,2237.0,0.9410441
4142,K09,DR_20221209_143805,2238.0,0.88320273
4143,K09,DR_20221209_143805,2239.0,0.99866515
4144,K09,DR_20221209_143805,2240.0,0.9985402
4145,K10,DR_20221209_143805,2241.0,0.79210126
4146,K10,DR_20221209_143805,2242.0,0.9398216
4147,K10,DR_20221209_143805,2243.0,0.9447508
4148,K10,DR_20221209_143805,2244.0,0.95869356
4149,K10,DR_20221209_143805,2245.0,0.99979
4150,K10,DR_20221209_143805,2246.0,0.81400156
4151,K10,DR_20221209_143805,2247.0,0.987048
4152,K10,DR_20221209_143805,2248.0,0.9767465
4153,K10,DR_20221209_143805,2249.0,0.79306495
4154,K11,DR_20221209_143805,2250.0,0.96705323
4155,K11,DR_20221209_143805,2251.0,0.9347632
4156,K11,DR_20221209_143805,2252.0,0.95330405
4157,K11,DR_20221209_143805,2253.0,0.99955577
4158,K11,DR_20221209_143805,2254.0,1.0007541
4159,K11,DR_20221209_143805,2255.0,0.9408899
4160,K11,DR_20221209_143805,2256.0,0.9870298
4161,K11,DR_20221209_143805,2257.0,0.9999817
4162,K11,DR_20221209_143805,2258.0,0.9905188
4163,K12,DR_20221209_143805,2259.0,0.85978967
4164,K12,DR_20221209_143805,2260.0,0.85610807
4165,K12,DR_20221209_143805,2261.0,0.9382869
4166,K12,DR_20221209_143805,2262.0,1.0000249
4167,K12,DR_20221209_143805,2263.0,0.9967606
4168,K12,DR_20221209_143805,2264.0,0.9443822
4169,K12,DR_20221209_143805,2265.0,0.82349193
4170,K12,DR_20221209_143805,2266.0,0.9932059
4171,K12,DR_20221209_143805,2267.0,0.98561245
4172,K14,DR_20221209_143805,2277.0,0.9997704
4173,K14,DR_20221209_143805,2278.0,0.9480225
4174,K14,DR_20221209_143805,2279.0,1.0002862
4175,K14,DR_20221209_143805,2280.0,0.99739736
4176,K14,DR_20221209_143805,2281.0,0.99178535
4177,K14,DR_20221209_143805,2282.0,0.9858503
4178,K14,DR_20221209_143805,2283.0,0.928444
4179,K14,DR_20221209_143805,2284.0,0.943161
4180,K14,DR_20221209_143805,2285.0,1.0001657
4181,K18,DR_20221209_143805,2313.0,1.0006546
4182,K18,DR_20221209_143805,2314.0,0.79065716
4183,K18,DR_20221209_143805,2315.0,0.9581176
4184,K18,DR_20221209_143805,2316.0,0.7022082
4185,K18,DR_20221209_143805,2317.0,0.41544
4186,K18,DR_20221209_143805,2318.0,1.000168
4187,K18,DR_20221209_143805,2319.0,1.0009596
4188,K18,DR_20221209_143805,2320.0,1.0009631
4189,K18,DR_20221209_143805,2321.0,0.99977726
4190,K19,DR_20221209_143805,2322.0,0.911261
4191,K19,DR_20221209_143805,2323.0,0.9925052
4192,K19,DR_20221209_143805,2324.0,0.89923483
4193,K19,DR_20221209_143805,2325.0,1.0001509
4194,K19,DR_20221209_143805,2326.0,1.0001985
4195,K19,DR_20221209_143805,2327.0,0.99995774
4196,K19,DR_20221209_143805,2328.0,0.7296328
4197,K19,DR_20221209_143805,2329.0,0.9516134
4198,K19,DR_20221209_143805,2330.0,1.000978
4199,K20,DR_20221209_143805,2331.0,1.013113
4200,K20,DR_20221209_143805,2332.0,0.90893435
4201,K20,DR_20221209_143805,2333.0,0.85597664
4202,K20,DR_20221209_143805,2334.0,1.0008334
4203,K20,DR_20221209_143805,2335.0,0.95085925
4204,K20,DR_20221209_143805,2336.0,0.98707855
4205,K20,DR_20221209_143805,2337.0,0.8807585
4206,K20,DR_20221209_143805,2338.0,0.9872781
4207,K20,DR_20221209_143805,2339.0,1.0004543
4208,K21,DR_20221209_143805,2340.0,0.99257714
4209,K21,DR_20221209_143805,2341.0,0.9924319
4210,K21,DR_20221209_143805,2342.0,0.9511846
4211,K21,DR_20221209_143805,2343.0,0.9297806
4212,K21,DR_20221209_143805,2344.0,0.8616433
4213,K21,DR_20221209_143805,2345.0,0.514886
4214,K21,DR_20221209_143805,2346.0,0.99229354
4215,K21,DR_20221209_143805,2347.0,0.9154676
4216,K21,DR_20221209_143805,2348.0,0.7192205
4217,K22,DR_20221209_143805,2349.0,0.9586855
4218,K22,DR_20221209_143805,2350.0,0.9477349
4219,K22,DR_20221209_143805,2351.0,0.8070893
4220,K22,DR_20221209_143805,2352.0,0.9445074
4221,K22,DR_20221209_143805,2353.0,0.997653
4222,K22,DR_20221209_143805,2354.0,0.99237657
4223,K22,DR_20221209_143805,2355.0,0.99164236
4224,K22,DR_20221209_143805,2356.0,1.002737
4225,K22,DR_20221209_143805,2357.0,0.9997755
4262,L04,DR_20221209_143805,2403.0,0.9942628
4263,L04,DR_20221209_143805,2404.0,0.9873632
4264,L04,DR_20221209_143805,2405.0,0.99996907
4265,L04,DR_20221209_143805,2406.0,1.000283
4266,L04,DR_20221209_143805,2407.0,1.0285684
4267,L04,DR_20221209_143805,2408.0,1.0134604
4268,L04,DR_20221209_143805,2409.0,0.50890696
4269,L04,DR_20221209_143805,2410.0,0.6057933
4270,L04,DR_20221209_143805,2411.0,0.74887896
4271,L05,DR_20221209_143805,2412.0,0.9777105
4272,L05,DR_20221209_143805,2413.0,0.9234606
4273,L05,DR_20221209_143805,2414.0,0.94561976
4274,L05,DR_20221209_143805,2415.0,1.0000803
4275,L05,DR_20221209_143805,2416.0,0.9520067
4276,L05,DR_20221209_143805,2417.0,0.9514392
4277,L05,DR_20221209_143805,2418.0,0.98687017
4278,L05,DR_20221209_143805,2419.0,0.9515892
4279,L05,DR_20221209_143805,2420.0,0.99229354
4280,L06,DR_20221209_143805,2421.0,0.9516208
4281,L06,DR_20221209_143805,2422.0,0.9376611
4282,L06,DR_20221209_143805,2423.0,1.000729
4283,L06,DR_20221209_143805,2424.0,0.95158184
4284,L06,DR_20221209_143805,2425.0,0.83221847
4285,L06,DR_20221209_143805,2426.0,1.0264468
4286,L06,DR_20221209_143805,2427.0,0.97775924
4287,L06,DR_20221209_143805,2428.0,0.9212246
4288,L06,DR_20221209_143805,2429.0,1.0003082
4289,L07,DR_20221209_143805,2430.0,1.0012743
4290,L07,DR_20221209_143805,2431.0,1.0000658
4291,L07,DR_20221209_143805,2432.0,0.89697766
4292,L07,DR_20221209_143805,2433.0,0.9610253
4293,L07,DR_20221209_143805,2434.0,0.95007485
4294,L07,DR_20221209_143805,2435.0,0.987048
4295,L07,DR_20221209_143805,2436.0,0.5140661
4296,L07,DR_20221209_143805,2437.0,0.9764492
4297,L07,DR_20221209_143805,2438.0,0.8341425
4298,L08,DR_20221209_143805,2439.0,1.0008029
4299,L08,DR_20221209_143805,2440.0,1.0008713
4300,L08,DR_20221209_143805,2441.0,1.0010004
4301,L08,DR_20221209_143805,2442.0,0.99974483
4302,L08,DR_20221209_143805,2443.0,0.9517016
4303,L08,DR_20221209_143805,2444.0,0.92052066
4304,L08,DR_20221209_143805,2445.0,0.92102784
4305,L08,DR_20221209_143805,2446.0,0.9872404
4306,L08,DR_20221209_143805,2447.0,1.0001425
4307,L09,DR_20221209_143805,2448.0,0.987902
4308,L09,DR_20221209_143805,2449.0,0.81107396
4309,L09,DR_20221209_143805,2450.0,0.8427544
4310,L09,DR_20221209_143805,2451.0,0.78764033
4311,L09,DR_20221209_143805,2452.0,0.9766298
4312,L09,DR_20221209_143805,2453.0,0.9237401
4313,L09,DR_20221209_143805,2454.0,0.6027763
4314,L09,DR_20221209_143805,2455.0,1.0095588
4315,L09,DR_20221209_143805,2456.0,0.743957
4316,L10,DR_20221209_143805,2457.0,0.7710061
4317,L10,DR_20221209_143805,2458.0,0.821896
4318,L10,DR_20221209_143805,2459.0,0.79563135
4319,L10,DR_20221209_143805,2460.0,0.9770598
4320,L10,DR_20221209_143805,2461.0,0.942651
4321,L10,DR_20221209_143805,2462.0,1.0582455
4322,L10,DR_20221209_143805,2463.0,0.9306615
4323,L10,DR_20221209_143805,2464.0,0.95048267
4324,L10,DR_20221209_143805,2465.0,0.7921746
4325,L11,DR_20221209_143805,2466.0,0.9922522
4326,L11,DR_20221209_143805,2467.0,0.95311874
4327,L11,DR_20221209_143805,2468.0,0.90838546
4328,L11,DR_20221209_143805,2469.0,1.0007563
4329,L11,DR_20221209_143805,2470.0,0.993442
4330,L11,DR_20221209_143805,2471.0,0.98707855
4331,L11,DR_20221209_143805,2472.0,0.92258555
4332,L11,DR_20221209_143805,2473.0,0.7129325
4333,L11,DR_20221209_143805,2474.0,0.9987949
4334,L12,DR_20221209_143805,2475.0,1.0155005
4335,L12,DR_20221209_143805,2476.0,0.9015112
4336,L12,DR_20221209_143805,2477.0,0.8605943
4337,L12,DR_20221209_143805,2478.0,0.96282154
4338,L12,DR_20221209_143805,2479.0,0.9235279
4339,L12,DR_20221209_143805,2480.0,1.010004
4340,L12,DR_20221209_143805,2481.0,0.8463757
4341,L12,DR_20221209_143805,2482.0,1.0078076
4342,L12,DR_20221209_143805,2483.0,0.9551007
4343,L13,DR_20221209_143805,2484.0,1.0011525
4344,L13,DR_20221209_143805,2485.0,0.94702077
4345,L13,DR_20221209_143805,2486.0,0.9544017
4346,L13,DR_20221209_143805,2487.0,0.9639214
4347,L13,DR_20221209_143805,2488.0,0.99978286
4348,L13,DR_20221209_143805,2489.0,0.99466664
4349,L13,DR_20221209_143805,2490.0,0.8468534
4350,L13,DR_20221209_143805,2491.0,1.0009822
4351,L13,DR_20221209_143805,2492.0,0.9998326
4352,L18,DR_20221209_143805,2529.0,0.90270483
4353,L18,DR_20221209_143805,2530.0,0.90527886
4354,L18,DR_20221209_143805,2531.0,0.8713731
4355,L18,DR_20221209_143805,2532.0,0.95387787
4356,L18,DR_20221209_143805,2533.0,0.41480324
4357,L18,DR_20221209_143805,2534.0,1.0008098
4358,L18,DR_20221209_143805,2535.0,0.9280698
4359,L18,DR_20221209_143805,2536.0,0.91087484
4360,L18,DR_20221209_143805,2537.0,0.99755424
4361,L19,DR_20221209_143805,2538.0,0.73735917
4362,L19,DR_20221209_143805,2539.0,0.99084175
4363,L19,DR_20221209_143805,2540.0,0.5244706
4364,L19,DR_20221209_143805,2541.0,0.9913944
4365,L19,DR_20221209_143805,2542.0,0.9998685
4366,L19,DR_20221209_143805,2543.0,0.9862607
4367,L19,DR_20221209_143805,2544.0,0.9228621
4368,L19,DR_20221209_143805,2545.0,0.9313212
4369,L19,DR_20221209_143805,2546.0,0.9926855
4370,L22,DR_20221209_143805,2565.0,0.9626942
4371,L22,DR_20221209_143805,2566.0,0.998788
4372,L22,DR_20221209_143805,2567.0,0.9375149
4373,L22,DR_20221209_143805,2568.0,1.000291
4374,L22,DR_20221209_143805,2569.0,1.000005
4375,L22,DR_20221209_143805,2570.0,0.99082935
4376,L22,DR_20221209_143805,2571.0,0.81819504
4377,L22,DR_20221209_143805,2572.0,0.87970906
4378,L22,DR_20221209_143805,2573.0,1.0005417
4415,M03,DR_20221209_143805,2610.0,3.3610053e-05
4416,M03,DR_20221209_143805,2611.0,-0.0012452814
4417,M03,DR_20221209_143805,2612.0,0.013445118
4418,M03,DR_20221209_143805,2613.0,0.007614926
4419,M03,DR_20221209_143805,2614.0,-0.00016370461
4420,M03,DR_20221209_143805,2615.0,0.0813135
4421,M03,DR_20221209_143805,2616.0,0.123348914
4422,M03,DR_20221209_143805,2617.0,-0.006296702
4423,M03,DR_20221209_143805,2618.0,-0.005004352
4424,M04,DR_20221209_143805,2619.0,-0.00031607403
4425,M04,DR_20221209_143805,2620.0,-0.00041266586
4426,M04,DR_20221209_143805,2621.0,-0.00031853956
4427,M04,DR_20221209_143805,2622.0,-0.005074753
4428,M04,DR_20221209_143805,2623.0,-0.00052652037
4429,M04,DR_20221209_143805,2624.0,-0.0014192634
4430,M04,DR_20221209_143805,2625.0,0.004340617
4431,M04,DR_20221209_143805,2626.0,0.004593477
4432,M04,DR_20221209_143805,2627.0,0.11612965
4433,M05,DR_20221209_143805,2628.0,0.21075322
4434,M05,DR_20221209_143805,2629.0,0.21695709
4435,M05,DR_20221209_143805,2630.0,0.061818138
4436,M05,DR_20221209_143805,2631.0,0.289106
4437,M05,DR_20221209_143805,2632.0,0.05792821
4438,M05,DR_20221209_143805,2633.0,0.009663441
4439,M05,DR_20221209_143805,2634.0,0.2487458
4440,M05,DR_20221209_143805,2635.0,0.1270384
4441,M05,DR_20221209_143805,2636.0,0.76988596
4442,M06,DR_20221209_143805,2637.0,0.49736622
4443,M06,DR_20221209_143805,2638.0,-0.00015734046
4444,M06,DR_20221209_143805,2639.0,0.0043291254
4445,M06,DR_20221209_143805,2640.0,0.013764884
4446,M06,DR_20221209_143805,2641.0,-0.0005028891
4447,M06,DR_20221209_143805,2642.0,0.12921256
4448,M06,DR_20221209_143805,2643.0,1.0298294
4449,M06,DR_20221209_143805,2644.0,0.07005329
4450,M06,DR_20221209_143805,2645.0,0.8564305
4451,M07,DR_20221209_143805,2646.0,0.9827666
4452,M07,DR_20221209_143805,2647.0,0.51765937
4453,M07,DR_20221209_143805,2648.0,0.66505456
4454,M07,DR_20221209_143805,2649.0,0.6804916
4455,M07,DR_20221209_143805,2650.0,0.3354848
4456,M07,DR_20221209_143805,2651.0,0.3270805
4457,M07,DR_20221209_143805,2652.0,0.30778846
4458,M07,DR_20221209_143805,2653.0,0.15573958
4459,M07,DR_20221209_143805,2654.0,0.47817844
4460,M08,DR_20221209_143805,2655.0,0.5232381
4461,M08,DR_20221209_143805,2656.0,0.88732177
4462,M08,DR_20221209_143805,2657.0,0.9665358
4463,M08,DR_20221209_143805,2658.0,0.99870104
4464,M08,DR_20221209_143805,2659.0,0.9444725
4465,M08,DR_20221209_143805,2660.0,0.82986844
4466,M08,DR_20221209_143805,2661.0,0.771679
4467,M08,DR_20221209_143805,2662.0,0.89478165
4468,M08,DR_20221209_143805,2663.0,0.8021304
4469,M09,DR_20221209_143805,2664.0,0.9254101
4470,M09,DR_20221209_143805,2665.0,0.8313463
4471,M09,DR_20221209_143805,2666.0,0.8694102
4472,M09,DR_20221209_143805,2667.0,1.0003346
4473,M09,DR_20221209_143805,2668.0,0.9224445
4474,M09,DR_20221209_143805,2669.0,0.9489991
4475,M09,DR_20221209_143805,2670.0,0.8350472
4476,M09,DR_20221209_143805,2671.0,0.986705
4477,M09,DR_20221209_143805,2672.0,0.93545353
4478,M10,DR_20221209_143805,2673.0,1.0006906
4479,M10,DR_20221209_143805,2674.0,0.9907198
4480,M10,DR_20221209_143805,2675.0,0.96123034
4481,M10,DR_20221209_143805,2676.0,0.99210304
4482,M10,DR_20221209_143805,2677.0,0.4132406
4483,M10,DR_20221209_143805,2678.0,0.987807
4484,M10,DR_20221209_143805,2679.0,0.8969467
4485,M10,DR_20221209_143805,2680.0,1.0002239
4486,M10,DR_20221209_143805,2681.0,0.78251684
4487,M11,DR_20221209_143805,2682.0,0.8752266
4488,M11,DR_20221209_143805,2683.0,0.8180375
4489,M11,DR_20221209_143805,2684.0,0.9080506
4490,M11,DR_20221209_143805,2685.0,0.9512481
4491,M11,DR_20221209_143805,2686.0,0.9404472
4492,M11,DR_20221209_143805,2687.0,0.7448738
4493,M11,DR_20221209_143805,2688.0,0.9433506
4494,M11,DR_20221209_143805,2689.0,0.99426496
4495,M11,DR_20221209_143805,2690.0,0.90922415
4496,M12,DR_20221209_143805,2691.0,0.92304343
4497,M12,DR_20221209_143805,2692.0,0.9513496
4498,M12,DR_20221209_143805,2693.0,0.7875714
4499,M12,DR_20221209_143805,2694.0,0.92290926
4500,M12,DR_20221209_143805,2695.0,0.9517872
4501,M12,DR_20221209_143805,2696.0,0.92358273
4502,M12,DR_20221209_143805,2697.0,0.924618
4503,M12,DR_20221209_143805,2698.0,0.9920412
4504,M12,DR_20221209_143805,2699.0,1.0007079
4514,N03,DR_20221209_143805,2718.0,0.0042869113
4515,N03,DR_20221209_143805,2719.0,0.0030850281
4516,N03,DR_20221209_143805,2720.0,0.04982888
4517,N03,DR_20221209_143805,2721.0,-0.0066327783
4518,N03,DR_20221209_143805,2722.0,-0.0002397224
4519,N03,DR_20221209_143805,2723.0,-0.0040829894
4520,N03,DR_20221209_143805,2724.0,0.11787325
4521,N03,DR_20221209_143805,2725.0,0.1168913
4522,N03,DR_20221209_143805,2726.0,0.6719627
4523,N04,DR_20221209_143805,2727.0,0.0036462098
4524,N04,DR_20221209_143805,2728.0,0.0020626248
4525,N04,DR_20221209_143805,2729.0,0.0019047328
4526,N04,DR_20221209_143805,2730.0,0.5362753
4527,N04,DR_20221209_143805,2731.0,-0.0012111461
4528,N04,DR_20221209_143805,2732.0,-0.00013313859
4529,N04,DR_20221209_143805,2733.0,0.16163205
4530,N04,DR_20221209_143805,2734.0,0.04229741
4531,N04,DR_20221209_143805,2735.0,0.052084096
4532,N05,DR_20221209_143805,2736.0,0.1706611
4533,N05,DR_20221209_143805,2737.0,0.008988087
4534,N05,DR_20221209_143805,2738.0,0.72314054
4535,N05,DR_20221209_143805,2739.0,0.000387862
4536,N05,DR_20221209_143805,2740.0,0.008495212
4537,N05,DR_20221209_143805,2741.0,0.0003307222
4538,N05,DR_20221209_143805,2742.0,-0.015537997
4539,N05,DR_20221209_143805,2743.0,-0.0066363937
4540,N05,DR_20221209_143805,2744.0,0.012926758
4541,N06,DR_20221209_143805,2745.0,0.0019266373
4542,N06,DR_20221209_143805,2746.0,0.099224135
4543,N06,DR_20221209_143805,2747.0,0.0011327924
4544,N06,DR_20221209_143805,2748.0,0.17860554
4545,N06,DR_20221209_143805,2749.0,0.11574564
4546,N06,DR_20221209_143805,2750.0,0.0050505046
4547,N06,DR_20221209_143805,2751.0,0.4991728
4548,N06,DR_20221209_143805,2752.0,0.2363835
4549,N06,DR_20221209_143805,2753.0,0.79918313
4550,N07,DR_20221209_143805,2754.0,0.6192039
4551,N07,DR_20221209_143805,2755.0,0.7755213
4552,N07,DR_20221209_143805,2756.0,0.88565034
4553,N07,DR_20221209_143805,2757.0,0.802033
4554,N07,DR_20221209_143805,2758.0,0.32928532
4555,N07,DR_20221209_143805,2759.0,0.59047055
4556,N07,DR_20221209_143805,2760.0,0.49977535
4557,N07,DR_20221209_143805,2761.0,0.3619762
4558,N07,DR_20221209_143805,2762.0,0.79256
4559,N08,DR_20221209_143805,2763.0,0.7225966
4560,N08,DR_20221209_143805,2764.0,0.7780775
4561,N08,DR_20221209_143805,2765.0,0.70255876
4562,N08,DR_20221209_143805,2766.0,0.9123285
4563,N08,DR_20221209_143805,2767.0,1.0008591
4564,N08,DR_20221209_143805,2768.0,0.6150433
4565,N08,DR_20221209_143805,2769.0,0.97449875
4566,N08,DR_20221209_143805,2770.0,0.73739916
4567,N08,DR_20221209_143805,2771.0,0.9928501
4568,N09,DR_20221209_143805,2772.0,1.016335
4569,N09,DR_20221209_143805,2773.0,0.9977858
4570,N09,DR_20221209_143805,2774.0,0.96424943
4571,N09,DR_20221209_143805,2775.0,0.8556898
4572,N09,DR_20221209_143805,2776.0,1.0061162
4573,N09,DR_20221209_143805,2777.0,1.0038366
4574,N09,DR_20221209_143805,2778.0,1.0147507
4575,N09,DR_20221209_143805,2779.0,1.0059516
4576,N09,DR_20221209_143805,2780.0,0.91773146
4577,N10,DR_20221209_143805,2781.0,0.99175304
4578,N10,DR_20221209_143805,2782.0,0.86161095
4579,N10,DR_20221209_143805,2783.0,0.8958773
4580,N10,DR_20221209_143805,2784.0,1.0002538
4581,N10,DR_20221209_143805,2785.0,1.0009546
4582,N10,DR_20221209_143805,2786.0,1.0007201
4583,N10,DR_20221209_143805,2787.0,0.8234344
4584,N10,DR_20221209_143805,2788.0,0.99102765
4585,N10,DR_20221209_143805,2789.0,0.99058676
4586,N11,DR_20221209_143805,2790.0,0.9123395
4587,N11,DR_20221209_143805,2791.0,0.84485114
4588,N11,DR_20221209_143805,2792.0,0.8259226
4589,N11,DR_20221209_143805,2793.0,0.9730316
4590,N11,DR_20221209_143805,2794.0,0.9420506
4591,N11,DR_20221209_143805,2795.0,0.9564682
4592,N11,DR_20221209_143805,2796.0,0.9996375
4593,N11,DR_20221209_143805,2797.0,0.9931869
4594,N11,DR_20221209_143805,2798.0,0.99958414
4595,N12,DR_20221209_143805,2799.0,0.99415165
4596,N12,DR_20221209_143805,2800.0,0.98722935
4597,N12,DR_20221209_143805,2801.0,0.9920549
4598,N12,DR_20221209_143805,2802.0,0.99856335
4599,N12,DR_20221209_143805,2803.0,0.95200175
4600,N12,DR_20221209_143805,2804.0,0.99237335
4601,N12,DR_20221209_143805,2805.0,1.0002984
4602,N12,DR_20221209_143805,2806.0,0.999338
4603,N12,DR_20221209_143805,2807.0,0.8339973
4622,O04,DR_20221209_143805,2835.0,0.019075261
4623,O04,DR_20221209_143805,2836.0,0.039671697
4624,O04,DR_20221209_143805,2837.0,-0.0062112813
4625,O04,DR_20221209_143805,2838.0,0.2001286
4626,O04,DR_20221209_143805,2839.0,0.11457949
4627,O04,DR_20221209_143805,2840.0,0.115681335
4628,O04,DR_20221209_143805,2841.0,0.6110749
4629,O04,DR_20221209_143805,2842.0,0.115924194
4630,O04,DR_20221209_143805,2843.0,0.032995723
4631,O05,DR_20221209_143805,2844.0,0.698171
4632,O05,DR_20221209_143805,2845.0,0.010839577
4633,O05,DR_20221209_143805,2846.0,-0.0040549343
4634,O05,DR_20221209_143805,2847.0,0.04416576
4635,O05,DR_20221209_143805,2848.0,0.013117438
4636,O05,DR_20221209_143805,2849.0,0.0047514006
4637,O05,DR_20221209_143805,2850.0,0.00719285
4638,O05,DR_20221209_143805,2851.0,0.4255182
4639,O05,DR_20221209_143805,2852.0,0.0012047759
4640,O06,DR_20221209_143805,2853.0,0.01616482
4641,O06,DR_20221209_143805,2854.0,-0.0006113189
4642,O06,DR_20221209_143805,2855.0,0.055708323
4643,O06,DR_20221209_143805,2856.0,0.046365052
4644,O06,DR_20221209_143805,2857.0,0.008385374
4645,O06,DR_20221209_143805,2858.0,0.008964307
4646,O06,DR_20221209_143805,2859.0,0.4238433
4647,O06,DR_20221209_143805,2860.0,0.5102243
4648,O06,DR_20221209_143805,2861.0,-0.009560729
4649,O07,DR_20221209_143805,2862.0,0.27651194
4650,O07,DR_20221209_143805,2863.0,0.2598323
4651,O07,DR_20221209_143805,2864.0,0.18678996
4652,O07,DR_20221209_143805,2865.0,0.7428584
4653,O07,DR_20221209_143805,2866.0,0.08369505
4654,O07,DR_20221209_143805,2867.0,0.25718758
4655,O07,DR_20221209_143805,2868.0,0.21778677
4656,O07,DR_20221209_143805,2869.0,0.6481159
4657,O07,DR_20221209_143805,2870.0,0.8659762
4658,O08,DR_20221209_143805,2871.0,0.82310957
4659,O08,DR_20221209_143805,2872.0,0.842245
4660,O08,DR_20221209_143805,2873.0,0.9537927
4661,O08,DR_20221209_143805,2874.0,0.9086183
4662,O08,DR_20221209_143805,2875.0,0.8575692
4663,O08,DR_20221209_143805,2876.0,0.91314024
4664,O08,DR_20221209_143805,2877.0,0.7459038
4665,O08,DR_20221209_143805,2878.0,0.9481434
4666,O08,DR_20221209_143805,2879.0,0.98124707
4667,O09,DR_20221209_143805,2880.0,0.94969505
4668,O09,DR_20221209_143805,2881.0,0.87841094
4669,O09,DR_20221209_143805,2882.0,0.82856727
4670,O09,DR_20221209_143805,2883.0,0.95390224
4671,O09,DR_20221209_143805,2884.0,0.9980086
4672,O09,DR_20221209_143805,2885.0,0.88463295
4673,O09,DR_20221209_143805,2886.0,1.0097142
4674,O09,DR_20221209_143805,2887.0,0.9921317
4675,O09,DR_20221209_143805,2888.0,0.9604058
4676,O12,DR_20221209_143805,2907.0,0.99379945
4677,O12,DR_20221209_143805,2908.0,0.9525585
4678,O12,DR_20221209_143805,2909.0,0.9909971
4679,O12,DR_20221209_143805,2910.0,1.0026603
4680,O12,DR_20221209_143805,2911.0,1.0011673
4681,O12,DR_20221209_143805,2912.0,1.0014154
4682,O12,DR_20221209_143805,2913.0,0.99428886
4683,O12,DR_20221209_143805,2914.0,0.96894085
4684,O12,DR_20221209_143805,2915.0,0.9995314
