,Image_Metadata_WellID,Image_Metadata_PlateID,ImageNumber,score
1941,A03,DR_20221209_143805,19.0,0.29631418
1942,A03,DR_20221209_143805,20.0,0.2494604
1943,A03,DR_20221209_143805,21.0,0.70381296
1944,A03,DR_20221209_143805,22.0,0.9994716
1945,A03,DR_20221209_143805,23.0,1.0055532
1946,A03,DR_20221209_143805,24.0,0.998084
1947,A03,DR_20221209_143805,25.0,1.0006375
1948,A03,DR_20221209_143805,26.0,1.0014962
1949,A03,DR_20221209_143805,27.0,1.0012066
1950,A04,DR_20221209_143805,28.0,1.0045124
1951,A04,DR_20221209_143805,29.0,1.0099057
1952,A04,DR_20221209_143805,30.0,1.0061773
1953,A04,DR_20221209_143805,31.0,1.0001849
1954,A04,DR_20221209_143805,32.0,1.0018965
1955,A04,DR_20221209_143805,33.0,1.0010328
1956,A04,DR_20221209_143805,34.0,1.0000583
1957,A04,DR_20221209_143805,35.0,1.0018919
1958,A04,DR_20221209_143805,36.0,1.0018569
1959,A05,DR_20221209_143805,37.0,0.9999428
1960,A05,DR_20221209_143805,38.0,1.0001541
1961,A05,DR_20221209_143805,39.0,1.0054806
1962,A05,DR_20221209_143805,40.0,0.9998538
1963,A05,DR_20221209_143805,41.0,1.0002042
1964,A05,DR_20221209_143805,42.0,0.99990463
1965,A05,DR_20221209_143805,43.0,1.002229
1966,A05,DR_20221209_143805,44.0,1.0020119
1967,A05,DR_20221209_143805,45.0,1.0002447
1968,A06,DR_20221209_143805,46.0,1.0001442
1969,A06,DR_20221209_143805,47.0,0.99996036
1970,A06,DR_20221209_143805,48.0,0.9999368
1971,A06,DR_20221209_143805,49.0,0.9998538
1972,A06,DR_20221209_143805,50.0,0.9999363
1973,A06,DR_20221209_143805,51.0,0.9999203
1974,A06,DR_20221209_143805,52.0,1.0001659
1975,A06,DR_20221209_143805,53.0,0.9995655
1976,A06,DR_20221209_143805,54.0,0.99996847
1977,A07,DR_20221209_143805,55.0,1.0002673
1978,A07,DR_20221209_143805,56.0,1.0001559
1979,A07,DR_20221209_143805,57.0,1.0002034
1980,A07,DR_20221209_143805,58.0,1.0001854
1981,A07,DR_20221209_143805,59.0,0.99961627
1982,A07,DR_20221209_143805,60.0,0.9998788
1983,A07,DR_20221209_143805,61.0,1.0001949
1984,A07,DR_20221209_143805,62.0,1.0002034
1985,A07,DR_20221209_143805,63.0,1.0001856
1986,A08,DR_20221209_143805,64.0,1.0000607
1987,A08,DR_20221209_143805,65.0,1.0000495
1988,A08,DR_20221209_143805,66.0,1.0039198
1989,A08,DR_20221209_143805,67.0,1.0000373
1990,A08,DR_20221209_143805,68.0,1.0000002
1991,A08,DR_20221209_143805,69.0,1.0002165
1992,A08,DR_20221209_143805,70.0,1.0000074
1993,A08,DR_20221209_143805,71.0,0.99939877
1994,A08,DR_20221209_143805,72.0,0.9999154
1995,A09,DR_20221209_143805,73.0,1.000204
1996,A09,DR_20221209_143805,74.0,0.9999013
1997,A09,DR_20221209_143805,75.0,1.0002017
1998,A09,DR_20221209_143805,76.0,1.0001047
1999,A09,DR_20221209_143805,77.0,1.0015185
2000,A09,DR_20221209_143805,78.0,1.0000015
2001,A09,DR_20221209_143805,79.0,1.0001252
2002,A09,DR_20221209_143805,80.0,1.0022047
2003,A09,DR_20221209_143805,81.0,0.9999098
2004,A10,DR_20221209_143805,82.0,0.9999076
2005,A10,DR_20221209_143805,83.0,1.0015037
2006,A10,DR_20221209_143805,84.0,1.0033529
2007,A10,DR_20221209_143805,85.0,0.99999577
2008,A10,DR_20221209_143805,86.0,1.0027272
2009,A10,DR_20221209_143805,87.0,1.00011
2010,A10,DR_20221209_143805,88.0,0.9998981
2011,A10,DR_20221209_143805,89.0,1.0012518
2012,A10,DR_20221209_143805,90.0,0.99990183
2013,A11,DR_20221209_143805,91.0,1.0014505
2014,A11,DR_20221209_143805,92.0,1.0001392
2015,A11,DR_20221209_143805,93.0,0.99979407
2016,A11,DR_20221209_143805,94.0,1.0001854
2017,A11,DR_20221209_143805,95.0,1.0002475
2018,A11,DR_20221209_143805,96.0,1.0001572
2019,A11,DR_20221209_143805,97.0,1.0000074
2020,A11,DR_20221209_143805,98.0,1.0014892
2021,A11,DR_20221209_143805,99.0,0.99645007
2022,A12,DR_20221209_143805,100.0,0.9998834
2023,A12,DR_20221209_143805,101.0,1.0001163
2024,A12,DR_20221209_143805,102.0,1.0007617
2025,A12,DR_20221209_143805,103.0,1.0027584
2026,A12,DR_20221209_143805,104.0,1.0001398
2027,A12,DR_20221209_143805,105.0,0.9999203
2028,A12,DR_20221209_143805,106.0,1.0003928
2029,A12,DR_20221209_143805,107.0,1.0030429
2030,A12,DR_20221209_143805,108.0,1.0002017
2031,A13,DR_20221209_143805,109.0,1.0001856
2032,A13,DR_20221209_143805,110.0,1.0000116
2033,A13,DR_20221209_143805,111.0,1.0002034
2034,A13,DR_20221209_143805,112.0,1.000188
2035,A13,DR_20221209_143805,113.0,1.0001533
2036,A13,DR_20221209_143805,114.0,1.0000186
2037,A13,DR_20221209_143805,115.0,1.0001864
2038,A13,DR_20221209_143805,116.0,1.0002383
2039,A13,DR_20221209_143805,117.0,1.0002205
2040,A14,DR_20221209_143805,118.0,1.0001761
2041,A14,DR_20221209_143805,119.0,1.0013118
2042,A14,DR_20221209_143805,120.0,1.0002205
2043,A14,DR_20221209_143805,121.0,1.000142
2044,A14,DR_20221209_143805,122.0,1.0000354
2045,A14,DR_20221209_143805,123.0,1.0002165
2046,A14,DR_20221209_143805,124.0,0.99997973
2047,A14,DR_20221209_143805,125.0,1.0007042
2048,A14,DR_20221209_143805,126.0,1.0001676
2049,A15,DR_20221209_143805,127.0,0.9997872
2050,A15,DR_20221209_143805,128.0,1.0001111
2051,A15,DR_20221209_143805,129.0,1.0002464
2052,A15,DR_20221209_143805,130.0,1.0001141
2053,A15,DR_20221209_143805,131.0,1.0002794
2054,A15,DR_20221209_143805,132.0,0.99996525
2055,A15,DR_20221209_143805,133.0,0.99876237
2056,A15,DR_20221209_143805,134.0,1.0000783
2057,A15,DR_20221209_143805,135.0,1.0001192
2058,A16,DR_20221209_143805,136.0,0.9998493
2059,A16,DR_20221209_143805,137.0,1.000252
2060,A16,DR_20221209_143805,138.0,1.0007739
2061,A16,DR_20221209_143805,139.0,0.99708915
2062,A16,DR_20221209_143805,140.0,0.99996525
2063,A16,DR_20221209_143805,141.0,1.0001676
2064,A16,DR_20221209_143805,142.0,1.001741
2065,A16,DR_20221209_143805,143.0,1.0020831
2066,A16,DR_20221209_143805,144.0,1.0000015
2067,A17,DR_20221209_143805,145.0,1.0001535
2068,A17,DR_20221209_143805,146.0,1.0001676
2069,A17,DR_20221209_143805,147.0,0.9999984
2070,A17,DR_20221209_143805,148.0,1.0001411
2071,A17,DR_20221209_143805,149.0,0.9999255
2072,A17,DR_20221209_143805,150.0,0.9999203
2073,A17,DR_20221209_143805,151.0,1.0000371
2074,A17,DR_20221209_143805,152.0,1.0002038
2075,A17,DR_20221209_143805,153.0,0.99982023
2076,A18,DR_20221209_143805,154.0,1.0001352
2077,A18,DR_20221209_143805,155.0,0.99976856
2078,A18,DR_20221209_143805,156.0,1.0021633
2079,A18,DR_20221209_143805,157.0,1.0000424
2080,A18,DR_20221209_143805,158.0,1.0000812
2081,A18,DR_20221209_143805,159.0,1.0001231
2082,A18,DR_20221209_143805,160.0,1.0000474
2083,A18,DR_20221209_143805,161.0,0.9998946
2084,A18,DR_20221209_143805,162.0,1.0001045
2085,A19,DR_20221209_143805,163.0,1.0000492
2086,A19,DR_20221209_143805,164.0,1.0013764
2087,A19,DR_20221209_143805,165.0,0.9999912
2088,A19,DR_20221209_143805,166.0,0.999888
2089,A19,DR_20221209_143805,167.0,1.0020691
2090,A19,DR_20221209_143805,168.0,0.9999734
2091,A19,DR_20221209_143805,169.0,1.0000927
2092,A19,DR_20221209_143805,170.0,1.0002241
2093,A19,DR_20221209_143805,171.0,1.0014695
2094,A20,DR_20221209_143805,172.0,0.9999021
2095,A20,DR_20221209_143805,173.0,1.0000315
2096,A20,DR_20221209_143805,174.0,1.0000387
2097,A20,DR_20221209_143805,175.0,1.0001761
2098,A20,DR_20221209_143805,176.0,0.9999605
2099,A20,DR_20221209_143805,177.0,1.0001184
2100,A20,DR_20221209_143805,178.0,0.99992824
2101,A20,DR_20221209_143805,179.0,0.99989355
2102,A20,DR_20221209_143805,180.0,0.99971664
2103,A21,DR_20221209_143805,181.0,1.0002017
2104,A21,DR_20221209_143805,182.0,1.0000547
2105,A21,DR_20221209_143805,183.0,1.0001847
2106,A21,DR_20221209_143805,184.0,1.0000628
2107,A21,DR_20221209_143805,185.0,1.0014435
2108,A21,DR_20221209_143805,186.0,1.00019
2109,A21,DR_20221209_143805,187.0,1.000269
2110,A21,DR_20221209_143805,188.0,0.99999154
2111,A21,DR_20221209_143805,189.0,0.9998895
2112,A22,DR_20221209_143805,190.0,0.9999771
2113,A22,DR_20221209_143805,191.0,1.0003681
2114,A22,DR_20221209_143805,192.0,1.0000639
2115,A22,DR_20221209_143805,193.0,0.99980444
2116,A22,DR_20221209_143805,194.0,0.9999658
2117,A22,DR_20221209_143805,195.0,0.999935
2118,A22,DR_20221209_143805,196.0,1.0086538
2119,A22,DR_20221209_143805,197.0,0.99996525
2120,A22,DR_20221209_143805,198.0,0.99995446
2157,B03,DR_20221209_143805,235.0,1.0012417
2158,B03,DR_20221209_143805,236.0,1.0010886
2159,B03,DR_20221209_143805,237.0,1.0029621
2160,B03,DR_20221209_143805,238.0,0.9988905
2161,B03,DR_20221209_143805,239.0,1.0001202
2162,B03,DR_20221209_143805,240.0,1.0001218
2163,B03,DR_20221209_143805,241.0,0.99197674
2164,B03,DR_20221209_143805,242.0,1.0373542
2165,B03,DR_20221209_143805,243.0,1.0000478
2166,B04,DR_20221209_143805,244.0,1.0061641
2167,B04,DR_20221209_143805,245.0,0.9983038
2168,B04,DR_20221209_143805,246.0,1.0140102
2169,B04,DR_20221209_143805,247.0,0.9975123
2170,B04,DR_20221209_143805,248.0,1.0005933
2171,B04,DR_20221209_143805,249.0,0.014810663
2172,B04,DR_20221209_143805,250.0,0.29753736
2173,B04,DR_20221209_143805,251.0,1.0124369
2174,B04,DR_20221209_143805,252.0,0.9975287
2175,B05,DR_20221209_143805,253.0,1.0001551
2176,B05,DR_20221209_143805,254.0,0.9999595
2177,B05,DR_20221209_143805,255.0,1.0069656
2178,B05,DR_20221209_143805,256.0,1.0000199
2179,B05,DR_20221209_143805,257.0,0.999863
2180,B05,DR_20221209_143805,258.0,0.9999856
2181,B05,DR_20221209_143805,259.0,0.99996996
2182,B05,DR_20221209_143805,260.0,0.99973065
2183,B05,DR_20221209_143805,261.0,0.99996996
2184,B06,DR_20221209_143805,262.0,0.9999661
2185,B06,DR_20221209_143805,263.0,0.9999605
2186,B06,DR_20221209_143805,264.0,0.9998538
2187,B06,DR_20221209_143805,265.0,1.0000509
2188,B06,DR_20221209_143805,266.0,0.9999341
2189,B06,DR_20221209_143805,267.0,1.0001723
2190,B06,DR_20221209_143805,268.0,0.9999207
2191,B06,DR_20221209_143805,269.0,0.99996907
2192,B06,DR_20221209_143805,270.0,0.9999341
2193,B07,DR_20221209_143805,271.0,0.9999363
2194,B07,DR_20221209_143805,272.0,1.0000112
2195,B07,DR_20221209_143805,273.0,0.9999341
2196,B07,DR_20221209_143805,274.0,1.0000509
2197,B07,DR_20221209_143805,275.0,0.999874
2198,B07,DR_20221209_143805,276.0,0.99996525
2199,B07,DR_20221209_143805,277.0,0.9997872
2200,B07,DR_20221209_143805,278.0,0.9999341
2201,B07,DR_20221209_143805,279.0,1.0002034
2202,B08,DR_20221209_143805,280.0,0.9999243
2203,B08,DR_20221209_143805,281.0,0.99992377
2204,B08,DR_20221209_143805,282.0,0.99988925
2205,B08,DR_20221209_143805,283.0,1.0001888
2206,B08,DR_20221209_143805,284.0,1.0012207
2207,B08,DR_20221209_143805,285.0,0.9999022
2208,B08,DR_20221209_143805,286.0,1.0001231
2209,B08,DR_20221209_143805,287.0,0.99993825
2210,B08,DR_20221209_143805,288.0,1.0002383
2211,B09,DR_20221209_143805,289.0,0.99993247
2212,B09,DR_20221209_143805,290.0,0.9999666
2213,B09,DR_20221209_143805,291.0,1.0000495
2214,B09,DR_20221209_143805,292.0,1.0000983
2215,B09,DR_20221209_143805,293.0,1.0030718
2216,B09,DR_20221209_143805,294.0,0.9999661
2217,B09,DR_20221209_143805,295.0,1.0016165
2218,B09,DR_20221209_143805,296.0,1.0016766
2219,B09,DR_20221209_143805,297.0,1.0000547
2220,B10,DR_20221209_143805,298.0,0.99996525
2221,B10,DR_20221209_143805,299.0,1.0011926
2222,B10,DR_20221209_143805,300.0,1.001469
2223,B10,DR_20221209_143805,301.0,1.0015185
2224,B10,DR_20221209_143805,302.0,1.0015072
2225,B10,DR_20221209_143805,303.0,1.0013974
2226,B10,DR_20221209_143805,304.0,1.0002034
2227,B10,DR_20221209_143805,305.0,0.9950239
2228,B10,DR_20221209_143805,306.0,0.99998415
2229,B11,DR_20221209_143805,307.0,1.0012587
2230,B11,DR_20221209_143805,308.0,0.99993205
2231,B11,DR_20221209_143805,309.0,1.0005482
2232,B11,DR_20221209_143805,310.0,1.0011747
2233,B11,DR_20221209_143805,311.0,1.0001919
2234,B11,DR_20221209_143805,312.0,1.0002048
2235,B11,DR_20221209_143805,313.0,1.0121403
2236,B11,DR_20221209_143805,314.0,1.0011811
2237,B11,DR_20221209_143805,315.0,1.0001856
2238,B12,DR_20221209_143805,316.0,1.0011458
2239,B12,DR_20221209_143805,317.0,1.0000066
2240,B12,DR_20221209_143805,318.0,1.0002968
2241,B12,DR_20221209_143805,319.0,1.0001676
2242,B12,DR_20221209_143805,320.0,0.99993247
2243,B12,DR_20221209_143805,321.0,1.0002182
2244,B12,DR_20221209_143805,322.0,1.0021557
2245,B12,DR_20221209_143805,323.0,1.000057
2246,B12,DR_20221209_143805,324.0,1.0001559
2247,B13,DR_20221209_143805,325.0,1.0002345
2248,B13,DR_20221209_143805,326.0,1.0002052
2249,B13,DR_20221209_143805,327.0,1.0001917
2250,B13,DR_20221209_143805,328.0,1.0000373
2251,B13,DR_20221209_143805,329.0,1.0002775
2252,B13,DR_20221209_143805,330.0,1.0000373
2253,B13,DR_20221209_143805,331.0,1.0002205
2254,B13,DR_20221209_143805,332.0,0.99992824
2255,B13,DR_20221209_143805,333.0,1.0002034
2256,B14,DR_20221209_143805,334.0,1.0002298
2257,B14,DR_20221209_143805,335.0,0.9970219
2258,B14,DR_20221209_143805,336.0,1.0002017
2259,B14,DR_20221209_143805,337.0,1.0000632
2260,B14,DR_20221209_143805,338.0,0.991243
2261,B14,DR_20221209_143805,339.0,1.0034031
2262,B14,DR_20221209_143805,340.0,1.000464
2263,B14,DR_20221209_143805,341.0,1.001415
2264,B14,DR_20221209_143805,342.0,0.99987805
2265,B15,DR_20221209_143805,343.0,1.000131
2266,B15,DR_20221209_143805,344.0,0.99990404
2267,B15,DR_20221209_143805,345.0,1.0000161
2268,B15,DR_20221209_143805,346.0,0.9998188
2269,B15,DR_20221209_143805,347.0,1.0002407
2270,B15,DR_20221209_143805,348.0,0.99993247
2271,B15,DR_20221209_143805,349.0,0.9999093
2272,B15,DR_20221209_143805,350.0,1.0001739
2273,B15,DR_20221209_143805,351.0,0.99995255
2274,B16,DR_20221209_143805,352.0,0.9999139
2275,B16,DR_20221209_143805,353.0,0.9999184
2276,B16,DR_20221209_143805,354.0,1.0001882
2277,B16,DR_20221209_143805,355.0,1.0001522
2278,B16,DR_20221209_143805,356.0,1.0001322
2279,B16,DR_20221209_143805,357.0,1.0001417
2280,B16,DR_20221209_143805,358.0,1.0028676
2281,B16,DR_20221209_143805,359.0,1.0055019
2282,B16,DR_20221209_143805,360.0,1.0000542
2283,B17,DR_20221209_143805,361.0,1.0015324
2284,B17,DR_20221209_143805,362.0,1.0123372
2285,B17,DR_20221209_143805,363.0,0.20693444
2286,B17,DR_20221209_143805,364.0,0.9997306
2287,B17,DR_20221209_143805,365.0,1.0013022
2288,B17,DR_20221209_143805,366.0,0.999935
2289,B17,DR_20221209_143805,367.0,1.0001781
2290,B17,DR_20221209_143805,368.0,0.9998723
2291,B17,DR_20221209_143805,369.0,0.9979767
2292,B18,DR_20221209_143805,370.0,1.0001854
2293,B18,DR_20221209_143805,371.0,1.0028858
2294,B18,DR_20221209_143805,372.0,1.0001358
2295,B18,DR_20221209_143805,373.0,0.99993825
2296,B18,DR_20221209_143805,374.0,1.0011926
2297,B18,DR_20221209_143805,375.0,0.9999203
2298,B18,DR_20221209_143805,376.0,0.99999154
2299,B18,DR_20221209_143805,377.0,0.99985456
2300,B18,DR_20221209_143805,378.0,1.000148
2301,B19,DR_20221209_143805,379.0,1.0002034
2302,B19,DR_20221209_143805,380.0,1.0001947
2303,B19,DR_20221209_143805,381.0,1.001201
2304,B19,DR_20221209_143805,382.0,1.0024141
2305,B19,DR_20221209_143805,383.0,1.0008521
2306,B19,DR_20221209_143805,384.0,0.9999431
2307,B19,DR_20221209_143805,385.0,1.0000348
2308,B19,DR_20221209_143805,386.0,1.0013888
2309,B19,DR_20221209_143805,387.0,1.0006862
2310,B20,DR_20221209_143805,388.0,0.9999428
2311,B20,DR_20221209_143805,389.0,1.0000166
2312,B20,DR_20221209_143805,390.0,1.0002211
2313,B20,DR_20221209_143805,391.0,1.0000373
2314,B20,DR_20221209_143805,392.0,1.0000157
2315,B20,DR_20221209_143805,393.0,1.0003003
2316,B20,DR_20221209_143805,394.0,0.99992824
2317,B20,DR_20221209_143805,395.0,0.99985456
2318,B20,DR_20221209_143805,396.0,1.0004544
2319,B21,DR_20221209_143805,397.0,0.9999341
2320,B21,DR_20221209_143805,398.0,0.9998909
2321,B21,DR_20221209_143805,399.0,1.0002228
2322,B21,DR_20221209_143805,400.0,1.0020278
2323,B21,DR_20221209_143805,401.0,0.9999068
2324,B21,DR_20221209_143805,402.0,0.9998415
2325,B21,DR_20221209_143805,403.0,0.99978936
2326,B21,DR_20221209_143805,404.0,1.0002416
2327,B21,DR_20221209_143805,405.0,1.0000938
2328,B22,DR_20221209_143805,406.0,1.0002034
2329,B22,DR_20221209_143805,407.0,1.0000193
2330,B22,DR_20221209_143805,408.0,1.0001864
2331,B22,DR_20221209_143805,409.0,1.0000004
2332,B22,DR_20221209_143805,410.0,0.99994713
2333,B22,DR_20221209_143805,411.0,1.0000783
2334,B22,DR_20221209_143805,412.0,0.40376022
2335,B22,DR_20221209_143805,413.0,1.0002192
2336,B22,DR_20221209_143805,414.0,1.0000566
2373,C03,DR_20221209_143805,451.0,1.0000895
2374,C03,DR_20221209_143805,452.0,1.0001135
2375,C03,DR_20221209_143805,453.0,1.0026294
2376,C03,DR_20221209_143805,454.0,1.0012403
2377,C03,DR_20221209_143805,455.0,0.99996805
2378,C03,DR_20221209_143805,456.0,0.9999767
2379,C03,DR_20221209_143805,457.0,0.9699076
2380,C03,DR_20221209_143805,458.0,1.0000424
2381,C03,DR_20221209_143805,459.0,1.0001532
2382,C04,DR_20221209_143805,460.0,0.99991304
2383,C04,DR_20221209_143805,461.0,0.9998902
2384,C04,DR_20221209_143805,462.0,0.9998902
2385,C04,DR_20221209_143805,463.0,0.9969166
2386,C04,DR_20221209_143805,464.0,0.99463195
2387,C04,DR_20221209_143805,465.0,1.0000407
2388,C04,DR_20221209_143805,466.0,1.0001833
2389,C04,DR_20221209_143805,467.0,0.8247741
2390,C04,DR_20221209_143805,468.0,0.99766
2391,C05,DR_20221209_143805,469.0,0.9768864
2392,C05,DR_20221209_143805,470.0,0.008239719
2393,C05,DR_20221209_143805,471.0,1.0074809
2394,C05,DR_20221209_143805,472.0,0.9803072
2395,C05,DR_20221209_143805,473.0,0.010752138
2396,C05,DR_20221209_143805,474.0,0.002279217
2397,C05,DR_20221209_143805,475.0,1.0031548
2398,C05,DR_20221209_143805,476.0,0.6988961
2399,C05,DR_20221209_143805,477.0,0.75340486
2400,C06,DR_20221209_143805,478.0,0.99993247
2401,C06,DR_20221209_143805,479.0,0.9999341
2402,C06,DR_20221209_143805,480.0,1.0001249
2403,C06,DR_20221209_143805,481.0,1.0002483
2404,C06,DR_20221209_143805,482.0,0.9999333
2405,C06,DR_20221209_143805,483.0,0.9999207
2406,C06,DR_20221209_143805,484.0,0.9999341
2407,C06,DR_20221209_143805,485.0,0.99993247
2408,C06,DR_20221209_143805,486.0,1.0000473
2409,C07,DR_20221209_143805,487.0,1.0001864
2410,C07,DR_20221209_143805,488.0,1.0000547
2411,C07,DR_20221209_143805,489.0,1.0002116
2412,C07,DR_20221209_143805,490.0,1.0000373
2413,C07,DR_20221209_143805,491.0,0.9999255
2414,C07,DR_20221209_143805,492.0,0.99992377
2415,C07,DR_20221209_143805,493.0,1.0001754
2416,C07,DR_20221209_143805,494.0,0.99996525
2417,C07,DR_20221209_143805,495.0,1.0001246
2418,C08,DR_20221209_143805,496.0,1.0000998
2419,C08,DR_20221209_143805,497.0,1.0011486
2420,C08,DR_20221209_143805,498.0,1.0000151
2421,C08,DR_20221209_143805,499.0,1.0002038
2422,C08,DR_20221209_143805,500.0,0.9964026
2423,C08,DR_20221209_143805,501.0,0.9999202
2424,C08,DR_20221209_143805,502.0,0.9999202
2425,C08,DR_20221209_143805,503.0,0.9999341
2426,C08,DR_20221209_143805,504.0,0.9999467
2427,C09,DR_20221209_143805,505.0,0.9999454
2428,C09,DR_20221209_143805,506.0,1.0012789
2429,C09,DR_20221209_143805,507.0,1.0001127
2430,C09,DR_20221209_143805,508.0,1.0001011
2431,C09,DR_20221209_143805,509.0,1.0015109
2432,C09,DR_20221209_143805,510.0,0.9999151
2433,C09,DR_20221209_143805,511.0,0.9999116
2434,C09,DR_20221209_143805,512.0,1.0010631
2435,C09,DR_20221209_143805,513.0,1.0012205
2436,C10,DR_20221209_143805,514.0,1.0001858
2437,C10,DR_20221209_143805,515.0,1.0013239
2438,C10,DR_20221209_143805,516.0,1.0004653
2439,C10,DR_20221209_143805,517.0,1.0014645
2440,C10,DR_20221209_143805,518.0,1.000237
2441,C10,DR_20221209_143805,519.0,0.99996525
2442,C10,DR_20221209_143805,520.0,0.999624
2443,C10,DR_20221209_143805,521.0,0.9999116
2444,C10,DR_20221209_143805,522.0,1.0006428
2445,C11,DR_20221209_143805,523.0,1.0002345
2446,C11,DR_20221209_143805,524.0,1.0001676
2447,C11,DR_20221209_143805,525.0,1.0002236
2448,C11,DR_20221209_143805,526.0,1.0000199
2449,C11,DR_20221209_143805,527.0,0.9999341
2450,C11,DR_20221209_143805,528.0,0.99999154
2451,C11,DR_20221209_143805,529.0,1.0001979
2452,C11,DR_20221209_143805,530.0,0.81768787
2453,C11,DR_20221209_143805,531.0,1.0001864
2454,C12,DR_20221209_143805,532.0,1.000193
2455,C12,DR_20221209_143805,533.0,0.99984527
2456,C12,DR_20221209_143805,534.0,1.0013402
2457,C12,DR_20221209_143805,535.0,1.0030088
2458,C12,DR_20221209_143805,536.0,1.0019534
2459,C12,DR_20221209_143805,537.0,1.0002155
2460,C12,DR_20221209_143805,538.0,1.0010958
2461,C12,DR_20221209_143805,539.0,0.9999341
2462,C12,DR_20221209_143805,540.0,1.0014269
2463,C13,DR_20221209_143805,541.0,0.99961185
2464,C13,DR_20221209_143805,542.0,0.9999013
2465,C13,DR_20221209_143805,543.0,1.0006617
2466,C13,DR_20221209_143805,544.0,1.0000362
2467,C13,DR_20221209_143805,545.0,1.0020291
2468,C13,DR_20221209_143805,546.0,1.0000364
2469,C13,DR_20221209_143805,547.0,1.0002034
2470,C13,DR_20221209_143805,548.0,1.0000373
2471,C13,DR_20221209_143805,549.0,0.9995618
2472,C14,DR_20221209_143805,550.0,1.0001698
2473,C14,DR_20221209_143805,551.0,0.9999428
2474,C14,DR_20221209_143805,552.0,1.0024323
2475,C14,DR_20221209_143805,553.0,1.0001565
2476,C14,DR_20221209_143805,554.0,0.9983552
2477,C14,DR_20221209_143805,555.0,1.0002155
2478,C14,DR_20221209_143805,556.0,1.0002353
2479,C14,DR_20221209_143805,557.0,0.84188944
2480,C14,DR_20221209_143805,558.0,0.99804175
2481,C15,DR_20221209_143805,559.0,1.0001591
2482,C15,DR_20221209_143805,560.0,0.99988914
2483,C15,DR_20221209_143805,561.0,1.0001565
2484,C15,DR_20221209_143805,562.0,0.9922638
2485,C15,DR_20221209_143805,563.0,0.9884541
2486,C15,DR_20221209_143805,564.0,1.0000367
2487,C15,DR_20221209_143805,565.0,1.0002304
2488,C15,DR_20221209_143805,566.0,1.0001322
2489,C15,DR_20221209_143805,567.0,0.99980116
2490,C16,DR_20221209_143805,568.0,0.9999203
2491,C16,DR_20221209_143805,569.0,0.9999428
2492,C16,DR_20221209_143805,570.0,1.0001239
2493,C16,DR_20221209_143805,571.0,1.0001115
2494,C16,DR_20221209_143805,572.0,1.0016708
2495,C16,DR_20221209_143805,573.0,1.0002165
2496,C16,DR_20221209_143805,574.0,1.0005014
2497,C16,DR_20221209_143805,575.0,0.9999921
2498,C16,DR_20221209_143805,576.0,0.9922638
2499,C17,DR_20221209_143805,577.0,1.000099
2500,C17,DR_20221209_143805,578.0,0.99989945
2501,C17,DR_20221209_143805,579.0,1.0001816
2502,C17,DR_20221209_143805,580.0,1.0030093
2503,C17,DR_20221209_143805,581.0,1.0002483
2504,C17,DR_20221209_143805,582.0,0.99995494
2505,C17,DR_20221209_143805,583.0,1.0002577
2506,C17,DR_20221209_143805,584.0,0.9999433
2507,C17,DR_20221209_143805,585.0,1.0000812
2508,C18,DR_20221209_143805,586.0,1.0001069
2509,C18,DR_20221209_143805,587.0,1.0000012
2510,C18,DR_20221209_143805,588.0,0.9998646
2511,C18,DR_20221209_143805,589.0,1.0032976
2512,C18,DR_20221209_143805,590.0,1.0011576
2513,C18,DR_20221209_143805,591.0,1.0002345
2514,C18,DR_20221209_143805,592.0,0.99997514
2515,C18,DR_20221209_143805,593.0,0.9999531
2516,C18,DR_20221209_143805,594.0,1.0005586
2517,C19,DR_20221209_143805,595.0,1.0000938
2518,C19,DR_20221209_143805,596.0,1.0001203
2519,C19,DR_20221209_143805,597.0,1.0002205
2520,C19,DR_20221209_143805,598.0,0.9999638
2521,C19,DR_20221209_143805,599.0,1.0015109
2522,C19,DR_20221209_143805,600.0,0.9999428
2523,C19,DR_20221209_143805,601.0,1.0002577
2524,C19,DR_20221209_143805,602.0,0.9999539
2525,C19,DR_20221209_143805,603.0,1.0001652
2526,C20,DR_20221209_143805,604.0,0.99995494
2527,C20,DR_20221209_143805,605.0,1.0002383
2528,C20,DR_20221209_143805,606.0,0.999868
2529,C20,DR_20221209_143805,607.0,1.0011256
2530,C20,DR_20221209_143805,608.0,0.99998075
2531,C20,DR_20221209_143805,609.0,0.9999152
2532,C20,DR_20221209_143805,610.0,0.999981
2533,C20,DR_20221209_143805,611.0,0.9999536
2534,C20,DR_20221209_143805,612.0,1.0014411
2535,C21,DR_20221209_143805,613.0,1.0001739
2536,C21,DR_20221209_143805,614.0,1.0000315
2537,C21,DR_20221209_143805,615.0,0.9923487
2538,C21,DR_20221209_143805,616.0,1.0000361
2539,C21,DR_20221209_143805,617.0,0.9999661
2540,C21,DR_20221209_143805,618.0,0.9999428
2541,C21,DR_20221209_143805,619.0,1.0002558
2542,C21,DR_20221209_143805,620.0,0.9999536
2543,C21,DR_20221209_143805,621.0,1.0001559
2544,C22,DR_20221209_143805,622.0,1.000016
2545,C22,DR_20221209_143805,623.0,1.0000869
2546,C22,DR_20221209_143805,624.0,1.0001627
2547,C22,DR_20221209_143805,625.0,1.0000962
2548,C22,DR_20221209_143805,626.0,1.0001322
2549,C22,DR_20221209_143805,627.0,1.0002034
2550,C22,DR_20221209_143805,628.0,1.0001688
2551,C22,DR_20221209_143805,629.0,0.99991214
2552,C22,DR_20221209_143805,630.0,0.997221
2589,D03,DR_20221209_143805,667.0,0.077869706
2590,D03,DR_20221209_143805,668.0,0.984197
2591,D03,DR_20221209_143805,669.0,0.9975595
2592,D03,DR_20221209_143805,670.0,0.99767315
2593,D03,DR_20221209_143805,671.0,0.99524635
2594,D03,DR_20221209_143805,672.0,0.041911017
2595,D03,DR_20221209_143805,673.0,1.0395308
2596,D03,DR_20221209_143805,674.0,0.99691606
2597,D03,DR_20221209_143805,675.0,0.99754345
2598,D04,DR_20221209_143805,676.0,1.0000674
2599,D04,DR_20221209_143805,677.0,0.99990875
2600,D04,DR_20221209_143805,678.0,1.0006882
2601,D04,DR_20221209_143805,679.0,0.9999827
2602,D04,DR_20221209_143805,680.0,0.8242366
2603,D04,DR_20221209_143805,681.0,1.0000086
2604,D04,DR_20221209_143805,682.0,0.39809325
2605,D04,DR_20221209_143805,683.0,1.0397202
2606,D04,DR_20221209_143805,684.0,1.0000014
2607,D05,DR_20221209_143805,685.0,1.0000026
2608,D05,DR_20221209_143805,686.0,1.0001718
2609,D05,DR_20221209_143805,687.0,1.0002315
2610,D05,DR_20221209_143805,688.0,1.0019544
2611,D05,DR_20221209_143805,689.0,0.99951446
2612,D05,DR_20221209_143805,690.0,1.0000774
2613,D05,DR_20221209_143805,691.0,1.0001068
2614,D05,DR_20221209_143805,692.0,1.0018524
2615,D05,DR_20221209_143805,693.0,1.0000168
2616,D06,DR_20221209_143805,694.0,1.0098242
2617,D06,DR_20221209_143805,695.0,1.0008569
2618,D06,DR_20221209_143805,696.0,1.0065625
2619,D06,DR_20221209_143805,697.0,0.99991196
2620,D06,DR_20221209_143805,698.0,0.99948317
2621,D06,DR_20221209_143805,699.0,1.0062616
2622,D06,DR_20221209_143805,700.0,1.004695
2623,D06,DR_20221209_143805,701.0,1.0006194
2624,D06,DR_20221209_143805,702.0,0.9968116
2625,D07,DR_20221209_143805,703.0,0.016679848
2626,D07,DR_20221209_143805,704.0,0.8249556
2627,D07,DR_20221209_143805,705.0,1.0007011
2628,D07,DR_20221209_143805,706.0,0.99173754
2629,D07,DR_20221209_143805,707.0,0.9839517
2630,D07,DR_20221209_143805,708.0,0.008765566
2631,D07,DR_20221209_143805,709.0,0.013302858
2632,D07,DR_20221209_143805,710.0,0.024729935
2633,D07,DR_20221209_143805,711.0,0.9999114
2634,D09,DR_20221209_143805,721.0,0.9999661
2635,D09,DR_20221209_143805,722.0,0.99996525
2636,D09,DR_20221209_143805,723.0,1.0000806
2637,D09,DR_20221209_143805,724.0,0.9999977
2638,D09,DR_20221209_143805,725.0,1.0008558
2639,D09,DR_20221209_143805,726.0,0.9999991
2640,D09,DR_20221209_143805,727.0,0.9998695
2641,D09,DR_20221209_143805,728.0,1.0014094
2642,D09,DR_20221209_143805,729.0,0.9962078
2643,D10,DR_20221209_143805,730.0,1.000187
2644,D10,DR_20221209_143805,731.0,1.0001748
2645,D10,DR_20221209_143805,732.0,0.9981964
2646,D10,DR_20221209_143805,733.0,0.9999531
2647,D10,DR_20221209_143805,734.0,1.0002034
2648,D10,DR_20221209_143805,735.0,1.000292
2649,D10,DR_20221209_143805,736.0,0.72420377
2650,D10,DR_20221209_143805,737.0,0.99993634
2651,D10,DR_20221209_143805,738.0,0.99994826
2652,D11,DR_20221209_143805,739.0,1.000138
2653,D11,DR_20221209_143805,740.0,1.0000371
2654,D11,DR_20221209_143805,741.0,1.0001018
2655,D11,DR_20221209_143805,742.0,0.9999252
2656,D11,DR_20221209_143805,743.0,0.9967955
2657,D11,DR_20221209_143805,744.0,1.0002165
2658,D11,DR_20221209_143805,745.0,1.0001676
2659,D11,DR_20221209_143805,746.0,0.9992531
2660,D11,DR_20221209_143805,747.0,0.9981675
2661,D12,DR_20221209_143805,748.0,0.99988914
2662,D12,DR_20221209_143805,749.0,1.0010209
2663,D12,DR_20221209_143805,750.0,1.0000398
2664,D12,DR_20221209_143805,751.0,1.0003606
2665,D12,DR_20221209_143805,752.0,0.9992339
2666,D12,DR_20221209_143805,753.0,1.0015072
2667,D12,DR_20221209_143805,754.0,0.99996036
2668,D12,DR_20221209_143805,755.0,1.0000819
2669,D12,DR_20221209_143805,756.0,1.0000361
2670,D13,DR_20221209_143805,757.0,1.0002034
2671,D13,DR_20221209_143805,758.0,0.9993386
2672,D13,DR_20221209_143805,759.0,0.99971664
2673,D13,DR_20221209_143805,760.0,1.0001531
2674,D13,DR_20221209_143805,761.0,1.0012058
2675,D13,DR_20221209_143805,762.0,1.0012398
2676,D13,DR_20221209_143805,763.0,0.9999146
2677,D13,DR_20221209_143805,764.0,0.9991901
2678,D13,DR_20221209_143805,765.0,0.99999666
2679,D14,DR_20221209_143805,766.0,1.001148
2680,D14,DR_20221209_143805,767.0,0.995496
2681,D14,DR_20221209_143805,768.0,1.0008532
2682,D14,DR_20221209_143805,769.0,1.0013616
2683,D14,DR_20221209_143805,770.0,0.21978354
2684,D14,DR_20221209_143805,771.0,1.0008059
2685,D14,DR_20221209_143805,772.0,0.9999146
2686,D14,DR_20221209_143805,773.0,0.99901104
2687,D14,DR_20221209_143805,774.0,1.0008091
2688,D15,DR_20221209_143805,775.0,0.9999661
2689,D15,DR_20221209_143805,776.0,1.0008727
2690,D15,DR_20221209_143805,777.0,0.99430734
2691,D15,DR_20221209_143805,778.0,1.0000253
2692,D15,DR_20221209_143805,779.0,0.4118561
2693,D15,DR_20221209_143805,780.0,0.996062
2694,D15,DR_20221209_143805,781.0,0.99985963
2695,D15,DR_20221209_143805,782.0,0.99640155
2696,D15,DR_20221209_143805,783.0,1.0001187
2697,D16,DR_20221209_143805,784.0,0.9999341
2698,D16,DR_20221209_143805,785.0,0.9999946
2699,D16,DR_20221209_143805,786.0,1.0020453
2700,D16,DR_20221209_143805,787.0,0.99473494
2701,D16,DR_20221209_143805,788.0,0.9996299
2702,D16,DR_20221209_143805,789.0,1.0001638
2703,D16,DR_20221209_143805,790.0,0.9072246
2704,D16,DR_20221209_143805,791.0,0.9939939
2705,D16,DR_20221209_143805,792.0,1.0015267
2706,D17,DR_20221209_143805,793.0,1.0000684
2707,D17,DR_20221209_143805,794.0,1.0015668
2708,D17,DR_20221209_143805,795.0,0.9999319
2709,D17,DR_20221209_143805,796.0,1.0013518
2710,D17,DR_20221209_143805,797.0,0.99877495
2711,D17,DR_20221209_143805,798.0,0.99992377
2712,D17,DR_20221209_143805,799.0,1.0002681
2713,D17,DR_20221209_143805,800.0,0.9999658
2714,D17,DR_20221209_143805,801.0,1.0000598
2715,D18,DR_20221209_143805,802.0,0.9999341
2716,D18,DR_20221209_143805,803.0,1.0001559
2717,D18,DR_20221209_143805,804.0,1.000004
2718,D18,DR_20221209_143805,805.0,1.0010715
2719,D18,DR_20221209_143805,806.0,0.99996525
2720,D18,DR_20221209_143805,807.0,0.9999428
2721,D18,DR_20221209_143805,808.0,0.7499462
2722,D18,DR_20221209_143805,809.0,1.0000402
2723,D18,DR_20221209_143805,810.0,0.9981498
2724,D19,DR_20221209_143805,811.0,1.0000495
2725,D19,DR_20221209_143805,812.0,1.0000573
2726,D19,DR_20221209_143805,813.0,0.9957452
2727,D19,DR_20221209_143805,814.0,0.9992473
2728,D19,DR_20221209_143805,815.0,1.002331
2729,D19,DR_20221209_143805,816.0,0.99992466
2730,D19,DR_20221209_143805,817.0,1.0002228
2731,D19,DR_20221209_143805,818.0,0.9998918
2732,D19,DR_20221209_143805,819.0,0.9998059
2733,D20,DR_20221209_143805,820.0,0.9999531
2734,D20,DR_20221209_143805,821.0,1.0000315
2735,D20,DR_20221209_143805,822.0,1.0000161
2736,D20,DR_20221209_143805,823.0,0.9999076
2737,D20,DR_20221209_143805,824.0,1.0019951
2738,D20,DR_20221209_143805,825.0,0.9999116
2739,D20,DR_20221209_143805,826.0,1.0002228
2740,D20,DR_20221209_143805,827.0,0.9999013
2741,D20,DR_20221209_143805,828.0,1.0000603
2742,D21,DR_20221209_143805,829.0,1.0000495
2743,D21,DR_20221209_143805,830.0,1.0001184
2744,D21,DR_20221209_143805,831.0,1.0006957
2745,D21,DR_20221209_143805,832.0,1.0001581
2746,D21,DR_20221209_143805,833.0,1.0002483
2747,D21,DR_20221209_143805,834.0,1.0002326
2748,D21,DR_20221209_143805,835.0,1.0014137
2749,D21,DR_20221209_143805,836.0,0.9998959
2750,D21,DR_20221209_143805,837.0,0.9977016
2751,D22,DR_20221209_143805,838.0,1.0002205
2752,D22,DR_20221209_143805,839.0,1.001287
2753,D22,DR_20221209_143805,840.0,1.0004863
2754,D22,DR_20221209_143805,841.0,1.0002075
2755,D22,DR_20221209_143805,842.0,0.9998726
2756,D22,DR_20221209_143805,843.0,1.0002466
2757,D22,DR_20221209_143805,844.0,0.999756
2758,D22,DR_20221209_143805,845.0,1.0001807
2759,D22,DR_20221209_143805,846.0,0.9999968
2796,E03,DR_20221209_143805,883.0,0.99838936
2797,E03,DR_20221209_143805,884.0,0.99991876
2798,E03,DR_20221209_143805,885.0,0.9998782
2799,E03,DR_20221209_143805,886.0,0.99999493
2800,E03,DR_20221209_143805,887.0,1.0000284
2801,E03,DR_20221209_143805,888.0,1.000021
2802,E03,DR_20221209_143805,889.0,0.7816664
2803,E03,DR_20221209_143805,890.0,0.9968514
2804,E03,DR_20221209_143805,891.0,1.0004549
2805,E04,DR_20221209_143805,892.0,0.9660836
2806,E04,DR_20221209_143805,893.0,0.9972672
2807,E04,DR_20221209_143805,894.0,1.005182
2808,E04,DR_20221209_143805,895.0,0.9974946
2809,E04,DR_20221209_143805,896.0,0.9999339
2810,E04,DR_20221209_143805,897.0,0.99855804
2811,E04,DR_20221209_143805,898.0,1.0061145
2812,E04,DR_20221209_143805,899.0,0.9999937
2813,E04,DR_20221209_143805,900.0,0.9968202
2814,E05,DR_20221209_143805,901.0,0.008994825
2815,E05,DR_20221209_143805,902.0,0.007406228
2816,E05,DR_20221209_143805,903.0,0.049009033
2817,E05,DR_20221209_143805,904.0,0.9889094
2818,E05,DR_20221209_143805,905.0,0.014902655
2819,E05,DR_20221209_143805,906.0,0.011190218
2820,E05,DR_20221209_143805,907.0,0.7409759
2821,E05,DR_20221209_143805,908.0,0.0061865584
2822,E05,DR_20221209_143805,909.0,0.99994546
2823,E06,DR_20221209_143805,910.0,0.06470255
2824,E06,DR_20221209_143805,911.0,0.014226893
2825,E06,DR_20221209_143805,912.0,1.0006081
2826,E06,DR_20221209_143805,913.0,0.9975936
2827,E06,DR_20221209_143805,914.0,0.9887916
2828,E06,DR_20221209_143805,915.0,0.0156732
2829,E06,DR_20221209_143805,916.0,1.0017061
2830,E06,DR_20221209_143805,917.0,0.018417576
2831,E06,DR_20221209_143805,918.0,0.013059856
2832,E07,DR_20221209_143805,919.0,1.0005637
2833,E07,DR_20221209_143805,920.0,0.9999509
2834,E07,DR_20221209_143805,921.0,1.0000452
2835,E07,DR_20221209_143805,922.0,1.0006882
2836,E07,DR_20221209_143805,923.0,0.9998738
2837,E07,DR_20221209_143805,924.0,1.036853
2838,E07,DR_20221209_143805,925.0,1.0012852
2839,E07,DR_20221209_143805,926.0,0.99986833
2840,E07,DR_20221209_143805,927.0,1.0012108
2841,E08,DR_20221209_143805,928.0,1.0007362
2842,E08,DR_20221209_143805,929.0,1.0004979
2843,E08,DR_20221209_143805,930.0,1.0009027
2844,E08,DR_20221209_143805,931.0,1.0018654
2845,E08,DR_20221209_143805,932.0,0.9923729
2846,E08,DR_20221209_143805,933.0,0.99940485
2847,E08,DR_20221209_143805,934.0,0.99987054
2848,E08,DR_20221209_143805,935.0,0.9971178
2849,E08,DR_20221209_143805,936.0,1.0026017
2850,E09,DR_20221209_143805,937.0,0.99996525
2851,E09,DR_20221209_143805,938.0,0.99996746
2852,E09,DR_20221209_143805,939.0,1.0002483
2853,E09,DR_20221209_143805,940.0,1.0030093
2854,E09,DR_20221209_143805,941.0,1.0014389
2855,E09,DR_20221209_143805,942.0,1.0002466
2856,E09,DR_20221209_143805,943.0,0.99727684
2857,E09,DR_20221209_143805,944.0,1.0030733
2858,E09,DR_20221209_143805,945.0,1.0000547
2859,E10,DR_20221209_143805,946.0,1.0002353
2860,E10,DR_20221209_143805,947.0,1.0000603
2861,E10,DR_20221209_143805,948.0,0.9997235
2862,E10,DR_20221209_143805,949.0,0.9999044
2863,E10,DR_20221209_143805,950.0,0.9999641
2864,E10,DR_20221209_143805,951.0,0.99994737
2865,E10,DR_20221209_143805,952.0,0.9990527
2866,E10,DR_20221209_143805,953.0,0.9999346
2867,E10,DR_20221209_143805,954.0,0.9999208
2868,E11,DR_20221209_143805,955.0,1.0002034
2869,E11,DR_20221209_143805,956.0,1.001287
2870,E11,DR_20221209_143805,957.0,0.9999672
2871,E11,DR_20221209_143805,958.0,1.0000116
2872,E11,DR_20221209_143805,959.0,1.0013698
2873,E11,DR_20221209_143805,960.0,1.0013162
2874,E11,DR_20221209_143805,961.0,1.0002238
2875,E11,DR_20221209_143805,962.0,0.9999136
2876,E11,DR_20221209_143805,963.0,1.0001533
2877,E12,DR_20221209_143805,964.0,0.99992377
2878,E12,DR_20221209_143805,965.0,0.9999428
2879,E12,DR_20221209_143805,966.0,1.0000947
2880,E12,DR_20221209_143805,967.0,1.0000519
2881,E12,DR_20221209_143805,968.0,1.0001636
2882,E12,DR_20221209_143805,969.0,0.9999202
2883,E12,DR_20221209_143805,970.0,1.0002626
2884,E12,DR_20221209_143805,971.0,1.0030273
2885,E12,DR_20221209_143805,972.0,0.99984246
2886,E13,DR_20221209_143805,973.0,0.99994576
2887,E13,DR_20221209_143805,974.0,0.99996525
2888,E13,DR_20221209_143805,975.0,0.9996985
2889,E13,DR_20221209_143805,976.0,1.0003598
2890,E13,DR_20221209_143805,977.0,1.0012398
2891,E13,DR_20221209_143805,978.0,0.99996525
2892,E13,DR_20221209_143805,979.0,1.0001676
2893,E13,DR_20221209_143805,980.0,1.001356
2894,E13,DR_20221209_143805,981.0,1.0000283
2895,E14,DR_20221209_143805,982.0,1.0001109
2896,E14,DR_20221209_143805,983.0,1.000923
2897,E14,DR_20221209_143805,984.0,0.31606218
2898,E14,DR_20221209_143805,985.0,0.9939319
2899,E14,DR_20221209_143805,986.0,1.0011436
2900,E14,DR_20221209_143805,987.0,0.99999154
2901,E14,DR_20221209_143805,988.0,0.99996334
2902,E14,DR_20221209_143805,989.0,1.0012214
2903,E14,DR_20221209_143805,990.0,0.4138529
2904,E15,DR_20221209_143805,991.0,0.9999341
2905,E15,DR_20221209_143805,992.0,1.0004418
2906,E15,DR_20221209_143805,993.0,1.0019187
2907,E15,DR_20221209_143805,994.0,1.0004166
2908,E15,DR_20221209_143805,995.0,1.0078567
2909,E15,DR_20221209_143805,996.0,1.001251
2910,E15,DR_20221209_143805,997.0,1.0005181
2911,E15,DR_20221209_143805,998.0,0.9998462
2912,E15,DR_20221209_143805,999.0,0.99966866
2913,E16,DR_20221209_143805,1000.0,0.9999346
2914,E16,DR_20221209_143805,1001.0,0.99994737
2915,E16,DR_20221209_143805,1002.0,0.9999611
2916,E16,DR_20221209_143805,1003.0,1.0012572
2917,E16,DR_20221209_143805,1004.0,0.99842864
2918,E16,DR_20221209_143805,1005.0,0.99994737
2919,E16,DR_20221209_143805,1006.0,0.9086458
2920,E16,DR_20221209_143805,1007.0,1.0039089
2921,E16,DR_20221209_143805,1008.0,1.0020621
2922,E17,DR_20221209_143805,1009.0,0.9999341
2923,E17,DR_20221209_143805,1010.0,0.9999346
2924,E17,DR_20221209_143805,1011.0,0.999868
2925,E17,DR_20221209_143805,1012.0,0.9997351
2926,E17,DR_20221209_143805,1013.0,0.9987822
2927,E17,DR_20221209_143805,1014.0,0.9995157
2928,E17,DR_20221209_143805,1015.0,0.9999428
2929,E17,DR_20221209_143805,1016.0,0.999745
2930,E17,DR_20221209_143805,1017.0,1.0019845
2931,E18,DR_20221209_143805,1018.0,1.0002483
2932,E18,DR_20221209_143805,1019.0,1.0001847
2933,E18,DR_20221209_143805,1020.0,0.99986017
2934,E18,DR_20221209_143805,1021.0,1.0000193
2935,E18,DR_20221209_143805,1022.0,1.0002345
2936,E18,DR_20221209_143805,1023.0,0.99982375
2937,E18,DR_20221209_143805,1024.0,0.9929321
2938,E18,DR_20221209_143805,1025.0,0.9998277
2939,E18,DR_20221209_143805,1026.0,0.99852973
2940,E19,DR_20221209_143805,1027.0,0.999891
2941,E19,DR_20221209_143805,1028.0,1.0029972
2942,E19,DR_20221209_143805,1029.0,1.0017886
2943,E19,DR_20221209_143805,1030.0,1.0001783
2944,E19,DR_20221209_143805,1031.0,0.99996525
2945,E19,DR_20221209_143805,1032.0,1.0002303
2946,E19,DR_20221209_143805,1033.0,1.0002187
2947,E19,DR_20221209_143805,1034.0,1.0000246
2948,E19,DR_20221209_143805,1035.0,1.000083
2949,E20,DR_20221209_143805,1036.0,0.9999428
2950,E20,DR_20221209_143805,1037.0,1.0000495
2951,E20,DR_20221209_143805,1038.0,0.9997638
2952,E20,DR_20221209_143805,1039.0,0.9998538
2953,E20,DR_20221209_143805,1040.0,0.99996525
2954,E20,DR_20221209_143805,1041.0,0.99987835
2955,E20,DR_20221209_143805,1042.0,0.99992824
2956,E20,DR_20221209_143805,1043.0,0.9999203
2957,E20,DR_20221209_143805,1044.0,1.0002567
2958,E21,DR_20221209_143805,1045.0,1.0001032
2959,E21,DR_20221209_143805,1046.0,1.0000193
2960,E21,DR_20221209_143805,1047.0,0.998891
2961,E21,DR_20221209_143805,1048.0,1.0001572
2962,E21,DR_20221209_143805,1049.0,0.99493647
2963,E21,DR_20221209_143805,1050.0,0.9999013
2964,E21,DR_20221209_143805,1051.0,1.0002624
2965,E21,DR_20221209_143805,1052.0,0.9999531
2966,E21,DR_20221209_143805,1053.0,1.0002898
2967,E22,DR_20221209_143805,1054.0,1.0014831
2968,E22,DR_20221209_143805,1055.0,1.0014595
2969,E22,DR_20221209_143805,1056.0,0.71486306
2970,E22,DR_20221209_143805,1057.0,0.999987
2971,E22,DR_20221209_143805,1058.0,1.0000128
2972,E22,DR_20221209_143805,1059.0,1.0001402
2973,E22,DR_20221209_143805,1060.0,1.0000373
2974,E22,DR_20221209_143805,1061.0,1.0000554
2975,E22,DR_20221209_143805,1062.0,1.0000447
3012,F03,DR_20221209_143805,1099.0,0.99980587
3013,F03,DR_20221209_143805,1100.0,0.998963
3014,F03,DR_20221209_143805,1101.0,1.0001037
3015,F03,DR_20221209_143805,1102.0,1.0006286
3016,F03,DR_20221209_143805,1103.0,0.9971858
3017,F03,DR_20221209_143805,1104.0,1.0011288
3018,F03,DR_20221209_143805,1105.0,1.0004116
3019,F03,DR_20221209_143805,1106.0,1.0007324
3020,F03,DR_20221209_143805,1107.0,1.006614
3021,F04,DR_20221209_143805,1108.0,0.053451724
3022,F04,DR_20221209_143805,1109.0,0.044135597
3023,F04,DR_20221209_143805,1110.0,1.0057826
3024,F04,DR_20221209_143805,1111.0,0.99687433
3025,F04,DR_20221209_143805,1112.0,0.9999821
3026,F04,DR_20221209_143805,1113.0,1.0009717
3027,F04,DR_20221209_143805,1114.0,0.75338095
3028,F04,DR_20221209_143805,1115.0,0.8211103
3029,F04,DR_20221209_143805,1116.0,0.9975123
3030,F05,DR_20221209_143805,1117.0,0.0076337415
3031,F05,DR_20221209_143805,1118.0,1.0009965
3032,F05,DR_20221209_143805,1119.0,1.0009412
3033,F05,DR_20221209_143805,1120.0,0.9968514
3034,F05,DR_20221209_143805,1121.0,0.03242441
3035,F05,DR_20221209_143805,1122.0,0.9920258
3036,F05,DR_20221209_143805,1123.0,0.99683356
3037,F05,DR_20221209_143805,1124.0,0.99986255
3038,F05,DR_20221209_143805,1125.0,0.9974946
3039,F06,DR_20221209_143805,1126.0,0.94715816
3040,F06,DR_20221209_143805,1127.0,0.9992768
3041,F06,DR_20221209_143805,1128.0,0.99982935
3042,F06,DR_20221209_143805,1129.0,0.99985063
3043,F06,DR_20221209_143805,1130.0,0.9850862
3044,F06,DR_20221209_143805,1131.0,0.9650575
3045,F06,DR_20221209_143805,1132.0,1.0056214
3046,F06,DR_20221209_143805,1133.0,0.98849857
3047,F06,DR_20221209_143805,1134.0,0.99683875
3048,F07,DR_20221209_143805,1135.0,1.0011437
3049,F07,DR_20221209_143805,1136.0,1.0001544
3050,F07,DR_20221209_143805,1137.0,1.006506
3051,F07,DR_20221209_143805,1138.0,1.0005478
3052,F07,DR_20221209_143805,1139.0,1.000749
3053,F07,DR_20221209_143805,1140.0,1.0006756
3054,F07,DR_20221209_143805,1141.0,1.0025786
3055,F07,DR_20221209_143805,1142.0,1.0072451
3056,F07,DR_20221209_143805,1143.0,1.001161
3057,F08,DR_20221209_143805,1144.0,1.00062
3058,F08,DR_20221209_143805,1145.0,0.9957387
3059,F08,DR_20221209_143805,1146.0,1.00071
3060,F08,DR_20221209_143805,1147.0,0.9997705
3061,F08,DR_20221209_143805,1148.0,1.0020981
3062,F08,DR_20221209_143805,1149.0,0.9998738
3063,F08,DR_20221209_143805,1150.0,1.000182
3064,F08,DR_20221209_143805,1151.0,0.9945054
3065,F08,DR_20221209_143805,1152.0,1.0005419
3066,F09,DR_20221209_143805,1153.0,0.9999333
3067,F09,DR_20221209_143805,1154.0,0.9999661
3068,F09,DR_20221209_143805,1155.0,1.001468
3069,F09,DR_20221209_143805,1156.0,0.99992293
3070,F09,DR_20221209_143805,1157.0,0.99696636
3071,F09,DR_20221209_143805,1158.0,0.99996525
3072,F09,DR_20221209_143805,1159.0,0.9998135
3073,F09,DR_20221209_143805,1160.0,1.0013032
3074,F09,DR_20221209_143805,1161.0,1.000045
3075,F10,DR_20221209_143805,1162.0,1.0000262
3076,F10,DR_20221209_143805,1163.0,1.0028887
3077,F10,DR_20221209_143805,1164.0,1.0012249
3078,F10,DR_20221209_143805,1165.0,0.9994519
3079,F10,DR_20221209_143805,1166.0,0.40115297
3080,F10,DR_20221209_143805,1167.0,1.0013162
3081,F10,DR_20221209_143805,1168.0,0.9998548
3082,F10,DR_20221209_143805,1169.0,1.0013367
3083,F10,DR_20221209_143805,1170.0,1.0002154
3084,F11,DR_20221209_143805,1171.0,0.9999428
3085,F11,DR_20221209_143805,1172.0,1.0000604
3086,F11,DR_20221209_143805,1173.0,0.99992824
3087,F11,DR_20221209_143805,1174.0,1.0001954
3088,F11,DR_20221209_143805,1175.0,1.0030425
3089,F11,DR_20221209_143805,1176.0,1.0001568
3090,F11,DR_20221209_143805,1177.0,0.99984413
3091,F11,DR_20221209_143805,1178.0,0.9999751
3092,F11,DR_20221209_143805,1179.0,1.0001856
3093,F12,DR_20221209_143805,1180.0,0.99992245
3094,F12,DR_20221209_143805,1181.0,0.9999341
3095,F12,DR_20221209_143805,1182.0,1.0021944
3096,F12,DR_20221209_143805,1183.0,0.99589187
3097,F12,DR_20221209_143805,1184.0,0.39595863
3098,F12,DR_20221209_143805,1185.0,1.0001854
3099,F12,DR_20221209_143805,1186.0,0.99993825
3100,F12,DR_20221209_143805,1187.0,1.0000992
3101,F12,DR_20221209_143805,1188.0,1.0001757
3102,F13,DR_20221209_143805,1189.0,0.9990456
3103,F13,DR_20221209_143805,1190.0,0.99994737
3104,F13,DR_20221209_143805,1191.0,0.99562955
3105,F13,DR_20221209_143805,1192.0,1.001147
3106,F13,DR_20221209_143805,1193.0,1.00075
3107,F13,DR_20221209_143805,1194.0,0.99988115
3108,F13,DR_20221209_143805,1195.0,1.001557
3109,F13,DR_20221209_143805,1196.0,1.0002253
3110,F13,DR_20221209_143805,1197.0,1.0004581
3111,F14,DR_20221209_143805,1198.0,0.9999341
3112,F14,DR_20221209_143805,1199.0,1.00142
3113,F14,DR_20221209_143805,1200.0,1.0000501
3114,F14,DR_20221209_143805,1201.0,1.0012535
3115,F14,DR_20221209_143805,1202.0,0.9996262
3116,F14,DR_20221209_143805,1203.0,1.001148
3117,F14,DR_20221209_143805,1204.0,1.0021336
3118,F14,DR_20221209_143805,1205.0,1.0014734
3119,F14,DR_20221209_143805,1206.0,0.99481976
3120,F15,DR_20221209_143805,1207.0,1.0007739
3121,F15,DR_20221209_143805,1208.0,0.99999154
3122,F15,DR_20221209_143805,1209.0,0.9998011
3123,F15,DR_20221209_143805,1210.0,0.99957657
3124,F15,DR_20221209_143805,1211.0,0.99972117
3125,F15,DR_20221209_143805,1212.0,0.9999666
3126,F15,DR_20221209_143805,1213.0,0.9805392
3127,F15,DR_20221209_143805,1214.0,1.0009911
3128,F15,DR_20221209_143805,1215.0,0.99981064
3129,F16,DR_20221209_143805,1216.0,0.99994797
3130,F16,DR_20221209_143805,1217.0,0.9999341
3131,F16,DR_20221209_143805,1218.0,1.0007464
3132,F16,DR_20221209_143805,1219.0,1.0001434
3133,F16,DR_20221209_143805,1220.0,0.4042634
3134,F16,DR_20221209_143805,1221.0,1.0001364
3135,F16,DR_20221209_143805,1222.0,1.0013691
3136,F16,DR_20221209_143805,1223.0,0.29395744
3137,F16,DR_20221209_143805,1224.0,1.000503
3138,F17,DR_20221209_143805,1225.0,0.99604726
3139,F17,DR_20221209_143805,1226.0,0.99992603
3140,F17,DR_20221209_143805,1227.0,1.0000705
3141,F17,DR_20221209_143805,1228.0,1.0014777
3142,F17,DR_20221209_143805,1229.0,0.99877495
3143,F17,DR_20221209_143805,1230.0,0.9999341
3144,F17,DR_20221209_143805,1231.0,0.9999116
3145,F17,DR_20221209_143805,1232.0,0.9999518
3146,F17,DR_20221209_143805,1233.0,1.0001938
3147,F18,DR_20221209_143805,1234.0,0.9999013
3148,F18,DR_20221209_143805,1235.0,0.9892367
3149,F18,DR_20221209_143805,1236.0,1.0013373
3150,F18,DR_20221209_143805,1237.0,1.0013758
3151,F18,DR_20221209_143805,1238.0,0.4023018
3152,F18,DR_20221209_143805,1239.0,0.9994851
3153,F18,DR_20221209_143805,1240.0,0.99990433
3154,F18,DR_20221209_143805,1241.0,0.9997852
3155,F18,DR_20221209_143805,1242.0,0.9981511
3156,F19,DR_20221209_143805,1243.0,1.0000037
3157,F19,DR_20221209_143805,1244.0,1.0012408
3158,F19,DR_20221209_143805,1245.0,0.99990076
3159,F19,DR_20221209_143805,1246.0,0.99983966
3160,F19,DR_20221209_143805,1247.0,0.9989727
3161,F19,DR_20221209_143805,1248.0,0.99994254
3162,F19,DR_20221209_143805,1249.0,0.9998651
3163,F19,DR_20221209_143805,1250.0,0.90868205
3164,F19,DR_20221209_143805,1251.0,1.0013523
3165,F20,DR_20221209_143805,1252.0,0.999891
3166,F20,DR_20221209_143805,1253.0,1.0004205
3167,F20,DR_20221209_143805,1254.0,1.0002313
3168,F20,DR_20221209_143805,1255.0,0.99984574
3169,F20,DR_20221209_143805,1256.0,1.0001937
3170,F20,DR_20221209_143805,1257.0,1.0002228
3171,F20,DR_20221209_143805,1258.0,1.000169
3172,F20,DR_20221209_143805,1259.0,0.9999219
3173,F20,DR_20221209_143805,1260.0,1.0000373
3174,F21,DR_20221209_143805,1261.0,1.0001181
3175,F21,DR_20221209_143805,1262.0,0.9999241
3176,F21,DR_20221209_143805,1263.0,1.000664
3177,F21,DR_20221209_143805,1264.0,0.99953413
3178,F21,DR_20221209_143805,1265.0,1.0026432
3179,F21,DR_20221209_143805,1266.0,1.0000777
3180,F21,DR_20221209_143805,1267.0,1.000169
3181,F21,DR_20221209_143805,1268.0,0.9997663
3182,F21,DR_20221209_143805,1269.0,0.9999751
3183,F22,DR_20221209_143805,1270.0,1.0000373
3184,F22,DR_20221209_143805,1271.0,1.0000315
3185,F22,DR_20221209_143805,1272.0,0.9999246
3186,F22,DR_20221209_143805,1273.0,1.0000315
3187,F22,DR_20221209_143805,1274.0,0.99996525
3188,F22,DR_20221209_143805,1275.0,0.9999116
3189,F22,DR_20221209_143805,1276.0,0.99972194
3190,F22,DR_20221209_143805,1277.0,1.0002205
3191,F22,DR_20221209_143805,1278.0,1.0000943
3228,G03,DR_20221209_143805,1315.0,1.0000002
3229,G03,DR_20221209_143805,1316.0,0.9999661
3230,G03,DR_20221209_143805,1317.0,0.9997351
3231,G03,DR_20221209_143805,1318.0,1.0000315
3232,G03,DR_20221209_143805,1319.0,0.9997678
3233,G03,DR_20221209_143805,1320.0,0.99996525
3234,G03,DR_20221209_143805,1321.0,0.99996525
3235,G03,DR_20221209_143805,1322.0,1.0013417
3236,G03,DR_20221209_143805,1323.0,1.0000201
3237,G04,DR_20221209_143805,1324.0,0.9999782
3238,G04,DR_20221209_143805,1325.0,0.99996907
3239,G04,DR_20221209_143805,1326.0,1.0000503
3240,G04,DR_20221209_143805,1327.0,1.0002038
3241,G04,DR_20221209_143805,1328.0,1.0001568
3242,G04,DR_20221209_143805,1329.0,0.9999341
3243,G04,DR_20221209_143805,1330.0,1.0002034
3244,G04,DR_20221209_143805,1331.0,1.0044285
3245,G04,DR_20221209_143805,1332.0,1.0000495
3246,G05,DR_20221209_143805,1333.0,0.99996525
3247,G05,DR_20221209_143805,1334.0,0.99996525
3248,G05,DR_20221209_143805,1335.0,0.9999116
3249,G05,DR_20221209_143805,1336.0,1.0002688
3250,G05,DR_20221209_143805,1337.0,0.99996525
3251,G05,DR_20221209_143805,1338.0,0.99996525
3252,G05,DR_20221209_143805,1339.0,1.0000495
3253,G05,DR_20221209_143805,1340.0,1.0004638
3254,G05,DR_20221209_143805,1341.0,1.0000495
3255,G06,DR_20221209_143805,1342.0,1.0002093
3256,G06,DR_20221209_143805,1343.0,1.0004554
3257,G06,DR_20221209_143805,1344.0,0.9997351
3258,G06,DR_20221209_143805,1345.0,1.0015349
3259,G06,DR_20221209_143805,1346.0,0.9999633
3260,G06,DR_20221209_143805,1347.0,1.0000002
3261,G06,DR_20221209_143805,1348.0,0.9999661
3262,G06,DR_20221209_143805,1349.0,1.0002483
3263,G06,DR_20221209_143805,1350.0,1.0000364
3264,G07,DR_20221209_143805,1351.0,1.000151
3265,G07,DR_20221209_143805,1352.0,0.99996996
3266,G07,DR_20221209_143805,1353.0,0.9998586
3267,G07,DR_20221209_143805,1354.0,1.0000193
3268,G07,DR_20221209_143805,1355.0,1.0000002
3269,G07,DR_20221209_143805,1356.0,0.99993366
3270,G07,DR_20221209_143805,1357.0,0.9999428
3271,G07,DR_20221209_143805,1358.0,0.9999013
3272,G07,DR_20221209_143805,1359.0,1.0001856
3273,G08,DR_20221209_143805,1360.0,1.0027318
3274,G08,DR_20221209_143805,1361.0,0.99996036
3275,G08,DR_20221209_143805,1362.0,0.99992824
3276,G08,DR_20221209_143805,1363.0,0.9925174
3277,G08,DR_20221209_143805,1364.0,1.0019128
3278,G08,DR_20221209_143805,1365.0,1.0001745
3279,G08,DR_20221209_143805,1366.0,1.0002624
3280,G08,DR_20221209_143805,1367.0,1.0002146
3281,G08,DR_20221209_143805,1368.0,1.0081998
3282,G09,DR_20221209_143805,1369.0,0.9999341
3283,G09,DR_20221209_143805,1370.0,0.99994713
3284,G09,DR_20221209_143805,1371.0,1.0000851
3285,G09,DR_20221209_143805,1372.0,0.99956447
3286,G09,DR_20221209_143805,1373.0,0.37219632
3287,G09,DR_20221209_143805,1374.0,1.002394
3288,G09,DR_20221209_143805,1375.0,1.0001881
3289,G09,DR_20221209_143805,1376.0,0.99411285
3290,G09,DR_20221209_143805,1377.0,1.0001559
3291,G10,DR_20221209_143805,1378.0,1.0000693
3292,G10,DR_20221209_143805,1379.0,0.99972296
3293,G10,DR_20221209_143805,1380.0,0.99994886
3294,G10,DR_20221209_143805,1381.0,0.9999568
3295,G10,DR_20221209_143805,1382.0,0.9999633
3296,G10,DR_20221209_143805,1383.0,0.9999027
3297,G10,DR_20221209_143805,1384.0,1.0045847
3298,G10,DR_20221209_143805,1385.0,0.9999457
3299,G10,DR_20221209_143805,1386.0,0.4115174
3300,G11,DR_20221209_143805,1387.0,0.9999413
3301,G11,DR_20221209_143805,1388.0,1.0012991
3302,G11,DR_20221209_143805,1389.0,0.9999997
3303,G11,DR_20221209_143805,1390.0,1.0027245
3304,G11,DR_20221209_143805,1391.0,0.9986185
3305,G11,DR_20221209_143805,1392.0,1.0001047
3306,G11,DR_20221209_143805,1393.0,0.99992824
3307,G11,DR_20221209_143805,1394.0,0.99467117
3308,G11,DR_20221209_143805,1395.0,1.0014193
3309,G12,DR_20221209_143805,1396.0,0.9998788
3310,G12,DR_20221209_143805,1397.0,0.99992067
3311,G12,DR_20221209_143805,1398.0,0.99999666
3312,G12,DR_20221209_143805,1399.0,1.0003704
3313,G12,DR_20221209_143805,1400.0,1.0031173
3314,G12,DR_20221209_143805,1401.0,1.0029718
3315,G12,DR_20221209_143805,1402.0,1.0003078
3316,G12,DR_20221209_143805,1403.0,0.999746
3317,G12,DR_20221209_143805,1404.0,1.0000491
3318,G13,DR_20221209_143805,1405.0,1.0021944
3319,G13,DR_20221209_143805,1406.0,0.9998773
3320,G13,DR_20221209_143805,1407.0,0.9998334
3321,G13,DR_20221209_143805,1408.0,0.9952251
3322,G13,DR_20221209_143805,1409.0,1.0014057
3323,G13,DR_20221209_143805,1410.0,1.0000144
3324,G13,DR_20221209_143805,1411.0,1.0001816
3325,G13,DR_20221209_143805,1412.0,0.99410486
3326,G13,DR_20221209_143805,1413.0,0.9994641
3327,G14,DR_20221209_143805,1414.0,0.9999191
3328,G14,DR_20221209_143805,1415.0,1.0002146
3329,G14,DR_20221209_143805,1416.0,1.0006988
3330,G14,DR_20221209_143805,1417.0,0.9998918
3331,G14,DR_20221209_143805,1418.0,0.99604166
3332,G14,DR_20221209_143805,1419.0,1.0002071
3333,G14,DR_20221209_143805,1420.0,0.9958963
3334,G14,DR_20221209_143805,1421.0,0.9998105
3335,G14,DR_20221209_143805,1422.0,1.0000066
3336,G15,DR_20221209_143805,1423.0,0.9999346
3337,G15,DR_20221209_143805,1424.0,0.20119745
3338,G15,DR_20221209_143805,1425.0,0.90743786
3339,G15,DR_20221209_143805,1426.0,0.9932047
3340,G15,DR_20221209_143805,1427.0,0.29408747
3341,G15,DR_20221209_143805,1428.0,1.0014417
3342,G15,DR_20221209_143805,1429.0,0.90950537
3343,G15,DR_20221209_143805,1430.0,1.0002075
3344,G15,DR_20221209_143805,1431.0,1.0002512
3345,G16,DR_20221209_143805,1432.0,1.0000504
3346,G16,DR_20221209_143805,1433.0,0.9999341
3347,G16,DR_20221209_143805,1434.0,1.0000542
3348,G16,DR_20221209_143805,1435.0,1.0000528
3349,G16,DR_20221209_143805,1436.0,1.0011576
3350,G16,DR_20221209_143805,1437.0,0.9999828
3351,G16,DR_20221209_143805,1438.0,1.0014447
3352,G16,DR_20221209_143805,1439.0,1.0012445
3353,G16,DR_20221209_143805,1440.0,0.999996
3354,G17,DR_20221209_143805,1441.0,1.0005133
3355,G17,DR_20221209_143805,1442.0,0.99917775
3356,G17,DR_20221209_143805,1443.0,-0.000652936
3357,G17,DR_20221209_143805,1444.0,1.000389
3358,G17,DR_20221209_143805,1445.0,1.0002949
3359,G17,DR_20221209_143805,1446.0,1.0003729
3360,G17,DR_20221209_143805,1447.0,1.0002285
3361,G17,DR_20221209_143805,1448.0,1.0002304
3362,G17,DR_20221209_143805,1449.0,1.0009828
3363,G18,DR_20221209_143805,1450.0,0.9086072
3364,G18,DR_20221209_143805,1451.0,1.0027318
3365,G18,DR_20221209_143805,1452.0,0.99988925
3366,G18,DR_20221209_143805,1453.0,1.0014933
3367,G18,DR_20221209_143805,1454.0,1.001208
3368,G18,DR_20221209_143805,1455.0,0.99993247
3369,G18,DR_20221209_143805,1456.0,0.9999341
3370,G18,DR_20221209_143805,1457.0,0.99996525
3371,G18,DR_20221209_143805,1458.0,1.0000564
3372,G19,DR_20221209_143805,1459.0,1.0013081
3373,G19,DR_20221209_143805,1460.0,1.0000012
3374,G19,DR_20221209_143805,1461.0,0.99936765
3375,G19,DR_20221209_143805,1462.0,1.0000193
3376,G19,DR_20221209_143805,1463.0,0.9995814
3377,G19,DR_20221209_143805,1464.0,0.9999531
3378,G19,DR_20221209_143805,1465.0,1.0002624
3379,G19,DR_20221209_143805,1466.0,0.99987835
3380,G19,DR_20221209_143805,1467.0,1.0001769
3381,G20,DR_20221209_143805,1468.0,0.9999428
3382,G20,DR_20221209_143805,1469.0,0.9997749
3383,G20,DR_20221209_143805,1470.0,1.0001482
3384,G20,DR_20221209_143805,1471.0,1.0002191
3385,G20,DR_20221209_143805,1472.0,0.9999633
3386,G20,DR_20221209_143805,1473.0,0.99995494
3387,G20,DR_20221209_143805,1474.0,0.9999463
3388,G20,DR_20221209_143805,1475.0,1.0147275
3389,G20,DR_20221209_143805,1476.0,1.000187
3390,G21,DR_20221209_143805,1477.0,0.9999428
3391,G21,DR_20221209_143805,1478.0,1.0000495
3392,G21,DR_20221209_143805,1479.0,1.0002142
3393,G21,DR_20221209_143805,1480.0,1.0000317
3394,G21,DR_20221209_143805,1481.0,0.99989396
3395,G21,DR_20221209_143805,1482.0,1.0001411
3396,G21,DR_20221209_143805,1483.0,1.0002229
3397,G21,DR_20221209_143805,1484.0,0.9999341
3398,G21,DR_20221209_143805,1485.0,1.0001743
3399,G22,DR_20221209_143805,1486.0,0.999886
3400,G22,DR_20221209_143805,1487.0,0.99996996
3401,G22,DR_20221209_143805,1488.0,0.99928457
3402,G22,DR_20221209_143805,1489.0,1.001443
3403,G22,DR_20221209_143805,1490.0,1.0015228
3404,G22,DR_20221209_143805,1491.0,0.9999203
3405,G22,DR_20221209_143805,1492.0,0.9997509
3406,G22,DR_20221209_143805,1493.0,1.00017
3407,G22,DR_20221209_143805,1494.0,1.0001339
3444,H03,DR_20221209_143805,1531.0,0.99994403
3445,H03,DR_20221209_143805,1532.0,0.9999341
3446,H03,DR_20221209_143805,1533.0,1.0000271
3447,H03,DR_20221209_143805,1534.0,0.99995434
3448,H03,DR_20221209_143805,1535.0,0.9999341
3449,H03,DR_20221209_143805,1536.0,0.9999349
3450,H03,DR_20221209_143805,1537.0,1.0001723
3451,H03,DR_20221209_143805,1538.0,1.0029022
3452,H03,DR_20221209_143805,1539.0,1.000009
3453,H04,DR_20221209_143805,1540.0,0.99996525
3454,H04,DR_20221209_143805,1541.0,0.9999341
3455,H04,DR_20221209_143805,1542.0,1.0000495
3456,H04,DR_20221209_143805,1543.0,1.0000503
3457,H04,DR_20221209_143805,1544.0,1.0002491
3458,H04,DR_20221209_143805,1545.0,0.9999661
3459,H04,DR_20221209_143805,1546.0,0.99994403
3460,H04,DR_20221209_143805,1547.0,0.9999349
3461,H04,DR_20221209_143805,1548.0,1.0000495
3462,H05,DR_20221209_143805,1549.0,0.998344
3463,H05,DR_20221209_143805,1550.0,0.99993247
3464,H05,DR_20221209_143805,1551.0,0.9997351
3465,H05,DR_20221209_143805,1552.0,1.000073
3466,H05,DR_20221209_143805,1553.0,0.99995404
3467,H05,DR_20221209_143805,1554.0,0.99978167
3468,H05,DR_20221209_143805,1555.0,1.0000315
3469,H05,DR_20221209_143805,1556.0,0.99987465
3470,H05,DR_20221209_143805,1557.0,1.0001208
3471,H06,DR_20221209_143805,1558.0,0.9999341
3472,H06,DR_20221209_143805,1559.0,1.0000495
3473,H06,DR_20221209_143805,1560.0,1.0000495
3474,H06,DR_20221209_143805,1561.0,1.0001155
3475,H06,DR_20221209_143805,1562.0,0.9999641
3476,H06,DR_20221209_143805,1563.0,0.99996525
3477,H06,DR_20221209_143805,1564.0,0.9999341
3478,H06,DR_20221209_143805,1565.0,1.0000002
3479,H06,DR_20221209_143805,1566.0,1.0000495
3480,H07,DR_20221209_143805,1567.0,1.0002002
3481,H07,DR_20221209_143805,1568.0,1.0002002
3482,H07,DR_20221209_143805,1569.0,1.0017139
3483,H07,DR_20221209_143805,1570.0,1.0001858
3484,H07,DR_20221209_143805,1571.0,1.0002155
3485,H07,DR_20221209_143805,1572.0,0.99996525
3486,H07,DR_20221209_143805,1573.0,0.9998874
3487,H07,DR_20221209_143805,1574.0,0.9999661
3488,H07,DR_20221209_143805,1575.0,1.0002034
3489,H08,DR_20221209_143805,1576.0,0.9999288
3490,H08,DR_20221209_143805,1577.0,0.99996996
3491,H08,DR_20221209_143805,1578.0,1.0001876
3492,H08,DR_20221209_143805,1579.0,1.0001208
3493,H08,DR_20221209_143805,1580.0,1.0002769
3494,H08,DR_20221209_143805,1581.0,1.0002344
3495,H08,DR_20221209_143805,1582.0,0.9997493
3496,H08,DR_20221209_143805,1583.0,0.99988514
3497,H08,DR_20221209_143805,1584.0,1.0000373
3498,H09,DR_20221209_143805,1585.0,0.99996525
3499,H09,DR_20221209_143805,1586.0,1.0001858
3500,H09,DR_20221209_143805,1587.0,1.0002027
3501,H09,DR_20221209_143805,1588.0,1.0000759
3502,H09,DR_20221209_143805,1589.0,1.0018038
3503,H09,DR_20221209_143805,1590.0,1.0024557
3504,H09,DR_20221209_143805,1591.0,0.9999341
3505,H09,DR_20221209_143805,1592.0,1.0013189
3506,H09,DR_20221209_143805,1593.0,1.0000491
3507,H10,DR_20221209_143805,1594.0,1.0002483
3508,H10,DR_20221209_143805,1595.0,1.0012729
3509,H10,DR_20221209_143805,1596.0,1.0004157
3510,H10,DR_20221209_143805,1597.0,0.99978167
3511,H10,DR_20221209_143805,1598.0,1.0002923
3512,H10,DR_20221209_143805,1599.0,0.9999661
3513,H10,DR_20221209_143805,1600.0,0.9999013
3514,H10,DR_20221209_143805,1601.0,0.99996746
3515,H10,DR_20221209_143805,1602.0,0.9999341
3516,H11,DR_20221209_143805,1603.0,1.000169
3517,H11,DR_20221209_143805,1604.0,0.99994355
3518,H11,DR_20221209_143805,1605.0,0.99975264
3519,H11,DR_20221209_143805,1606.0,1.0001183
3520,H11,DR_20221209_143805,1607.0,1.0003852
3521,H11,DR_20221209_143805,1608.0,1.0000455
3522,H11,DR_20221209_143805,1609.0,1.0000757
3523,H11,DR_20221209_143805,1610.0,1.0001816
3524,H11,DR_20221209_143805,1611.0,0.99968964
3525,H12,DR_20221209_143805,1612.0,1.0000373
3526,H12,DR_20221209_143805,1613.0,1.0002017
3527,H12,DR_20221209_143805,1614.0,1.0021814
3528,H12,DR_20221209_143805,1615.0,1.000075
3529,H12,DR_20221209_143805,1616.0,0.99675477
3530,H12,DR_20221209_143805,1617.0,1.0001385
3531,H12,DR_20221209_143805,1618.0,1.0021741
3532,H12,DR_20221209_143805,1619.0,1.0030093
3533,H12,DR_20221209_143805,1620.0,1.0001609
3534,H13,DR_20221209_143805,1621.0,0.9999021
3535,H13,DR_20221209_143805,1622.0,1.0014719
3536,H13,DR_20221209_143805,1623.0,0.9998521
3537,H13,DR_20221209_143805,1624.0,1.0030289
3538,H13,DR_20221209_143805,1625.0,1.0015222
3539,H13,DR_20221209_143805,1626.0,1.0014327
3540,H13,DR_20221209_143805,1627.0,1.0002022
3541,H13,DR_20221209_143805,1628.0,1.0000983
3542,H13,DR_20221209_143805,1629.0,1.0020894
3543,H14,DR_20221209_143805,1630.0,0.99226534
3544,H14,DR_20221209_143805,1631.0,0.9999387
3545,H14,DR_20221209_143805,1632.0,1.0001254
3546,H14,DR_20221209_143805,1633.0,1.0000361
3547,H14,DR_20221209_143805,1634.0,1.0008967
3548,H14,DR_20221209_143805,1635.0,1.0000373
3549,H14,DR_20221209_143805,1636.0,1.000169
3550,H14,DR_20221209_143805,1637.0,0.994818
3551,H14,DR_20221209_143805,1638.0,1.0011244
3552,H15,DR_20221209_143805,1639.0,1.0001816
3553,H15,DR_20221209_143805,1640.0,1.0000927
3554,H15,DR_20221209_143805,1641.0,1.0001523
3555,H15,DR_20221209_143805,1642.0,1.0002027
3556,H15,DR_20221209_143805,1643.0,1.0013728
3557,H15,DR_20221209_143805,1644.0,1.0012248
3558,H15,DR_20221209_143805,1645.0,1.000169
3559,H15,DR_20221209_143805,1646.0,0.99235356
3560,H15,DR_20221209_143805,1647.0,0.993873
3561,H16,DR_20221209_143805,1648.0,1.0000684
3562,H16,DR_20221209_143805,1649.0,1.0002444
3563,H16,DR_20221209_143805,1650.0,1.0000684
3564,H16,DR_20221209_143805,1651.0,1.0000601
3565,H16,DR_20221209_143805,1652.0,0.97589445
3566,H16,DR_20221209_143805,1653.0,1.0002054
3567,H16,DR_20221209_143805,1654.0,1.0002407
3568,H16,DR_20221209_143805,1655.0,1.0001311
3569,H16,DR_20221209_143805,1656.0,1.0002341
3570,H17,DR_20221209_143805,1657.0,1.0000224
3571,H17,DR_20221209_143805,1658.0,1.0001142
3572,H17,DR_20221209_143805,1659.0,1.0017954
3573,H17,DR_20221209_143805,1660.0,1.0001534
3574,H17,DR_20221209_143805,1661.0,1.0014539
3575,H17,DR_20221209_143805,1662.0,0.9999408
3576,H17,DR_20221209_143805,1663.0,0.9999116
3577,H17,DR_20221209_143805,1664.0,1.0001909
3578,H17,DR_20221209_143805,1665.0,0.99997777
3579,H18,DR_20221209_143805,1666.0,1.0001864
3580,H18,DR_20221209_143805,1667.0,0.99995226
3581,H18,DR_20221209_143805,1668.0,1.0005964
3582,H18,DR_20221209_143805,1669.0,1.0014089
3583,H18,DR_20221209_143805,1670.0,0.9999661
3584,H18,DR_20221209_143805,1671.0,0.9999531
3585,H18,DR_20221209_143805,1672.0,0.9922955
3586,H18,DR_20221209_143805,1673.0,1.0002189
3587,H18,DR_20221209_143805,1674.0,1.0007029
3588,H19,DR_20221209_143805,1675.0,1.0001462
3589,H19,DR_20221209_143805,1676.0,0.99995226
3590,H19,DR_20221209_143805,1677.0,1.0001699
3591,H19,DR_20221209_143805,1678.0,1.0000585
3592,H19,DR_20221209_143805,1679.0,0.9998606
3593,H19,DR_20221209_143805,1680.0,0.9999428
3594,H19,DR_20221209_143805,1681.0,0.9998372
3595,H19,DR_20221209_143805,1682.0,1.0002296
3596,H19,DR_20221209_143805,1683.0,1.0000492
3597,H20,DR_20221209_143805,1684.0,1.0001206
3598,H20,DR_20221209_143805,1685.0,1.0000015
3599,H20,DR_20221209_143805,1686.0,1.0006763
3600,H20,DR_20221209_143805,1687.0,0.99996996
3601,H20,DR_20221209_143805,1688.0,0.9999661
3602,H20,DR_20221209_143805,1689.0,1.0001222
3603,H20,DR_20221209_143805,1690.0,1.000189
3604,H20,DR_20221209_143805,1691.0,0.9999531
3605,H20,DR_20221209_143805,1692.0,1.0001739
3606,H21,DR_20221209_143805,1693.0,1.0002205
3607,H21,DR_20221209_143805,1694.0,1.0029244
3608,H21,DR_20221209_143805,1695.0,1.0000845
3609,H21,DR_20221209_143805,1696.0,1.0012938
3610,H21,DR_20221209_143805,1697.0,1.0001491
3611,H21,DR_20221209_143805,1698.0,1.0001295
3612,H21,DR_20221209_143805,1699.0,1.0002179
3613,H21,DR_20221209_143805,1700.0,0.9999219
3614,H21,DR_20221209_143805,1701.0,0.99973196
3615,H22,DR_20221209_143805,1702.0,0.9999166
3616,H22,DR_20221209_143805,1703.0,1.0000974
3617,H22,DR_20221209_143805,1704.0,0.996658
3618,H22,DR_20221209_143805,1705.0,1.0001069
3619,H22,DR_20221209_143805,1706.0,1.0002303
3620,H22,DR_20221209_143805,1707.0,1.0001676
3621,H22,DR_20221209_143805,1708.0,1.0002179
3622,H22,DR_20221209_143805,1709.0,0.9999219
3623,H22,DR_20221209_143805,1710.0,1.0001245
3660,I03,DR_20221209_143805,1747.0,0.9999658
3661,I03,DR_20221209_143805,1748.0,0.9999038
3662,I03,DR_20221209_143805,1749.0,0.9999651
3663,I03,DR_20221209_143805,1750.0,1.0000174
3664,I03,DR_20221209_143805,1751.0,1.0001811
3665,I03,DR_20221209_143805,1752.0,0.99994713
3666,I03,DR_20221209_143805,1753.0,0.9999775
3667,I03,DR_20221209_143805,1754.0,1.0000415
3668,I03,DR_20221209_143805,1755.0,1.000075
3669,I04,DR_20221209_143805,1756.0,0.9999341
3670,I04,DR_20221209_143805,1757.0,1.0008106
3671,I04,DR_20221209_143805,1758.0,1.0000373
3672,I04,DR_20221209_143805,1759.0,1.0000495
3673,I04,DR_20221209_143805,1760.0,0.99994403
3674,I04,DR_20221209_143805,1761.0,0.99996525
3675,I04,DR_20221209_143805,1762.0,0.99994737
3676,I04,DR_20221209_143805,1763.0,0.9999661
3677,I04,DR_20221209_143805,1764.0,0.9997351
3678,I05,DR_20221209_143805,1765.0,0.99996525
3679,I05,DR_20221209_143805,1766.0,0.99996525
3680,I05,DR_20221209_143805,1767.0,0.9999341
3681,I05,DR_20221209_143805,1768.0,0.99920225
3682,I05,DR_20221209_143805,1769.0,1.0001322
3683,I05,DR_20221209_143805,1770.0,0.99996525
3684,I05,DR_20221209_143805,1771.0,1.0001737
3685,I05,DR_20221209_143805,1772.0,1.0001822
3686,I05,DR_20221209_143805,1773.0,1.0000029
3687,I06,DR_20221209_143805,1774.0,1.001958
3688,I06,DR_20221209_143805,1775.0,0.99996907
3689,I06,DR_20221209_143805,1776.0,0.99981964
3690,I06,DR_20221209_143805,1777.0,1.0000503
3691,I06,DR_20221209_143805,1778.0,0.9999355
3692,I06,DR_20221209_143805,1779.0,0.99996525
3693,I06,DR_20221209_143805,1780.0,0.9999116
3694,I06,DR_20221209_143805,1781.0,0.9999021
3695,I06,DR_20221209_143805,1782.0,1.0000503
3696,I07,DR_20221209_143805,1783.0,1.0002483
3697,I07,DR_20221209_143805,1784.0,1.0000495
3698,I07,DR_20221209_143805,1785.0,1.0000193
3699,I07,DR_20221209_143805,1786.0,0.9991013
3700,I07,DR_20221209_143805,1787.0,0.99996525
3701,I07,DR_20221209_143805,1788.0,0.99996525
3702,I07,DR_20221209_143805,1789.0,0.9998935
3703,I07,DR_20221209_143805,1790.0,0.9999333
3704,I07,DR_20221209_143805,1791.0,1.0000373
3705,I08,DR_20221209_143805,1792.0,1.0000503
3706,I08,DR_20221209_143805,1793.0,1.0000547
3707,I08,DR_20221209_143805,1794.0,1.0000495
3708,I08,DR_20221209_143805,1795.0,1.0000844
3709,I08,DR_20221209_143805,1796.0,0.9999661
3710,I08,DR_20221209_143805,1797.0,0.99996525
3711,I08,DR_20221209_143805,1798.0,0.9999116
3712,I08,DR_20221209_143805,1799.0,0.9999349
3713,I08,DR_20221209_143805,1800.0,1.0001068
3714,I09,DR_20221209_143805,1801.0,0.9999661
3715,I09,DR_20221209_143805,1802.0,1.000052
3716,I09,DR_20221209_143805,1803.0,1.000151
3717,I09,DR_20221209_143805,1804.0,0.9998832
3718,I09,DR_20221209_143805,1805.0,0.99826264
3719,I09,DR_20221209_143805,1806.0,0.99669635
3720,I09,DR_20221209_143805,1807.0,0.999935
3721,I09,DR_20221209_143805,1808.0,0.9949792
3722,I09,DR_20221209_143805,1809.0,1.0010654
3723,I10,DR_20221209_143805,1810.0,1.0014734
3724,I10,DR_20221209_143805,1811.0,1.0011295
3725,I10,DR_20221209_143805,1812.0,0.9998635
3726,I10,DR_20221209_143805,1813.0,0.9998718
3727,I10,DR_20221209_143805,1814.0,1.0040944
3728,I10,DR_20221209_143805,1815.0,0.9997924
3729,I10,DR_20221209_143805,1816.0,0.99996525
3730,I10,DR_20221209_143805,1817.0,0.99925864
3731,I10,DR_20221209_143805,1818.0,0.9999013
3732,I11,DR_20221209_143805,1819.0,1.0000157
3733,I11,DR_20221209_143805,1820.0,1.0014426
3734,I11,DR_20221209_143805,1821.0,0.9999503
3735,I11,DR_20221209_143805,1822.0,1.0002038
3736,I11,DR_20221209_143805,1823.0,1.0015109
3737,I11,DR_20221209_143805,1824.0,0.9999341
3738,I11,DR_20221209_143805,1825.0,0.9999202
3739,I11,DR_20221209_143805,1826.0,1.0014719
3740,I11,DR_20221209_143805,1827.0,1.000128
3741,I12,DR_20221209_143805,1828.0,1.0002186
3742,I12,DR_20221209_143805,1829.0,0.999736
3743,I12,DR_20221209_143805,1830.0,1.000063
3744,I12,DR_20221209_143805,1831.0,0.9999576
3745,I12,DR_20221209_143805,1832.0,0.99692565
3746,I12,DR_20221209_143805,1833.0,1.0001266
3747,I12,DR_20221209_143805,1834.0,1.0028862
3748,I12,DR_20221209_143805,1835.0,0.9995303
3749,I12,DR_20221209_143805,1836.0,0.99980116
3750,I13,DR_20221209_143805,1837.0,0.9999263
3751,I13,DR_20221209_143805,1838.0,1.0000547
3752,I13,DR_20221209_143805,1839.0,1.0000757
3753,I13,DR_20221209_143805,1840.0,0.99225783
3754,I13,DR_20221209_143805,1841.0,0.9999881
3755,I13,DR_20221209_143805,1842.0,1.0032468
3756,I13,DR_20221209_143805,1843.0,1.0000373
3757,I13,DR_20221209_143805,1844.0,0.9938916
3758,I13,DR_20221209_143805,1845.0,1.0000306
3759,I14,DR_20221209_143805,1846.0,0.99993336
3760,I14,DR_20221209_143805,1847.0,0.99916583
3761,I14,DR_20221209_143805,1848.0,0.9964684
3762,I14,DR_20221209_143805,1849.0,1.0003465
3763,I14,DR_20221209_143805,1850.0,0.99396074
3764,I14,DR_20221209_143805,1851.0,0.99983984
3765,I14,DR_20221209_143805,1852.0,0.9977163
3766,I14,DR_20221209_143805,1853.0,1.001575
3767,I14,DR_20221209_143805,1854.0,1.000065
3768,I15,DR_20221209_143805,1855.0,1.0001789
3769,I15,DR_20221209_143805,1856.0,1.0001816
3770,I15,DR_20221209_143805,1857.0,0.9994387
3771,I15,DR_20221209_143805,1858.0,1.0001074
3772,I15,DR_20221209_143805,1859.0,1.0008521
3773,I15,DR_20221209_143805,1860.0,0.9998694
3774,I15,DR_20221209_143805,1861.0,1.0001254
3775,I15,DR_20221209_143805,1862.0,0.99996924
3776,I15,DR_20221209_143805,1863.0,1.0004364
3777,I16,DR_20221209_143805,1864.0,1.0001695
3778,I16,DR_20221209_143805,1865.0,1.00014
3779,I16,DR_20221209_143805,1866.0,1.0053593
3780,I16,DR_20221209_143805,1867.0,0.99993825
3781,I16,DR_20221209_143805,1868.0,0.4056118
3782,I16,DR_20221209_143805,1869.0,1.0002117
3783,I16,DR_20221209_143805,1870.0,0.99961364
3784,I16,DR_20221209_143805,1871.0,0.99304956
3785,I16,DR_20221209_143805,1872.0,1.0053474
3786,I17,DR_20221209_143805,1873.0,1.0030152
3787,I17,DR_20221209_143805,1874.0,0.9998951
3788,I17,DR_20221209_143805,1875.0,0.9885001
3789,I17,DR_20221209_143805,1876.0,1.0000361
3790,I17,DR_20221209_143805,1877.0,0.99980974
3791,I17,DR_20221209_143805,1878.0,0.99981457
3792,I17,DR_20221209_143805,1879.0,1.0000635
3793,I17,DR_20221209_143805,1880.0,0.9999219
3794,I17,DR_20221209_143805,1881.0,0.9999313
3795,I18,DR_20221209_143805,1882.0,1.000659
3796,I18,DR_20221209_143805,1883.0,1.0012835
3797,I18,DR_20221209_143805,1884.0,1.002095
3798,I18,DR_20221209_143805,1885.0,0.9999968
3799,I18,DR_20221209_143805,1886.0,1.001445
3800,I18,DR_20221209_143805,1887.0,1.0001444
3801,I18,DR_20221209_143805,1888.0,0.99992824
3802,I18,DR_20221209_143805,1889.0,1.00021
3803,I18,DR_20221209_143805,1890.0,1.0005599
3804,I19,DR_20221209_143805,1891.0,1.0000585
3805,I19,DR_20221209_143805,1892.0,0.99911577
3806,I19,DR_20221209_143805,1893.0,1.0001926
3807,I19,DR_20221209_143805,1894.0,1.0000312
3808,I19,DR_20221209_143805,1895.0,1.0000187
3809,I19,DR_20221209_143805,1896.0,1.0000495
3810,I19,DR_20221209_143805,1897.0,0.9999068
3811,I19,DR_20221209_143805,1898.0,0.999839
3812,I19,DR_20221209_143805,1899.0,0.999942
3813,I20,DR_20221209_143805,1900.0,1.0000684
3814,I20,DR_20221209_143805,1901.0,0.9999077
3815,I20,DR_20221209_143805,1902.0,1.000151
3816,I20,DR_20221209_143805,1903.0,1.0000361
3817,I20,DR_20221209_143805,1904.0,0.9998125
3818,I20,DR_20221209_143805,1905.0,0.9999341
3819,I20,DR_20221209_143805,1906.0,1.0002097
3820,I20,DR_20221209_143805,1907.0,0.99981445
3821,I20,DR_20221209_143805,1908.0,1.0000315
3822,I21,DR_20221209_143805,1909.0,1.0001488
3823,I21,DR_20221209_143805,1910.0,0.9999446
3824,I21,DR_20221209_143805,1911.0,1.0006348
3825,I21,DR_20221209_143805,1912.0,0.9999441
3826,I21,DR_20221209_143805,1913.0,1.0002595
3827,I21,DR_20221209_143805,1914.0,1.000128
3828,I21,DR_20221209_143805,1915.0,1.0001699
3829,I21,DR_20221209_143805,1916.0,1.0002187
3830,I21,DR_20221209_143805,1917.0,1.0000547
3831,I22,DR_20221209_143805,1918.0,0.9952223
3832,I22,DR_20221209_143805,1919.0,0.999981
3833,I22,DR_20221209_143805,1920.0,1.0003291
3834,I22,DR_20221209_143805,1921.0,1.0004143
3835,I22,DR_20221209_143805,1922.0,1.0044763
3836,I22,DR_20221209_143805,1923.0,1.0003346
3837,I22,DR_20221209_143805,1924.0,1.006247
3838,I22,DR_20221209_143805,1925.0,1.0000283
3839,I22,DR_20221209_143805,1926.0,1.0001283
3876,J03,DR_20221209_143805,1963.0,0.9974227
3877,J03,DR_20221209_143805,1964.0,0.99625045
3878,J03,DR_20221209_143805,1965.0,1.0000817
3879,J03,DR_20221209_143805,1966.0,0.9016838
3880,J03,DR_20221209_143805,1967.0,0.99986935
3881,J03,DR_20221209_143805,1968.0,0.95883983
3882,J03,DR_20221209_143805,1969.0,0.049085513
3883,J03,DR_20221209_143805,1970.0,0.900335
3884,J04,DR_20221209_143805,1971.0,0.9999143
3885,J04,DR_20221209_143805,1972.0,0.99990475
3886,J04,DR_20221209_143805,1973.0,0.999717
3887,J04,DR_20221209_143805,1974.0,1.0000315
3888,J04,DR_20221209_143805,1975.0,1.0014669
3889,J04,DR_20221209_143805,1976.0,0.9999658
3890,J04,DR_20221209_143805,1977.0,0.9999341
3891,J04,DR_20221209_143805,1978.0,0.99934727
3892,J04,DR_20221209_143805,1979.0,0.9996894
3893,J05,DR_20221209_143805,1980.0,0.99996525
3894,J05,DR_20221209_143805,1981.0,0.99995136
3895,J05,DR_20221209_143805,1982.0,1.0000266
3896,J05,DR_20221209_143805,1983.0,1.0000491
3897,J05,DR_20221209_143805,1984.0,1.000155
3898,J05,DR_20221209_143805,1985.0,0.9999432
3899,J05,DR_20221209_143805,1986.0,1.0001854
3900,J05,DR_20221209_143805,1987.0,1.0000144
3901,J05,DR_20221209_143805,1988.0,1.0000193
3902,J06,DR_20221209_143805,1989.0,0.9999341
3903,J06,DR_20221209_143805,1990.0,0.999717
3904,J06,DR_20221209_143805,1991.0,0.9999537
3905,J06,DR_20221209_143805,1992.0,1.0001159
3906,J06,DR_20221209_143805,1993.0,0.9999359
3907,J06,DR_20221209_143805,1994.0,0.9999661
3908,J06,DR_20221209_143805,1995.0,1.0001881
3909,J06,DR_20221209_143805,1996.0,0.9999531
3910,J06,DR_20221209_143805,1997.0,1.0001559
3911,J07,DR_20221209_143805,1998.0,1.0001676
3912,J07,DR_20221209_143805,1999.0,0.99999666
3913,J07,DR_20221209_143805,2000.0,0.9998303
3914,J07,DR_20221209_143805,2001.0,1.0000144
3915,J07,DR_20221209_143805,2002.0,0.99996525
3916,J07,DR_20221209_143805,2003.0,0.9999428
3917,J07,DR_20221209_143805,2004.0,0.9999428
3918,J07,DR_20221209_143805,2005.0,0.99992764
3919,J07,DR_20221209_143805,2006.0,1.000169
3920,J08,DR_20221209_143805,2007.0,0.9999402
3921,J08,DR_20221209_143805,2008.0,0.9996968
3922,J08,DR_20221209_143805,2009.0,0.9997548
3923,J08,DR_20221209_143805,2010.0,1.0001436
3924,J08,DR_20221209_143805,2011.0,1.0041982
3925,J08,DR_20221209_143805,2012.0,0.9998748
3926,J08,DR_20221209_143805,2013.0,0.99302584
3927,J08,DR_20221209_143805,2014.0,0.9999176
3928,J08,DR_20221209_143805,2015.0,1.000072
3929,J09,DR_20221209_143805,2016.0,0.99991333
3930,J09,DR_20221209_143805,2017.0,0.9999821
3931,J09,DR_20221209_143805,2018.0,1.0001688
3932,J09,DR_20221209_143805,2019.0,1.0001012
3933,J09,DR_20221209_143805,2020.0,0.99675477
3934,J09,DR_20221209_143805,2021.0,0.9999305
3935,J09,DR_20221209_143805,2022.0,0.99994826
3936,J09,DR_20221209_143805,2023.0,0.90717196
3937,J09,DR_20221209_143805,2024.0,1.000151
3938,J10,DR_20221209_143805,2025.0,0.99993175
3939,J10,DR_20221209_143805,2026.0,0.9999651
3940,J10,DR_20221209_143805,2027.0,1.0001699
3941,J10,DR_20221209_143805,2028.0,0.99983
3942,J10,DR_20221209_143805,2029.0,0.9999661
3943,J10,DR_20221209_143805,2030.0,0.9999085
3944,J10,DR_20221209_143805,2031.0,0.9999531
3945,J10,DR_20221209_143805,2032.0,0.9998897
3946,J10,DR_20221209_143805,2033.0,0.999756
3947,J11,DR_20221209_143805,2034.0,0.99933183
3948,J11,DR_20221209_143805,2035.0,0.99982756
3949,J11,DR_20221209_143805,2036.0,1.0004226
3950,J11,DR_20221209_143805,2037.0,1.0004027
3951,J11,DR_20221209_143805,2038.0,0.40426713
3952,J11,DR_20221209_143805,2039.0,1.000033
3953,J11,DR_20221209_143805,2040.0,1.0002034
3954,J11,DR_20221209_143805,2041.0,1.0002228
3955,J11,DR_20221209_143805,2042.0,1.0010986
3956,J12,DR_20221209_143805,2043.0,0.99993384
3957,J12,DR_20221209_143805,2044.0,0.99975413
3958,J12,DR_20221209_143805,2045.0,0.99971867
3959,J12,DR_20221209_143805,2046.0,0.9999571
3960,J12,DR_20221209_143805,2047.0,0.9959606
3961,J12,DR_20221209_143805,2048.0,1.0001351
3962,J12,DR_20221209_143805,2049.0,1.0001839
3963,J12,DR_20221209_143805,2050.0,1.000151
3964,J12,DR_20221209_143805,2051.0,1.0001296
3965,J13,DR_20221209_143805,2052.0,1.0002296
3966,J13,DR_20221209_143805,2053.0,1.0022494
3967,J13,DR_20221209_143805,2054.0,0.99984735
3968,J13,DR_20221209_143805,2055.0,1.0016514
3969,J13,DR_20221209_143805,2056.0,1.0001258
3970,J13,DR_20221209_143805,2057.0,1.001348
3971,J13,DR_20221209_143805,2058.0,0.99634814
3972,J13,DR_20221209_143805,2059.0,0.999891
3973,J13,DR_20221209_143805,2060.0,1.000188
3974,J14,DR_20221209_143805,2061.0,1.0020868
3975,J14,DR_20221209_143805,2062.0,0.97371686
3976,J14,DR_20221209_143805,2063.0,0.99996626
3977,J14,DR_20221209_143805,2064.0,0.974388
3978,J14,DR_20221209_143805,2065.0,0.9963775
3979,J14,DR_20221209_143805,2066.0,0.99898803
3980,J14,DR_20221209_143805,2067.0,1.0004531
3981,J14,DR_20221209_143805,2068.0,1.0002102
3982,J14,DR_20221209_143805,2069.0,0.99793345
3983,J15,DR_20221209_143805,2070.0,1.0002034
3984,J15,DR_20221209_143805,2071.0,0.9778506
3985,J15,DR_20221209_143805,2072.0,0.996278
3986,J15,DR_20221209_143805,2073.0,0.3041895
3987,J15,DR_20221209_143805,2074.0,0.9923197
3988,J15,DR_20221209_143805,2075.0,0.9992665
3989,J15,DR_20221209_143805,2076.0,1.0005182
3990,J15,DR_20221209_143805,2077.0,1.0001792
3991,J15,DR_20221209_143805,2078.0,0.9994362
3992,J16,DR_20221209_143805,2079.0,1.0002326
3993,J16,DR_20221209_143805,2080.0,1.0001304
3994,J16,DR_20221209_143805,2081.0,0.99976903
3995,J16,DR_20221209_143805,2082.0,0.9972204
3996,J16,DR_20221209_143805,2083.0,0.9996338
3997,J16,DR_20221209_143805,2084.0,1.000151
3998,J16,DR_20221209_143805,2085.0,0.99986696
3999,J16,DR_20221209_143805,2086.0,0.99955255
4000,J16,DR_20221209_143805,2087.0,1.0007573
4001,J17,DR_20221209_143805,2088.0,1.0091224
4002,J17,DR_20221209_143805,2089.0,0.9972168
4003,J17,DR_20221209_143805,2090.0,0.99809945
4004,J17,DR_20221209_143805,2091.0,0.048955925
4005,J17,DR_20221209_143805,2092.0,1.0020286
4006,J17,DR_20221209_143805,2093.0,0.9985609
4007,J17,DR_20221209_143805,2094.0,0.9999039
4008,J17,DR_20221209_143805,2095.0,1.0000906
4009,J17,DR_20221209_143805,2096.0,1.0016321
4010,J18,DR_20221209_143805,2097.0,1.0002291
4011,J18,DR_20221209_143805,2098.0,0.9922805
4012,J18,DR_20221209_143805,2099.0,1.0000241
4013,J18,DR_20221209_143805,2100.0,1.0002296
4014,J18,DR_20221209_143805,2101.0,0.99994713
4015,J18,DR_20221209_143805,2102.0,0.9999069
4016,J18,DR_20221209_143805,2103.0,0.9999116
4017,J18,DR_20221209_143805,2104.0,0.99989027
4018,J18,DR_20221209_143805,2105.0,0.99875915
4019,J19,DR_20221209_143805,2106.0,1.000188
4020,J19,DR_20221209_143805,2107.0,1.0002002
4021,J19,DR_20221209_143805,2108.0,1.0001223
4022,J19,DR_20221209_143805,2109.0,1.0001627
4023,J19,DR_20221209_143805,2110.0,0.99996525
4024,J19,DR_20221209_143805,2111.0,0.99975413
4025,J19,DR_20221209_143805,2112.0,1.0002017
4026,J19,DR_20221209_143805,2113.0,1.0043812
4027,J19,DR_20221209_143805,2114.0,0.9998453
4028,J20,DR_20221209_143805,2115.0,1.0002345
4029,J20,DR_20221209_143805,2116.0,1.0000315
4030,J20,DR_20221209_143805,2117.0,0.99983245
4031,J20,DR_20221209_143805,2118.0,0.9999798
4032,J20,DR_20221209_143805,2119.0,0.99994713
4033,J20,DR_20221209_143805,2120.0,0.99992466
4034,J20,DR_20221209_143805,2121.0,0.99965453
4035,J20,DR_20221209_143805,2122.0,0.9999905
4036,J20,DR_20221209_143805,2123.0,0.995046
4037,J21,DR_20221209_143805,2124.0,1.0001888
4038,J21,DR_20221209_143805,2125.0,1.0000495
4039,J21,DR_20221209_143805,2126.0,1.0006039
4040,J21,DR_20221209_143805,2127.0,0.99986696
4041,J21,DR_20221209_143805,2128.0,0.99987584
4042,J21,DR_20221209_143805,2129.0,0.9999116
4043,J21,DR_20221209_143805,2130.0,1.0002577
4044,J21,DR_20221209_143805,2131.0,1.0001532
4045,J21,DR_20221209_143805,2132.0,0.99930745
4046,J22,DR_20221209_143805,2133.0,0.4722909
4047,J22,DR_20221209_143805,2134.0,1.0000867
4048,J22,DR_20221209_143805,2135.0,0.99968
4049,J22,DR_20221209_143805,2136.0,1.0001816
4050,J22,DR_20221209_143805,2137.0,0.99993837
4051,J22,DR_20221209_143805,2138.0,1.0000223
4052,J22,DR_20221209_143805,2139.0,1.0002558
4053,J22,DR_20221209_143805,2140.0,1.0001627
4054,J22,DR_20221209_143805,2141.0,0.99988586
4091,K04,DR_20221209_143805,2187.0,0.9999341
4092,K04,DR_20221209_143805,2188.0,0.9999341
4093,K04,DR_20221209_143805,2189.0,1.0000495
4094,K04,DR_20221209_143805,2190.0,0.9999503
4095,K04,DR_20221209_143805,2191.0,1.0000062
4096,K04,DR_20221209_143805,2192.0,0.99990207
4097,K04,DR_20221209_143805,2193.0,0.9999116
4098,K04,DR_20221209_143805,2194.0,0.9999349
4099,K04,DR_20221209_143805,2195.0,1.0003346
4100,K05,DR_20221209_143805,2196.0,0.99996525
4101,K05,DR_20221209_143805,2197.0,0.9999432
4102,K05,DR_20221209_143805,2198.0,1.0000373
4103,K05,DR_20221209_143805,2199.0,0.9999821
4104,K05,DR_20221209_143805,2200.0,0.99995136
4105,K05,DR_20221209_143805,2201.0,0.99993247
4106,K05,DR_20221209_143805,2202.0,1.0002567
4107,K05,DR_20221209_143805,2203.0,0.9980824
4108,K05,DR_20221209_143805,2204.0,0.9983647
4109,K06,DR_20221209_143805,2205.0,0.9999408
4110,K06,DR_20221209_143805,2206.0,0.9999341
4111,K06,DR_20221209_143805,2207.0,1.0000193
4112,K06,DR_20221209_143805,2208.0,1.0000373
4113,K06,DR_20221209_143805,2209.0,0.9999237
4114,K06,DR_20221209_143805,2210.0,0.99992466
4115,K06,DR_20221209_143805,2211.0,0.9999034
4116,K06,DR_20221209_143805,2212.0,1.0002165
4117,K06,DR_20221209_143805,2213.0,1.0001627
4118,K07,DR_20221209_143805,2214.0,1.0002165
4119,K07,DR_20221209_143805,2215.0,1.0000193
4120,K07,DR_20221209_143805,2216.0,0.9996831
4121,K07,DR_20221209_143805,2217.0,1.0002097
4122,K07,DR_20221209_143805,2218.0,0.99996525
4123,K07,DR_20221209_143805,2219.0,0.99992466
4124,K07,DR_20221209_143805,2220.0,0.83444124
4125,K07,DR_20221209_143805,2221.0,0.9999661
4126,K07,DR_20221209_143805,2222.0,1.0002187
4127,K08,DR_20221209_143805,2223.0,0.63840836
4128,K08,DR_20221209_143805,2224.0,0.995123
4129,K08,DR_20221209_143805,2225.0,1.000075
4130,K08,DR_20221209_143805,2226.0,0.99556345
4131,K08,DR_20221209_143805,2227.0,0.9986629
4132,K08,DR_20221209_143805,2228.0,1.0001999
4133,K08,DR_20221209_143805,2229.0,1.0001793
4134,K08,DR_20221209_143805,2230.0,1.0002632
4135,K08,DR_20221209_143805,2231.0,1.0001066
4136,K09,DR_20221209_143805,2232.0,0.99996525
4137,K09,DR_20221209_143805,2233.0,0.99982995
4138,K09,DR_20221209_143805,2234.0,1.001484
4139,K09,DR_20221209_143805,2235.0,0.9997481
4140,K09,DR_20221209_143805,2236.0,0.39444104
4141,K09,DR_20221209_143805,2237.0,0.991801
4142,K09,DR_20221209_143805,2238.0,0.9999219
4143,K09,DR_20221209_143805,2239.0,1.0000997
4144,K09,DR_20221209_143805,2240.0,1.0012525
4145,K10,DR_20221209_143805,2241.0,1.0027324
4146,K10,DR_20221209_143805,2242.0,0.99819285
4147,K10,DR_20221209_143805,2243.0,1.0020819
4148,K10,DR_20221209_143805,2244.0,1.0001363
4149,K10,DR_20221209_143805,2245.0,0.9983539
4150,K10,DR_20221209_143805,2246.0,0.99990433
4151,K10,DR_20221209_143805,2247.0,0.9999346
4152,K10,DR_20221209_143805,2248.0,0.9998952
4153,K10,DR_20221209_143805,2249.0,0.99753684
4154,K11,DR_20221209_143805,2250.0,0.99993247
4155,K11,DR_20221209_143805,2251.0,0.99981385
4156,K11,DR_20221209_143805,2252.0,0.9983773
4157,K11,DR_20221209_143805,2253.0,1.0000358
4158,K11,DR_20221209_143805,2254.0,0.99985176
4159,K11,DR_20221209_143805,2255.0,0.99983394
4160,K11,DR_20221209_143805,2256.0,0.9999171
4161,K11,DR_20221209_143805,2257.0,1.0001047
4162,K11,DR_20221209_143805,2258.0,0.9995571
4163,K12,DR_20221209_143805,2259.0,0.99996036
4164,K12,DR_20221209_143805,2260.0,0.99992037
4165,K12,DR_20221209_143805,2261.0,1.0002898
4166,K12,DR_20221209_143805,2262.0,1.0000305
4167,K12,DR_20221209_143805,2263.0,0.9975147
4168,K12,DR_20221209_143805,2264.0,1.0014669
4169,K12,DR_20221209_143805,2265.0,0.99996287
4170,K12,DR_20221209_143805,2266.0,1.000009
4171,K12,DR_20221209_143805,2267.0,1.0001266
4172,K14,DR_20221209_143805,2277.0,1.0000348
4173,K14,DR_20221209_143805,2278.0,0.995456
4174,K14,DR_20221209_143805,2279.0,1.0001024
4175,K14,DR_20221209_143805,2280.0,0.9977483
4176,K14,DR_20221209_143805,2281.0,0.9473193
4177,K14,DR_20221209_143805,2282.0,1.0000887
4178,K14,DR_20221209_143805,2283.0,0.9999203
4179,K14,DR_20221209_143805,2284.0,1.000151
4180,K14,DR_20221209_143805,2285.0,1.0000899
4181,K18,DR_20221209_143805,2313.0,0.9991995
4182,K18,DR_20221209_143805,2314.0,0.9999757
4183,K18,DR_20221209_143805,2315.0,1.0012705
4184,K18,DR_20221209_143805,2316.0,0.9381072
4185,K18,DR_20221209_143805,2317.0,0.39400497
4186,K18,DR_20221209_143805,2318.0,0.99391633
4187,K18,DR_20221209_143805,2319.0,1.0000983
4188,K18,DR_20221209_143805,2320.0,1.0001975
4189,K18,DR_20221209_143805,2321.0,0.99600434
4190,K19,DR_20221209_143805,2322.0,1.0000869
4191,K19,DR_20221209_143805,2323.0,1.000075
4192,K19,DR_20221209_143805,2324.0,1.0015335
4193,K19,DR_20221209_143805,2325.0,1.0008836
4194,K19,DR_20221209_143805,2326.0,0.9998142
4195,K19,DR_20221209_143805,2327.0,1.00017
4196,K19,DR_20221209_143805,2328.0,0.99990314
4197,K19,DR_20221209_143805,2329.0,0.99989396
4198,K19,DR_20221209_143805,2330.0,0.9999571
4199,K20,DR_20221209_143805,2331.0,1.0001816
4200,K20,DR_20221209_143805,2332.0,0.9999913
4201,K20,DR_20221209_143805,2333.0,0.9999613
4202,K20,DR_20221209_143805,2334.0,1.0001737
4203,K20,DR_20221209_143805,2335.0,1.0000454
4204,K20,DR_20221209_143805,2336.0,0.9998541
4205,K20,DR_20221209_143805,2337.0,0.9999219
4206,K20,DR_20221209_143805,2338.0,0.9999116
4207,K20,DR_20221209_143805,2339.0,1.0000373
4208,K21,DR_20221209_143805,2340.0,1.000198
4209,K21,DR_20221209_143805,2341.0,1.0001018
4210,K21,DR_20221209_143805,2342.0,1.0002089
4211,K21,DR_20221209_143805,2343.0,0.99989855
4212,K21,DR_20221209_143805,2344.0,1.0001689
4213,K21,DR_20221209_143805,2345.0,1.0001336
4214,K21,DR_20221209_143805,2346.0,1.0001699
4215,K21,DR_20221209_143805,2347.0,1.0002534
4216,K21,DR_20221209_143805,2348.0,1.0019095
4217,K22,DR_20221209_143805,2349.0,0.9648569
4218,K22,DR_20221209_143805,2350.0,1.0001339
4219,K22,DR_20221209_143805,2351.0,1.0001119
4220,K22,DR_20221209_143805,2352.0,1.000075
4221,K22,DR_20221209_143805,2353.0,1.000146
4222,K22,DR_20221209_143805,2354.0,1.000122
4223,K22,DR_20221209_143805,2355.0,1.000151
4224,K22,DR_20221209_143805,2356.0,1.0002116
4225,K22,DR_20221209_143805,2357.0,1.0000495
4262,L04,DR_20221209_143805,2403.0,0.99992377
4263,L04,DR_20221209_143805,2404.0,0.9999341
4264,L04,DR_20221209_143805,2405.0,1.0000147
4265,L04,DR_20221209_143805,2406.0,1.0000193
4266,L04,DR_20221209_143805,2407.0,0.99996525
4267,L04,DR_20221209_143805,2408.0,0.99995136
4268,L04,DR_20221209_143805,2409.0,0.99991137
4269,L04,DR_20221209_143805,2410.0,0.9999341
4270,L04,DR_20221209_143805,2411.0,1.0002179
4271,L05,DR_20221209_143805,2412.0,0.99995136
4272,L05,DR_20221209_143805,2413.0,0.99995494
4273,L05,DR_20221209_143805,2414.0,1.0000582
4274,L05,DR_20221209_143805,2415.0,1.0000315
4275,L05,DR_20221209_143805,2416.0,1.0002303
4276,L05,DR_20221209_143805,2417.0,0.99996525
4277,L05,DR_20221209_143805,2418.0,0.99989855
4278,L05,DR_20221209_143805,2419.0,1.0002002
4279,L05,DR_20221209_143805,2420.0,1.000169
4280,L06,DR_20221209_143805,2421.0,0.9999349
4281,L06,DR_20221209_143805,2422.0,0.99998903
4282,L06,DR_20221209_143805,2423.0,1.0003346
4283,L06,DR_20221209_143805,2424.0,1.0001822
4284,L06,DR_20221209_143805,2425.0,0.99987864
4285,L06,DR_20221209_143805,2426.0,0.99996525
4286,L06,DR_20221209_143805,2427.0,0.9999341
4287,L06,DR_20221209_143805,2428.0,0.9999333
4288,L06,DR_20221209_143805,2429.0,1.0000193
4289,L07,DR_20221209_143805,2430.0,0.999268
4290,L07,DR_20221209_143805,2431.0,0.99373347
4291,L07,DR_20221209_143805,2432.0,0.97144854
4292,L07,DR_20221209_143805,2433.0,0.99948806
4293,L07,DR_20221209_143805,2434.0,0.99472475
4294,L07,DR_20221209_143805,2435.0,0.9999423
4295,L07,DR_20221209_143805,2436.0,1.000224
4296,L07,DR_20221209_143805,2437.0,0.9999282
4297,L07,DR_20221209_143805,2438.0,0.04268063
4298,L08,DR_20221209_143805,2439.0,1.0001011
4299,L08,DR_20221209_143805,2440.0,1.0022525
4300,L08,DR_20221209_143805,2441.0,1.0000266
4301,L08,DR_20221209_143805,2442.0,1.0000293
4302,L08,DR_20221209_143805,2443.0,0.99998075
4303,L08,DR_20221209_143805,2444.0,0.9997924
4304,L08,DR_20221209_143805,2445.0,0.9999013
4305,L08,DR_20221209_143805,2446.0,0.9998628
4306,L08,DR_20221209_143805,2447.0,1.0000983
4307,L09,DR_20221209_143805,2448.0,0.9999531
4308,L09,DR_20221209_143805,2449.0,1.000442
4309,L09,DR_20221209_143805,2450.0,1.010465
4310,L09,DR_20221209_143805,2451.0,1.001476
4311,L09,DR_20221209_143805,2452.0,0.99996525
4312,L09,DR_20221209_143805,2453.0,0.99993795
4313,L09,DR_20221209_143805,2454.0,0.9998633
4314,L09,DR_20221209_143805,2455.0,0.9999203
4315,L09,DR_20221209_143805,2456.0,1.000151
4316,L10,DR_20221209_143805,2457.0,0.9999064
4317,L10,DR_20221209_143805,2458.0,0.9997904
4318,L10,DR_20221209_143805,2459.0,1.000007
4319,L10,DR_20221209_143805,2460.0,1.0000192
4320,L10,DR_20221209_143805,2461.0,0.999892
4321,L10,DR_20221209_143805,2462.0,0.99995494
4322,L10,DR_20221209_143805,2463.0,0.9999483
4323,L10,DR_20221209_143805,2464.0,0.999747
4324,L10,DR_20221209_143805,2465.0,1.0001578
4325,L11,DR_20221209_143805,2466.0,0.99992824
4326,L11,DR_20221209_143805,2467.0,0.99546164
4327,L11,DR_20221209_143805,2468.0,1.000169
4328,L11,DR_20221209_143805,2469.0,1.0001012
4329,L11,DR_20221209_143805,2470.0,0.99975353
4330,L11,DR_20221209_143805,2471.0,0.99984926
4331,L11,DR_20221209_143805,2472.0,0.9999129
4332,L11,DR_20221209_143805,2473.0,1.0009892
4333,L11,DR_20221209_143805,2474.0,0.9999955
4334,L12,DR_20221209_143805,2475.0,1.0002615
4335,L12,DR_20221209_143805,2476.0,0.9999221
4336,L12,DR_20221209_143805,2477.0,0.9996863
4337,L12,DR_20221209_143805,2478.0,1.0059587
4338,L12,DR_20221209_143805,2479.0,1.0000446
4339,L12,DR_20221209_143805,2480.0,0.9998187
4340,L12,DR_20221209_143805,2481.0,1.000519
4341,L12,DR_20221209_143805,2482.0,0.99989355
4342,L12,DR_20221209_143805,2483.0,1.0001699
4343,L13,DR_20221209_143805,2484.0,1.0001018
4344,L13,DR_20221209_143805,2485.0,0.9956222
4345,L13,DR_20221209_143805,2486.0,1.0001868
4346,L13,DR_20221209_143805,2487.0,1.0002097
4347,L13,DR_20221209_143805,2488.0,1.0000756
4348,L13,DR_20221209_143805,2489.0,1.0002048
4349,L13,DR_20221209_143805,2490.0,0.9998788
4350,L13,DR_20221209_143805,2491.0,1.0002038
4351,L13,DR_20221209_143805,2492.0,1.0005991
4352,L18,DR_20221209_143805,2529.0,1.0033437
4353,L18,DR_20221209_143805,2530.0,0.99521047
4354,L18,DR_20221209_143805,2531.0,0.92764544
4355,L18,DR_20221209_143805,2532.0,1.000145
4356,L18,DR_20221209_143805,2533.0,0.9951167
4357,L18,DR_20221209_143805,2534.0,1.0000103
4358,L18,DR_20221209_143805,2535.0,0.99998957
4359,L18,DR_20221209_143805,2536.0,1.0000192
4360,L18,DR_20221209_143805,2537.0,1.004914
4361,L19,DR_20221209_143805,2538.0,0.99993616
4362,L19,DR_20221209_143805,2539.0,1.000075
4363,L19,DR_20221209_143805,2540.0,1.0001799
4364,L19,DR_20221209_143805,2541.0,1.0000843
4365,L19,DR_20221209_143805,2542.0,1.000146
4366,L19,DR_20221209_143805,2543.0,1.0001999
4367,L19,DR_20221209_143805,2544.0,0.99995494
4368,L19,DR_20221209_143805,2545.0,0.9999341
4369,L19,DR_20221209_143805,2546.0,1.0001246
4370,L22,DR_20221209_143805,2565.0,1.0001627
4371,L22,DR_20221209_143805,2566.0,1.0001135
4372,L22,DR_20221209_143805,2567.0,0.15248181
4373,L22,DR_20221209_143805,2568.0,1.0000559
4374,L22,DR_20221209_143805,2569.0,1.0000266
4375,L22,DR_20221209_143805,2570.0,1.0000223
4376,L22,DR_20221209_143805,2571.0,0.9999034
4377,L22,DR_20221209_143805,2572.0,0.9999116
4378,L22,DR_20221209_143805,2573.0,1.000032
4415,M03,DR_20221209_143805,2610.0,0.022326889
4416,M03,DR_20221209_143805,2611.0,0.021831956
4417,M03,DR_20221209_143805,2612.0,0.0073739677
4418,M03,DR_20221209_143805,2613.0,0.053812888
4419,M03,DR_20221209_143805,2614.0,0.05299185
4420,M03,DR_20221209_143805,2615.0,0.16627677
4421,M03,DR_20221209_143805,2616.0,0.47285154
4422,M03,DR_20221209_143805,2617.0,0.056405775
4423,M03,DR_20221209_143805,2618.0,0.054255083
4424,M04,DR_20221209_143805,2619.0,0.10924941
4425,M04,DR_20221209_143805,2620.0,0.006636846
4426,M04,DR_20221209_143805,2621.0,0.00699273
4427,M04,DR_20221209_143805,2622.0,0.05477229
4428,M04,DR_20221209_143805,2623.0,0.033602685
4429,M04,DR_20221209_143805,2624.0,0.049089685
4430,M04,DR_20221209_143805,2625.0,0.0542013
4431,M04,DR_20221209_143805,2626.0,0.033698574
4432,M04,DR_20221209_143805,2627.0,0.05555463
4433,M05,DR_20221209_143805,2628.0,0.99036324
4434,M05,DR_20221209_143805,2629.0,0.9909068
4435,M05,DR_20221209_143805,2630.0,0.9911567
4436,M05,DR_20221209_143805,2631.0,0.977514
4437,M05,DR_20221209_143805,2632.0,0.99000615
4438,M05,DR_20221209_143805,2633.0,0.05463988
4439,M05,DR_20221209_143805,2634.0,0.9779253
4440,M05,DR_20221209_143805,2635.0,0.977875
4441,M05,DR_20221209_143805,2636.0,0.9004446
4442,M06,DR_20221209_143805,2637.0,0.031307623
4443,M06,DR_20221209_143805,2638.0,0.053278018
4444,M06,DR_20221209_143805,2639.0,0.049226582
4445,M06,DR_20221209_143805,2640.0,0.010054005
4446,M06,DR_20221209_143805,2641.0,0.050322894
4447,M06,DR_20221209_143805,2642.0,0.9914195
4448,M06,DR_20221209_143805,2643.0,0.9792815
4449,M06,DR_20221209_143805,2644.0,0.99112177
4450,M06,DR_20221209_143805,2645.0,0.90786344
4451,M07,DR_20221209_143805,2646.0,0.9972581
4452,M07,DR_20221209_143805,2647.0,1.003344
4453,M07,DR_20221209_143805,2648.0,0.00024407217
4454,M07,DR_20221209_143805,2649.0,0.9999935
4455,M07,DR_20221209_143805,2650.0,0.99992067
4456,M07,DR_20221209_143805,2651.0,1.0025562
4457,M07,DR_20221209_143805,2652.0,1.0013058
4458,M07,DR_20221209_143805,2653.0,0.97688764
4459,M07,DR_20221209_143805,2654.0,1.0005777
4460,M08,DR_20221209_143805,2655.0,1.0003022
4461,M08,DR_20221209_143805,2656.0,1.0001351
4462,M08,DR_20221209_143805,2657.0,0.38757777
4463,M08,DR_20221209_143805,2658.0,1.0000424
4464,M08,DR_20221209_143805,2659.0,1.0002769
4465,M08,DR_20221209_143805,2660.0,0.9998415
4466,M08,DR_20221209_143805,2661.0,1.0027162
4467,M08,DR_20221209_143805,2662.0,1.0052943
4468,M08,DR_20221209_143805,2663.0,1.0062579
4469,M09,DR_20221209_143805,2664.0,0.9999408
4470,M09,DR_20221209_143805,2665.0,0.99980414
4471,M09,DR_20221209_143805,2666.0,1.000134
4472,M09,DR_20221209_143805,2667.0,1.0003437
4473,M09,DR_20221209_143805,2668.0,0.99969584
4474,M09,DR_20221209_143805,2669.0,1.0002632
4475,M09,DR_20221209_143805,2670.0,1.0014488
4476,M09,DR_20221209_143805,2671.0,1.0002027
4477,M09,DR_20221209_143805,2672.0,1.000085
4478,M10,DR_20221209_143805,2673.0,1.0002326
4479,M10,DR_20221209_143805,2674.0,0.99648106
4480,M10,DR_20221209_143805,2675.0,0.99962896
4481,M10,DR_20221209_143805,2676.0,0.997284
4482,M10,DR_20221209_143805,2677.0,1.0004395
4483,M10,DR_20221209_143805,2678.0,1.0001999
4484,M10,DR_20221209_143805,2679.0,1.0001482
4485,M10,DR_20221209_143805,2680.0,1.0001649
4486,M10,DR_20221209_143805,2681.0,0.4371707
4487,M11,DR_20221209_143805,2682.0,0.99991214
4488,M11,DR_20221209_143805,2683.0,0.9998645
4489,M11,DR_20221209_143805,2684.0,1.0032784
4490,M11,DR_20221209_143805,2685.0,1.0456954
4491,M11,DR_20221209_143805,2686.0,0.40035388
4492,M11,DR_20221209_143805,2687.0,1.0001266
4493,M11,DR_20221209_143805,2688.0,1.0012155
4494,M11,DR_20221209_143805,2689.0,0.99987084
4495,M11,DR_20221209_143805,2690.0,0.9999923
4496,M12,DR_20221209_143805,2691.0,0.9999203
4497,M12,DR_20221209_143805,2692.0,0.99992466
4498,M12,DR_20221209_143805,2693.0,1.0001887
4499,M12,DR_20221209_143805,2694.0,0.9998722
4500,M12,DR_20221209_143805,2695.0,1.0011159
4501,M12,DR_20221209_143805,2696.0,0.99995637
4502,M12,DR_20221209_143805,2697.0,1.0001482
4503,M12,DR_20221209_143805,2698.0,1.0001603
4504,M12,DR_20221209_143805,2699.0,1.0001105
4514,N03,DR_20221209_143805,2718.0,0.02822655
4515,N03,DR_20221209_143805,2719.0,0.006634962
4516,N03,DR_20221209_143805,2720.0,1.0153568
4517,N03,DR_20221209_143805,2721.0,0.05932991
4518,N03,DR_20221209_143805,2722.0,0.053467106
4519,N03,DR_20221209_143805,2723.0,0.027472721
4520,N03,DR_20221209_143805,2724.0,0.4105262
4521,N03,DR_20221209_143805,2725.0,0.19543082
4522,N03,DR_20221209_143805,2726.0,0.99240094
4523,N04,DR_20221209_143805,2727.0,0.0064737503
4524,N04,DR_20221209_143805,2728.0,0.03888543
4525,N04,DR_20221209_143805,2729.0,0.009962281
4526,N04,DR_20221209_143805,2730.0,0.87952524
4527,N04,DR_20221209_143805,2731.0,0.053125963
4528,N04,DR_20221209_143805,2732.0,0.007170247
4529,N04,DR_20221209_143805,2733.0,0.98696667
4530,N04,DR_20221209_143805,2734.0,0.058835752
4531,N04,DR_20221209_143805,2735.0,0.8920608
4532,N05,DR_20221209_143805,2736.0,0.38553333
4533,N05,DR_20221209_143805,2737.0,0.02905877
4534,N05,DR_20221209_143805,2738.0,0.013922164
4535,N05,DR_20221209_143805,2739.0,0.03577044
4536,N05,DR_20221209_143805,2740.0,0.0604275
4537,N05,DR_20221209_143805,2741.0,0.011433157
4538,N05,DR_20221209_143805,2742.0,0.8739979
4539,N05,DR_20221209_143805,2743.0,0.037441727
4540,N05,DR_20221209_143805,2744.0,0.9911917
4541,N06,DR_20221209_143805,2745.0,0.024618559
4542,N06,DR_20221209_143805,2746.0,0.9853963
4543,N06,DR_20221209_143805,2747.0,0.8616719
4544,N06,DR_20221209_143805,2748.0,1.0004647
4545,N06,DR_20221209_143805,2749.0,0.99061906
4546,N06,DR_20221209_143805,2750.0,0.0658379
4547,N06,DR_20221209_143805,2751.0,0.088140585
4548,N06,DR_20221209_143805,2752.0,0.99977106
4549,N06,DR_20221209_143805,2753.0,0.991544
4550,N07,DR_20221209_143805,2754.0,0.99657327
4551,N07,DR_20221209_143805,2755.0,0.99967295
4552,N07,DR_20221209_143805,2756.0,0.7744797
4553,N07,DR_20221209_143805,2757.0,0.7536537
4554,N07,DR_20221209_143805,2758.0,0.99931806
4555,N07,DR_20221209_143805,2759.0,0.99712837
4556,N07,DR_20221209_143805,2760.0,0.9967139
4557,N07,DR_20221209_143805,2761.0,1.0014938
4558,N07,DR_20221209_143805,2762.0,0.9997509
4559,N08,DR_20221209_143805,2763.0,0.99991417
4560,N08,DR_20221209_143805,2764.0,1.0001049
4561,N08,DR_20221209_143805,2765.0,1.00079
4562,N08,DR_20221209_143805,2766.0,1.0002154
4563,N08,DR_20221209_143805,2767.0,1.0000626
4564,N08,DR_20221209_143805,2768.0,0.6285502
4565,N08,DR_20221209_143805,2769.0,1.0058775
4566,N08,DR_20221209_143805,2770.0,0.99991965
4567,N08,DR_20221209_143805,2771.0,1.0001183
4568,N09,DR_20221209_143805,2772.0,0.29350102
4569,N09,DR_20221209_143805,2773.0,0.9952587
4570,N09,DR_20221209_143805,2774.0,1.0103526
4571,N09,DR_20221209_143805,2775.0,0.9997762
4572,N09,DR_20221209_143805,2776.0,0.30766636
4573,N09,DR_20221209_143805,2777.0,0.4676875
4574,N09,DR_20221209_143805,2778.0,0.47373122
4575,N09,DR_20221209_143805,2779.0,0.47010002
4576,N09,DR_20221209_143805,2780.0,0.99573356
4577,N10,DR_20221209_143805,2781.0,1.0001371
4578,N10,DR_20221209_143805,2782.0,0.9999433
4579,N10,DR_20221209_143805,2783.0,1.0061058
4580,N10,DR_20221209_143805,2784.0,1.000339
4581,N10,DR_20221209_143805,2785.0,1.0000405
4582,N10,DR_20221209_143805,2786.0,1.0003946
4583,N10,DR_20221209_143805,2787.0,1.0006865
4584,N10,DR_20221209_143805,2788.0,1.0002757
4585,N10,DR_20221209_143805,2789.0,0.9991749
4586,N11,DR_20221209_143805,2790.0,0.9999219
4587,N11,DR_20221209_143805,2791.0,0.9997153
4588,N11,DR_20221209_143805,2792.0,1.0010221
4589,N11,DR_20221209_143805,2793.0,1.0001647
4590,N11,DR_20221209_143805,2794.0,0.9989731
4591,N11,DR_20221209_143805,2795.0,0.99987763
4592,N11,DR_20221209_143805,2796.0,1.0001067
4593,N11,DR_20221209_143805,2797.0,1.0001534
4594,N11,DR_20221209_143805,2798.0,1.0001973
4595,N12,DR_20221209_143805,2799.0,1.0002304
4596,N12,DR_20221209_143805,2800.0,0.99991983
4597,N12,DR_20221209_143805,2801.0,1.000151
4598,N12,DR_20221209_143805,2802.0,1.0003507
4599,N12,DR_20221209_143805,2803.0,1.0002769
4600,N12,DR_20221209_143805,2804.0,1.0002624
4601,N12,DR_20221209_143805,2805.0,1.0000373
4602,N12,DR_20221209_143805,2806.0,1.0001583
4603,N12,DR_20221209_143805,2807.0,1.0000197
4622,O04,DR_20221209_143805,2835.0,0.013784697
4623,O04,DR_20221209_143805,2836.0,0.30860052
4624,O04,DR_20221209_143805,2837.0,0.9975552
4625,O04,DR_20221209_143805,2838.0,0.8692267
4626,O04,DR_20221209_143805,2839.0,0.85417587
4627,O04,DR_20221209_143805,2840.0,0.99616086
4628,O04,DR_20221209_143805,2841.0,0.86649275
4629,O04,DR_20221209_143805,2842.0,0.8580726
4630,O04,DR_20221209_143805,2843.0,0.08580016
4631,O05,DR_20221209_143805,2844.0,-0.040178988
4632,O05,DR_20221209_143805,2845.0,0.03988834
4633,O05,DR_20221209_143805,2846.0,0.013631923
4634,O05,DR_20221209_143805,2847.0,0.7043783
4635,O05,DR_20221209_143805,2848.0,0.055939153
4636,O05,DR_20221209_143805,2849.0,0.053168207
4637,O05,DR_20221209_143805,2850.0,0.21028116
4638,O05,DR_20221209_143805,2851.0,0.24699147
4639,O05,DR_20221209_143805,2852.0,0.19671603
4640,O06,DR_20221209_143805,2853.0,0.01627044
4641,O06,DR_20221209_143805,2854.0,0.0058031483
4642,O06,DR_20221209_143805,2855.0,0.90793353
4643,O06,DR_20221209_143805,2856.0,0.9996508
4644,O06,DR_20221209_143805,2857.0,0.047587257
4645,O06,DR_20221209_143805,2858.0,0.031893805
4646,O06,DR_20221209_143805,2859.0,0.97336125
4647,O06,DR_20221209_143805,2860.0,1.0131053
4648,O06,DR_20221209_143805,2861.0,0.86056787
4649,O07,DR_20221209_143805,2862.0,0.2202683
4650,O07,DR_20221209_143805,2863.0,1.0004197
4651,O07,DR_20221209_143805,2864.0,1.0018537
4652,O07,DR_20221209_143805,2865.0,0.9990735
4653,O07,DR_20221209_143805,2866.0,0.061164275
4654,O07,DR_20221209_143805,2867.0,0.9982707
4655,O07,DR_20221209_143805,2868.0,1.0016174
4656,O07,DR_20221209_143805,2869.0,0.48074085
4657,O07,DR_20221209_143805,2870.0,1.0007738
4658,O08,DR_20221209_143805,2871.0,0.9998354
4659,O08,DR_20221209_143805,2872.0,1.0088335
4660,O08,DR_20221209_143805,2873.0,1.0054618
4661,O08,DR_20221209_143805,2874.0,1.0001473
4662,O08,DR_20221209_143805,2875.0,0.99989396
4663,O08,DR_20221209_143805,2876.0,1.000189
4664,O08,DR_20221209_143805,2877.0,1.0000085
4665,O08,DR_20221209_143805,2878.0,1.0002605
4666,O08,DR_20221209_143805,2879.0,1.000151
4667,O09,DR_20221209_143805,2880.0,1.0001351
4668,O09,DR_20221209_143805,2881.0,1.000122
4669,O09,DR_20221209_143805,2882.0,0.9945212
4670,O09,DR_20221209_143805,2883.0,0.9982572
4671,O09,DR_20221209_143805,2884.0,0.99996245
4672,O09,DR_20221209_143805,2885.0,1.0022593
4673,O09,DR_20221209_143805,2886.0,1.0005069
4674,O09,DR_20221209_143805,2887.0,0.991267
4675,O09,DR_20221209_143805,2888.0,0.99759144
4676,O12,DR_20221209_143805,2907.0,1.0001649
4677,O12,DR_20221209_143805,2908.0,0.9998247
4678,O12,DR_20221209_143805,2909.0,0.9931257
4679,O12,DR_20221209_143805,2910.0,1.0002143
4680,O12,DR_20221209_143805,2911.0,0.99466175
4681,O12,DR_20221209_143805,2912.0,1.002125
4682,O12,DR_20221209_143805,2913.0,1.0001246
4683,O12,DR_20221209_143805,2914.0,1.0091771
4684,O12,DR_20221209_143805,2915.0,1.0001502
