,Image_Metadata_WellID,Image_Metadata_PlateID,ImageNumber,score
1941,A03,DR_20221209_143805,19.0,0.5820665
1942,A03,DR_20221209_143805,20.0,0.47391587
1943,A03,DR_20221209_143805,21.0,0.033935342
1944,A03,DR_20221209_143805,22.0,-0.015114308
1945,A03,DR_20221209_143805,23.0,0.038336076
1946,A03,DR_20221209_143805,24.0,-0.011858985
1947,A03,DR_20221209_143805,25.0,0.15861209
1948,A03,DR_20221209_143805,26.0,0.1513418
1949,A03,DR_20221209_143805,27.0,-0.009839088
1950,A04,DR_20221209_143805,28.0,0.00017150339
1951,A04,DR_20221209_143805,29.0,0.019890511
1952,A04,DR_20221209_143805,30.0,-0.017745001
1953,A04,DR_20221209_143805,31.0,-0.04209419
1954,A04,DR_20221209_143805,32.0,0.29182947
1955,A04,DR_20221209_143805,33.0,0.035150412
1956,A04,DR_20221209_143805,34.0,-0.0006202639
1957,A04,DR_20221209_143805,35.0,0.013149409
1958,A04,DR_20221209_143805,36.0,-0.019133247
1959,A05,DR_20221209_143805,37.0,-0.010636554
1960,A05,DR_20221209_143805,38.0,0.029310696
1961,A05,DR_20221209_143805,39.0,0.0565295
1962,A05,DR_20221209_143805,40.0,0.01663668
1963,A05,DR_20221209_143805,41.0,-0.008262949
1964,A05,DR_20221209_143805,42.0,0.09501141
1965,A05,DR_20221209_143805,43.0,0.01661775
1966,A05,DR_20221209_143805,44.0,0.0010290585
1967,A05,DR_20221209_143805,45.0,0.09373599
1968,A06,DR_20221209_143805,46.0,0.020559648
1969,A06,DR_20221209_143805,47.0,0.0041180733
1970,A06,DR_20221209_143805,48.0,0.004135514
1971,A06,DR_20221209_143805,49.0,0.01337693
1972,A06,DR_20221209_143805,50.0,-0.017889114
1973,A06,DR_20221209_143805,51.0,-0.006118938
1974,A06,DR_20221209_143805,52.0,0.015091381
1975,A06,DR_20221209_143805,53.0,0.02324282
1976,A06,DR_20221209_143805,54.0,-0.009233981
1977,A07,DR_20221209_143805,55.0,-0.0076231617
1978,A07,DR_20221209_143805,56.0,0.0053087543
1979,A07,DR_20221209_143805,57.0,-0.0017935535
1980,A07,DR_20221209_143805,58.0,0.021908762
1981,A07,DR_20221209_143805,59.0,-0.09992956
1982,A07,DR_20221209_143805,60.0,0.0151006915
1983,A07,DR_20221209_143805,61.0,-0.037127007
1984,A07,DR_20221209_143805,62.0,-0.003655592
1985,A07,DR_20221209_143805,63.0,0.0077925907
1986,A08,DR_20221209_143805,64.0,0.0033948012
1987,A08,DR_20221209_143805,65.0,-0.013713719
1988,A08,DR_20221209_143805,66.0,-0.022117892
1989,A08,DR_20221209_143805,67.0,-0.022773772
1990,A08,DR_20221209_143805,68.0,0.013300763
1991,A08,DR_20221209_143805,69.0,-0.0039089313
1992,A08,DR_20221209_143805,70.0,-0.020970192
1993,A08,DR_20221209_143805,71.0,-0.0404887
1994,A08,DR_20221209_143805,72.0,0.0015229869
1995,A09,DR_20221209_143805,73.0,-0.0087796515
1996,A09,DR_20221209_143805,74.0,0.01317011
1997,A09,DR_20221209_143805,75.0,-0.011768156
1998,A09,DR_20221209_143805,76.0,0.018724838
1999,A09,DR_20221209_143805,77.0,0.003082529
2000,A09,DR_20221209_143805,78.0,0.007772278
2001,A09,DR_20221209_143805,79.0,-0.030631829
2002,A09,DR_20221209_143805,80.0,0.0044176327
2003,A09,DR_20221209_143805,81.0,0.015139389
2004,A10,DR_20221209_143805,82.0,0.03488654
2005,A10,DR_20221209_143805,83.0,0.0021204296
2006,A10,DR_20221209_143805,84.0,0.0048294934
2007,A10,DR_20221209_143805,85.0,-0.004611132
2008,A10,DR_20221209_143805,86.0,0.020137565
2009,A10,DR_20221209_143805,87.0,0.00021598996
2010,A10,DR_20221209_143805,88.0,0.009715533
2011,A10,DR_20221209_143805,89.0,0.012001707
2012,A10,DR_20221209_143805,90.0,0.008892666
2013,A11,DR_20221209_143805,91.0,0.01876542
2014,A11,DR_20221209_143805,92.0,-0.019554436
2015,A11,DR_20221209_143805,93.0,0.0070106145
2016,A11,DR_20221209_143805,94.0,-0.04534526
2017,A11,DR_20221209_143805,95.0,0.0036750226
2018,A11,DR_20221209_143805,96.0,-0.049660426
2019,A11,DR_20221209_143805,97.0,-0.025694093
2020,A11,DR_20221209_143805,98.0,-0.03943183
2021,A11,DR_20221209_143805,99.0,0.031421844
2022,A12,DR_20221209_143805,100.0,0.04812914
2023,A12,DR_20221209_143805,101.0,-0.017429478
2024,A12,DR_20221209_143805,102.0,0.021962812
2025,A12,DR_20221209_143805,103.0,-0.009030522
2026,A12,DR_20221209_143805,104.0,0.02542521
2027,A12,DR_20221209_143805,105.0,0.0104890745
2028,A12,DR_20221209_143805,106.0,0.03453061
2029,A12,DR_20221209_143805,107.0,-0.022765573
2030,A12,DR_20221209_143805,108.0,-0.04398069
2031,A13,DR_20221209_143805,109.0,-0.008907833
2032,A13,DR_20221209_143805,110.0,-0.012184717
2033,A13,DR_20221209_143805,111.0,-0.012077703
2034,A13,DR_20221209_143805,112.0,-0.006721598
2035,A13,DR_20221209_143805,113.0,-0.08185363
2036,A13,DR_20221209_143805,114.0,-0.023361383
2037,A13,DR_20221209_143805,115.0,-0.047018643
2038,A13,DR_20221209_143805,116.0,0.0021606595
2039,A13,DR_20221209_143805,117.0,-0.0482466
2040,A14,DR_20221209_143805,118.0,-0.04301565
2041,A14,DR_20221209_143805,119.0,0.48242682
2042,A14,DR_20221209_143805,120.0,0.03838241
2043,A14,DR_20221209_143805,121.0,-0.0027944415
2044,A14,DR_20221209_143805,122.0,0.11402973
2045,A14,DR_20221209_143805,123.0,-0.00264908
2046,A14,DR_20221209_143805,124.0,-0.005219579
2047,A14,DR_20221209_143805,125.0,-0.009648366
2048,A14,DR_20221209_143805,126.0,-0.020804249
2049,A15,DR_20221209_143805,127.0,0.0034783809
2050,A15,DR_20221209_143805,128.0,-0.010332994
2051,A15,DR_20221209_143805,129.0,0.027093308
2052,A15,DR_20221209_143805,130.0,-0.010902989
2053,A15,DR_20221209_143805,131.0,0.0019550137
2054,A15,DR_20221209_143805,132.0,0.011227244
2055,A15,DR_20221209_143805,133.0,0.034723233
2056,A15,DR_20221209_143805,134.0,-0.036957223
2057,A15,DR_20221209_143805,135.0,-0.030198254
2058,A16,DR_20221209_143805,136.0,-0.0051639727
2059,A16,DR_20221209_143805,137.0,-0.004696871
2060,A16,DR_20221209_143805,138.0,0.0109195225
2061,A16,DR_20221209_143805,139.0,0.0302028
2062,A16,DR_20221209_143805,140.0,0.0017578009
2063,A16,DR_20221209_143805,141.0,0.011862278
2064,A16,DR_20221209_143805,142.0,-0.032010496
2065,A16,DR_20221209_143805,143.0,-0.002355957
2066,A16,DR_20221209_143805,144.0,-0.0079844715
2067,A17,DR_20221209_143805,145.0,-0.01851081
2068,A17,DR_20221209_143805,146.0,-0.0010943108
2069,A17,DR_20221209_143805,147.0,-0.01866841
2070,A17,DR_20221209_143805,148.0,0.014260795
2071,A17,DR_20221209_143805,149.0,0.021545561
2072,A17,DR_20221209_143805,150.0,0.00424666
2073,A17,DR_20221209_143805,151.0,-0.051619098
2074,A17,DR_20221209_143805,152.0,0.0196301
2075,A17,DR_20221209_143805,153.0,-0.020576708
2076,A18,DR_20221209_143805,154.0,-0.012437079
2077,A18,DR_20221209_143805,155.0,-0.07157513
2078,A18,DR_20221209_143805,156.0,0.011104466
2079,A18,DR_20221209_143805,157.0,-0.00078820455
2080,A18,DR_20221209_143805,158.0,0.01531388
2081,A18,DR_20221209_143805,159.0,0.013512691
2082,A18,DR_20221209_143805,160.0,-0.00389015
2083,A18,DR_20221209_143805,161.0,0.040874857
2084,A18,DR_20221209_143805,162.0,-0.037924055
2085,A19,DR_20221209_143805,163.0,-0.018819313
2086,A19,DR_20221209_143805,164.0,0.0034994949
2087,A19,DR_20221209_143805,165.0,0.04076513
2088,A19,DR_20221209_143805,166.0,0.0122739645
2089,A19,DR_20221209_143805,167.0,0.0091230115
2090,A19,DR_20221209_143805,168.0,0.039022803
2091,A19,DR_20221209_143805,169.0,-0.018491318
2092,A19,DR_20221209_143805,170.0,-0.026365248
2093,A19,DR_20221209_143805,171.0,-0.001529445
2094,A20,DR_20221209_143805,172.0,-0.0047751404
2095,A20,DR_20221209_143805,173.0,0.0038956415
2096,A20,DR_20221209_143805,174.0,-0.011427533
2097,A20,DR_20221209_143805,175.0,0.015666468
2098,A20,DR_20221209_143805,176.0,0.025480868
2099,A20,DR_20221209_143805,177.0,0.03209583
2100,A20,DR_20221209_143805,178.0,0.02301041
2101,A20,DR_20221209_143805,179.0,-0.009626313
2102,A20,DR_20221209_143805,180.0,-0.0041024243
2103,A21,DR_20221209_143805,181.0,0.00033973204
2104,A21,DR_20221209_143805,182.0,-0.022439068
2105,A21,DR_20221209_143805,183.0,0.02137561
2106,A21,DR_20221209_143805,184.0,0.000312751
2107,A21,DR_20221209_143805,185.0,-0.0011455372
2108,A21,DR_20221209_143805,186.0,0.0054115187
2109,A21,DR_20221209_143805,187.0,0.036137287
2110,A21,DR_20221209_143805,188.0,-0.024616111
2111,A21,DR_20221209_143805,189.0,-0.003023914
2112,A22,DR_20221209_143805,190.0,-0.024442079
2113,A22,DR_20221209_143805,191.0,-0.023117278
2114,A22,DR_20221209_143805,192.0,-0.00038923445
2115,A22,DR_20221209_143805,193.0,0.013985376
2116,A22,DR_20221209_143805,194.0,0.005951719
2117,A22,DR_20221209_143805,195.0,-0.0475841
2118,A22,DR_20221209_143805,196.0,-0.043454457
2119,A22,DR_20221209_143805,197.0,0.008817138
2120,A22,DR_20221209_143805,198.0,0.0027549341
2157,B03,DR_20221209_143805,235.0,0.10879816
2158,B03,DR_20221209_143805,236.0,0.053599138
2159,B03,DR_20221209_143805,237.0,-0.00775137
2160,B03,DR_20221209_143805,238.0,0.00028511774
2161,B03,DR_20221209_143805,239.0,0.1452154
2162,B03,DR_20221209_143805,240.0,0.023508584
2163,B03,DR_20221209_143805,241.0,-0.0016308912
2164,B03,DR_20221209_143805,242.0,0.14672308
2165,B03,DR_20221209_143805,243.0,0.03004427
2166,B04,DR_20221209_143805,244.0,0.372263
2167,B04,DR_20221209_143805,245.0,0.29364914
2168,B04,DR_20221209_143805,246.0,-0.011770445
2169,B04,DR_20221209_143805,247.0,0.09739901
2170,B04,DR_20221209_143805,248.0,0.13190351
2171,B04,DR_20221209_143805,249.0,-0.048644688
2172,B04,DR_20221209_143805,250.0,-0.09175953
2173,B04,DR_20221209_143805,251.0,-0.043092385
2174,B04,DR_20221209_143805,252.0,0.02962764
2175,B05,DR_20221209_143805,253.0,-0.009608448
2176,B05,DR_20221209_143805,254.0,-0.011792423
2177,B05,DR_20221209_143805,255.0,-0.009110698
2178,B05,DR_20221209_143805,256.0,0.009256771
2179,B05,DR_20221209_143805,257.0,0.0027022723
2180,B05,DR_20221209_143805,258.0,-0.03129997
2181,B05,DR_20221209_143805,259.0,0.01582492
2182,B05,DR_20221209_143805,260.0,-0.005642
2183,B05,DR_20221209_143805,261.0,-0.0035140228
2184,B06,DR_20221209_143805,262.0,-0.008499181
2185,B06,DR_20221209_143805,263.0,0.017005205
2186,B06,DR_20221209_143805,264.0,-0.01884685
2187,B06,DR_20221209_143805,265.0,-0.0075800302
2188,B06,DR_20221209_143805,266.0,-0.008982608
2189,B06,DR_20221209_143805,267.0,-0.017963625
2190,B06,DR_20221209_143805,268.0,0.00024364999
2191,B06,DR_20221209_143805,269.0,-0.0004636637
2192,B06,DR_20221209_143805,270.0,0.011704952
2193,B07,DR_20221209_143805,271.0,0.016097175
2194,B07,DR_20221209_143805,272.0,0.00745736
2195,B07,DR_20221209_143805,273.0,0.01872734
2196,B07,DR_20221209_143805,274.0,-0.01905909
2197,B07,DR_20221209_143805,275.0,0.034596782
2198,B07,DR_20221209_143805,276.0,-0.026951823
2199,B07,DR_20221209_143805,277.0,0.045185175
2200,B07,DR_20221209_143805,278.0,-0.028562047
2201,B07,DR_20221209_143805,279.0,-0.009234424
2202,B08,DR_20221209_143805,280.0,0.028812692
2203,B08,DR_20221209_143805,281.0,0.016912738
2204,B08,DR_20221209_143805,282.0,0.02687877
2205,B08,DR_20221209_143805,283.0,-0.00097207027
2206,B08,DR_20221209_143805,284.0,0.007682735
2207,B08,DR_20221209_143805,285.0,-0.008175978
2208,B08,DR_20221209_143805,286.0,0.041648712
2209,B08,DR_20221209_143805,287.0,0.0110663865
2210,B08,DR_20221209_143805,288.0,-0.019436246
2211,B09,DR_20221209_143805,289.0,-0.00010965694
2212,B09,DR_20221209_143805,290.0,-0.035805285
2213,B09,DR_20221209_143805,291.0,-0.03501451
2214,B09,DR_20221209_143805,292.0,0.01322365
2215,B09,DR_20221209_143805,293.0,0.009170145
2216,B09,DR_20221209_143805,294.0,0.0028226464
2217,B09,DR_20221209_143805,295.0,-0.019152636
2218,B09,DR_20221209_143805,296.0,-0.027333247
2219,B09,DR_20221209_143805,297.0,-0.040229496
2220,B10,DR_20221209_143805,298.0,-0.034258336
2221,B10,DR_20221209_143805,299.0,-0.003035744
2222,B10,DR_20221209_143805,300.0,0.010048459
2223,B10,DR_20221209_143805,301.0,0.023758322
2224,B10,DR_20221209_143805,302.0,0.046342947
2225,B10,DR_20221209_143805,303.0,0.08911853
2226,B10,DR_20221209_143805,304.0,0.007084273
2227,B10,DR_20221209_143805,305.0,-0.0012009803
2228,B10,DR_20221209_143805,306.0,-0.011792599
2229,B11,DR_20221209_143805,307.0,0.03364315
2230,B11,DR_20221209_143805,308.0,-0.034969777
2231,B11,DR_20221209_143805,309.0,-0.0068742996
2232,B11,DR_20221209_143805,310.0,0.00858931
2233,B11,DR_20221209_143805,311.0,0.016311696
2234,B11,DR_20221209_143805,312.0,-0.047499064
2235,B11,DR_20221209_143805,313.0,0.0032957818
2236,B11,DR_20221209_143805,314.0,-0.044629637
2237,B11,DR_20221209_143805,315.0,-0.007217673
2238,B12,DR_20221209_143805,316.0,0.0055196886
2239,B12,DR_20221209_143805,317.0,0.012426369
2240,B12,DR_20221209_143805,318.0,0.057694074
2241,B12,DR_20221209_143805,319.0,-0.009897794
2242,B12,DR_20221209_143805,320.0,-0.007103044
2243,B12,DR_20221209_143805,321.0,-0.0107381595
2244,B12,DR_20221209_143805,322.0,-0.021428658
2245,B12,DR_20221209_143805,323.0,-0.033277683
2246,B12,DR_20221209_143805,324.0,-0.012643258
2247,B13,DR_20221209_143805,325.0,0.024348088
2248,B13,DR_20221209_143805,326.0,-6.205276e-05
2249,B13,DR_20221209_143805,327.0,-0.013708017
2250,B13,DR_20221209_143805,328.0,-0.009123195
2251,B13,DR_20221209_143805,329.0,0.0051947115
2252,B13,DR_20221209_143805,330.0,-0.012337296
2253,B13,DR_20221209_143805,331.0,0.025616197
2254,B13,DR_20221209_143805,332.0,-0.00034047232
2255,B13,DR_20221209_143805,333.0,-0.032578066
2256,B14,DR_20221209_143805,334.0,-0.02742662
2257,B14,DR_20221209_143805,335.0,0.30875468
2258,B14,DR_20221209_143805,336.0,-0.029257078
2259,B14,DR_20221209_143805,337.0,0.50334656
2260,B14,DR_20221209_143805,338.0,0.60566884
2261,B14,DR_20221209_143805,339.0,0.30493593
2262,B14,DR_20221209_143805,340.0,-0.050675776
2263,B14,DR_20221209_143805,341.0,-0.0041597444
2264,B14,DR_20221209_143805,342.0,-0.046529204
2265,B15,DR_20221209_143805,343.0,-0.022588179
2266,B15,DR_20221209_143805,344.0,-0.006489713
2267,B15,DR_20221209_143805,345.0,0.0006736177
2268,B15,DR_20221209_143805,346.0,0.008947083
2269,B15,DR_20221209_143805,347.0,0.030965757
2270,B15,DR_20221209_143805,348.0,0.024992885
2271,B15,DR_20221209_143805,349.0,-0.06892265
2272,B15,DR_20221209_143805,350.0,-0.013335706
2273,B15,DR_20221209_143805,351.0,0.04768988
2274,B16,DR_20221209_143805,352.0,0.009969668
2275,B16,DR_20221209_143805,353.0,-0.035252824
2276,B16,DR_20221209_143805,354.0,-0.0048378413
2277,B16,DR_20221209_143805,355.0,0.15410224
2278,B16,DR_20221209_143805,356.0,0.008989431
2279,B16,DR_20221209_143805,357.0,0.0120255845
2280,B16,DR_20221209_143805,358.0,-0.007543593
2281,B16,DR_20221209_143805,359.0,0.020883098
2282,B16,DR_20221209_143805,360.0,-0.027318131
2283,B17,DR_20221209_143805,361.0,0.0039280597
2284,B17,DR_20221209_143805,362.0,0.012871605
2285,B17,DR_20221209_143805,363.0,0.07971058
2286,B17,DR_20221209_143805,364.0,-0.010866079
2287,B17,DR_20221209_143805,365.0,0.06439439
2288,B17,DR_20221209_143805,366.0,-0.07452537
2289,B17,DR_20221209_143805,367.0,0.11330892
2290,B17,DR_20221209_143805,368.0,-0.048985586
2291,B17,DR_20221209_143805,369.0,-0.01071276
2292,B18,DR_20221209_143805,370.0,-0.0071432795
2293,B18,DR_20221209_143805,371.0,-0.0041975016
2294,B18,DR_20221209_143805,372.0,0.00083150645
2295,B18,DR_20221209_143805,373.0,-0.034835044
2296,B18,DR_20221209_143805,374.0,0.021902634
2297,B18,DR_20221209_143805,375.0,-0.0009828462
2298,B18,DR_20221209_143805,376.0,-0.008697282
2299,B18,DR_20221209_143805,377.0,-0.01279607
2300,B18,DR_20221209_143805,378.0,0.02738582
2301,B19,DR_20221209_143805,379.0,-0.0024226736
2302,B19,DR_20221209_143805,380.0,0.0152839
2303,B19,DR_20221209_143805,381.0,0.0034252768
2304,B19,DR_20221209_143805,382.0,-0.007173839
2305,B19,DR_20221209_143805,383.0,0.10310522
2306,B19,DR_20221209_143805,384.0,0.022043891
2307,B19,DR_20221209_143805,385.0,-0.0075166128
2308,B19,DR_20221209_143805,386.0,-0.009105551
2309,B19,DR_20221209_143805,387.0,0.01917342
2310,B20,DR_20221209_143805,388.0,-0.010286529
2311,B20,DR_20221209_143805,389.0,-0.025616322
2312,B20,DR_20221209_143805,390.0,-0.024930973
2313,B20,DR_20221209_143805,391.0,-0.0051813745
2314,B20,DR_20221209_143805,392.0,0.021627145
2315,B20,DR_20221209_143805,393.0,0.0028107741
2316,B20,DR_20221209_143805,394.0,0.05273411
2317,B20,DR_20221209_143805,395.0,0.010707898
2318,B20,DR_20221209_143805,396.0,-0.024374979
2319,B21,DR_20221209_143805,397.0,-0.023179807
2320,B21,DR_20221209_143805,398.0,0.014791685
2321,B21,DR_20221209_143805,399.0,0.04118954
2322,B21,DR_20221209_143805,400.0,-0.0018890538
2323,B21,DR_20221209_143805,401.0,0.023772297
2324,B21,DR_20221209_143805,402.0,0.009516137
2325,B21,DR_20221209_143805,403.0,0.009919092
2326,B21,DR_20221209_143805,404.0,0.03875928
2327,B21,DR_20221209_143805,405.0,0.002363548
2328,B22,DR_20221209_143805,406.0,0.029652694
2329,B22,DR_20221209_143805,407.0,-0.055281263
2330,B22,DR_20221209_143805,408.0,-0.021266812
2331,B22,DR_20221209_143805,409.0,-0.00013722612
2332,B22,DR_20221209_143805,410.0,0.016509961
2333,B22,DR_20221209_143805,411.0,0.028802564
2334,B22,DR_20221209_143805,412.0,0.016475001
2335,B22,DR_20221209_143805,413.0,-0.0045889397
2336,B22,DR_20221209_143805,414.0,-0.023551367
2373,C03,DR_20221209_143805,451.0,-0.009418959
2374,C03,DR_20221209_143805,452.0,0.018318394
2375,C03,DR_20221209_143805,453.0,0.0015444907
2376,C03,DR_20221209_143805,454.0,0.07899232
2377,C03,DR_20221209_143805,455.0,0.19320656
2378,C03,DR_20221209_143805,456.0,0.33118695
2379,C03,DR_20221209_143805,457.0,-0.0574262
2380,C03,DR_20221209_143805,458.0,0.04651821
2381,C03,DR_20221209_143805,459.0,0.013916197
2382,C04,DR_20221209_143805,460.0,0.0027641188
2383,C04,DR_20221209_143805,461.0,0.13807844
2384,C04,DR_20221209_143805,462.0,0.027961032
2385,C04,DR_20221209_143805,463.0,0.14209113
2386,C04,DR_20221209_143805,464.0,0.40398106
2387,C04,DR_20221209_143805,465.0,0.14632612
2388,C04,DR_20221209_143805,466.0,-0.0060024993
2389,C04,DR_20221209_143805,467.0,-0.06937401
2390,C04,DR_20221209_143805,468.0,0.12592094
2391,C05,DR_20221209_143805,469.0,0.015432743
2392,C05,DR_20221209_143805,470.0,0.018230094
2393,C05,DR_20221209_143805,471.0,0.102331094
2394,C05,DR_20221209_143805,472.0,-0.02252192
2395,C05,DR_20221209_143805,473.0,0.08366623
2396,C05,DR_20221209_143805,474.0,0.0065371115
2397,C05,DR_20221209_143805,475.0,-0.0077602416
2398,C05,DR_20221209_143805,476.0,0.5656222
2399,C05,DR_20221209_143805,477.0,0.017992852
2400,C06,DR_20221209_143805,478.0,0.016660346
2401,C06,DR_20221209_143805,479.0,0.007909756
2402,C06,DR_20221209_143805,480.0,-0.012485069
2403,C06,DR_20221209_143805,481.0,0.015437769
2404,C06,DR_20221209_143805,482.0,0.017542891
2405,C06,DR_20221209_143805,483.0,-0.00058822724
2406,C06,DR_20221209_143805,484.0,0.0092629045
2407,C06,DR_20221209_143805,485.0,0.013076908
2408,C06,DR_20221209_143805,486.0,-0.0138489995
2409,C07,DR_20221209_143805,487.0,-0.009769771
2410,C07,DR_20221209_143805,488.0,-0.036304228
2411,C07,DR_20221209_143805,489.0,0.003579183
2412,C07,DR_20221209_143805,490.0,-0.0029641644
2413,C07,DR_20221209_143805,491.0,0.017412951
2414,C07,DR_20221209_143805,492.0,0.00812882
2415,C07,DR_20221209_143805,493.0,-0.0009401187
2416,C07,DR_20221209_143805,494.0,-0.010475475
2417,C07,DR_20221209_143805,495.0,-0.01562464
2418,C08,DR_20221209_143805,496.0,0.0033389656
2419,C08,DR_20221209_143805,497.0,0.023398265
2420,C08,DR_20221209_143805,498.0,0.019388717
2421,C08,DR_20221209_143805,499.0,-0.0078071477
2422,C08,DR_20221209_143805,500.0,-0.007991076
2423,C08,DR_20221209_143805,501.0,0.007658178
2424,C08,DR_20221209_143805,502.0,0.026117045
2425,C08,DR_20221209_143805,503.0,0.020432757
2426,C08,DR_20221209_143805,504.0,0.080589406
2427,C09,DR_20221209_143805,505.0,0.025437614
2428,C09,DR_20221209_143805,506.0,0.012388952
2429,C09,DR_20221209_143805,507.0,-0.009145509
2430,C09,DR_20221209_143805,508.0,-0.011798431
2431,C09,DR_20221209_143805,509.0,0.047420997
2432,C09,DR_20221209_143805,510.0,0.032461092
2433,C09,DR_20221209_143805,511.0,0.017475596
2434,C09,DR_20221209_143805,512.0,0.017598897
2435,C09,DR_20221209_143805,513.0,-0.003587329
2436,C10,DR_20221209_143805,514.0,-0.011513512
2437,C10,DR_20221209_143805,515.0,0.010138233
2438,C10,DR_20221209_143805,516.0,0.029726347
2439,C10,DR_20221209_143805,517.0,0.047860138
2440,C10,DR_20221209_143805,518.0,0.11115312
2441,C10,DR_20221209_143805,519.0,-0.006595986
2442,C10,DR_20221209_143805,520.0,-0.018719805
2443,C10,DR_20221209_143805,521.0,-0.018735988
2444,C10,DR_20221209_143805,522.0,-0.009802995
2445,C11,DR_20221209_143805,523.0,-0.0035699366
2446,C11,DR_20221209_143805,524.0,-0.031175543
2447,C11,DR_20221209_143805,525.0,-0.01596987
2448,C11,DR_20221209_143805,526.0,0.001552628
2449,C11,DR_20221209_143805,527.0,-0.0010686013
2450,C11,DR_20221209_143805,528.0,0.01666008
2451,C11,DR_20221209_143805,529.0,0.117071085
2452,C11,DR_20221209_143805,530.0,0.0064145587
2453,C11,DR_20221209_143805,531.0,-0.029499302
2454,C12,DR_20221209_143805,532.0,-0.008261254
2455,C12,DR_20221209_143805,533.0,-0.023349617
2456,C12,DR_20221209_143805,534.0,0.07405736
2457,C12,DR_20221209_143805,535.0,0.011915631
2458,C12,DR_20221209_143805,536.0,0.030852953
2459,C12,DR_20221209_143805,537.0,-0.015381255
2460,C12,DR_20221209_143805,538.0,0.04280574
2461,C12,DR_20221209_143805,539.0,0.004448491
2462,C12,DR_20221209_143805,540.0,0.005838384
2463,C13,DR_20221209_143805,541.0,0.0032212925
2464,C13,DR_20221209_143805,542.0,-0.0036272828
2465,C13,DR_20221209_143805,543.0,-0.014815638
2466,C13,DR_20221209_143805,544.0,-0.046973586
2467,C13,DR_20221209_143805,545.0,0.011253888
2468,C13,DR_20221209_143805,546.0,-0.017014667
2469,C13,DR_20221209_143805,547.0,-0.007936785
2470,C13,DR_20221209_143805,548.0,-0.036046606
2471,C13,DR_20221209_143805,549.0,0.06558789
2472,C14,DR_20221209_143805,550.0,-0.051616058
2473,C14,DR_20221209_143805,551.0,0.0119863255
2474,C14,DR_20221209_143805,552.0,-0.025982603
2475,C14,DR_20221209_143805,553.0,0.001072031
2476,C14,DR_20221209_143805,554.0,0.031122936
2477,C14,DR_20221209_143805,555.0,-0.040026136
2478,C14,DR_20221209_143805,556.0,-0.006687128
2479,C14,DR_20221209_143805,557.0,-0.04462031
2480,C14,DR_20221209_143805,558.0,-0.015209317
2481,C15,DR_20221209_143805,559.0,-0.026442736
2482,C15,DR_20221209_143805,560.0,-0.017230049
2483,C15,DR_20221209_143805,561.0,0.052329607
2484,C15,DR_20221209_143805,562.0,0.09877383
2485,C15,DR_20221209_143805,563.0,-0.01608419
2486,C15,DR_20221209_143805,564.0,0.007501415
2487,C15,DR_20221209_143805,565.0,-0.0041093635
2488,C15,DR_20221209_143805,566.0,0.0061747734
2489,C15,DR_20221209_143805,567.0,-0.02591443
2490,C16,DR_20221209_143805,568.0,-0.04699732
2491,C16,DR_20221209_143805,569.0,-0.037816618
2492,C16,DR_20221209_143805,570.0,-0.007450025
2493,C16,DR_20221209_143805,571.0,0.010106187
2494,C16,DR_20221209_143805,572.0,0.003963591
2495,C16,DR_20221209_143805,573.0,0.022354297
2496,C16,DR_20221209_143805,574.0,-0.055198368
2497,C16,DR_20221209_143805,575.0,-0.0058557014
2498,C16,DR_20221209_143805,576.0,0.09592626
2499,C17,DR_20221209_143805,577.0,0.033924118
2500,C17,DR_20221209_143805,578.0,-0.019172058
2501,C17,DR_20221209_143805,579.0,-0.017319255
2502,C17,DR_20221209_143805,580.0,0.004654054
2503,C17,DR_20221209_143805,581.0,0.004601947
2504,C17,DR_20221209_143805,582.0,0.0019645405
2505,C17,DR_20221209_143805,583.0,0.011860529
2506,C17,DR_20221209_143805,584.0,-0.010670674
2507,C17,DR_20221209_143805,585.0,-0.006352092
2508,C18,DR_20221209_143805,586.0,-0.0033313616
2509,C18,DR_20221209_143805,587.0,-0.012514317
2510,C18,DR_20221209_143805,588.0,-0.09842726
2511,C18,DR_20221209_143805,589.0,0.031133244
2512,C18,DR_20221209_143805,590.0,-0.007668351
2513,C18,DR_20221209_143805,591.0,-0.038793806
2514,C18,DR_20221209_143805,592.0,-0.0016274077
2515,C18,DR_20221209_143805,593.0,-0.0032003198
2516,C18,DR_20221209_143805,594.0,-0.0013417901
2517,C19,DR_20221209_143805,595.0,0.0038432698
2518,C19,DR_20221209_143805,596.0,0.025606237
2519,C19,DR_20221209_143805,597.0,-0.04259552
2520,C19,DR_20221209_143805,598.0,-0.03770208
2521,C19,DR_20221209_143805,599.0,0.017794844
2522,C19,DR_20221209_143805,600.0,-0.015999038
2523,C19,DR_20221209_143805,601.0,0.07404232
2524,C19,DR_20221209_143805,602.0,-0.037114583
2525,C19,DR_20221209_143805,603.0,-0.012823748
2526,C20,DR_20221209_143805,604.0,-0.0244653
2527,C20,DR_20221209_143805,605.0,0.012299308
2528,C20,DR_20221209_143805,606.0,-0.006638972
2529,C20,DR_20221209_143805,607.0,-0.006626227
2530,C20,DR_20221209_143805,608.0,0.025020894
2531,C20,DR_20221209_143805,609.0,-0.008246178
2532,C20,DR_20221209_143805,610.0,0.088609524
2533,C20,DR_20221209_143805,611.0,-0.00019331304
2534,C20,DR_20221209_143805,612.0,-0.014477306
2535,C21,DR_20221209_143805,613.0,0.013156068
2536,C21,DR_20221209_143805,614.0,0.026349649
2537,C21,DR_20221209_143805,615.0,0.0033205564
2538,C21,DR_20221209_143805,616.0,0.013638829
2539,C21,DR_20221209_143805,617.0,0.020223377
2540,C21,DR_20221209_143805,618.0,-0.014557493
2541,C21,DR_20221209_143805,619.0,0.06547882
2542,C21,DR_20221209_143805,620.0,0.012833874
2543,C21,DR_20221209_143805,621.0,-0.022275032
2544,C22,DR_20221209_143805,622.0,-0.03986823
2545,C22,DR_20221209_143805,623.0,-0.016204815
2546,C22,DR_20221209_143805,624.0,-0.017830145
2547,C22,DR_20221209_143805,625.0,-0.048403304
2548,C22,DR_20221209_143805,626.0,0.02078514
2549,C22,DR_20221209_143805,627.0,-0.03918981
2550,C22,DR_20221209_143805,628.0,0.015835706
2551,C22,DR_20221209_143805,629.0,-0.019491244
2552,C22,DR_20221209_143805,630.0,0.0067961384
2589,D03,DR_20221209_143805,667.0,0.075362936
2590,D03,DR_20221209_143805,668.0,0.16867582
2591,D03,DR_20221209_143805,669.0,0.22334076
2592,D03,DR_20221209_143805,670.0,0.03181889
2593,D03,DR_20221209_143805,671.0,0.45110804
2594,D03,DR_20221209_143805,672.0,-0.045670953
2595,D03,DR_20221209_143805,673.0,0.24034472
2596,D03,DR_20221209_143805,674.0,0.17584392
2597,D03,DR_20221209_143805,675.0,0.019323977
2598,D04,DR_20221209_143805,676.0,0.0015617406
2599,D04,DR_20221209_143805,677.0,0.12374613
2600,D04,DR_20221209_143805,678.0,-0.012516672
2601,D04,DR_20221209_143805,679.0,0.0083689885
2602,D04,DR_20221209_143805,680.0,0.13619958
2603,D04,DR_20221209_143805,681.0,-0.008714692
2604,D04,DR_20221209_143805,682.0,-0.009892266
2605,D04,DR_20221209_143805,683.0,0.35717803
2606,D04,DR_20221209_143805,684.0,0.0061543407
2607,D05,DR_20221209_143805,685.0,0.027381672
2608,D05,DR_20221209_143805,686.0,0.0011710087
2609,D05,DR_20221209_143805,687.0,-0.0030094548
2610,D05,DR_20221209_143805,688.0,-0.02743115
2611,D05,DR_20221209_143805,689.0,-0.024995001
2612,D05,DR_20221209_143805,690.0,0.08427852
2613,D05,DR_20221209_143805,691.0,0.20476727
2614,D05,DR_20221209_143805,692.0,0.0012909607
2615,D05,DR_20221209_143805,693.0,-0.016709577
2616,D06,DR_20221209_143805,694.0,-0.07124606
2617,D06,DR_20221209_143805,695.0,0.06403802
2618,D06,DR_20221209_143805,696.0,0.047546897
2619,D06,DR_20221209_143805,697.0,0.13466774
2620,D06,DR_20221209_143805,698.0,-0.013991993
2621,D06,DR_20221209_143805,699.0,0.014881014
2622,D06,DR_20221209_143805,700.0,-0.095024765
2623,D06,DR_20221209_143805,701.0,0.2308088
2624,D06,DR_20221209_143805,702.0,0.31158125
2625,D07,DR_20221209_143805,703.0,0.2588469
2626,D07,DR_20221209_143805,704.0,0.051599395
2627,D07,DR_20221209_143805,705.0,0.010571656
2628,D07,DR_20221209_143805,706.0,0.1947072
2629,D07,DR_20221209_143805,707.0,0.10602305
2630,D07,DR_20221209_143805,708.0,0.11465429
2631,D07,DR_20221209_143805,709.0,0.032684993
2632,D07,DR_20221209_143805,710.0,0.082559235
2633,D07,DR_20221209_143805,711.0,-0.009046319
2634,D09,DR_20221209_143805,721.0,0.0010372878
2635,D09,DR_20221209_143805,722.0,-0.022910777
2636,D09,DR_20221209_143805,723.0,-0.017968455
2637,D09,DR_20221209_143805,724.0,0.045494076
2638,D09,DR_20221209_143805,725.0,0.020128695
2639,D09,DR_20221209_143805,726.0,0.011737181
2640,D09,DR_20221209_143805,727.0,-0.0043405583
2641,D09,DR_20221209_143805,728.0,-0.0067859716
2642,D09,DR_20221209_143805,729.0,0.024422964
2643,D10,DR_20221209_143805,730.0,-0.0013897561
2644,D10,DR_20221209_143805,731.0,-0.020727227
2645,D10,DR_20221209_143805,732.0,-0.027405836
2646,D10,DR_20221209_143805,733.0,-0.010337717
2647,D10,DR_20221209_143805,734.0,-0.006740553
2648,D10,DR_20221209_143805,735.0,-0.012911215
2649,D10,DR_20221209_143805,736.0,0.043250475
2650,D10,DR_20221209_143805,737.0,-0.024524098
2651,D10,DR_20221209_143805,738.0,-0.008272251
2652,D11,DR_20221209_143805,739.0,0.005067785
2653,D11,DR_20221209_143805,740.0,0.2142103
2654,D11,DR_20221209_143805,741.0,-0.018311493
2655,D11,DR_20221209_143805,742.0,-0.012683591
2656,D11,DR_20221209_143805,743.0,0.218122
2657,D11,DR_20221209_143805,744.0,0.002867536
2658,D11,DR_20221209_143805,745.0,-0.025261123
2659,D11,DR_20221209_143805,746.0,-0.020347375
2660,D11,DR_20221209_143805,747.0,0.06540227
2661,D12,DR_20221209_143805,748.0,-0.007832653
2662,D12,DR_20221209_143805,749.0,0.008332499
2663,D12,DR_20221209_143805,750.0,0.021084892
2664,D12,DR_20221209_143805,751.0,0.019507624
2665,D12,DR_20221209_143805,752.0,0.104269914
2666,D12,DR_20221209_143805,753.0,0.094965726
2667,D12,DR_20221209_143805,754.0,0.021514894
2668,D12,DR_20221209_143805,755.0,0.01932355
2669,D12,DR_20221209_143805,756.0,0.09975171
2670,D13,DR_20221209_143805,757.0,0.041388467
2671,D13,DR_20221209_143805,758.0,-0.051532246
2672,D13,DR_20221209_143805,759.0,0.010627375
2673,D13,DR_20221209_143805,760.0,-0.038832113
2674,D13,DR_20221209_143805,761.0,0.007737105
2675,D13,DR_20221209_143805,762.0,0.029172959
2676,D13,DR_20221209_143805,763.0,-0.0068315854
2677,D13,DR_20221209_143805,764.0,0.0028940558
2678,D13,DR_20221209_143805,765.0,0.02590719
2679,D14,DR_20221209_143805,766.0,0.03361541
2680,D14,DR_20221209_143805,767.0,0.10221497
2681,D14,DR_20221209_143805,768.0,0.002519191
2682,D14,DR_20221209_143805,769.0,0.012482494
2683,D14,DR_20221209_143805,770.0,0.35227907
2684,D14,DR_20221209_143805,771.0,0.03756253
2685,D14,DR_20221209_143805,772.0,0.0063425456
2686,D14,DR_20221209_143805,773.0,0.021701392
2687,D14,DR_20221209_143805,774.0,-0.047363665
2688,D15,DR_20221209_143805,775.0,0.0031428994
2689,D15,DR_20221209_143805,776.0,0.02672292
2690,D15,DR_20221209_143805,777.0,0.03672113
2691,D15,DR_20221209_143805,778.0,0.036278613
2692,D15,DR_20221209_143805,779.0,0.22328968
2693,D15,DR_20221209_143805,780.0,0.04336817
2694,D15,DR_20221209_143805,781.0,0.059422776
2695,D15,DR_20221209_143805,782.0,-0.011580041
2696,D15,DR_20221209_143805,783.0,0.027297039
2697,D16,DR_20221209_143805,784.0,0.017330281
2698,D16,DR_20221209_143805,785.0,-0.01665127
2699,D16,DR_20221209_143805,786.0,-0.02523977
2700,D16,DR_20221209_143805,787.0,-0.01591882
2701,D16,DR_20221209_143805,788.0,0.19150665
2702,D16,DR_20221209_143805,789.0,-0.0803696
2703,D16,DR_20221209_143805,790.0,-0.02681559
2704,D16,DR_20221209_143805,791.0,0.01901058
2705,D16,DR_20221209_143805,792.0,0.04894646
2706,D17,DR_20221209_143805,793.0,-0.020056484
2707,D17,DR_20221209_143805,794.0,0.016085343
2708,D17,DR_20221209_143805,795.0,-0.008344361
2709,D17,DR_20221209_143805,796.0,-0.0023430358
2710,D17,DR_20221209_143805,797.0,0.13947192
2711,D17,DR_20221209_143805,798.0,-0.028420402
2712,D17,DR_20221209_143805,799.0,0.008300738
2713,D17,DR_20221209_143805,800.0,-0.013830614
2714,D17,DR_20221209_143805,801.0,-0.036249053
2715,D18,DR_20221209_143805,802.0,0.036693648
2716,D18,DR_20221209_143805,803.0,-0.020428663
2717,D18,DR_20221209_143805,804.0,0.08489179
2718,D18,DR_20221209_143805,805.0,0.016260184
2719,D18,DR_20221209_143805,806.0,0.03491861
2720,D18,DR_20221209_143805,807.0,0.02811566
2721,D18,DR_20221209_143805,808.0,0.0007164639
2722,D18,DR_20221209_143805,809.0,0.0017284467
2723,D18,DR_20221209_143805,810.0,-0.04081506
2724,D19,DR_20221209_143805,811.0,0.010502498
2725,D19,DR_20221209_143805,812.0,0.0017685418
2726,D19,DR_20221209_143805,813.0,0.019094942
2727,D19,DR_20221209_143805,814.0,-0.011316878
2728,D19,DR_20221209_143805,815.0,0.011331839
2729,D19,DR_20221209_143805,816.0,-0.013062438
2730,D19,DR_20221209_143805,817.0,-0.021391978
2731,D19,DR_20221209_143805,818.0,-0.02797598
2732,D19,DR_20221209_143805,819.0,0.038121592
2733,D20,DR_20221209_143805,820.0,-0.028469263
2734,D20,DR_20221209_143805,821.0,-0.016424587
2735,D20,DR_20221209_143805,822.0,-0.010874661
2736,D20,DR_20221209_143805,823.0,0.015002628
2737,D20,DR_20221209_143805,824.0,0.018875713
2738,D20,DR_20221209_143805,825.0,-0.011754882
2739,D20,DR_20221209_143805,826.0,0.0049787182
2740,D20,DR_20221209_143805,827.0,-0.0018449592
2741,D20,DR_20221209_143805,828.0,-0.0371818
2742,D21,DR_20221209_143805,829.0,-0.011429372
2743,D21,DR_20221209_143805,830.0,-0.026893727
2744,D21,DR_20221209_143805,831.0,-0.059282895
2745,D21,DR_20221209_143805,832.0,-0.019772388
2746,D21,DR_20221209_143805,833.0,-0.009198831
2747,D21,DR_20221209_143805,834.0,-0.0034508992
2748,D21,DR_20221209_143805,835.0,0.033854816
2749,D21,DR_20221209_143805,836.0,0.0335096
2750,D21,DR_20221209_143805,837.0,-0.034012698
2751,D22,DR_20221209_143805,838.0,0.013442348
2752,D22,DR_20221209_143805,839.0,-0.012653535
2753,D22,DR_20221209_143805,840.0,0.05005559
2754,D22,DR_20221209_143805,841.0,-0.019224305
2755,D22,DR_20221209_143805,842.0,0.037536863
2756,D22,DR_20221209_143805,843.0,-0.01748471
2757,D22,DR_20221209_143805,844.0,0.0015131222
2758,D22,DR_20221209_143805,845.0,-0.012986708
2759,D22,DR_20221209_143805,846.0,-0.020208754
2796,E03,DR_20221209_143805,883.0,0.016386632
2797,E03,DR_20221209_143805,884.0,-0.027717609
2798,E03,DR_20221209_143805,885.0,0.026335968
2799,E03,DR_20221209_143805,886.0,0.0018953587
2800,E03,DR_20221209_143805,887.0,0.036668923
2801,E03,DR_20221209_143805,888.0,0.22819059
2802,E03,DR_20221209_143805,889.0,-0.008296255
2803,E03,DR_20221209_143805,890.0,0.11990218
2804,E03,DR_20221209_143805,891.0,0.041868992
2805,E04,DR_20221209_143805,892.0,-0.024311507
2806,E04,DR_20221209_143805,893.0,0.23680195
2807,E04,DR_20221209_143805,894.0,0.008742239
2808,E04,DR_20221209_143805,895.0,0.043868054
2809,E04,DR_20221209_143805,896.0,0.18210623
2810,E04,DR_20221209_143805,897.0,0.023391474
2811,E04,DR_20221209_143805,898.0,0.17517091
2812,E04,DR_20221209_143805,899.0,0.08176962
2813,E04,DR_20221209_143805,900.0,0.0048419423
2814,E05,DR_20221209_143805,901.0,-0.064852655
2815,E05,DR_20221209_143805,902.0,0.09126367
2816,E05,DR_20221209_143805,903.0,0.0077041737
2817,E05,DR_20221209_143805,904.0,0.17462653
2818,E05,DR_20221209_143805,905.0,-0.020542882
2819,E05,DR_20221209_143805,906.0,0.082012534
2820,E05,DR_20221209_143805,907.0,0.18172836
2821,E05,DR_20221209_143805,908.0,0.23429337
2822,E05,DR_20221209_143805,909.0,0.15939781
2823,E06,DR_20221209_143805,910.0,0.20431837
2824,E06,DR_20221209_143805,911.0,0.20625958
2825,E06,DR_20221209_143805,912.0,0.15023263
2826,E06,DR_20221209_143805,913.0,0.09703616
2827,E06,DR_20221209_143805,914.0,0.256318
2828,E06,DR_20221209_143805,915.0,0.18358761
2829,E06,DR_20221209_143805,916.0,0.19705771
2830,E06,DR_20221209_143805,917.0,0.09236102
2831,E06,DR_20221209_143805,918.0,0.2333664
2832,E07,DR_20221209_143805,919.0,0.0015642975
2833,E07,DR_20221209_143805,920.0,0.0178095
2834,E07,DR_20221209_143805,921.0,-0.01995172
2835,E07,DR_20221209_143805,922.0,-0.04963934
2836,E07,DR_20221209_143805,923.0,0.14848614
2837,E07,DR_20221209_143805,924.0,0.3341894
2838,E07,DR_20221209_143805,925.0,0.08587475
2839,E07,DR_20221209_143805,926.0,0.009212968
2840,E07,DR_20221209_143805,927.0,0.00036294723
2841,E08,DR_20221209_143805,928.0,0.004623371
2842,E08,DR_20221209_143805,929.0,0.49512768
2843,E08,DR_20221209_143805,930.0,-0.031036135
2844,E08,DR_20221209_143805,931.0,0.017708277
2845,E08,DR_20221209_143805,932.0,-0.0074947793
2846,E08,DR_20221209_143805,933.0,-0.034100085
2847,E08,DR_20221209_143805,934.0,0.2069643
2848,E08,DR_20221209_143805,935.0,0.09161252
2849,E08,DR_20221209_143805,936.0,-0.0038875325
2850,E09,DR_20221209_143805,937.0,0.00449898
2851,E09,DR_20221209_143805,938.0,-0.017058926
2852,E09,DR_20221209_143805,939.0,-0.008722542
2853,E09,DR_20221209_143805,940.0,-0.002053349
2854,E09,DR_20221209_143805,941.0,0.0479524
2855,E09,DR_20221209_143805,942.0,-0.005067369
2856,E09,DR_20221209_143805,943.0,0.010446814
2857,E09,DR_20221209_143805,944.0,-0.03832062
2858,E09,DR_20221209_143805,945.0,-0.016754821
2859,E10,DR_20221209_143805,946.0,-0.0004302393
2860,E10,DR_20221209_143805,947.0,-0.019724416
2861,E10,DR_20221209_143805,948.0,-0.010525091
2862,E10,DR_20221209_143805,949.0,-0.015893193
2863,E10,DR_20221209_143805,950.0,-0.036435105
2864,E10,DR_20221209_143805,951.0,-0.0040490376
2865,E10,DR_20221209_143805,952.0,0.021123055
2866,E10,DR_20221209_143805,953.0,0.016084472
2867,E10,DR_20221209_143805,954.0,-0.011264083
2868,E11,DR_20221209_143805,955.0,0.0035482584
2869,E11,DR_20221209_143805,956.0,0.21367604
2870,E11,DR_20221209_143805,957.0,0.4351542
2871,E11,DR_20221209_143805,958.0,-0.010719425
2872,E11,DR_20221209_143805,959.0,0.10828644
2873,E11,DR_20221209_143805,960.0,-0.03112579
2874,E11,DR_20221209_143805,961.0,-0.0068381364
2875,E11,DR_20221209_143805,962.0,-0.07924735
2876,E11,DR_20221209_143805,963.0,-0.0038332066
2877,E12,DR_20221209_143805,964.0,0.02778555
2878,E12,DR_20221209_143805,965.0,-0.008918656
2879,E12,DR_20221209_143805,966.0,0.008655865
2880,E12,DR_20221209_143805,967.0,0.007542025
2881,E12,DR_20221209_143805,968.0,0.0026028361
2882,E12,DR_20221209_143805,969.0,0.016676866
2883,E12,DR_20221209_143805,970.0,0.021087557
2884,E12,DR_20221209_143805,971.0,-0.010815949
2885,E12,DR_20221209_143805,972.0,0.07543723
2886,E13,DR_20221209_143805,973.0,0.027730659
2887,E13,DR_20221209_143805,974.0,0.019559111
2888,E13,DR_20221209_143805,975.0,-0.029557968
2889,E13,DR_20221209_143805,976.0,0.023254279
2890,E13,DR_20221209_143805,977.0,0.009107703
2891,E13,DR_20221209_143805,978.0,0.014029728
2892,E13,DR_20221209_143805,979.0,-0.010506084
2893,E13,DR_20221209_143805,980.0,-0.020745888
2894,E13,DR_20221209_143805,981.0,-0.005307326
2895,E14,DR_20221209_143805,982.0,-0.046139143
2896,E14,DR_20221209_143805,983.0,0.008503805
2897,E14,DR_20221209_143805,984.0,-0.01034849
2898,E14,DR_20221209_143805,985.0,-0.020306824
2899,E14,DR_20221209_143805,986.0,0.16265883
2900,E14,DR_20221209_143805,987.0,-0.008532726
2901,E14,DR_20221209_143805,988.0,0.02124897
2902,E14,DR_20221209_143805,989.0,0.020164546
2903,E14,DR_20221209_143805,990.0,0.16700387
2904,E15,DR_20221209_143805,991.0,-0.044280984
2905,E15,DR_20221209_143805,992.0,0.029028954
2906,E15,DR_20221209_143805,993.0,0.027248576
2907,E15,DR_20221209_143805,994.0,0.003927
2908,E15,DR_20221209_143805,995.0,0.12348351
2909,E15,DR_20221209_143805,996.0,0.02101475
2910,E15,DR_20221209_143805,997.0,0.022804972
2911,E15,DR_20221209_143805,998.0,0.010963492
2912,E15,DR_20221209_143805,999.0,0.004308935
2913,E16,DR_20221209_143805,1000.0,-0.014451967
2914,E16,DR_20221209_143805,1001.0,-0.07601857
2915,E16,DR_20221209_143805,1002.0,0.055514585
2916,E16,DR_20221209_143805,1003.0,-0.0033463966
2917,E16,DR_20221209_143805,1004.0,0.14986259
2918,E16,DR_20221209_143805,1005.0,-0.101242885
2919,E16,DR_20221209_143805,1006.0,0.038310897
2920,E16,DR_20221209_143805,1007.0,0.003912651
2921,E16,DR_20221209_143805,1008.0,0.027802097
2922,E17,DR_20221209_143805,1009.0,0.033897266
2923,E17,DR_20221209_143805,1010.0,-0.00088532973
2924,E17,DR_20221209_143805,1011.0,0.0048574614
2925,E17,DR_20221209_143805,1012.0,0.003406474
2926,E17,DR_20221209_143805,1013.0,0.091693535
2927,E17,DR_20221209_143805,1014.0,0.0125566665
2928,E17,DR_20221209_143805,1015.0,0.08340176
2929,E17,DR_20221209_143805,1016.0,-0.04284483
2930,E17,DR_20221209_143805,1017.0,0.042150386
2931,E18,DR_20221209_143805,1018.0,-0.0067434097
2932,E18,DR_20221209_143805,1019.0,-0.011598967
2933,E18,DR_20221209_143805,1020.0,-0.032714624
2934,E18,DR_20221209_143805,1021.0,-0.0007412961
2935,E18,DR_20221209_143805,1022.0,0.019237066
2936,E18,DR_20221209_143805,1023.0,0.005261325
2937,E18,DR_20221209_143805,1024.0,0.0056179045
2938,E18,DR_20221209_143805,1025.0,0.008830425
2939,E18,DR_20221209_143805,1026.0,0.059541643
2940,E19,DR_20221209_143805,1027.0,-0.011690431
2941,E19,DR_20221209_143805,1028.0,0.0007704004
2942,E19,DR_20221209_143805,1029.0,-0.02316755
2943,E19,DR_20221209_143805,1030.0,0.018732404
2944,E19,DR_20221209_143805,1031.0,-0.00885907
2945,E19,DR_20221209_143805,1032.0,0.009918153
2946,E19,DR_20221209_143805,1033.0,-0.028713265
2947,E19,DR_20221209_143805,1034.0,-0.07020975
2948,E19,DR_20221209_143805,1035.0,-0.03341453
2949,E20,DR_20221209_143805,1036.0,-0.015594921
2950,E20,DR_20221209_143805,1037.0,0.0041157543
2951,E20,DR_20221209_143805,1038.0,0.009620318
2952,E20,DR_20221209_143805,1039.0,-0.0008895583
2953,E20,DR_20221209_143805,1040.0,-0.00012829724
2954,E20,DR_20221209_143805,1041.0,0.011995848
2955,E20,DR_20221209_143805,1042.0,-0.0077992855
2956,E20,DR_20221209_143805,1043.0,-0.010747763
2957,E20,DR_20221209_143805,1044.0,-0.02913379
2958,E21,DR_20221209_143805,1045.0,0.009490821
2959,E21,DR_20221209_143805,1046.0,0.0013155601
2960,E21,DR_20221209_143805,1047.0,0.012181204
2961,E21,DR_20221209_143805,1048.0,-0.0162194
2962,E21,DR_20221209_143805,1049.0,-0.022355713
2963,E21,DR_20221209_143805,1050.0,-0.007100801
2964,E21,DR_20221209_143805,1051.0,0.00349326
2965,E21,DR_20221209_143805,1052.0,-0.013298109
2966,E21,DR_20221209_143805,1053.0,-0.004883981
2967,E22,DR_20221209_143805,1054.0,0.00018490948
2968,E22,DR_20221209_143805,1055.0,-0.015920872
2969,E22,DR_20221209_143805,1056.0,0.015582506
2970,E22,DR_20221209_143805,1057.0,-0.035323624
2971,E22,DR_20221209_143805,1058.0,0.004874512
2972,E22,DR_20221209_143805,1059.0,0.013628138
2973,E22,DR_20221209_143805,1060.0,-0.025812171
2974,E22,DR_20221209_143805,1061.0,0.016237969
2975,E22,DR_20221209_143805,1062.0,-0.043347195
3012,F03,DR_20221209_143805,1099.0,0.029734429
3013,F03,DR_20221209_143805,1100.0,0.08351092
3014,F03,DR_20221209_143805,1101.0,0.006912028
3015,F03,DR_20221209_143805,1102.0,0.087821245
3016,F03,DR_20221209_143805,1103.0,-0.008818806
3017,F03,DR_20221209_143805,1104.0,0.058157198
3018,F03,DR_20221209_143805,1105.0,0.010001404
3019,F03,DR_20221209_143805,1106.0,-0.0002124413
3020,F03,DR_20221209_143805,1107.0,0.026277736
3021,F04,DR_20221209_143805,1108.0,0.05871775
3022,F04,DR_20221209_143805,1109.0,0.006029032
3023,F04,DR_20221209_143805,1110.0,-0.006344701
3024,F04,DR_20221209_143805,1111.0,0.14721979
3025,F04,DR_20221209_143805,1112.0,0.014430212
3026,F04,DR_20221209_143805,1113.0,0.13316177
3027,F04,DR_20221209_143805,1114.0,0.20798843
3028,F04,DR_20221209_143805,1115.0,0.11902862
3029,F04,DR_20221209_143805,1116.0,-0.026684487
3030,F05,DR_20221209_143805,1117.0,-0.09049051
3031,F05,DR_20221209_143805,1118.0,0.006224239
3032,F05,DR_20221209_143805,1119.0,0.010821714
3033,F05,DR_20221209_143805,1120.0,0.13691875
3034,F05,DR_20221209_143805,1121.0,0.047059823
3035,F05,DR_20221209_143805,1122.0,0.059701856
3036,F05,DR_20221209_143805,1123.0,0.21269298
3037,F05,DR_20221209_143805,1124.0,0.055115107
3038,F05,DR_20221209_143805,1125.0,0.015137
3039,F06,DR_20221209_143805,1126.0,-0.0031899929
3040,F06,DR_20221209_143805,1127.0,0.21940935
3041,F06,DR_20221209_143805,1128.0,0.07340275
3042,F06,DR_20221209_143805,1129.0,0.023766529
3043,F06,DR_20221209_143805,1130.0,0.06514852
3044,F06,DR_20221209_143805,1131.0,-0.0134395575
3045,F06,DR_20221209_143805,1132.0,0.28463253
3046,F06,DR_20221209_143805,1133.0,0.22885281
3047,F06,DR_20221209_143805,1134.0,0.08278781
3048,F07,DR_20221209_143805,1135.0,0.18421715
3049,F07,DR_20221209_143805,1136.0,0.54846793
3050,F07,DR_20221209_143805,1137.0,-0.0054343836
3051,F07,DR_20221209_143805,1138.0,0.026909892
3052,F07,DR_20221209_143805,1139.0,-0.005238362
3053,F07,DR_20221209_143805,1140.0,0.00062455016
3054,F07,DR_20221209_143805,1141.0,0.096741624
3055,F07,DR_20221209_143805,1142.0,0.031810425
3056,F07,DR_20221209_143805,1143.0,-0.00088081835
3057,F08,DR_20221209_143805,1144.0,0.05866882
3058,F08,DR_20221209_143805,1145.0,0.07202375
3059,F08,DR_20221209_143805,1146.0,0.027134987
3060,F08,DR_20221209_143805,1147.0,0.011455943
3061,F08,DR_20221209_143805,1148.0,0.5350521
3062,F08,DR_20221209_143805,1149.0,0.03374894
3063,F08,DR_20221209_143805,1150.0,-0.010005492
3064,F08,DR_20221209_143805,1151.0,0.022456754
3065,F08,DR_20221209_143805,1152.0,-0.007966056
3066,F09,DR_20221209_143805,1153.0,0.00087167457
3067,F09,DR_20221209_143805,1154.0,0.008060584
3068,F09,DR_20221209_143805,1155.0,0.0033042133
3069,F09,DR_20221209_143805,1156.0,0.023712225
3070,F09,DR_20221209_143805,1157.0,0.003377308
3071,F09,DR_20221209_143805,1158.0,-0.0075932
3072,F09,DR_20221209_143805,1159.0,-0.07368197
3073,F09,DR_20221209_143805,1160.0,0.011197497
3074,F09,DR_20221209_143805,1161.0,-0.012971632
3075,F10,DR_20221209_143805,1162.0,0.009337108
3076,F10,DR_20221209_143805,1163.0,0.33363518
3077,F10,DR_20221209_143805,1164.0,0.030434996
3078,F10,DR_20221209_143805,1165.0,-0.028365858
3079,F10,DR_20221209_143805,1166.0,0.09881845
3080,F10,DR_20221209_143805,1167.0,0.031912513
3081,F10,DR_20221209_143805,1168.0,-0.010489107
3082,F10,DR_20221209_143805,1169.0,0.13671264
3083,F10,DR_20221209_143805,1170.0,0.00455991
3084,F11,DR_20221209_143805,1171.0,0.006334925
3085,F11,DR_20221209_143805,1172.0,-0.00035657408
3086,F11,DR_20221209_143805,1173.0,-0.072161116
3087,F11,DR_20221209_143805,1174.0,-0.01092411
3088,F11,DR_20221209_143805,1175.0,0.12272269
3089,F11,DR_20221209_143805,1176.0,-0.0028699944
3090,F11,DR_20221209_143805,1177.0,0.008353067
3091,F11,DR_20221209_143805,1178.0,-0.053504355
3092,F11,DR_20221209_143805,1179.0,-0.10220852
3093,F12,DR_20221209_143805,1180.0,-0.001995435
3094,F12,DR_20221209_143805,1181.0,-0.045230802
3095,F12,DR_20221209_143805,1182.0,0.050284468
3096,F12,DR_20221209_143805,1183.0,0.0075350567
3097,F12,DR_20221209_143805,1184.0,0.033308156
3098,F12,DR_20221209_143805,1185.0,-0.0067374185
3099,F12,DR_20221209_143805,1186.0,-0.030415164
3100,F12,DR_20221209_143805,1187.0,0.0048648035
3101,F12,DR_20221209_143805,1188.0,0.034104157
3102,F13,DR_20221209_143805,1189.0,-0.0122691905
3103,F13,DR_20221209_143805,1190.0,-0.028392764
3104,F13,DR_20221209_143805,1191.0,0.017677525
3105,F13,DR_20221209_143805,1192.0,0.011835903
3106,F13,DR_20221209_143805,1193.0,0.1527215
3107,F13,DR_20221209_143805,1194.0,0.0038186165
3108,F13,DR_20221209_143805,1195.0,-0.0037810225
3109,F13,DR_20221209_143805,1196.0,-0.0054663443
3110,F13,DR_20221209_143805,1197.0,-0.009159094
3111,F14,DR_20221209_143805,1198.0,-0.018991359
3112,F14,DR_20221209_143805,1199.0,-0.0327948
3113,F14,DR_20221209_143805,1200.0,-0.026653247
3114,F14,DR_20221209_143805,1201.0,0.0029565315
3115,F14,DR_20221209_143805,1202.0,0.108312026
3116,F14,DR_20221209_143805,1203.0,0.04389911
3117,F14,DR_20221209_143805,1204.0,-0.0072505292
3118,F14,DR_20221209_143805,1205.0,-0.012076648
3119,F14,DR_20221209_143805,1206.0,0.10062525
3120,F15,DR_20221209_143805,1207.0,0.039491434
3121,F15,DR_20221209_143805,1208.0,-0.00081372395
3122,F15,DR_20221209_143805,1209.0,0.02872191
3123,F15,DR_20221209_143805,1210.0,0.05561606
3124,F15,DR_20221209_143805,1211.0,0.13890733
3125,F15,DR_20221209_143805,1212.0,0.016343568
3126,F15,DR_20221209_143805,1213.0,0.031083968
3127,F15,DR_20221209_143805,1214.0,-0.007267098
3128,F15,DR_20221209_143805,1215.0,0.061687287
3129,F16,DR_20221209_143805,1216.0,-0.10721199
3130,F16,DR_20221209_143805,1217.0,-0.0053179464
3131,F16,DR_20221209_143805,1218.0,-0.0009214225
3132,F16,DR_20221209_143805,1219.0,-0.042516604
3133,F16,DR_20221209_143805,1220.0,0.19376327
3134,F16,DR_20221209_143805,1221.0,0.008824523
3135,F16,DR_20221209_143805,1222.0,-0.00088411244
3136,F16,DR_20221209_143805,1223.0,-0.054921135
3137,F16,DR_20221209_143805,1224.0,-0.0142402975
3138,F17,DR_20221209_143805,1225.0,-0.015883064
3139,F17,DR_20221209_143805,1226.0,0.033193976
3140,F17,DR_20221209_143805,1227.0,-0.027642136
3141,F17,DR_20221209_143805,1228.0,-0.012035896
3142,F17,DR_20221209_143805,1229.0,0.14869551
3143,F17,DR_20221209_143805,1230.0,0.007249509
3144,F17,DR_20221209_143805,1231.0,-0.032020878
3145,F17,DR_20221209_143805,1232.0,-0.099742375
3146,F17,DR_20221209_143805,1233.0,-0.02770477
3147,F18,DR_20221209_143805,1234.0,0.017016742
3148,F18,DR_20221209_143805,1235.0,0.4748602
3149,F18,DR_20221209_143805,1236.0,-0.054178987
3150,F18,DR_20221209_143805,1237.0,0.03616055
3151,F18,DR_20221209_143805,1238.0,0.11476113
3152,F18,DR_20221209_143805,1239.0,0.0586838
3153,F18,DR_20221209_143805,1240.0,-0.033752456
3154,F18,DR_20221209_143805,1241.0,-0.023318643
3155,F18,DR_20221209_143805,1242.0,0.01530953
3156,F19,DR_20221209_143805,1243.0,-0.013741406
3157,F19,DR_20221209_143805,1244.0,-0.064458996
3158,F19,DR_20221209_143805,1245.0,0.0028612565
3159,F19,DR_20221209_143805,1246.0,0.04571683
3160,F19,DR_20221209_143805,1247.0,0.11664751
3161,F19,DR_20221209_143805,1248.0,0.04249888
3162,F19,DR_20221209_143805,1249.0,-0.027897073
3163,F19,DR_20221209_143805,1250.0,0.017736658
3164,F19,DR_20221209_143805,1251.0,-0.0030814137
3165,F20,DR_20221209_143805,1252.0,0.0411005
3166,F20,DR_20221209_143805,1253.0,0.021829288
3167,F20,DR_20221209_143805,1254.0,-0.0130750155
3168,F20,DR_20221209_143805,1255.0,0.020092532
3169,F20,DR_20221209_143805,1256.0,-0.014254561
3170,F20,DR_20221209_143805,1257.0,-0.013768695
3171,F20,DR_20221209_143805,1258.0,0.07025835
3172,F20,DR_20221209_143805,1259.0,-0.023912497
3173,F20,DR_20221209_143805,1260.0,-0.0006082332
3174,F21,DR_20221209_143805,1261.0,0.007429433
3175,F21,DR_20221209_143805,1262.0,-0.093039095
3176,F21,DR_20221209_143805,1263.0,0.05335389
3177,F21,DR_20221209_143805,1264.0,0.020988233
3178,F21,DR_20221209_143805,1265.0,0.037557874
3179,F21,DR_20221209_143805,1266.0,-0.00035907785
3180,F21,DR_20221209_143805,1267.0,-0.0013822885
3181,F21,DR_20221209_143805,1268.0,0.03256646
3182,F21,DR_20221209_143805,1269.0,-0.06112301
3183,F22,DR_20221209_143805,1270.0,0.0088667525
3184,F22,DR_20221209_143805,1271.0,-0.000107557644
3185,F22,DR_20221209_143805,1272.0,0.019200688
3186,F22,DR_20221209_143805,1273.0,0.010234889
3187,F22,DR_20221209_143805,1274.0,0.016566565
3188,F22,DR_20221209_143805,1275.0,-0.004766924
3189,F22,DR_20221209_143805,1276.0,0.043695807
3190,F22,DR_20221209_143805,1277.0,-0.0062951786
3191,F22,DR_20221209_143805,1278.0,0.04956799
3228,G03,DR_20221209_143805,1315.0,-0.0065492913
3229,G03,DR_20221209_143805,1316.0,0.0058520017
3230,G03,DR_20221209_143805,1317.0,0.0010816414
3231,G03,DR_20221209_143805,1318.0,0.0022468853
3232,G03,DR_20221209_143805,1319.0,0.039606664
3233,G03,DR_20221209_143805,1320.0,0.020643285
3234,G03,DR_20221209_143805,1321.0,0.015886221
3235,G03,DR_20221209_143805,1322.0,0.3520777
3236,G03,DR_20221209_143805,1323.0,-0.010298199
3237,G04,DR_20221209_143805,1324.0,-0.026475575
3238,G04,DR_20221209_143805,1325.0,-0.005263852
3239,G04,DR_20221209_143805,1326.0,0.0020074463
3240,G04,DR_20221209_143805,1327.0,-0.0008809767
3241,G04,DR_20221209_143805,1328.0,0.007185536
3242,G04,DR_20221209_143805,1329.0,0.013764376
3243,G04,DR_20221209_143805,1330.0,-0.01711557
3244,G04,DR_20221209_143805,1331.0,0.023231223
3245,G04,DR_20221209_143805,1332.0,-0.012180651
3246,G05,DR_20221209_143805,1333.0,-0.00603639
3247,G05,DR_20221209_143805,1334.0,-0.0086482745
3248,G05,DR_20221209_143805,1335.0,0.024598487
3249,G05,DR_20221209_143805,1336.0,-0.00023803193
3250,G05,DR_20221209_143805,1337.0,0.014532514
3251,G05,DR_20221209_143805,1338.0,0.0110130515
3252,G05,DR_20221209_143805,1339.0,-0.04506489
3253,G05,DR_20221209_143805,1340.0,0.01105351
3254,G05,DR_20221209_143805,1341.0,-0.0056503364
3255,G06,DR_20221209_143805,1342.0,-0.026701981
3256,G06,DR_20221209_143805,1343.0,-0.011739149
3257,G06,DR_20221209_143805,1344.0,-0.0084990645
3258,G06,DR_20221209_143805,1345.0,0.014133928
3259,G06,DR_20221209_143805,1346.0,0.058775343
3260,G06,DR_20221209_143805,1347.0,0.023018578
3261,G06,DR_20221209_143805,1348.0,0.011298967
3262,G06,DR_20221209_143805,1349.0,0.036164947
3263,G06,DR_20221209_143805,1350.0,-0.035754543
3264,G07,DR_20221209_143805,1351.0,0.018079117
3265,G07,DR_20221209_143805,1352.0,0.004845636
3266,G07,DR_20221209_143805,1353.0,0.015118464
3267,G07,DR_20221209_143805,1354.0,-0.00860423
3268,G07,DR_20221209_143805,1355.0,0.0076370463
3269,G07,DR_20221209_143805,1356.0,-0.13655032
3270,G07,DR_20221209_143805,1357.0,-0.004065858
3271,G07,DR_20221209_143805,1358.0,0.014660396
3272,G07,DR_20221209_143805,1359.0,-0.032259155
3273,G08,DR_20221209_143805,1360.0,-0.021701153
3274,G08,DR_20221209_143805,1361.0,0.39028496
3275,G08,DR_20221209_143805,1362.0,0.5011488
3276,G08,DR_20221209_143805,1363.0,0.4896342
3277,G08,DR_20221209_143805,1364.0,0.5271141
3278,G08,DR_20221209_143805,1365.0,0.03495714
3279,G08,DR_20221209_143805,1366.0,0.0010585757
3280,G08,DR_20221209_143805,1367.0,-0.01104563
3281,G08,DR_20221209_143805,1368.0,-0.006602572
3282,G09,DR_20221209_143805,1369.0,-1.9599265e-05
3283,G09,DR_20221209_143805,1370.0,0.0011245173
3284,G09,DR_20221209_143805,1371.0,0.009725369
3285,G09,DR_20221209_143805,1372.0,-0.030950407
3286,G09,DR_20221209_143805,1373.0,0.62468356
3287,G09,DR_20221209_143805,1374.0,0.008862087
3288,G09,DR_20221209_143805,1375.0,-0.014065429
3289,G09,DR_20221209_143805,1376.0,-0.003785978
3290,G09,DR_20221209_143805,1377.0,-0.010874758
3291,G10,DR_20221209_143805,1378.0,-0.0025545158
3292,G10,DR_20221209_143805,1379.0,0.0024018397
3293,G10,DR_20221209_143805,1380.0,0.042064786
3294,G10,DR_20221209_143805,1381.0,-0.058298964
3295,G10,DR_20221209_143805,1382.0,0.02015005
3296,G10,DR_20221209_143805,1383.0,-0.034063436
3297,G10,DR_20221209_143805,1384.0,0.022965984
3298,G10,DR_20221209_143805,1385.0,-0.016932605
3299,G10,DR_20221209_143805,1386.0,0.049071055
3300,G11,DR_20221209_143805,1387.0,0.028772727
3301,G11,DR_20221209_143805,1388.0,0.08567362
3302,G11,DR_20221209_143805,1389.0,0.036774207
3303,G11,DR_20221209_143805,1390.0,0.06357123
3304,G11,DR_20221209_143805,1391.0,0.17726135
3305,G11,DR_20221209_143805,1392.0,0.0014869301
3306,G11,DR_20221209_143805,1393.0,0.007442689
3307,G11,DR_20221209_143805,1394.0,-0.022023765
3308,G11,DR_20221209_143805,1395.0,0.017181182
3309,G12,DR_20221209_143805,1396.0,-0.005715245
3310,G12,DR_20221209_143805,1397.0,-0.012595493
3311,G12,DR_20221209_143805,1398.0,0.01997725
3312,G12,DR_20221209_143805,1399.0,0.011613373
3313,G12,DR_20221209_143805,1400.0,-0.022657497
3314,G12,DR_20221209_143805,1401.0,0.006392497
3315,G12,DR_20221209_143805,1402.0,-0.008446137
3316,G12,DR_20221209_143805,1403.0,-0.015010333
3317,G12,DR_20221209_143805,1404.0,0.055494856
3318,G13,DR_20221209_143805,1405.0,0.04035351
3319,G13,DR_20221209_143805,1406.0,0.012187658
3320,G13,DR_20221209_143805,1407.0,-0.07793031
3321,G13,DR_20221209_143805,1408.0,-0.01687859
3322,G13,DR_20221209_143805,1409.0,0.022309314
3323,G13,DR_20221209_143805,1410.0,-0.018195037
3324,G13,DR_20221209_143805,1411.0,-0.01080621
3325,G13,DR_20221209_143805,1412.0,0.0022315413
3326,G13,DR_20221209_143805,1413.0,-0.0014687984
3327,G14,DR_20221209_143805,1414.0,0.015278305
3328,G14,DR_20221209_143805,1415.0,-0.0065135607
3329,G14,DR_20221209_143805,1416.0,0.069622695
3330,G14,DR_20221209_143805,1417.0,-0.038571093
3331,G14,DR_20221209_143805,1418.0,0.077310406
3332,G14,DR_20221209_143805,1419.0,-0.04611732
3333,G14,DR_20221209_143805,1420.0,-0.02763792
3334,G14,DR_20221209_143805,1421.0,0.06943424
3335,G14,DR_20221209_143805,1422.0,-0.051340226
3336,G15,DR_20221209_143805,1423.0,-0.003219881
3337,G15,DR_20221209_143805,1424.0,-0.0058021233
3338,G15,DR_20221209_143805,1425.0,0.09442903
3339,G15,DR_20221209_143805,1426.0,-0.01603459
3340,G15,DR_20221209_143805,1427.0,0.14954466
3341,G15,DR_20221209_143805,1428.0,-0.0105416225
3342,G15,DR_20221209_143805,1429.0,-0.008039641
3343,G15,DR_20221209_143805,1430.0,-0.011293755
3344,G15,DR_20221209_143805,1431.0,-0.01208759
3345,G16,DR_20221209_143805,1432.0,-0.030295955
3346,G16,DR_20221209_143805,1433.0,-0.0028516678
3347,G16,DR_20221209_143805,1434.0,0.055974964
3348,G16,DR_20221209_143805,1435.0,-0.0061652465
3349,G16,DR_20221209_143805,1436.0,0.04116668
3350,G16,DR_20221209_143805,1437.0,0.048763674
3351,G16,DR_20221209_143805,1438.0,-0.05995528
3352,G16,DR_20221209_143805,1439.0,-0.018300528
3353,G16,DR_20221209_143805,1440.0,-0.077110246
3354,G17,DR_20221209_143805,1441.0,-0.07093987
3355,G17,DR_20221209_143805,1442.0,-0.0017118073
3356,G17,DR_20221209_143805,1443.0,0.21091597
3357,G17,DR_20221209_143805,1444.0,0.024010088
3358,G17,DR_20221209_143805,1445.0,0.039134305
3359,G17,DR_20221209_143805,1446.0,0.0052430998
3360,G17,DR_20221209_143805,1447.0,-0.009350464
3361,G17,DR_20221209_143805,1448.0,0.0026437303
3362,G17,DR_20221209_143805,1449.0,0.035521563
3363,G18,DR_20221209_143805,1450.0,0.0364244
3364,G18,DR_20221209_143805,1451.0,0.24115595
3365,G18,DR_20221209_143805,1452.0,-0.0033179524
3366,G18,DR_20221209_143805,1453.0,-0.00044827015
3367,G18,DR_20221209_143805,1454.0,-0.016307937
3368,G18,DR_20221209_143805,1455.0,0.042661957
3369,G18,DR_20221209_143805,1456.0,-0.015611399
3370,G18,DR_20221209_143805,1457.0,-0.016848356
3371,G18,DR_20221209_143805,1458.0,0.010657594
3372,G19,DR_20221209_143805,1459.0,-0.019986209
3373,G19,DR_20221209_143805,1460.0,0.010301564
3374,G19,DR_20221209_143805,1461.0,0.105993696
3375,G19,DR_20221209_143805,1462.0,0.020528808
3376,G19,DR_20221209_143805,1463.0,0.036475725
3377,G19,DR_20221209_143805,1464.0,6.115211e-05
3378,G19,DR_20221209_143805,1465.0,-0.060074482
3379,G19,DR_20221209_143805,1466.0,-0.03211375
3380,G19,DR_20221209_143805,1467.0,-0.02519358
3381,G20,DR_20221209_143805,1468.0,-0.019316094
3382,G20,DR_20221209_143805,1469.0,-0.012268523
3383,G20,DR_20221209_143805,1470.0,-0.017447632
3384,G20,DR_20221209_143805,1471.0,0.0057866815
3385,G20,DR_20221209_143805,1472.0,0.003275055
3386,G20,DR_20221209_143805,1473.0,-0.003878248
3387,G20,DR_20221209_143805,1474.0,-0.023468904
3388,G20,DR_20221209_143805,1475.0,0.05284374
3389,G20,DR_20221209_143805,1476.0,-0.044181578
3390,G21,DR_20221209_143805,1477.0,-0.008621932
3391,G21,DR_20221209_143805,1478.0,-0.0070858444
3392,G21,DR_20221209_143805,1479.0,0.0030735328
3393,G21,DR_20221209_143805,1480.0,-0.0058324607
3394,G21,DR_20221209_143805,1481.0,-0.005718735
3395,G21,DR_20221209_143805,1482.0,0.0114086885
3396,G21,DR_20221209_143805,1483.0,-0.008177473
3397,G21,DR_20221209_143805,1484.0,-0.014805683
3398,G21,DR_20221209_143805,1485.0,0.0012706524
3399,G22,DR_20221209_143805,1486.0,0.024359068
3400,G22,DR_20221209_143805,1487.0,0.009333609
3401,G22,DR_20221209_143805,1488.0,0.091704234
3402,G22,DR_20221209_143805,1489.0,0.09714179
3403,G22,DR_20221209_143805,1490.0,-0.014617265
3404,G22,DR_20221209_143805,1491.0,-0.02181629
3405,G22,DR_20221209_143805,1492.0,-0.0026486756
3406,G22,DR_20221209_143805,1493.0,0.025600106
3407,G22,DR_20221209_143805,1494.0,-0.019506283
3444,H03,DR_20221209_143805,1531.0,-0.0103701465
3445,H03,DR_20221209_143805,1532.0,0.018201465
3446,H03,DR_20221209_143805,1533.0,-0.014479136
3447,H03,DR_20221209_143805,1534.0,0.027245076
3448,H03,DR_20221209_143805,1535.0,0.009518277
3449,H03,DR_20221209_143805,1536.0,0.025097784
3450,H03,DR_20221209_143805,1537.0,0.020337755
3451,H03,DR_20221209_143805,1538.0,0.010653183
3452,H03,DR_20221209_143805,1539.0,0.011016747
3453,H04,DR_20221209_143805,1540.0,0.008314912
3454,H04,DR_20221209_143805,1541.0,0.010367458
3455,H04,DR_20221209_143805,1542.0,-0.010008703
3456,H04,DR_20221209_143805,1543.0,-0.0008354852
3457,H04,DR_20221209_143805,1544.0,0.0068329806
3458,H04,DR_20221209_143805,1545.0,-0.009794208
3459,H04,DR_20221209_143805,1546.0,-0.027912911
3460,H04,DR_20221209_143805,1547.0,0.009162592
3461,H04,DR_20221209_143805,1548.0,-0.016346466
3462,H05,DR_20221209_143805,1549.0,0.038194735
3463,H05,DR_20221209_143805,1550.0,0.0007825374
3464,H05,DR_20221209_143805,1551.0,-0.0070985006
3465,H05,DR_20221209_143805,1552.0,-0.031474236
3466,H05,DR_20221209_143805,1553.0,-0.04445634
3467,H05,DR_20221209_143805,1554.0,-0.012930619
3468,H05,DR_20221209_143805,1555.0,-0.01808561
3469,H05,DR_20221209_143805,1556.0,0.0024008788
3470,H05,DR_20221209_143805,1557.0,-0.011229287
3471,H06,DR_20221209_143805,1558.0,0.0056572724
3472,H06,DR_20221209_143805,1559.0,-0.015727045
3473,H06,DR_20221209_143805,1560.0,-0.037728973
3474,H06,DR_20221209_143805,1561.0,-0.004553168
3475,H06,DR_20221209_143805,1562.0,0.038457125
3476,H06,DR_20221209_143805,1563.0,0.048100017
3477,H06,DR_20221209_143805,1564.0,-0.028051803
3478,H06,DR_20221209_143805,1565.0,0.077881016
3479,H06,DR_20221209_143805,1566.0,-0.013744067
3480,H07,DR_20221209_143805,1567.0,-0.001609419
3481,H07,DR_20221209_143805,1568.0,-0.0027862564
3482,H07,DR_20221209_143805,1569.0,-0.03364674
3483,H07,DR_20221209_143805,1570.0,-0.019256676
3484,H07,DR_20221209_143805,1571.0,0.00817036
3485,H07,DR_20221209_143805,1572.0,0.00219616
3486,H07,DR_20221209_143805,1573.0,-0.0024050472
3487,H07,DR_20221209_143805,1574.0,-0.055145025
3488,H07,DR_20221209_143805,1575.0,-0.028730268
3489,H08,DR_20221209_143805,1576.0,-0.024622861
3490,H08,DR_20221209_143805,1577.0,-0.0053399047
3491,H08,DR_20221209_143805,1578.0,0.00026754846
3492,H08,DR_20221209_143805,1579.0,-0.012995145
3493,H08,DR_20221209_143805,1580.0,-0.00630036
3494,H08,DR_20221209_143805,1581.0,0.018495385
3495,H08,DR_20221209_143805,1582.0,-0.005205592
3496,H08,DR_20221209_143805,1583.0,-0.010784363
3497,H08,DR_20221209_143805,1584.0,-0.015272287
3498,H09,DR_20221209_143805,1585.0,-0.0030150467
3499,H09,DR_20221209_143805,1586.0,0.028552502
3500,H09,DR_20221209_143805,1587.0,-0.0021087988
3501,H09,DR_20221209_143805,1588.0,0.009646501
3502,H09,DR_20221209_143805,1589.0,0.09638286
3503,H09,DR_20221209_143805,1590.0,0.025159154
3504,H09,DR_20221209_143805,1591.0,0.005787806
3505,H09,DR_20221209_143805,1592.0,0.018990027
3506,H09,DR_20221209_143805,1593.0,-0.006297871
3507,H10,DR_20221209_143805,1594.0,0.0012317363
3508,H10,DR_20221209_143805,1595.0,-0.0064006113
3509,H10,DR_20221209_143805,1596.0,0.018459456
3510,H10,DR_20221209_143805,1597.0,-0.013451804
3511,H10,DR_20221209_143805,1598.0,0.04934407
3512,H10,DR_20221209_143805,1599.0,-0.015986303
3513,H10,DR_20221209_143805,1600.0,-0.005023755
3514,H10,DR_20221209_143805,1601.0,0.05288289
3515,H10,DR_20221209_143805,1602.0,-0.033164367
3516,H11,DR_20221209_143805,1603.0,-0.010975206
3517,H11,DR_20221209_143805,1604.0,-0.007952946
3518,H11,DR_20221209_143805,1605.0,-0.03412474
3519,H11,DR_20221209_143805,1606.0,0.004150786
3520,H11,DR_20221209_143805,1607.0,0.0072268564
3521,H11,DR_20221209_143805,1608.0,-0.01362831
3522,H11,DR_20221209_143805,1609.0,-0.004930268
3523,H11,DR_20221209_143805,1610.0,-0.024618056
3524,H11,DR_20221209_143805,1611.0,-0.019127382
3525,H12,DR_20221209_143805,1612.0,-0.0032703062
3526,H12,DR_20221209_143805,1613.0,-0.0044346754
3527,H12,DR_20221209_143805,1614.0,0.038444567
3528,H12,DR_20221209_143805,1615.0,0.04820545
3529,H12,DR_20221209_143805,1616.0,0.08321971
3530,H12,DR_20221209_143805,1617.0,0.4758173
3531,H12,DR_20221209_143805,1618.0,0.00082016154
3532,H12,DR_20221209_143805,1619.0,0.009836038
3533,H12,DR_20221209_143805,1620.0,-0.013656944
3534,H13,DR_20221209_143805,1621.0,0.01015635
3535,H13,DR_20221209_143805,1622.0,0.043479413
3536,H13,DR_20221209_143805,1623.0,-0.0017970613
3537,H13,DR_20221209_143805,1624.0,0.0019740553
3538,H13,DR_20221209_143805,1625.0,0.011731269
3539,H13,DR_20221209_143805,1626.0,-0.009181911
3540,H13,DR_20221209_143805,1627.0,0.04505245
3541,H13,DR_20221209_143805,1628.0,0.01670417
3542,H13,DR_20221209_143805,1629.0,-0.04220864
3543,H14,DR_20221209_143805,1630.0,0.011672395
3544,H14,DR_20221209_143805,1631.0,0.034566585
3545,H14,DR_20221209_143805,1632.0,-0.018224025
3546,H14,DR_20221209_143805,1633.0,-0.04751046
3547,H14,DR_20221209_143805,1634.0,0.09931689
3548,H14,DR_20221209_143805,1635.0,0.007305831
3549,H14,DR_20221209_143805,1636.0,-0.0011030465
3550,H14,DR_20221209_143805,1637.0,-0.028823925
3551,H14,DR_20221209_143805,1638.0,-0.028315492
3552,H15,DR_20221209_143805,1639.0,-0.019525634
3553,H15,DR_20221209_143805,1640.0,0.028442373
3554,H15,DR_20221209_143805,1641.0,0.000721899
3555,H15,DR_20221209_143805,1642.0,0.023781879
3556,H15,DR_20221209_143805,1643.0,0.5322744
3557,H15,DR_20221209_143805,1644.0,-0.011716445
3558,H15,DR_20221209_143805,1645.0,-0.010456552
3559,H15,DR_20221209_143805,1646.0,0.013911288
3560,H15,DR_20221209_143805,1647.0,-0.015581079
3561,H16,DR_20221209_143805,1648.0,-0.04708238
3562,H16,DR_20221209_143805,1649.0,0.0004608165
3563,H16,DR_20221209_143805,1650.0,0.025777048
3564,H16,DR_20221209_143805,1651.0,0.019150674
3565,H16,DR_20221209_143805,1652.0,0.018784752
3566,H16,DR_20221209_143805,1653.0,-0.009147629
3567,H16,DR_20221209_143805,1654.0,0.1420392
3568,H16,DR_20221209_143805,1655.0,0.04258905
3569,H16,DR_20221209_143805,1656.0,-0.038019218
3570,H17,DR_20221209_143805,1657.0,-0.05796409
3571,H17,DR_20221209_143805,1658.0,-0.014189535
3572,H17,DR_20221209_143805,1659.0,-0.05126089
3573,H17,DR_20221209_143805,1660.0,0.003082505
3574,H17,DR_20221209_143805,1661.0,0.033819344
3575,H17,DR_20221209_143805,1662.0,-0.014240475
3576,H17,DR_20221209_143805,1663.0,-0.015845852
3577,H17,DR_20221209_143805,1664.0,0.034007013
3578,H17,DR_20221209_143805,1665.0,0.03832212
3579,H18,DR_20221209_143805,1666.0,0.012542491
3580,H18,DR_20221209_143805,1667.0,-0.004216621
3581,H18,DR_20221209_143805,1668.0,-0.0032520106
3582,H18,DR_20221209_143805,1669.0,-0.008599373
3583,H18,DR_20221209_143805,1670.0,0.0078122956
3584,H18,DR_20221209_143805,1671.0,-0.014028526
3585,H18,DR_20221209_143805,1672.0,0.055433407
3586,H18,DR_20221209_143805,1673.0,0.027078018
3587,H18,DR_20221209_143805,1674.0,-0.011264758
3588,H19,DR_20221209_143805,1675.0,0.0014865398
3589,H19,DR_20221209_143805,1676.0,0.014666603
3590,H19,DR_20221209_143805,1677.0,0.017084496
3591,H19,DR_20221209_143805,1678.0,0.01339417
3592,H19,DR_20221209_143805,1679.0,0.033075042
3593,H19,DR_20221209_143805,1680.0,-0.045708977
3594,H19,DR_20221209_143805,1681.0,-0.003920313
3595,H19,DR_20221209_143805,1682.0,-0.027451424
3596,H19,DR_20221209_143805,1683.0,-0.012288451
3597,H20,DR_20221209_143805,1684.0,0.004287962
3598,H20,DR_20221209_143805,1685.0,-0.0032741425
3599,H20,DR_20221209_143805,1686.0,0.074743405
3600,H20,DR_20221209_143805,1687.0,-0.0021847296
3601,H20,DR_20221209_143805,1688.0,-0.027424127
3602,H20,DR_20221209_143805,1689.0,0.00839958
3603,H20,DR_20221209_143805,1690.0,-0.016566332
3604,H20,DR_20221209_143805,1691.0,0.01944888
3605,H20,DR_20221209_143805,1692.0,-0.028181331
3606,H21,DR_20221209_143805,1693.0,0.021320432
3607,H21,DR_20221209_143805,1694.0,-0.089836344
3608,H21,DR_20221209_143805,1695.0,-0.014369507
3609,H21,DR_20221209_143805,1696.0,0.013544628
3610,H21,DR_20221209_143805,1697.0,0.014477509
3611,H21,DR_20221209_143805,1698.0,-0.0046264916
3612,H21,DR_20221209_143805,1699.0,-0.01923668
3613,H21,DR_20221209_143805,1700.0,-0.0005114913
3614,H21,DR_20221209_143805,1701.0,0.0036824674
3615,H22,DR_20221209_143805,1702.0,-0.00016197002
3616,H22,DR_20221209_143805,1703.0,0.013158509
3617,H22,DR_20221209_143805,1704.0,0.030469272
3618,H22,DR_20221209_143805,1705.0,0.103763744
3619,H22,DR_20221209_143805,1706.0,0.010562553
3620,H22,DR_20221209_143805,1707.0,0.075381085
3621,H22,DR_20221209_143805,1708.0,0.0032495954
3622,H22,DR_20221209_143805,1709.0,6.629898e-05
3623,H22,DR_20221209_143805,1710.0,-0.005143522
3660,I03,DR_20221209_143805,1747.0,-0.003556607
3661,I03,DR_20221209_143805,1748.0,0.021864906
3662,I03,DR_20221209_143805,1749.0,0.017369894
3663,I03,DR_20221209_143805,1750.0,-0.047114905
3664,I03,DR_20221209_143805,1751.0,0.008335566
3665,I03,DR_20221209_143805,1752.0,-0.0033138283
3666,I03,DR_20221209_143805,1753.0,-0.0100189075
3667,I03,DR_20221209_143805,1754.0,0.0862616
3668,I03,DR_20221209_143805,1755.0,0.029779866
3669,I04,DR_20221209_143805,1756.0,-0.007947839
3670,I04,DR_20221209_143805,1757.0,0.0039403387
3671,I04,DR_20221209_143805,1758.0,0.0039088884
3672,I04,DR_20221209_143805,1759.0,-0.0055377325
3673,I04,DR_20221209_143805,1760.0,0.00967382
3674,I04,DR_20221209_143805,1761.0,0.010146407
3675,I04,DR_20221209_143805,1762.0,-0.079554535
3676,I04,DR_20221209_143805,1763.0,-0.0048198816
3677,I04,DR_20221209_143805,1764.0,-0.0020480468
3678,I05,DR_20221209_143805,1765.0,-0.010129161
3679,I05,DR_20221209_143805,1766.0,-0.0042975913
3680,I05,DR_20221209_143805,1767.0,-0.0030847893
3681,I05,DR_20221209_143805,1768.0,-0.005577196
3682,I05,DR_20221209_143805,1769.0,-0.005827516
3683,I05,DR_20221209_143805,1770.0,0.034964666
3684,I05,DR_20221209_143805,1771.0,-0.0396708
3685,I05,DR_20221209_143805,1772.0,-0.031805173
3686,I05,DR_20221209_143805,1773.0,-0.00276472
3687,I06,DR_20221209_143805,1774.0,-0.029662753
3688,I06,DR_20221209_143805,1775.0,-0.019937102
3689,I06,DR_20221209_143805,1776.0,0.013733685
3690,I06,DR_20221209_143805,1777.0,0.016688548
3691,I06,DR_20221209_143805,1778.0,0.009371272
3692,I06,DR_20221209_143805,1779.0,0.010172875
3693,I06,DR_20221209_143805,1780.0,-0.013434829
3694,I06,DR_20221209_143805,1781.0,0.00027340432
3695,I06,DR_20221209_143805,1782.0,0.008774884
3696,I07,DR_20221209_143805,1783.0,0.03413095
3697,I07,DR_20221209_143805,1784.0,0.0034270168
3698,I07,DR_20221209_143805,1785.0,-0.053343523
3699,I07,DR_20221209_143805,1786.0,0.050598394
3700,I07,DR_20221209_143805,1787.0,0.012169117
3701,I07,DR_20221209_143805,1788.0,0.007378084
3702,I07,DR_20221209_143805,1789.0,0.0086837085
3703,I07,DR_20221209_143805,1790.0,-0.018295694
3704,I07,DR_20221209_143805,1791.0,-0.046210498
3705,I08,DR_20221209_143805,1792.0,0.029972482
3706,I08,DR_20221209_143805,1793.0,-0.0047281827
3707,I08,DR_20221209_143805,1794.0,-0.0078410935
3708,I08,DR_20221209_143805,1795.0,0.027425531
3709,I08,DR_20221209_143805,1796.0,0.0039251344
3710,I08,DR_20221209_143805,1797.0,-0.023442151
3711,I08,DR_20221209_143805,1798.0,0.0091891205
3712,I08,DR_20221209_143805,1799.0,-0.02763431
3713,I08,DR_20221209_143805,1800.0,-0.010428534
3714,I09,DR_20221209_143805,1801.0,0.007072034
3715,I09,DR_20221209_143805,1802.0,0.008838399
3716,I09,DR_20221209_143805,1803.0,-0.00627347
3717,I09,DR_20221209_143805,1804.0,-0.007330477
3718,I09,DR_20221209_143805,1805.0,0.09302078
3719,I09,DR_20221209_143805,1806.0,-0.023553446
3720,I09,DR_20221209_143805,1807.0,0.01046853
3721,I09,DR_20221209_143805,1808.0,-0.018361252
3722,I09,DR_20221209_143805,1809.0,0.061556567
3723,I10,DR_20221209_143805,1810.0,-0.0076671233
3724,I10,DR_20221209_143805,1811.0,-0.011408633
3725,I10,DR_20221209_143805,1812.0,0.005652454
3726,I10,DR_20221209_143805,1813.0,-0.01012832
3727,I10,DR_20221209_143805,1814.0,0.20047414
3728,I10,DR_20221209_143805,1815.0,-0.020056693
3729,I10,DR_20221209_143805,1816.0,-0.009694836
3730,I10,DR_20221209_143805,1817.0,0.062088974
3731,I10,DR_20221209_143805,1818.0,0.021543885
3732,I11,DR_20221209_143805,1819.0,0.057882443
3733,I11,DR_20221209_143805,1820.0,0.07133064
3734,I11,DR_20221209_143805,1821.0,0.10966809
3735,I11,DR_20221209_143805,1822.0,0.0035074996
3736,I11,DR_20221209_143805,1823.0,0.09190595
3737,I11,DR_20221209_143805,1824.0,0.041161202
3738,I11,DR_20221209_143805,1825.0,0.014388397
3739,I11,DR_20221209_143805,1826.0,0.006011046
3740,I11,DR_20221209_143805,1827.0,-0.0069371294
3741,I12,DR_20221209_143805,1828.0,-0.006367314
3742,I12,DR_20221209_143805,1829.0,0.031727478
3743,I12,DR_20221209_143805,1830.0,0.047736682
3744,I12,DR_20221209_143805,1831.0,0.025463492
3745,I12,DR_20221209_143805,1832.0,0.028137097
3746,I12,DR_20221209_143805,1833.0,-0.044246387
3747,I12,DR_20221209_143805,1834.0,-0.01346074
3748,I12,DR_20221209_143805,1835.0,0.0027213192
3749,I12,DR_20221209_143805,1836.0,-0.050053675
3750,I13,DR_20221209_143805,1837.0,0.054643977
3751,I13,DR_20221209_143805,1838.0,-0.014200445
3752,I13,DR_20221209_143805,1839.0,0.025558198
3753,I13,DR_20221209_143805,1840.0,0.009613433
3754,I13,DR_20221209_143805,1841.0,0.011032483
3755,I13,DR_20221209_143805,1842.0,-0.0024215681
3756,I13,DR_20221209_143805,1843.0,0.011447776
3757,I13,DR_20221209_143805,1844.0,-0.0465987
3758,I13,DR_20221209_143805,1845.0,-0.01985596
3759,I14,DR_20221209_143805,1846.0,0.040652934
3760,I14,DR_20221209_143805,1847.0,0.24068283
3761,I14,DR_20221209_143805,1848.0,0.03066616
3762,I14,DR_20221209_143805,1849.0,-0.016645143
3763,I14,DR_20221209_143805,1850.0,0.028664757
3764,I14,DR_20221209_143805,1851.0,-0.003916339
3765,I14,DR_20221209_143805,1852.0,0.0058218082
3766,I14,DR_20221209_143805,1853.0,-0.009742908
3767,I14,DR_20221209_143805,1854.0,0.040074565
3768,I15,DR_20221209_143805,1855.0,0.0015798765
3769,I15,DR_20221209_143805,1856.0,-0.0045525166
3770,I15,DR_20221209_143805,1857.0,0.04736862
3771,I15,DR_20221209_143805,1858.0,-0.010702488
3772,I15,DR_20221209_143805,1859.0,0.025816066
3773,I15,DR_20221209_143805,1860.0,0.01676139
3774,I15,DR_20221209_143805,1861.0,0.0060101193
3775,I15,DR_20221209_143805,1862.0,0.00088553166
3776,I15,DR_20221209_143805,1863.0,-0.045705933
3777,I16,DR_20221209_143805,1864.0,0.010072612
3778,I16,DR_20221209_143805,1865.0,0.08795723
3779,I16,DR_20221209_143805,1866.0,0.06361337
3780,I16,DR_20221209_143805,1867.0,-0.02045901
3781,I16,DR_20221209_143805,1868.0,0.10265819
3782,I16,DR_20221209_143805,1869.0,-0.0097885085
3783,I16,DR_20221209_143805,1870.0,0.012846346
3784,I16,DR_20221209_143805,1871.0,0.006469269
3785,I16,DR_20221209_143805,1872.0,0.016176725
3786,I17,DR_20221209_143805,1873.0,0.0029040084
3787,I17,DR_20221209_143805,1874.0,0.0834711
3788,I17,DR_20221209_143805,1875.0,0.07425738
3789,I17,DR_20221209_143805,1876.0,-0.012439692
3790,I17,DR_20221209_143805,1877.0,0.055563718
3791,I17,DR_20221209_143805,1878.0,0.0387483
3792,I17,DR_20221209_143805,1879.0,-0.026422111
3793,I17,DR_20221209_143805,1880.0,-0.0035473674
3794,I17,DR_20221209_143805,1881.0,0.009392522
3795,I18,DR_20221209_143805,1882.0,0.0015136617
3796,I18,DR_20221209_143805,1883.0,-0.0055008866
3797,I18,DR_20221209_143805,1884.0,-0.06561679
3798,I18,DR_20221209_143805,1885.0,-0.0035561568
3799,I18,DR_20221209_143805,1886.0,0.02479778
3800,I18,DR_20221209_143805,1887.0,0.015571671
3801,I18,DR_20221209_143805,1888.0,0.003035167
3802,I18,DR_20221209_143805,1889.0,-0.015948977
3803,I18,DR_20221209_143805,1890.0,0.062438518
3804,I19,DR_20221209_143805,1891.0,0.027963364
3805,I19,DR_20221209_143805,1892.0,0.004207971
3806,I19,DR_20221209_143805,1893.0,-0.011856089
3807,I19,DR_20221209_143805,1894.0,0.015643325
3808,I19,DR_20221209_143805,1895.0,0.016799344
3809,I19,DR_20221209_143805,1896.0,-0.011592624
3810,I19,DR_20221209_143805,1897.0,-0.018633932
3811,I19,DR_20221209_143805,1898.0,-0.11375164
3812,I19,DR_20221209_143805,1899.0,-0.0744568
3813,I20,DR_20221209_143805,1900.0,-0.030802155
3814,I20,DR_20221209_143805,1901.0,-0.043501213
3815,I20,DR_20221209_143805,1902.0,0.0012309875
3816,I20,DR_20221209_143805,1903.0,0.003784357
3817,I20,DR_20221209_143805,1904.0,-0.016460089
3818,I20,DR_20221209_143805,1905.0,-0.016959585
3819,I20,DR_20221209_143805,1906.0,-0.004157583
3820,I20,DR_20221209_143805,1907.0,-0.01585265
3821,I20,DR_20221209_143805,1908.0,-0.014706702
3822,I21,DR_20221209_143805,1909.0,-0.020862231
3823,I21,DR_20221209_143805,1910.0,-0.0003710472
3824,I21,DR_20221209_143805,1911.0,-0.10334243
3825,I21,DR_20221209_143805,1912.0,-0.011767223
3826,I21,DR_20221209_143805,1913.0,0.055710305
3827,I21,DR_20221209_143805,1914.0,-0.0017500945
3828,I21,DR_20221209_143805,1915.0,-0.0018482471
3829,I21,DR_20221209_143805,1916.0,-0.0067064296
3830,I21,DR_20221209_143805,1917.0,0.01486996
3831,I22,DR_20221209_143805,1918.0,0.5785736
3832,I22,DR_20221209_143805,1919.0,0.46429357
3833,I22,DR_20221209_143805,1920.0,0.1120659
3834,I22,DR_20221209_143805,1921.0,-0.0017955861
3835,I22,DR_20221209_143805,1922.0,0.028120229
3836,I22,DR_20221209_143805,1923.0,0.046101414
3837,I22,DR_20221209_143805,1924.0,-0.026087284
3838,I22,DR_20221209_143805,1925.0,0.0028582374
3839,I22,DR_20221209_143805,1926.0,0.07163589
3876,J03,DR_20221209_143805,1963.0,0.036263365
3877,J03,DR_20221209_143805,1964.0,-0.018672727
3878,J03,DR_20221209_143805,1965.0,0.004563869
3879,J03,DR_20221209_143805,1966.0,-0.028091602
3880,J03,DR_20221209_143805,1967.0,0.022083968
3881,J03,DR_20221209_143805,1968.0,0.010344396
3882,J03,DR_20221209_143805,1969.0,0.016560884
3883,J03,DR_20221209_143805,1970.0,0.014124948
3884,J04,DR_20221209_143805,1971.0,0.003239773
3885,J04,DR_20221209_143805,1972.0,0.05465445
3886,J04,DR_20221209_143805,1973.0,-0.052710716
3887,J04,DR_20221209_143805,1974.0,0.0324491
3888,J04,DR_20221209_143805,1975.0,0.04821618
3889,J04,DR_20221209_143805,1976.0,-0.010460276
3890,J04,DR_20221209_143805,1977.0,0.005608232
3891,J04,DR_20221209_143805,1978.0,0.0047526527
3892,J04,DR_20221209_143805,1979.0,0.07803484
3893,J05,DR_20221209_143805,1980.0,-0.010844566
3894,J05,DR_20221209_143805,1981.0,0.00021834936
3895,J05,DR_20221209_143805,1982.0,0.016644938
3896,J05,DR_20221209_143805,1983.0,-0.05234356
3897,J05,DR_20221209_143805,1984.0,0.035247643
3898,J05,DR_20221209_143805,1985.0,-0.0044068717
3899,J05,DR_20221209_143805,1986.0,-0.021199303
3900,J05,DR_20221209_143805,1987.0,0.0005149514
3901,J05,DR_20221209_143805,1988.0,-0.11868484
3902,J06,DR_20221209_143805,1989.0,0.009960045
3903,J06,DR_20221209_143805,1990.0,0.004437059
3904,J06,DR_20221209_143805,1991.0,-0.0007329304
3905,J06,DR_20221209_143805,1992.0,0.0021311056
3906,J06,DR_20221209_143805,1993.0,-0.00016869923
3907,J06,DR_20221209_143805,1994.0,-0.011007881
3908,J06,DR_20221209_143805,1995.0,-0.009245972
3909,J06,DR_20221209_143805,1996.0,0.005225814
3910,J06,DR_20221209_143805,1997.0,-0.022978501
3911,J07,DR_20221209_143805,1998.0,0.007933042
3912,J07,DR_20221209_143805,1999.0,0.030795917
3913,J07,DR_20221209_143805,2000.0,-0.018111123
3914,J07,DR_20221209_143805,2001.0,-0.0035284793
3915,J07,DR_20221209_143805,2002.0,-0.0040639895
3916,J07,DR_20221209_143805,2003.0,0.0027456942
3917,J07,DR_20221209_143805,2004.0,-0.0261854
3918,J07,DR_20221209_143805,2005.0,-0.035902243
3919,J07,DR_20221209_143805,2006.0,0.004757145
3920,J08,DR_20221209_143805,2007.0,-0.006688694
3921,J08,DR_20221209_143805,2008.0,-0.0155326165
3922,J08,DR_20221209_143805,2009.0,0.08038553
3923,J08,DR_20221209_143805,2010.0,-0.0030160092
3924,J08,DR_20221209_143805,2011.0,-0.014096872
3925,J08,DR_20221209_143805,2012.0,-0.01674304
3926,J08,DR_20221209_143805,2013.0,0.014691941
3927,J08,DR_20221209_143805,2014.0,-0.012244266
3928,J08,DR_20221209_143805,2015.0,0.087716356
3929,J09,DR_20221209_143805,2016.0,-0.026685702
3930,J09,DR_20221209_143805,2017.0,0.010155164
3931,J09,DR_20221209_143805,2018.0,-0.010017802
3932,J09,DR_20221209_143805,2019.0,0.06171091
3933,J09,DR_20221209_143805,2020.0,0.107248574
3934,J09,DR_20221209_143805,2021.0,-0.0073862835
3935,J09,DR_20221209_143805,2022.0,-0.008281608
3936,J09,DR_20221209_143805,2023.0,-0.036177672
3937,J09,DR_20221209_143805,2024.0,-0.03746836
3938,J10,DR_20221209_143805,2025.0,0.00074312475
3939,J10,DR_20221209_143805,2026.0,0.035272676
3940,J10,DR_20221209_143805,2027.0,-0.002924422
3941,J10,DR_20221209_143805,2028.0,-0.026681934
3942,J10,DR_20221209_143805,2029.0,0.00092423224
3943,J10,DR_20221209_143805,2030.0,0.0427982
3944,J10,DR_20221209_143805,2031.0,0.009203534
3945,J10,DR_20221209_143805,2032.0,-0.090153895
3946,J10,DR_20221209_143805,2033.0,0.07273568
3947,J11,DR_20221209_143805,2034.0,-0.015071381
3948,J11,DR_20221209_143805,2035.0,0.45606977
3949,J11,DR_20221209_143805,2036.0,-0.019601604
3950,J11,DR_20221209_143805,2037.0,-0.0026292836
3951,J11,DR_20221209_143805,2038.0,0.08655092
3952,J11,DR_20221209_143805,2039.0,0.020509591
3953,J11,DR_20221209_143805,2040.0,-0.0069145523
3954,J11,DR_20221209_143805,2041.0,-0.013151699
3955,J11,DR_20221209_143805,2042.0,-0.018190272
3956,J12,DR_20221209_143805,2043.0,-0.0131972395
3957,J12,DR_20221209_143805,2044.0,0.008551391
3958,J12,DR_20221209_143805,2045.0,0.059838634
3959,J12,DR_20221209_143805,2046.0,-0.0021687716
3960,J12,DR_20221209_143805,2047.0,0.018860772
3961,J12,DR_20221209_143805,2048.0,-0.0025336987
3962,J12,DR_20221209_143805,2049.0,-0.0039028858
3963,J12,DR_20221209_143805,2050.0,0.0002335992
3964,J12,DR_20221209_143805,2051.0,0.040475916
3965,J13,DR_20221209_143805,2052.0,0.003910058
3966,J13,DR_20221209_143805,2053.0,-0.004285527
3967,J13,DR_20221209_143805,2054.0,-0.0071515148
3968,J13,DR_20221209_143805,2055.0,0.039621178
3969,J13,DR_20221209_143805,2056.0,-0.0031862238
3970,J13,DR_20221209_143805,2057.0,-0.0042737494
3971,J13,DR_20221209_143805,2058.0,0.0142908525
3972,J13,DR_20221209_143805,2059.0,-0.01717838
3973,J13,DR_20221209_143805,2060.0,0.00647953
3974,J14,DR_20221209_143805,2061.0,0.02259771
3975,J14,DR_20221209_143805,2062.0,-0.016296906
3976,J14,DR_20221209_143805,2063.0,0.0045202794
3977,J14,DR_20221209_143805,2064.0,0.012705566
3978,J14,DR_20221209_143805,2065.0,0.5663676
3979,J14,DR_20221209_143805,2066.0,-0.009429444
3980,J14,DR_20221209_143805,2067.0,0.036732543
3981,J14,DR_20221209_143805,2068.0,0.010283782
3982,J14,DR_20221209_143805,2069.0,0.08199704
3983,J15,DR_20221209_143805,2070.0,0.0010412397
3984,J15,DR_20221209_143805,2071.0,-0.06399375
3985,J15,DR_20221209_143805,2072.0,-0.0003977321
3986,J15,DR_20221209_143805,2073.0,0.019456092
3987,J15,DR_20221209_143805,2074.0,0.6132564
3988,J15,DR_20221209_143805,2075.0,0.053081676
3989,J15,DR_20221209_143805,2076.0,0.0011265639
3990,J15,DR_20221209_143805,2077.0,-0.015680889
3991,J15,DR_20221209_143805,2078.0,0.04946774
3992,J16,DR_20221209_143805,2079.0,-0.009169181
3993,J16,DR_20221209_143805,2080.0,0.0054989196
3994,J16,DR_20221209_143805,2081.0,0.056101378
3995,J16,DR_20221209_143805,2082.0,0.50515103
3996,J16,DR_20221209_143805,2083.0,-0.0053563626
3997,J16,DR_20221209_143805,2084.0,0.0009555137
3998,J16,DR_20221209_143805,2085.0,0.00883911
3999,J16,DR_20221209_143805,2086.0,0.0073629497
4000,J16,DR_20221209_143805,2087.0,-0.009359944
4001,J17,DR_20221209_143805,2088.0,0.0075698337
4002,J17,DR_20221209_143805,2089.0,0.5048819
4003,J17,DR_20221209_143805,2090.0,-0.065073304
4004,J17,DR_20221209_143805,2091.0,0.09888592
4005,J17,DR_20221209_143805,2092.0,-0.001073545
4006,J17,DR_20221209_143805,2093.0,0.07480855
4007,J17,DR_20221209_143805,2094.0,0.0068055945
4008,J17,DR_20221209_143805,2095.0,0.007321127
4009,J17,DR_20221209_143805,2096.0,-0.028325807
4010,J18,DR_20221209_143805,2097.0,-0.013517146
4011,J18,DR_20221209_143805,2098.0,0.039368108
4012,J18,DR_20221209_143805,2099.0,0.0044275844
4013,J18,DR_20221209_143805,2100.0,0.00075727666
4014,J18,DR_20221209_143805,2101.0,0.0012009143
4015,J18,DR_20221209_143805,2102.0,-0.018033404
4016,J18,DR_20221209_143805,2103.0,0.026136514
4017,J18,DR_20221209_143805,2104.0,-0.026332397
4018,J18,DR_20221209_143805,2105.0,-0.043025214
4019,J19,DR_20221209_143805,2106.0,-0.029602261
4020,J19,DR_20221209_143805,2107.0,0.0032839268
4021,J19,DR_20221209_143805,2108.0,-0.015070746
4022,J19,DR_20221209_143805,2109.0,-0.0063807894
4023,J19,DR_20221209_143805,2110.0,-0.061430138
4024,J19,DR_20221209_143805,2111.0,0.010109506
4025,J19,DR_20221209_143805,2112.0,0.015645795
4026,J19,DR_20221209_143805,2113.0,-0.014367034
4027,J19,DR_20221209_143805,2114.0,0.0025686084
4028,J20,DR_20221209_143805,2115.0,-0.035448205
4029,J20,DR_20221209_143805,2116.0,0.0022876987
4030,J20,DR_20221209_143805,2117.0,0.07487873
4031,J20,DR_20221209_143805,2118.0,-0.0015702724
4032,J20,DR_20221209_143805,2119.0,0.01923629
4033,J20,DR_20221209_143805,2120.0,0.0018261864
4034,J20,DR_20221209_143805,2121.0,0.028938536
4035,J20,DR_20221209_143805,2122.0,-0.027661797
4036,J20,DR_20221209_143805,2123.0,0.02379694
4037,J21,DR_20221209_143805,2124.0,0.012120675
4038,J21,DR_20221209_143805,2125.0,-0.012630036
4039,J21,DR_20221209_143805,2126.0,-0.027415507
4040,J21,DR_20221209_143805,2127.0,0.047077004
4041,J21,DR_20221209_143805,2128.0,0.0026855688
4042,J21,DR_20221209_143805,2129.0,-0.039883796
4043,J21,DR_20221209_143805,2130.0,0.1583848
4044,J21,DR_20221209_143805,2131.0,-0.056839712
4045,J21,DR_20221209_143805,2132.0,0.046912547
4046,J22,DR_20221209_143805,2133.0,-0.044229567
4047,J22,DR_20221209_143805,2134.0,0.2653455
4048,J22,DR_20221209_143805,2135.0,-0.017745119
4049,J22,DR_20221209_143805,2136.0,-0.044861365
4050,J22,DR_20221209_143805,2137.0,0.00065835926
4051,J22,DR_20221209_143805,2138.0,0.005857376
4052,J22,DR_20221209_143805,2139.0,-0.0030197743
4053,J22,DR_20221209_143805,2140.0,0.007234751
4054,J22,DR_20221209_143805,2141.0,0.015816486
4091,K04,DR_20221209_143805,2187.0,0.012918521
4092,K04,DR_20221209_143805,2188.0,-0.0059647225
4093,K04,DR_20221209_143805,2189.0,-0.011268007
4094,K04,DR_20221209_143805,2190.0,-0.021881616
4095,K04,DR_20221209_143805,2191.0,0.0022262002
4096,K04,DR_20221209_143805,2192.0,0.011744258
4097,K04,DR_20221209_143805,2193.0,-0.02669142
4098,K04,DR_20221209_143805,2194.0,0.0075473357
4099,K04,DR_20221209_143805,2195.0,-0.003094612
4100,K05,DR_20221209_143805,2196.0,0.07165403
4101,K05,DR_20221209_143805,2197.0,-0.007303259
4102,K05,DR_20221209_143805,2198.0,-0.0027083983
4103,K05,DR_20221209_143805,2199.0,-0.005946023
4104,K05,DR_20221209_143805,2200.0,0.0023521893
4105,K05,DR_20221209_143805,2201.0,-0.025870088
4106,K05,DR_20221209_143805,2202.0,-0.02995838
4107,K05,DR_20221209_143805,2203.0,-0.008591008
4108,K05,DR_20221209_143805,2204.0,-0.008937449
4109,K06,DR_20221209_143805,2205.0,-0.013196491
4110,K06,DR_20221209_143805,2206.0,-0.0070859306
4111,K06,DR_20221209_143805,2207.0,0.103460014
4112,K06,DR_20221209_143805,2208.0,0.00860448
4113,K06,DR_20221209_143805,2209.0,0.009173677
4114,K06,DR_20221209_143805,2210.0,-0.0062338547
4115,K06,DR_20221209_143805,2211.0,-0.026540581
4116,K06,DR_20221209_143805,2212.0,0.0030634431
4117,K06,DR_20221209_143805,2213.0,0.034666132
4118,K07,DR_20221209_143805,2214.0,-0.024222996
4119,K07,DR_20221209_143805,2215.0,0.014176223
4120,K07,DR_20221209_143805,2216.0,0.06562183
4121,K07,DR_20221209_143805,2217.0,0.041455425
4122,K07,DR_20221209_143805,2218.0,0.011919431
4123,K07,DR_20221209_143805,2219.0,-0.053449076
4124,K07,DR_20221209_143805,2220.0,0.03649783
4125,K07,DR_20221209_143805,2221.0,-0.03641634
4126,K07,DR_20221209_143805,2222.0,0.0042436924
4127,K08,DR_20221209_143805,2223.0,0.40934935
4128,K08,DR_20221209_143805,2224.0,-0.014906299
4129,K08,DR_20221209_143805,2225.0,-0.04458909
4130,K08,DR_20221209_143805,2226.0,0.01570709
4131,K08,DR_20221209_143805,2227.0,0.07738172
4132,K08,DR_20221209_143805,2228.0,0.001032752
4133,K08,DR_20221209_143805,2229.0,0.046479847
4134,K08,DR_20221209_143805,2230.0,-0.005708394
4135,K08,DR_20221209_143805,2231.0,-0.039355688
4136,K09,DR_20221209_143805,2232.0,-0.013398736
4137,K09,DR_20221209_143805,2233.0,-0.02023547
4138,K09,DR_20221209_143805,2234.0,0.008031169
4139,K09,DR_20221209_143805,2235.0,-0.015375029
4140,K09,DR_20221209_143805,2236.0,0.08144543
4141,K09,DR_20221209_143805,2237.0,0.16653034
4142,K09,DR_20221209_143805,2238.0,-0.015425854
4143,K09,DR_20221209_143805,2239.0,-0.005171608
4144,K09,DR_20221209_143805,2240.0,-0.00660799
4145,K10,DR_20221209_143805,2241.0,0.44121006
4146,K10,DR_20221209_143805,2242.0,0.09821381
4147,K10,DR_20221209_143805,2243.0,0.081143655
4148,K10,DR_20221209_143805,2244.0,0.033965006
4149,K10,DR_20221209_143805,2245.0,0.28743833
4150,K10,DR_20221209_143805,2246.0,0.005384858
4151,K10,DR_20221209_143805,2247.0,-0.0015205286
4152,K10,DR_20221209_143805,2248.0,-0.021215629
4153,K10,DR_20221209_143805,2249.0,-0.015145256
4154,K11,DR_20221209_143805,2250.0,-0.008069
4155,K11,DR_20221209_143805,2251.0,0.54912615
4156,K11,DR_20221209_143805,2252.0,-0.009710537
4157,K11,DR_20221209_143805,2253.0,0.0089044515
4158,K11,DR_20221209_143805,2254.0,-0.0029367553
4159,K11,DR_20221209_143805,2255.0,0.03234679
4160,K11,DR_20221209_143805,2256.0,0.00035814306
4161,K11,DR_20221209_143805,2257.0,-0.008207049
4162,K11,DR_20221209_143805,2258.0,0.0076168324
4163,K12,DR_20221209_143805,2259.0,-0.018627224
4164,K12,DR_20221209_143805,2260.0,-0.0012537083
4165,K12,DR_20221209_143805,2261.0,0.06472315
4166,K12,DR_20221209_143805,2262.0,-0.038079333
4167,K12,DR_20221209_143805,2263.0,-0.0073239636
4168,K12,DR_20221209_143805,2264.0,0.031899706
4169,K12,DR_20221209_143805,2265.0,-0.03888761
4170,K12,DR_20221209_143805,2266.0,0.0052685495
4171,K12,DR_20221209_143805,2267.0,-0.08227258
4172,K14,DR_20221209_143805,2277.0,-0.018801536
4173,K14,DR_20221209_143805,2278.0,0.4947537
4174,K14,DR_20221209_143805,2279.0,0.030266156
4175,K14,DR_20221209_143805,2280.0,0.5538782
4176,K14,DR_20221209_143805,2281.0,0.26642445
4177,K14,DR_20221209_143805,2282.0,0.0024296492
4178,K14,DR_20221209_143805,2283.0,-0.024247715
4179,K14,DR_20221209_143805,2284.0,0.029255293
4180,K14,DR_20221209_143805,2285.0,-0.016729848
4181,K18,DR_20221209_143805,2313.0,0.24962416
4182,K18,DR_20221209_143805,2314.0,0.35978574
4183,K18,DR_20221209_143805,2315.0,-0.009616732
4184,K18,DR_20221209_143805,2316.0,0.24232948
4185,K18,DR_20221209_143805,2317.0,0.27075416
4186,K18,DR_20221209_143805,2318.0,0.01678033
4187,K18,DR_20221209_143805,2319.0,0.004760869
4188,K18,DR_20221209_143805,2320.0,-0.006292189
4189,K18,DR_20221209_143805,2321.0,-0.032902684
4190,K19,DR_20221209_143805,2322.0,0.31188297
4191,K19,DR_20221209_143805,2323.0,0.2151432
4192,K19,DR_20221209_143805,2324.0,0.0029565485
4193,K19,DR_20221209_143805,2325.0,0.23325872
4194,K19,DR_20221209_143805,2326.0,-0.01605843
4195,K19,DR_20221209_143805,2327.0,-0.011399262
4196,K19,DR_20221209_143805,2328.0,-0.009681612
4197,K19,DR_20221209_143805,2329.0,-0.012898761
4198,K19,DR_20221209_143805,2330.0,-0.006093212
4199,K20,DR_20221209_143805,2331.0,-0.0021081103
4200,K20,DR_20221209_143805,2332.0,0.007091542
4201,K20,DR_20221209_143805,2333.0,0.02830219
4202,K20,DR_20221209_143805,2334.0,0.00070754974
4203,K20,DR_20221209_143805,2335.0,0.01560456
4204,K20,DR_20221209_143805,2336.0,0.0057314644
4205,K20,DR_20221209_143805,2337.0,-0.0009495673
4206,K20,DR_20221209_143805,2338.0,-0.022205932
4207,K20,DR_20221209_143805,2339.0,-0.021861708
4208,K21,DR_20221209_143805,2340.0,-0.009791776
4209,K21,DR_20221209_143805,2341.0,-0.015977494
4210,K21,DR_20221209_143805,2342.0,0.017693993
4211,K21,DR_20221209_143805,2343.0,-0.0001619299
4212,K21,DR_20221209_143805,2344.0,0.0064552426
4213,K21,DR_20221209_143805,2345.0,0.010579844
4214,K21,DR_20221209_143805,2346.0,-0.016558852
4215,K21,DR_20221209_143805,2347.0,-0.013106086
4216,K21,DR_20221209_143805,2348.0,-0.037361525
4217,K22,DR_20221209_143805,2349.0,0.028613336
4218,K22,DR_20221209_143805,2350.0,0.2827591
4219,K22,DR_20221209_143805,2351.0,0.011798901
4220,K22,DR_20221209_143805,2352.0,0.01180184
4221,K22,DR_20221209_143805,2353.0,0.2731182
4222,K22,DR_20221209_143805,2354.0,-0.076389186
4223,K22,DR_20221209_143805,2355.0,0.00034316292
4224,K22,DR_20221209_143805,2356.0,0.004085773
4225,K22,DR_20221209_143805,2357.0,-0.02462414
4262,L04,DR_20221209_143805,2403.0,0.008171588
4263,L04,DR_20221209_143805,2404.0,-0.0066067576
4264,L04,DR_20221209_143805,2405.0,-0.009106829
4265,L04,DR_20221209_143805,2406.0,-0.0018116282
4266,L04,DR_20221209_143805,2407.0,0.012568753
4267,L04,DR_20221209_143805,2408.0,0.077089794
4268,L04,DR_20221209_143805,2409.0,0.04968664
4269,L04,DR_20221209_143805,2410.0,0.010683818
4270,L04,DR_20221209_143805,2411.0,0.032862473
4271,L05,DR_20221209_143805,2412.0,-0.009454755
4272,L05,DR_20221209_143805,2413.0,-0.07977475
4273,L05,DR_20221209_143805,2414.0,-0.02362587
4274,L05,DR_20221209_143805,2415.0,-0.005643265
4275,L05,DR_20221209_143805,2416.0,0.0063575925
4276,L05,DR_20221209_143805,2417.0,-0.004986044
4277,L05,DR_20221209_143805,2418.0,-0.0138246305
4278,L05,DR_20221209_143805,2419.0,-0.013109516
4279,L05,DR_20221209_143805,2420.0,-0.024710074
4280,L06,DR_20221209_143805,2421.0,0.005757326
4281,L06,DR_20221209_143805,2422.0,0.0024727297
4282,L06,DR_20221209_143805,2423.0,-0.0153437
4283,L06,DR_20221209_143805,2424.0,0.048908677
4284,L06,DR_20221209_143805,2425.0,-0.0057341037
4285,L06,DR_20221209_143805,2426.0,-0.016030904
4286,L06,DR_20221209_143805,2427.0,-0.031897794
4287,L06,DR_20221209_143805,2428.0,0.023999609
4288,L06,DR_20221209_143805,2429.0,0.0004653723
4289,L07,DR_20221209_143805,2430.0,0.022302715
4290,L07,DR_20221209_143805,2431.0,0.18954569
4291,L07,DR_20221209_143805,2432.0,0.17785625
4292,L07,DR_20221209_143805,2433.0,-0.009976038
4293,L07,DR_20221209_143805,2434.0,-0.020576328
4294,L07,DR_20221209_143805,2435.0,-0.0074100355
4295,L07,DR_20221209_143805,2436.0,0.012257432
4296,L07,DR_20221209_143805,2437.0,0.0045043156
4297,L07,DR_20221209_143805,2438.0,-0.015641073
4298,L08,DR_20221209_143805,2439.0,-0.010818809
4299,L08,DR_20221209_143805,2440.0,-0.0048744422
4300,L08,DR_20221209_143805,2441.0,-0.016292721
4301,L08,DR_20221209_143805,2442.0,0.016746264
4302,L08,DR_20221209_143805,2443.0,0.042264845
4303,L08,DR_20221209_143805,2444.0,-0.018807365
4304,L08,DR_20221209_143805,2445.0,0.006898488
4305,L08,DR_20221209_143805,2446.0,-0.037101634
4306,L08,DR_20221209_143805,2447.0,0.054328945
4307,L09,DR_20221209_143805,2448.0,0.0062508085
4308,L09,DR_20221209_143805,2449.0,0.072477825
4309,L09,DR_20221209_143805,2450.0,0.0070449514
4310,L09,DR_20221209_143805,2451.0,-0.015993709
4311,L09,DR_20221209_143805,2452.0,0.01294905
4312,L09,DR_20221209_143805,2453.0,-0.004829105
4313,L09,DR_20221209_143805,2454.0,-0.0041798665
4314,L09,DR_20221209_143805,2455.0,-0.014576486
4315,L09,DR_20221209_143805,2456.0,0.025138728
4316,L10,DR_20221209_143805,2457.0,-0.0060075577
4317,L10,DR_20221209_143805,2458.0,0.06416513
4318,L10,DR_20221209_143805,2459.0,0.054484718
4319,L10,DR_20221209_143805,2460.0,-0.04392168
4320,L10,DR_20221209_143805,2461.0,-0.0023598708
4321,L10,DR_20221209_143805,2462.0,0.008162949
4322,L10,DR_20221209_143805,2463.0,-0.0055878228
4323,L10,DR_20221209_143805,2464.0,0.049298212
4324,L10,DR_20221209_143805,2465.0,0.036912788
4325,L11,DR_20221209_143805,2466.0,0.43197587
4326,L11,DR_20221209_143805,2467.0,0.50729436
4327,L11,DR_20221209_143805,2468.0,0.10438752
4328,L11,DR_20221209_143805,2469.0,0.022412917
4329,L11,DR_20221209_143805,2470.0,-0.017350093
4330,L11,DR_20221209_143805,2471.0,0.022852954
4331,L11,DR_20221209_143805,2472.0,-0.006272683
4332,L11,DR_20221209_143805,2473.0,0.038609166
4333,L11,DR_20221209_143805,2474.0,-0.04019583
4334,L12,DR_20221209_143805,2475.0,-0.0041055703
4335,L12,DR_20221209_143805,2476.0,-0.062371355
4336,L12,DR_20221209_143805,2477.0,0.005090005
4337,L12,DR_20221209_143805,2478.0,0.0036065523
4338,L12,DR_20221209_143805,2479.0,-0.0018816978
4339,L12,DR_20221209_143805,2480.0,-0.15095642
4340,L12,DR_20221209_143805,2481.0,0.026580203
4341,L12,DR_20221209_143805,2482.0,-0.12347974
4342,L12,DR_20221209_143805,2483.0,0.008022926
4343,L13,DR_20221209_143805,2484.0,0.023803711
4344,L13,DR_20221209_143805,2485.0,0.23116136
4345,L13,DR_20221209_143805,2486.0,0.08804597
4346,L13,DR_20221209_143805,2487.0,-0.039430026
4347,L13,DR_20221209_143805,2488.0,0.3654691
4348,L13,DR_20221209_143805,2489.0,-0.009888772
4349,L13,DR_20221209_143805,2490.0,0.020555193
4350,L13,DR_20221209_143805,2491.0,-0.0022720369
4351,L13,DR_20221209_143805,2492.0,-0.052093662
4352,L18,DR_20221209_143805,2529.0,0.13224477
4353,L18,DR_20221209_143805,2530.0,0.23456377
4354,L18,DR_20221209_143805,2531.0,0.11893111
4355,L18,DR_20221209_143805,2532.0,0.079512835
4356,L18,DR_20221209_143805,2533.0,0.45974028
4357,L18,DR_20221209_143805,2534.0,-0.042360146
4358,L18,DR_20221209_143805,2535.0,0.005516756
4359,L18,DR_20221209_143805,2536.0,-0.004316607
4360,L18,DR_20221209_143805,2537.0,-0.008396752
4361,L19,DR_20221209_143805,2538.0,-0.022144953
4362,L19,DR_20221209_143805,2539.0,0.2563176
4363,L19,DR_20221209_143805,2540.0,-0.008747863
4364,L19,DR_20221209_143805,2541.0,-0.0030125938
4365,L19,DR_20221209_143805,2542.0,0.23769875
4366,L19,DR_20221209_143805,2543.0,0.0036361949
4367,L19,DR_20221209_143805,2544.0,-0.010671234
4368,L19,DR_20221209_143805,2545.0,-0.008019167
4369,L19,DR_20221209_143805,2546.0,-0.008910931
4370,L22,DR_20221209_143805,2565.0,0.0011281187
4371,L22,DR_20221209_143805,2566.0,0.021737514
4372,L22,DR_20221209_143805,2567.0,0.21743158
4373,L22,DR_20221209_143805,2568.0,0.02991519
4374,L22,DR_20221209_143805,2569.0,-0.0047984566
4375,L22,DR_20221209_143805,2570.0,0.0077234446
4376,L22,DR_20221209_143805,2571.0,-0.013673486
4377,L22,DR_20221209_143805,2572.0,-0.009270171
4378,L22,DR_20221209_143805,2573.0,-0.057174534
4415,M03,DR_20221209_143805,2610.0,0.39101827
4416,M03,DR_20221209_143805,2611.0,1.0673058
4417,M03,DR_20221209_143805,2612.0,0.4004772
4418,M03,DR_20221209_143805,2613.0,0.008908637
4419,M03,DR_20221209_143805,2614.0,0.6315626
4420,M03,DR_20221209_143805,2615.0,0.07063415
4421,M03,DR_20221209_143805,2616.0,0.056201942
4422,M03,DR_20221209_143805,2617.0,0.7666154
4423,M03,DR_20221209_143805,2618.0,0.27340338
4424,M04,DR_20221209_143805,2619.0,1.0755638
4425,M04,DR_20221209_143805,2620.0,0.9737758
4426,M04,DR_20221209_143805,2621.0,0.6380628
4427,M04,DR_20221209_143805,2622.0,0.28600478
4428,M04,DR_20221209_143805,2623.0,0.19918145
4429,M04,DR_20221209_143805,2624.0,0.5403051
4430,M04,DR_20221209_143805,2625.0,0.077953234
4431,M04,DR_20221209_143805,2626.0,0.025943492
4432,M04,DR_20221209_143805,2627.0,-0.015979748
4433,M05,DR_20221209_143805,2628.0,-0.014862696
4434,M05,DR_20221209_143805,2629.0,0.08846107
4435,M05,DR_20221209_143805,2630.0,0.0048263953
4436,M05,DR_20221209_143805,2631.0,0.00015699545
4437,M05,DR_20221209_143805,2632.0,-0.042238645
4438,M05,DR_20221209_143805,2633.0,-0.16860658
4439,M05,DR_20221209_143805,2634.0,-0.068403386
4440,M05,DR_20221209_143805,2635.0,-0.0027010324
4441,M05,DR_20221209_143805,2636.0,0.019765066
4442,M06,DR_20221209_143805,2637.0,0.017121011
4443,M06,DR_20221209_143805,2638.0,0.97732335
4444,M06,DR_20221209_143805,2639.0,0.5370527
4445,M06,DR_20221209_143805,2640.0,-0.0060460246
4446,M06,DR_20221209_143805,2641.0,0.14255394
4447,M06,DR_20221209_143805,2642.0,0.002832989
4448,M06,DR_20221209_143805,2643.0,-0.02592881
4449,M06,DR_20221209_143805,2644.0,-0.0018944078
4450,M06,DR_20221209_143805,2645.0,-0.015990257
4451,M07,DR_20221209_143805,2646.0,0.13214058
4452,M07,DR_20221209_143805,2647.0,0.0009917191
4453,M07,DR_20221209_143805,2648.0,0.24770339
4454,M07,DR_20221209_143805,2649.0,0.016076878
4455,M07,DR_20221209_143805,2650.0,-0.09961781
4456,M07,DR_20221209_143805,2651.0,0.02761098
4457,M07,DR_20221209_143805,2652.0,0.01620694
4458,M07,DR_20221209_143805,2653.0,-0.07069813
4459,M07,DR_20221209_143805,2654.0,-0.015424228
4460,M08,DR_20221209_143805,2655.0,-0.007151041
4461,M08,DR_20221209_143805,2656.0,0.0022130706
4462,M08,DR_20221209_143805,2657.0,0.12377138
4463,M08,DR_20221209_143805,2658.0,0.567077
4464,M08,DR_20221209_143805,2659.0,0.0152143575
4465,M08,DR_20221209_143805,2660.0,-0.007832823
4466,M08,DR_20221209_143805,2661.0,-0.021940442
4467,M08,DR_20221209_143805,2662.0,-0.04433864
4468,M08,DR_20221209_143805,2663.0,-0.050213266
4469,M09,DR_20221209_143805,2664.0,-0.1025001
4470,M09,DR_20221209_143805,2665.0,-0.015804684
4471,M09,DR_20221209_143805,2666.0,0.06398354
4472,M09,DR_20221209_143805,2667.0,-0.010494111
4473,M09,DR_20221209_143805,2668.0,-0.021848043
4474,M09,DR_20221209_143805,2669.0,0.002649242
4475,M09,DR_20221209_143805,2670.0,-0.020896792
4476,M09,DR_20221209_143805,2671.0,0.010965414
4477,M09,DR_20221209_143805,2672.0,0.018382033
4478,M10,DR_20221209_143805,2673.0,-0.005955911
4479,M10,DR_20221209_143805,2674.0,0.48818442
4480,M10,DR_20221209_143805,2675.0,-0.012361553
4481,M10,DR_20221209_143805,2676.0,-0.03517008
4482,M10,DR_20221209_143805,2677.0,0.07585802
4483,M10,DR_20221209_143805,2678.0,-0.023192681
4484,M10,DR_20221209_143805,2679.0,-0.012165913
4485,M10,DR_20221209_143805,2680.0,-0.041878294
4486,M10,DR_20221209_143805,2681.0,0.19052707
4487,M11,DR_20221209_143805,2682.0,-0.0050821155
4488,M11,DR_20221209_143805,2683.0,-0.018099824
4489,M11,DR_20221209_143805,2684.0,0.028602958
4490,M11,DR_20221209_143805,2685.0,-0.043695074
4491,M11,DR_20221209_143805,2686.0,0.65314865
4492,M11,DR_20221209_143805,2687.0,-0.0026067828
4493,M11,DR_20221209_143805,2688.0,-0.024327055
4494,M11,DR_20221209_143805,2689.0,-0.00039977467
4495,M11,DR_20221209_143805,2690.0,0.008825791
4496,M12,DR_20221209_143805,2691.0,-0.0016338397
4497,M12,DR_20221209_143805,2692.0,-0.014033593
4498,M12,DR_20221209_143805,2693.0,-0.003699289
4499,M12,DR_20221209_143805,2694.0,-0.0029993176
4500,M12,DR_20221209_143805,2695.0,0.03546013
4501,M12,DR_20221209_143805,2696.0,-0.042235985
4502,M12,DR_20221209_143805,2697.0,0.00078841334
4503,M12,DR_20221209_143805,2698.0,-0.0062978812
4504,M12,DR_20221209_143805,2699.0,0.014486953
4514,N03,DR_20221209_143805,2718.0,0.6931417
4515,N03,DR_20221209_143805,2719.0,0.74283934
4516,N03,DR_20221209_143805,2720.0,0.08745146
4517,N03,DR_20221209_143805,2721.0,0.5295853
4518,N03,DR_20221209_143805,2722.0,0.72375935
4519,N03,DR_20221209_143805,2723.0,0.79017615
4520,N03,DR_20221209_143805,2724.0,0.03876939
4521,N03,DR_20221209_143805,2725.0,0.02217778
4522,N03,DR_20221209_143805,2726.0,0.044430368
4523,N04,DR_20221209_143805,2727.0,0.16148318
4524,N04,DR_20221209_143805,2728.0,0.012705765
4525,N04,DR_20221209_143805,2729.0,0.64562434
4526,N04,DR_20221209_143805,2730.0,0.05720948
4527,N04,DR_20221209_143805,2731.0,0.8479313
4528,N04,DR_20221209_143805,2732.0,0.4615286
4529,N04,DR_20221209_143805,2733.0,0.0119885
4530,N04,DR_20221209_143805,2734.0,0.00048248548
4531,N04,DR_20221209_143805,2735.0,0.05663252
4532,N05,DR_20221209_143805,2736.0,0.03216347
4533,N05,DR_20221209_143805,2737.0,0.5515883
4534,N05,DR_20221209_143805,2738.0,0.016021008
4535,N05,DR_20221209_143805,2739.0,0.030197553
4536,N05,DR_20221209_143805,2740.0,0.20039158
4537,N05,DR_20221209_143805,2741.0,0.68208796
4538,N05,DR_20221209_143805,2742.0,0.06924123
4539,N05,DR_20221209_143805,2743.0,0.056800857
4540,N05,DR_20221209_143805,2744.0,-0.0018769833
4541,N06,DR_20221209_143805,2745.0,0.39885843
4542,N06,DR_20221209_143805,2746.0,0.035916906
4543,N06,DR_20221209_143805,2747.0,0.0974071
4544,N06,DR_20221209_143805,2748.0,0.029704561
4545,N06,DR_20221209_143805,2749.0,0.0138337165
4546,N06,DR_20221209_143805,2750.0,0.17190294
4547,N06,DR_20221209_143805,2751.0,-0.099470794
4548,N06,DR_20221209_143805,2752.0,0.017898703
4549,N06,DR_20221209_143805,2753.0,-0.010090367
4550,N07,DR_20221209_143805,2754.0,0.003244995
4551,N07,DR_20221209_143805,2755.0,0.04465396
4552,N07,DR_20221209_143805,2756.0,0.0091382535
4553,N07,DR_20221209_143805,2757.0,-0.035321992
4554,N07,DR_20221209_143805,2758.0,0.055753402
4555,N07,DR_20221209_143805,2759.0,-0.007217117
4556,N07,DR_20221209_143805,2760.0,-0.0020071839
4557,N07,DR_20221209_143805,2761.0,-0.0038691638
4558,N07,DR_20221209_143805,2762.0,0.035743807
4559,N08,DR_20221209_143805,2763.0,0.026643684
4560,N08,DR_20221209_143805,2764.0,0.040152818
4561,N08,DR_20221209_143805,2765.0,0.05556748
4562,N08,DR_20221209_143805,2766.0,-0.0011190438
4563,N08,DR_20221209_143805,2767.0,0.017082434
4564,N08,DR_20221209_143805,2768.0,-0.008861855
4565,N08,DR_20221209_143805,2769.0,-0.011862533
4566,N08,DR_20221209_143805,2770.0,0.041922096
4567,N08,DR_20221209_143805,2771.0,0.051005613
4568,N09,DR_20221209_143805,2772.0,0.04920821
4569,N09,DR_20221209_143805,2773.0,-0.017323071
4570,N09,DR_20221209_143805,2774.0,0.001217632
4571,N09,DR_20221209_143805,2775.0,0.017018758
4572,N09,DR_20221209_143805,2776.0,0.13742062
4573,N09,DR_20221209_143805,2777.0,0.018191487
4574,N09,DR_20221209_143805,2778.0,-0.091809176
4575,N09,DR_20221209_143805,2779.0,0.16175936
4576,N09,DR_20221209_143805,2780.0,-0.005498796
4577,N10,DR_20221209_143805,2781.0,0.051240265
4578,N10,DR_20221209_143805,2782.0,-0.014416632
4579,N10,DR_20221209_143805,2783.0,0.09163533
4580,N10,DR_20221209_143805,2784.0,-0.012438785
4581,N10,DR_20221209_143805,2785.0,-0.02087846
4582,N10,DR_20221209_143805,2786.0,0.0118998755
4583,N10,DR_20221209_143805,2787.0,0.037005648
4584,N10,DR_20221209_143805,2788.0,-0.0274142
4585,N10,DR_20221209_143805,2789.0,-0.013779495
4586,N11,DR_20221209_143805,2790.0,0.027908202
4587,N11,DR_20221209_143805,2791.0,-0.010276922
4588,N11,DR_20221209_143805,2792.0,-0.00077401975
4589,N11,DR_20221209_143805,2793.0,0.049132474
4590,N11,DR_20221209_143805,2794.0,0.14449026
4591,N11,DR_20221209_143805,2795.0,-0.008733087
4592,N11,DR_20221209_143805,2796.0,0.020974828
4593,N11,DR_20221209_143805,2797.0,-0.019233143
4594,N11,DR_20221209_143805,2798.0,0.028084625
4595,N12,DR_20221209_143805,2799.0,-0.025385074
4596,N12,DR_20221209_143805,2800.0,0.0103935
4597,N12,DR_20221209_143805,2801.0,-0.031279605
4598,N12,DR_20221209_143805,2802.0,0.52474743
4599,N12,DR_20221209_143805,2803.0,-0.020123053
4600,N12,DR_20221209_143805,2804.0,-0.0015788674
4601,N12,DR_20221209_143805,2805.0,0.024507763
4602,N12,DR_20221209_143805,2806.0,0.014641477
4603,N12,DR_20221209_143805,2807.0,0.015226216
4622,O04,DR_20221209_143805,2835.0,0.083677426
4623,O04,DR_20221209_143805,2836.0,0.03776507
4624,O04,DR_20221209_143805,2837.0,0.038647667
4625,O04,DR_20221209_143805,2838.0,0.08979617
4626,O04,DR_20221209_143805,2839.0,0.058395397
4627,O04,DR_20221209_143805,2840.0,0.006321477
4628,O04,DR_20221209_143805,2841.0,0.009502722
4629,O04,DR_20221209_143805,2842.0,0.088177994
4630,O04,DR_20221209_143805,2843.0,0.58557934
4631,O05,DR_20221209_143805,2844.0,-0.00272695
4632,O05,DR_20221209_143805,2845.0,-0.0925238
4633,O05,DR_20221209_143805,2846.0,0.6229343
4634,O05,DR_20221209_143805,2847.0,-0.045944717
4635,O05,DR_20221209_143805,2848.0,0.08774388
4636,O05,DR_20221209_143805,2849.0,0.553797
4637,O05,DR_20221209_143805,2850.0,0.074483864
4638,O05,DR_20221209_143805,2851.0,0.093812354
4639,O05,DR_20221209_143805,2852.0,0.00082307414
4640,O06,DR_20221209_143805,2853.0,0.0026606997
4641,O06,DR_20221209_143805,2854.0,0.97464347
4642,O06,DR_20221209_143805,2855.0,0.039472394
4643,O06,DR_20221209_143805,2856.0,-0.028878022
4644,O06,DR_20221209_143805,2857.0,0.6468046
4645,O06,DR_20221209_143805,2858.0,0.04678069
4646,O06,DR_20221209_143805,2859.0,-0.0242618
4647,O06,DR_20221209_143805,2860.0,-0.0032474257
4648,O06,DR_20221209_143805,2861.0,0.014008474
4649,O07,DR_20221209_143805,2862.0,0.16803467
4650,O07,DR_20221209_143805,2863.0,-0.03973911
4651,O07,DR_20221209_143805,2864.0,0.0069448156
4652,O07,DR_20221209_143805,2865.0,0.0075606005
4653,O07,DR_20221209_143805,2866.0,-0.032596074
4654,O07,DR_20221209_143805,2867.0,0.1335024
4655,O07,DR_20221209_143805,2868.0,-0.016167128
4656,O07,DR_20221209_143805,2869.0,0.0027886445
4657,O07,DR_20221209_143805,2870.0,0.066404715
4658,O08,DR_20221209_143805,2871.0,-0.027082296
4659,O08,DR_20221209_143805,2872.0,0.08959122
4660,O08,DR_20221209_143805,2873.0,0.102087535
4661,O08,DR_20221209_143805,2874.0,-0.00030329273
4662,O08,DR_20221209_143805,2875.0,-0.024825467
4663,O08,DR_20221209_143805,2876.0,0.0058802385
4664,O08,DR_20221209_143805,2877.0,0.025456404
4665,O08,DR_20221209_143805,2878.0,-0.0043107965
4666,O08,DR_20221209_143805,2879.0,0.009869606
4667,O09,DR_20221209_143805,2880.0,-0.024321888
4668,O09,DR_20221209_143805,2881.0,0.3071246
4669,O09,DR_20221209_143805,2882.0,0.03126285
4670,O09,DR_20221209_143805,2883.0,0.051759817
4671,O09,DR_20221209_143805,2884.0,0.0069859973
4672,O09,DR_20221209_143805,2885.0,-0.01982975
4673,O09,DR_20221209_143805,2886.0,-0.025911322
4674,O09,DR_20221209_143805,2887.0,0.022340065
4675,O09,DR_20221209_143805,2888.0,0.02843991
4676,O12,DR_20221209_143805,2907.0,-0.010822166
4677,O12,DR_20221209_143805,2908.0,0.009290184
4678,O12,DR_20221209_143805,2909.0,0.09482873
4679,O12,DR_20221209_143805,2910.0,-0.017964792
4680,O12,DR_20221209_143805,2911.0,0.007875199
4681,O12,DR_20221209_143805,2912.0,0.054878987
4682,O12,DR_20221209_143805,2913.0,0.0043781367
4683,O12,DR_20221209_143805,2914.0,0.014587595
4684,O12,DR_20221209_143805,2915.0,-0.021356564
