,Image_Metadata_WellID,Image_Metadata_PlateID,ImageNumber,score
1941,A03,DR_20221209_143805,19.0,0.011571209
1942,A03,DR_20221209_143805,20.0,-0.0021184215
1943,A03,DR_20221209_143805,21.0,0.3518381
1944,A03,DR_20221209_143805,22.0,0.26499972
1945,A03,DR_20221209_143805,23.0,0.44871372
1946,A03,DR_20221209_143805,24.0,0.055399314
1947,A03,DR_20221209_143805,25.0,0.2879367
1948,A03,DR_20221209_143805,26.0,0.06698431
1949,A03,DR_20221209_143805,27.0,0.43337095
1950,A04,DR_20221209_143805,28.0,0.6566251
1951,A04,DR_20221209_143805,29.0,1.0783927
1952,A04,DR_20221209_143805,30.0,1.0191826
1953,A04,DR_20221209_143805,31.0,1.058494
1954,A04,DR_20221209_143805,32.0,1.0091046
1955,A04,DR_20221209_143805,33.0,1.028535
1956,A04,DR_20221209_143805,34.0,0.98651385
1957,A04,DR_20221209_143805,35.0,0.9987055
1958,A04,DR_20221209_143805,36.0,0.9923747
1959,A05,DR_20221209_143805,37.0,0.985681
1960,A05,DR_20221209_143805,38.0,0.9933534
1961,A05,DR_20221209_143805,39.0,1.0199304
1962,A05,DR_20221209_143805,40.0,1.0007718
1963,A05,DR_20221209_143805,41.0,0.9810285
1964,A05,DR_20221209_143805,42.0,0.9944814
1965,A05,DR_20221209_143805,43.0,1.0039686
1966,A05,DR_20221209_143805,44.0,0.9959743
1967,A05,DR_20221209_143805,45.0,0.9705349
1968,A06,DR_20221209_143805,46.0,0.9945912
1969,A06,DR_20221209_143805,47.0,0.9923872
1970,A06,DR_20221209_143805,48.0,1.0090489
1971,A06,DR_20221209_143805,49.0,1.0296829
1972,A06,DR_20221209_143805,50.0,1.0050856
1973,A06,DR_20221209_143805,51.0,1.0134845
1974,A06,DR_20221209_143805,52.0,1.0023766
1975,A06,DR_20221209_143805,53.0,0.9957624
1976,A06,DR_20221209_143805,54.0,0.98001516
1977,A07,DR_20221209_143805,55.0,0.99055165
1978,A07,DR_20221209_143805,56.0,1.0003015
1979,A07,DR_20221209_143805,57.0,0.9985433
1980,A07,DR_20221209_143805,58.0,1.0096112
1981,A07,DR_20221209_143805,59.0,0.97260207
1982,A07,DR_20221209_143805,60.0,1.0016187
1983,A07,DR_20221209_143805,61.0,0.9968498
1984,A07,DR_20221209_143805,62.0,1.0050113
1985,A07,DR_20221209_143805,63.0,1.0290056
1986,A08,DR_20221209_143805,64.0,1.0170317
1987,A08,DR_20221209_143805,65.0,1.0224109
1988,A08,DR_20221209_143805,66.0,1.01211
1989,A08,DR_20221209_143805,67.0,0.993181
1990,A08,DR_20221209_143805,68.0,1.0016761
1991,A08,DR_20221209_143805,69.0,0.99139166
1992,A08,DR_20221209_143805,70.0,0.9944023
1993,A08,DR_20221209_143805,71.0,0.99445635
1994,A08,DR_20221209_143805,72.0,0.98597234
1995,A09,DR_20221209_143805,73.0,0.9988302
1996,A09,DR_20221209_143805,74.0,0.9884147
1997,A09,DR_20221209_143805,75.0,0.9964871
1998,A09,DR_20221209_143805,76.0,0.99982136
1999,A09,DR_20221209_143805,77.0,0.96777296
2000,A09,DR_20221209_143805,78.0,0.99646
2001,A09,DR_20221209_143805,79.0,0.9965922
2002,A09,DR_20221209_143805,80.0,1.0055943
2003,A09,DR_20221209_143805,81.0,1.0031159
2004,A10,DR_20221209_143805,82.0,1.0157359
2005,A10,DR_20221209_143805,83.0,0.97685134
2006,A10,DR_20221209_143805,84.0,1.0449473
2007,A10,DR_20221209_143805,85.0,1.0064616
2008,A10,DR_20221209_143805,86.0,1.0788084
2009,A10,DR_20221209_143805,87.0,0.99087524
2010,A10,DR_20221209_143805,88.0,0.99418664
2011,A10,DR_20221209_143805,89.0,1.058505
2012,A10,DR_20221209_143805,90.0,1.0293492
2013,A11,DR_20221209_143805,91.0,0.9888415
2014,A11,DR_20221209_143805,92.0,0.9933406
2015,A11,DR_20221209_143805,93.0,0.9881813
2016,A11,DR_20221209_143805,94.0,1.0018144
2017,A11,DR_20221209_143805,95.0,0.985283
2018,A11,DR_20221209_143805,96.0,0.99621934
2019,A11,DR_20221209_143805,97.0,0.98370224
2020,A11,DR_20221209_143805,98.0,0.9808817
2021,A11,DR_20221209_143805,99.0,0.9989102
2022,A12,DR_20221209_143805,100.0,0.9917675
2023,A12,DR_20221209_143805,101.0,1.0005901
2024,A12,DR_20221209_143805,102.0,0.97854525
2025,A12,DR_20221209_143805,103.0,1.0250899
2026,A12,DR_20221209_143805,104.0,1.0068532
2027,A12,DR_20221209_143805,105.0,1.0130944
2028,A12,DR_20221209_143805,106.0,0.98916775
2029,A12,DR_20221209_143805,107.0,1.0149977
2030,A12,DR_20221209_143805,108.0,1.0022919
2031,A13,DR_20221209_143805,109.0,0.9855417
2032,A13,DR_20221209_143805,110.0,1.0004171
2033,A13,DR_20221209_143805,111.0,1.0092034
2034,A13,DR_20221209_143805,112.0,0.9961132
2035,A13,DR_20221209_143805,113.0,1.043461
2036,A13,DR_20221209_143805,114.0,0.9952122
2037,A13,DR_20221209_143805,115.0,1.0019056
2038,A13,DR_20221209_143805,116.0,0.99519926
2039,A13,DR_20221209_143805,117.0,1.001493
2040,A14,DR_20221209_143805,118.0,0.9901753
2041,A14,DR_20221209_143805,119.0,1.0038935
2042,A14,DR_20221209_143805,120.0,1.0021579
2043,A14,DR_20221209_143805,121.0,0.9872059
2044,A14,DR_20221209_143805,122.0,1.0004867
2045,A14,DR_20221209_143805,123.0,0.9991484
2046,A14,DR_20221209_143805,124.0,0.99878174
2047,A14,DR_20221209_143805,125.0,1.0318067
2048,A14,DR_20221209_143805,126.0,1.0042176
2049,A15,DR_20221209_143805,127.0,0.9903805
2050,A15,DR_20221209_143805,128.0,0.9901741
2051,A15,DR_20221209_143805,129.0,0.99582046
2052,A15,DR_20221209_143805,130.0,1.0178221
2053,A15,DR_20221209_143805,131.0,1.0032098
2054,A15,DR_20221209_143805,132.0,0.99568176
2055,A15,DR_20221209_143805,133.0,1.0035965
2056,A15,DR_20221209_143805,134.0,0.97419626
2057,A15,DR_20221209_143805,135.0,1.0060843
2058,A16,DR_20221209_143805,136.0,0.9843614
2059,A16,DR_20221209_143805,137.0,1.0003242
2060,A16,DR_20221209_143805,138.0,0.9986809
2061,A16,DR_20221209_143805,139.0,1.0008044
2062,A16,DR_20221209_143805,140.0,1.0140353
2063,A16,DR_20221209_143805,141.0,1.0011111
2064,A16,DR_20221209_143805,142.0,0.9495928
2065,A16,DR_20221209_143805,143.0,0.9928667
2066,A16,DR_20221209_143805,144.0,0.9966299
2067,A17,DR_20221209_143805,145.0,1.0097381
2068,A17,DR_20221209_143805,146.0,1.0041069
2069,A17,DR_20221209_143805,147.0,0.9886951
2070,A17,DR_20221209_143805,148.0,0.9913303
2071,A17,DR_20221209_143805,149.0,1.0225087
2072,A17,DR_20221209_143805,150.0,0.9847623
2073,A17,DR_20221209_143805,151.0,0.99027073
2074,A17,DR_20221209_143805,152.0,0.9808406
2075,A17,DR_20221209_143805,153.0,0.97399765
2076,A18,DR_20221209_143805,154.0,1.0164987
2077,A18,DR_20221209_143805,155.0,1.0061085
2078,A18,DR_20221209_143805,156.0,1.0020773
2079,A18,DR_20221209_143805,157.0,0.9938243
2080,A18,DR_20221209_143805,158.0,1.0569632
2081,A18,DR_20221209_143805,159.0,0.99393064
2082,A18,DR_20221209_143805,160.0,0.9888618
2083,A18,DR_20221209_143805,161.0,0.9901751
2084,A18,DR_20221209_143805,162.0,0.9998337
2085,A19,DR_20221209_143805,163.0,0.98466086
2086,A19,DR_20221209_143805,164.0,0.96521145
2087,A19,DR_20221209_143805,165.0,0.991524
2088,A19,DR_20221209_143805,166.0,1.0005436
2089,A19,DR_20221209_143805,167.0,0.6536521
2090,A19,DR_20221209_143805,168.0,1.0043944
2091,A19,DR_20221209_143805,169.0,1.021987
2092,A19,DR_20221209_143805,170.0,1.0086614
2093,A19,DR_20221209_143805,171.0,1.0368016
2094,A20,DR_20221209_143805,172.0,0.9989457
2095,A20,DR_20221209_143805,173.0,1.0208461
2096,A20,DR_20221209_143805,174.0,0.9875141
2097,A20,DR_20221209_143805,175.0,0.96868366
2098,A20,DR_20221209_143805,176.0,1.0094945
2099,A20,DR_20221209_143805,177.0,1.0242709
2100,A20,DR_20221209_143805,178.0,0.9782854
2101,A20,DR_20221209_143805,179.0,0.994765
2102,A20,DR_20221209_143805,180.0,0.9960943
2103,A21,DR_20221209_143805,181.0,1.0142035
2104,A21,DR_20221209_143805,182.0,0.9817079
2105,A21,DR_20221209_143805,183.0,0.98028344
2106,A21,DR_20221209_143805,184.0,0.9960552
2107,A21,DR_20221209_143805,185.0,1.0508953
2108,A21,DR_20221209_143805,186.0,1.0157018
2109,A21,DR_20221209_143805,187.0,1.0010277
2110,A21,DR_20221209_143805,188.0,0.9907515
2111,A21,DR_20221209_143805,189.0,0.9936268
2112,A22,DR_20221209_143805,190.0,0.9849689
2113,A22,DR_20221209_143805,191.0,1.0027362
2114,A22,DR_20221209_143805,192.0,1.003667
2115,A22,DR_20221209_143805,193.0,0.9554374
2116,A22,DR_20221209_143805,194.0,1.0279535
2117,A22,DR_20221209_143805,195.0,0.9913321
2118,A22,DR_20221209_143805,196.0,0.98702544
2119,A22,DR_20221209_143805,197.0,1.012348
2120,A22,DR_20221209_143805,198.0,1.0190349
2157,B03,DR_20221209_143805,235.0,1.0674734
2158,B03,DR_20221209_143805,236.0,1.0146419
2159,B03,DR_20221209_143805,237.0,0.85871404
2160,B03,DR_20221209_143805,238.0,1.0520377
2161,B03,DR_20221209_143805,239.0,0.063768834
2162,B03,DR_20221209_143805,240.0,0.7871256
2163,B03,DR_20221209_143805,241.0,0.9508631
2164,B03,DR_20221209_143805,242.0,0.036706455
2165,B03,DR_20221209_143805,243.0,0.74226886
2166,B04,DR_20221209_143805,244.0,0.37810278
2167,B04,DR_20221209_143805,245.0,0.1421214
2168,B04,DR_20221209_143805,246.0,0.40180442
2169,B04,DR_20221209_143805,247.0,0.050614744
2170,B04,DR_20221209_143805,248.0,0.11689476
2171,B04,DR_20221209_143805,249.0,0.2848234
2172,B04,DR_20221209_143805,250.0,0.017970964
2173,B04,DR_20221209_143805,251.0,0.47315833
2174,B04,DR_20221209_143805,252.0,0.06459971
2175,B05,DR_20221209_143805,253.0,0.99936426
2176,B05,DR_20221209_143805,254.0,1.0056902
2177,B05,DR_20221209_143805,255.0,0.9966609
2178,B05,DR_20221209_143805,256.0,1.0156677
2179,B05,DR_20221209_143805,257.0,1.0585399
2180,B05,DR_20221209_143805,258.0,1.0136238
2181,B05,DR_20221209_143805,259.0,1.0120693
2182,B05,DR_20221209_143805,260.0,1.0355312
2183,B05,DR_20221209_143805,261.0,0.99965376
2184,B06,DR_20221209_143805,262.0,1.0155269
2185,B06,DR_20221209_143805,263.0,1.0001885
2186,B06,DR_20221209_143805,264.0,1.0115933
2187,B06,DR_20221209_143805,265.0,0.9815033
2188,B06,DR_20221209_143805,266.0,1.0175108
2189,B06,DR_20221209_143805,267.0,1.0025544
2190,B06,DR_20221209_143805,268.0,0.9965859
2191,B06,DR_20221209_143805,269.0,1.0101645
2192,B06,DR_20221209_143805,270.0,0.99740666
2193,B07,DR_20221209_143805,271.0,0.993522
2194,B07,DR_20221209_143805,272.0,1.0790789
2195,B07,DR_20221209_143805,273.0,1.0051854
2196,B07,DR_20221209_143805,274.0,1.0546824
2197,B07,DR_20221209_143805,275.0,1.0122342
2198,B07,DR_20221209_143805,276.0,1.0000652
2199,B07,DR_20221209_143805,277.0,0.9955175
2200,B07,DR_20221209_143805,278.0,0.9993918
2201,B07,DR_20221209_143805,279.0,0.99117345
2202,B08,DR_20221209_143805,280.0,1.0049914
2203,B08,DR_20221209_143805,281.0,0.9976261
2204,B08,DR_20221209_143805,282.0,0.97258407
2205,B08,DR_20221209_143805,283.0,1.0007758
2206,B08,DR_20221209_143805,284.0,1.0551311
2207,B08,DR_20221209_143805,285.0,1.0064805
2208,B08,DR_20221209_143805,286.0,0.99201304
2209,B08,DR_20221209_143805,287.0,0.99060935
2210,B08,DR_20221209_143805,288.0,0.99862534
2211,B09,DR_20221209_143805,289.0,0.99591994
2212,B09,DR_20221209_143805,290.0,1.0170058
2213,B09,DR_20221209_143805,291.0,1.0000483
2214,B09,DR_20221209_143805,292.0,1.0025659
2215,B09,DR_20221209_143805,293.0,0.60307384
2216,B09,DR_20221209_143805,294.0,1.0073637
2217,B09,DR_20221209_143805,295.0,1.0537424
2218,B09,DR_20221209_143805,296.0,1.0341182
2219,B09,DR_20221209_143805,297.0,1.1876172
2220,B10,DR_20221209_143805,298.0,1.0100269
2221,B10,DR_20221209_143805,299.0,0.99777186
2222,B10,DR_20221209_143805,300.0,1.0442076
2223,B10,DR_20221209_143805,301.0,1.061322
2224,B10,DR_20221209_143805,302.0,1.113359
2225,B10,DR_20221209_143805,303.0,1.0723311
2226,B10,DR_20221209_143805,304.0,0.99873155
2227,B10,DR_20221209_143805,305.0,0.57313734
2228,B10,DR_20221209_143805,306.0,1.0072877
2229,B11,DR_20221209_143805,307.0,1.0119996
2230,B11,DR_20221209_143805,308.0,1.002803
2231,B11,DR_20221209_143805,309.0,1.0124967
2232,B11,DR_20221209_143805,310.0,1.0150074
2233,B11,DR_20221209_143805,311.0,1.0101807
2234,B11,DR_20221209_143805,312.0,1.0008614
2235,B11,DR_20221209_143805,313.0,1.0054775
2236,B11,DR_20221209_143805,314.0,1.0116776
2237,B11,DR_20221209_143805,315.0,0.9953339
2238,B12,DR_20221209_143805,316.0,0.99183077
2239,B12,DR_20221209_143805,317.0,0.9877716
2240,B12,DR_20221209_143805,318.0,0.988686
2241,B12,DR_20221209_143805,319.0,0.99412966
2242,B12,DR_20221209_143805,320.0,1.0030224
2243,B12,DR_20221209_143805,321.0,1.0009588
2244,B12,DR_20221209_143805,322.0,1.0494255
2245,B12,DR_20221209_143805,323.0,0.9954877
2246,B12,DR_20221209_143805,324.0,1.002788
2247,B13,DR_20221209_143805,325.0,0.98523843
2248,B13,DR_20221209_143805,326.0,0.9987704
2249,B13,DR_20221209_143805,327.0,1.0544746
2250,B13,DR_20221209_143805,328.0,0.97554034
2251,B13,DR_20221209_143805,329.0,1.0049785
2252,B13,DR_20221209_143805,330.0,0.9890294
2253,B13,DR_20221209_143805,331.0,1.0043831
2254,B13,DR_20221209_143805,332.0,1.0165147
2255,B13,DR_20221209_143805,333.0,1.0104418
2256,B14,DR_20221209_143805,334.0,1.0514975
2257,B14,DR_20221209_143805,335.0,1.006047
2258,B14,DR_20221209_143805,336.0,0.98859096
2259,B14,DR_20221209_143805,337.0,1.0060024
2260,B14,DR_20221209_143805,338.0,1.0643947
2261,B14,DR_20221209_143805,339.0,0.98173875
2262,B14,DR_20221209_143805,340.0,0.9944568
2263,B14,DR_20221209_143805,341.0,1.0321583
2264,B14,DR_20221209_143805,342.0,0.98184115
2265,B15,DR_20221209_143805,343.0,0.9740159
2266,B15,DR_20221209_143805,344.0,0.99472344
2267,B15,DR_20221209_143805,345.0,0.992785
2268,B15,DR_20221209_143805,346.0,1.0037402
2269,B15,DR_20221209_143805,347.0,1.0335734
2270,B15,DR_20221209_143805,348.0,1.0137984
2271,B15,DR_20221209_143805,349.0,0.9855283
2272,B15,DR_20221209_143805,350.0,1.0013547
2273,B15,DR_20221209_143805,351.0,0.9707661
2274,B16,DR_20221209_143805,352.0,0.9797151
2275,B16,DR_20221209_143805,353.0,0.9964686
2276,B16,DR_20221209_143805,354.0,0.9969779
2277,B16,DR_20221209_143805,355.0,0.99489236
2278,B16,DR_20221209_143805,356.0,1.0571669
2279,B16,DR_20221209_143805,357.0,0.9715287
2280,B16,DR_20221209_143805,358.0,0.97495335
2281,B16,DR_20221209_143805,359.0,0.979789
2282,B16,DR_20221209_143805,360.0,0.9600971
2283,B17,DR_20221209_143805,361.0,1.0194585
2284,B17,DR_20221209_143805,362.0,0.9973444
2285,B17,DR_20221209_143805,363.0,0.37989965
2286,B17,DR_20221209_143805,364.0,0.98799086
2287,B17,DR_20221209_143805,365.0,1.044408
2288,B17,DR_20221209_143805,366.0,0.9994403
2289,B17,DR_20221209_143805,367.0,0.92458445
2290,B17,DR_20221209_143805,368.0,1.0138005
2291,B17,DR_20221209_143805,369.0,0.97755224
2292,B18,DR_20221209_143805,370.0,0.9882827
2293,B18,DR_20221209_143805,371.0,0.8470566
2294,B18,DR_20221209_143805,372.0,1.005957
2295,B18,DR_20221209_143805,373.0,0.98598295
2296,B18,DR_20221209_143805,374.0,1.0693403
2297,B18,DR_20221209_143805,375.0,1.0120038
2298,B18,DR_20221209_143805,376.0,1.0016663
2299,B18,DR_20221209_143805,377.0,1.0032665
2300,B18,DR_20221209_143805,378.0,0.99003804
2301,B19,DR_20221209_143805,379.0,0.99937993
2302,B19,DR_20221209_143805,380.0,1.0256345
2303,B19,DR_20221209_143805,381.0,0.9740127
2304,B19,DR_20221209_143805,382.0,0.9466984
2305,B19,DR_20221209_143805,383.0,0.9717272
2306,B19,DR_20221209_143805,384.0,1.0193148
2307,B19,DR_20221209_143805,385.0,0.9943579
2308,B19,DR_20221209_143805,386.0,0.74483144
2309,B19,DR_20221209_143805,387.0,0.9875426
2310,B20,DR_20221209_143805,388.0,1.0041496
2311,B20,DR_20221209_143805,389.0,1.0035697
2312,B20,DR_20221209_143805,390.0,1.0026544
2313,B20,DR_20221209_143805,391.0,0.9722568
2314,B20,DR_20221209_143805,392.0,1.0070295
2315,B20,DR_20221209_143805,393.0,0.99320847
2316,B20,DR_20221209_143805,394.0,0.9747996
2317,B20,DR_20221209_143805,395.0,0.9811104
2318,B20,DR_20221209_143805,396.0,0.97863376
2319,B21,DR_20221209_143805,397.0,1.0027988
2320,B21,DR_20221209_143805,398.0,1.0017145
2321,B21,DR_20221209_143805,399.0,1.0014298
2322,B21,DR_20221209_143805,400.0,1.0154881
2323,B21,DR_20221209_143805,401.0,0.975971
2324,B21,DR_20221209_143805,402.0,1.0132757
2325,B21,DR_20221209_143805,403.0,1.0014466
2326,B21,DR_20221209_143805,404.0,0.98849446
2327,B21,DR_20221209_143805,405.0,0.99534255
2328,B22,DR_20221209_143805,406.0,0.99668026
2329,B22,DR_20221209_143805,407.0,1.005092
2330,B22,DR_20221209_143805,408.0,1.0060426
2331,B22,DR_20221209_143805,409.0,1.0026058
2332,B22,DR_20221209_143805,410.0,0.9949821
2333,B22,DR_20221209_143805,411.0,0.99625206
2334,B22,DR_20221209_143805,412.0,0.73229307
2335,B22,DR_20221209_143805,413.0,0.9980256
2336,B22,DR_20221209_143805,414.0,1.0045171
2373,C03,DR_20221209_143805,451.0,0.8078741
2374,C03,DR_20221209_143805,452.0,1.0145181
2375,C03,DR_20221209_143805,453.0,1.0189093
2376,C03,DR_20221209_143805,454.0,1.0171727
2377,C03,DR_20221209_143805,455.0,0.7818188
2378,C03,DR_20221209_143805,456.0,0.40733075
2379,C03,DR_20221209_143805,457.0,0.99727577
2380,C03,DR_20221209_143805,458.0,0.99503964
2381,C03,DR_20221209_143805,459.0,0.9851721
2382,C04,DR_20221209_143805,460.0,-0.12668358
2383,C04,DR_20221209_143805,461.0,0.64001805
2384,C04,DR_20221209_143805,462.0,0.80490977
2385,C04,DR_20221209_143805,463.0,0.24571331
2386,C04,DR_20221209_143805,464.0,0.085649505
2387,C04,DR_20221209_143805,465.0,0.5254848
2388,C04,DR_20221209_143805,466.0,0.7667291
2389,C04,DR_20221209_143805,467.0,0.4124005
2390,C04,DR_20221209_143805,468.0,0.17192283
2391,C05,DR_20221209_143805,469.0,0.03234919
2392,C05,DR_20221209_143805,470.0,0.018142205
2393,C05,DR_20221209_143805,471.0,0.0024524718
2394,C05,DR_20221209_143805,472.0,0.039862014
2395,C05,DR_20221209_143805,473.0,0.035268173
2396,C05,DR_20221209_143805,474.0,0.097400345
2397,C05,DR_20221209_143805,475.0,1.1480271
2398,C05,DR_20221209_143805,476.0,0.05051512
2399,C05,DR_20221209_143805,477.0,-0.007659698
2400,C06,DR_20221209_143805,478.0,1.0009363
2401,C06,DR_20221209_143805,479.0,1.002044
2402,C06,DR_20221209_143805,480.0,0.99832535
2403,C06,DR_20221209_143805,481.0,0.9623019
2404,C06,DR_20221209_143805,482.0,1.0013573
2405,C06,DR_20221209_143805,483.0,0.9922296
2406,C06,DR_20221209_143805,484.0,0.9955581
2407,C06,DR_20221209_143805,485.0,1.0039229
2408,C06,DR_20221209_143805,486.0,1.0038505
2409,C07,DR_20221209_143805,487.0,0.99788797
2410,C07,DR_20221209_143805,488.0,1.0171096
2411,C07,DR_20221209_143805,489.0,1.0023593
2412,C07,DR_20221209_143805,490.0,0.99654555
2413,C07,DR_20221209_143805,491.0,1.0264583
2414,C07,DR_20221209_143805,492.0,0.999429
2415,C07,DR_20221209_143805,493.0,1.0002005
2416,C07,DR_20221209_143805,494.0,0.99642766
2417,C07,DR_20221209_143805,495.0,0.9904033
2418,C08,DR_20221209_143805,496.0,1.0392748
2419,C08,DR_20221209_143805,497.0,0.98141927
2420,C08,DR_20221209_143805,498.0,0.9943149
2421,C08,DR_20221209_143805,499.0,1.0173831
2422,C08,DR_20221209_143805,500.0,0.96629393
2423,C08,DR_20221209_143805,501.0,1.0536344
2424,C08,DR_20221209_143805,502.0,0.9942008
2425,C08,DR_20221209_143805,503.0,0.99609596
2426,C08,DR_20221209_143805,504.0,0.39429784
2427,C09,DR_20221209_143805,505.0,1.0041424
2428,C09,DR_20221209_143805,506.0,1.0090051
2429,C09,DR_20221209_143805,507.0,1.0047221
2430,C09,DR_20221209_143805,508.0,1.0307312
2431,C09,DR_20221209_143805,509.0,1.0836473
2432,C09,DR_20221209_143805,510.0,0.98040265
2433,C09,DR_20221209_143805,511.0,1.0040538
2434,C09,DR_20221209_143805,512.0,1.0333791
2435,C09,DR_20221209_143805,513.0,1.0726534
2436,C10,DR_20221209_143805,514.0,1.0136092
2437,C10,DR_20221209_143805,515.0,1.0589495
2438,C10,DR_20221209_143805,516.0,1.0052831
2439,C10,DR_20221209_143805,517.0,1.0037484
2440,C10,DR_20221209_143805,518.0,1.0013509
2441,C10,DR_20221209_143805,519.0,0.98697126
2442,C10,DR_20221209_143805,520.0,1.0164412
2443,C10,DR_20221209_143805,521.0,0.9990458
2444,C10,DR_20221209_143805,522.0,0.9437398
2445,C11,DR_20221209_143805,523.0,0.98789585
2446,C11,DR_20221209_143805,524.0,0.98455006
2447,C11,DR_20221209_143805,525.0,0.99715495
2448,C11,DR_20221209_143805,526.0,0.991648
2449,C11,DR_20221209_143805,527.0,0.9993715
2450,C11,DR_20221209_143805,528.0,1.0020612
2451,C11,DR_20221209_143805,529.0,0.99381244
2452,C11,DR_20221209_143805,530.0,0.815551
2453,C11,DR_20221209_143805,531.0,1.0011532
2454,C12,DR_20221209_143805,532.0,1.000957
2455,C12,DR_20221209_143805,533.0,1.0194631
2456,C12,DR_20221209_143805,534.0,1.0011233
2457,C12,DR_20221209_143805,535.0,0.9939769
2458,C12,DR_20221209_143805,536.0,0.98385257
2459,C12,DR_20221209_143805,537.0,1.032084
2460,C12,DR_20221209_143805,538.0,1.0359235
2461,C12,DR_20221209_143805,539.0,0.9970488
2462,C12,DR_20221209_143805,540.0,0.9689249
2463,C13,DR_20221209_143805,541.0,0.9939475
2464,C13,DR_20221209_143805,542.0,0.99180967
2465,C13,DR_20221209_143805,543.0,1.0242231
2466,C13,DR_20221209_143805,544.0,0.99139744
2467,C13,DR_20221209_143805,545.0,1.015692
2468,C13,DR_20221209_143805,546.0,0.9960251
2469,C13,DR_20221209_143805,547.0,0.9966344
2470,C13,DR_20221209_143805,548.0,0.9716667
2471,C13,DR_20221209_143805,549.0,1.0101024
2472,C14,DR_20221209_143805,550.0,0.97644776
2473,C14,DR_20221209_143805,551.0,0.9994143
2474,C14,DR_20221209_143805,552.0,0.98257273
2475,C14,DR_20221209_143805,553.0,0.99493504
2476,C14,DR_20221209_143805,554.0,0.9879511
2477,C14,DR_20221209_143805,555.0,1.0098644
2478,C14,DR_20221209_143805,556.0,0.9982126
2479,C14,DR_20221209_143805,557.0,0.9972071
2480,C14,DR_20221209_143805,558.0,1.015637
2481,C15,DR_20221209_143805,559.0,0.9924587
2482,C15,DR_20221209_143805,560.0,1.0011425
2483,C15,DR_20221209_143805,561.0,1.0072584
2484,C15,DR_20221209_143805,562.0,0.98942244
2485,C15,DR_20221209_143805,563.0,0.9528343
2486,C15,DR_20221209_143805,564.0,1.0013559
2487,C15,DR_20221209_143805,565.0,1.0014561
2488,C15,DR_20221209_143805,566.0,1.0125588
2489,C15,DR_20221209_143805,567.0,0.9795252
2490,C16,DR_20221209_143805,568.0,0.99032396
2491,C16,DR_20221209_143805,569.0,0.99992144
2492,C16,DR_20221209_143805,570.0,1.0050385
2493,C16,DR_20221209_143805,571.0,0.994683
2494,C16,DR_20221209_143805,572.0,1.1848408
2495,C16,DR_20221209_143805,573.0,0.9917918
2496,C16,DR_20221209_143805,574.0,0.7497833
2497,C16,DR_20221209_143805,575.0,0.9813924
2498,C16,DR_20221209_143805,576.0,0.8511339
2499,C17,DR_20221209_143805,577.0,1.0031242
2500,C17,DR_20221209_143805,578.0,0.9905485
2501,C17,DR_20221209_143805,579.0,1.0037208
2502,C17,DR_20221209_143805,580.0,1.0481255
2503,C17,DR_20221209_143805,581.0,1.0549213
2504,C17,DR_20221209_143805,582.0,1.0134128
2505,C17,DR_20221209_143805,583.0,1.0044985
2506,C17,DR_20221209_143805,584.0,1.0014559
2507,C17,DR_20221209_143805,585.0,1.0049199
2508,C18,DR_20221209_143805,586.0,1.001343
2509,C18,DR_20221209_143805,587.0,1.0330052
2510,C18,DR_20221209_143805,588.0,0.521422
2511,C18,DR_20221209_143805,589.0,1.0093362
2512,C18,DR_20221209_143805,590.0,1.0830526
2513,C18,DR_20221209_143805,591.0,0.99606913
2514,C18,DR_20221209_143805,592.0,1.0067128
2515,C18,DR_20221209_143805,593.0,1.0031832
2516,C18,DR_20221209_143805,594.0,0.7716369
2517,C19,DR_20221209_143805,595.0,0.9889181
2518,C19,DR_20221209_143805,596.0,0.9876736
2519,C19,DR_20221209_143805,597.0,1.0083925
2520,C19,DR_20221209_143805,598.0,0.78787893
2521,C19,DR_20221209_143805,599.0,1.0716871
2522,C19,DR_20221209_143805,600.0,1.0164121
2523,C19,DR_20221209_143805,601.0,1.0084093
2524,C19,DR_20221209_143805,602.0,1.0086194
2525,C19,DR_20221209_143805,603.0,1.0116562
2526,C20,DR_20221209_143805,604.0,1.0032698
2527,C20,DR_20221209_143805,605.0,1.0174978
2528,C20,DR_20221209_143805,606.0,0.97553253
2529,C20,DR_20221209_143805,607.0,0.97054243
2530,C20,DR_20221209_143805,608.0,0.98752886
2531,C20,DR_20221209_143805,609.0,1.0170056
2532,C20,DR_20221209_143805,610.0,0.9690553
2533,C20,DR_20221209_143805,611.0,1.0032067
2534,C20,DR_20221209_143805,612.0,0.9843615
2535,C21,DR_20221209_143805,613.0,1.0035342
2536,C21,DR_20221209_143805,614.0,1.0224036
2537,C21,DR_20221209_143805,615.0,1.0536234
2538,C21,DR_20221209_143805,616.0,0.98595744
2539,C21,DR_20221209_143805,617.0,1.0108703
2540,C21,DR_20221209_143805,618.0,1.0142578
2541,C21,DR_20221209_143805,619.0,1.0037459
2542,C21,DR_20221209_143805,620.0,1.0022999
2543,C21,DR_20221209_143805,621.0,1.0069363
2544,C22,DR_20221209_143805,622.0,1.0062732
2545,C22,DR_20221209_143805,623.0,1.0007377
2546,C22,DR_20221209_143805,624.0,0.98247135
2547,C22,DR_20221209_143805,625.0,1.0001444
2548,C22,DR_20221209_143805,626.0,1.051138
2549,C22,DR_20221209_143805,627.0,0.99944025
2550,C22,DR_20221209_143805,628.0,1.0079281
2551,C22,DR_20221209_143805,629.0,0.9962221
2552,C22,DR_20221209_143805,630.0,1.0285747
2589,D03,DR_20221209_143805,667.0,0.6727202
2590,D03,DR_20221209_143805,668.0,0.14175388
2591,D03,DR_20221209_143805,669.0,0.024703503
2592,D03,DR_20221209_143805,670.0,0.038092118
2593,D03,DR_20221209_143805,671.0,0.23005952
2594,D03,DR_20221209_143805,672.0,0.0150727155
2595,D03,DR_20221209_143805,673.0,0.076372914
2596,D03,DR_20221209_143805,674.0,0.071382605
2597,D03,DR_20221209_143805,675.0,0.040648915
2598,D04,DR_20221209_143805,676.0,1.0924338
2599,D04,DR_20221209_143805,677.0,0.8341764
2600,D04,DR_20221209_143805,678.0,1.0040524
2601,D04,DR_20221209_143805,679.0,0.06381741
2602,D04,DR_20221209_143805,680.0,0.18768086
2603,D04,DR_20221209_143805,681.0,0.8139255
2604,D04,DR_20221209_143805,682.0,0.9554947
2605,D04,DR_20221209_143805,683.0,0.019894145
2606,D04,DR_20221209_143805,684.0,0.40939653
2607,D05,DR_20221209_143805,685.0,0.23722297
2608,D05,DR_20221209_143805,686.0,0.45587263
2609,D05,DR_20221209_143805,687.0,0.97520614
2610,D05,DR_20221209_143805,688.0,0.25213477
2611,D05,DR_20221209_143805,689.0,1.251231
2612,D05,DR_20221209_143805,690.0,1.0433961
2613,D05,DR_20221209_143805,691.0,1.0055133
2614,D05,DR_20221209_143805,692.0,0.7747444
2615,D05,DR_20221209_143805,693.0,0.99351513
2616,D06,DR_20221209_143805,694.0,0.33308214
2617,D06,DR_20221209_143805,695.0,0.34967223
2618,D06,DR_20221209_143805,696.0,0.5832612
2619,D06,DR_20221209_143805,697.0,0.45106944
2620,D06,DR_20221209_143805,698.0,0.20480086
2621,D06,DR_20221209_143805,699.0,0.061293233
2622,D06,DR_20221209_143805,700.0,0.05928934
2623,D06,DR_20221209_143805,701.0,0.09899112
2624,D06,DR_20221209_143805,702.0,0.05491578
2625,D07,DR_20221209_143805,703.0,0.08836796
2626,D07,DR_20221209_143805,704.0,0.15370768
2627,D07,DR_20221209_143805,705.0,0.79522675
2628,D07,DR_20221209_143805,706.0,0.039769337
2629,D07,DR_20221209_143805,707.0,0.6771219
2630,D07,DR_20221209_143805,708.0,0.023179445
2631,D07,DR_20221209_143805,709.0,-0.0015931604
2632,D07,DR_20221209_143805,710.0,0.024162643
2633,D07,DR_20221209_143805,711.0,0.5046618
2634,D09,DR_20221209_143805,721.0,0.99641144
2635,D09,DR_20221209_143805,722.0,1.0067984
2636,D09,DR_20221209_143805,723.0,0.9946082
2637,D09,DR_20221209_143805,724.0,1.0433033
2638,D09,DR_20221209_143805,725.0,1.0949787
2639,D09,DR_20221209_143805,726.0,1.0410388
2640,D09,DR_20221209_143805,727.0,1.0063831
2641,D09,DR_20221209_143805,728.0,0.9193487
2642,D09,DR_20221209_143805,729.0,0.96991867
2643,D10,DR_20221209_143805,730.0,0.99889255
2644,D10,DR_20221209_143805,731.0,1.0023375
2645,D10,DR_20221209_143805,732.0,0.9979138
2646,D10,DR_20221209_143805,733.0,0.99851435
2647,D10,DR_20221209_143805,734.0,0.9964915
2648,D10,DR_20221209_143805,735.0,1.0023465
2649,D10,DR_20221209_143805,736.0,1.0006199
2650,D10,DR_20221209_143805,737.0,0.9761781
2651,D10,DR_20221209_143805,738.0,1.0076463
2652,D11,DR_20221209_143805,739.0,0.98942554
2653,D11,DR_20221209_143805,740.0,0.9958091
2654,D11,DR_20221209_143805,741.0,1.0099747
2655,D11,DR_20221209_143805,742.0,1.0270382
2656,D11,DR_20221209_143805,743.0,1.061377
2657,D11,DR_20221209_143805,744.0,0.9976428
2658,D11,DR_20221209_143805,745.0,0.9976523
2659,D11,DR_20221209_143805,746.0,0.99586403
2660,D11,DR_20221209_143805,747.0,1.0053449
2661,D12,DR_20221209_143805,748.0,0.99461555
2662,D12,DR_20221209_143805,749.0,1.0426459
2663,D12,DR_20221209_143805,750.0,1.0149775
2664,D12,DR_20221209_143805,751.0,1.0198507
2665,D12,DR_20221209_143805,752.0,0.90331537
2666,D12,DR_20221209_143805,753.0,1.0533981
2667,D12,DR_20221209_143805,754.0,1.008356
2668,D12,DR_20221209_143805,755.0,0.9862213
2669,D12,DR_20221209_143805,756.0,1.0447484
2670,D13,DR_20221209_143805,757.0,0.9781159
2671,D13,DR_20221209_143805,758.0,0.99908125
2672,D13,DR_20221209_143805,759.0,0.98680127
2673,D13,DR_20221209_143805,760.0,0.97990316
2674,D13,DR_20221209_143805,761.0,1.0334378
2675,D13,DR_20221209_143805,762.0,0.9804113
2676,D13,DR_20221209_143805,763.0,1.0151874
2677,D13,DR_20221209_143805,764.0,1.0935632
2678,D13,DR_20221209_143805,765.0,0.9974214
2679,D14,DR_20221209_143805,766.0,1.0180981
2680,D14,DR_20221209_143805,767.0,1.025854
2681,D14,DR_20221209_143805,768.0,0.93775904
2682,D14,DR_20221209_143805,769.0,0.99674755
2683,D14,DR_20221209_143805,770.0,0.9631446
2684,D14,DR_20221209_143805,771.0,1.0127345
2685,D14,DR_20221209_143805,772.0,1.0119928
2686,D14,DR_20221209_143805,773.0,0.98917735
2687,D14,DR_20221209_143805,774.0,0.9850633
2688,D15,DR_20221209_143805,775.0,0.9969361
2689,D15,DR_20221209_143805,776.0,0.8193454
2690,D15,DR_20221209_143805,777.0,0.9258202
2691,D15,DR_20221209_143805,778.0,0.034298655
2692,D15,DR_20221209_143805,779.0,0.8986119
2693,D15,DR_20221209_143805,780.0,0.96409994
2694,D15,DR_20221209_143805,781.0,0.98328316
2695,D15,DR_20221209_143805,782.0,0.35628337
2696,D15,DR_20221209_143805,783.0,0.93826556
2697,D16,DR_20221209_143805,784.0,1.0022489
2698,D16,DR_20221209_143805,785.0,1.0197041
2699,D16,DR_20221209_143805,786.0,1.0140231
2700,D16,DR_20221209_143805,787.0,0.91686904
2701,D16,DR_20221209_143805,788.0,0.9273836
2702,D16,DR_20221209_143805,789.0,0.987084
2703,D16,DR_20221209_143805,790.0,0.36950424
2704,D16,DR_20221209_143805,791.0,0.95080876
2705,D16,DR_20221209_143805,792.0,1.0098119
2706,D17,DR_20221209_143805,793.0,0.9650069
2707,D17,DR_20221209_143805,794.0,1.0647397
2708,D17,DR_20221209_143805,795.0,0.992425
2709,D17,DR_20221209_143805,796.0,0.9805827
2710,D17,DR_20221209_143805,797.0,1.0274521
2711,D17,DR_20221209_143805,798.0,1.0009117
2712,D17,DR_20221209_143805,799.0,0.9985539
2713,D17,DR_20221209_143805,800.0,1.0032251
2714,D17,DR_20221209_143805,801.0,0.9456865
2715,D18,DR_20221209_143805,802.0,0.9898638
2716,D18,DR_20221209_143805,803.0,1.0019139
2717,D18,DR_20221209_143805,804.0,0.9970914
2718,D18,DR_20221209_143805,805.0,0.98159695
2719,D18,DR_20221209_143805,806.0,0.99389076
2720,D18,DR_20221209_143805,807.0,0.99766296
2721,D18,DR_20221209_143805,808.0,0.66045934
2722,D18,DR_20221209_143805,809.0,0.98975194
2723,D18,DR_20221209_143805,810.0,0.99038225
2724,D19,DR_20221209_143805,811.0,1.0006012
2725,D19,DR_20221209_143805,812.0,0.97949064
2726,D19,DR_20221209_143805,813.0,1.0323237
2727,D19,DR_20221209_143805,814.0,0.9561603
2728,D19,DR_20221209_143805,815.0,1.0568054
2729,D19,DR_20221209_143805,816.0,1.0000585
2730,D19,DR_20221209_143805,817.0,0.9957567
2731,D19,DR_20221209_143805,818.0,0.45356807
2732,D19,DR_20221209_143805,819.0,0.97453094
2733,D20,DR_20221209_143805,820.0,0.99280834
2734,D20,DR_20221209_143805,821.0,1.0129864
2735,D20,DR_20221209_143805,822.0,1.0706457
2736,D20,DR_20221209_143805,823.0,0.99447936
2737,D20,DR_20221209_143805,824.0,1.0477443
2738,D20,DR_20221209_143805,825.0,1.0092301
2739,D20,DR_20221209_143805,826.0,0.99556106
2740,D20,DR_20221209_143805,827.0,1.0135747
2741,D20,DR_20221209_143805,828.0,0.9375083
2742,D21,DR_20221209_143805,829.0,1.0233129
2743,D21,DR_20221209_143805,830.0,1.000743
2744,D21,DR_20221209_143805,831.0,0.9195494
2745,D21,DR_20221209_143805,832.0,0.9429439
2746,D21,DR_20221209_143805,833.0,0.991982
2747,D21,DR_20221209_143805,834.0,0.98863137
2748,D21,DR_20221209_143805,835.0,0.9964668
2749,D21,DR_20221209_143805,836.0,1.0091367
2750,D21,DR_20221209_143805,837.0,0.99474066
2751,D22,DR_20221209_143805,838.0,0.9964669
2752,D22,DR_20221209_143805,839.0,0.9773889
2753,D22,DR_20221209_143805,840.0,0.5020448
2754,D22,DR_20221209_143805,841.0,0.9982175
2755,D22,DR_20221209_143805,842.0,1.0268304
2756,D22,DR_20221209_143805,843.0,1.0106381
2757,D22,DR_20221209_143805,844.0,0.9955955
2758,D22,DR_20221209_143805,845.0,1.0068353
2759,D22,DR_20221209_143805,846.0,1.0027851
2796,E03,DR_20221209_143805,883.0,1.0362236
2797,E03,DR_20221209_143805,884.0,0.8437423
2798,E03,DR_20221209_143805,885.0,0.8568292
2799,E03,DR_20221209_143805,886.0,0.5523267
2800,E03,DR_20221209_143805,887.0,0.67004603
2801,E03,DR_20221209_143805,888.0,0.4096928
2802,E03,DR_20221209_143805,889.0,0.11864838
2803,E03,DR_20221209_143805,890.0,0.06922855
2804,E03,DR_20221209_143805,891.0,0.038325004
2805,E04,DR_20221209_143805,892.0,0.49513015
2806,E04,DR_20221209_143805,893.0,0.14379334
2807,E04,DR_20221209_143805,894.0,0.7708953
2808,E04,DR_20221209_143805,895.0,0.07315968
2809,E04,DR_20221209_143805,896.0,0.39094666
2810,E04,DR_20221209_143805,897.0,0.04741162
2811,E04,DR_20221209_143805,898.0,0.47809058
2812,E04,DR_20221209_143805,899.0,0.05641587
2813,E04,DR_20221209_143805,900.0,0.89500844
2814,E05,DR_20221209_143805,901.0,0.1304905
2815,E05,DR_20221209_143805,902.0,0.009578351
2816,E05,DR_20221209_143805,903.0,-0.00743458
2817,E05,DR_20221209_143805,904.0,0.033907454
2818,E05,DR_20221209_143805,905.0,0.17094937
2819,E05,DR_20221209_143805,906.0,0.07939357
2820,E05,DR_20221209_143805,907.0,0.03446966
2821,E05,DR_20221209_143805,908.0,0.0133898845
2822,E05,DR_20221209_143805,909.0,0.10304409
2823,E06,DR_20221209_143805,910.0,0.38890395
2824,E06,DR_20221209_143805,911.0,0.04140265
2825,E06,DR_20221209_143805,912.0,0.19537862
2826,E06,DR_20221209_143805,913.0,0.01659189
2827,E06,DR_20221209_143805,914.0,0.39882264
2828,E06,DR_20221209_143805,915.0,0.065640956
2829,E06,DR_20221209_143805,916.0,0.68487
2830,E06,DR_20221209_143805,917.0,0.10599474
2831,E06,DR_20221209_143805,918.0,-0.0005437147
2832,E07,DR_20221209_143805,919.0,0.9716291
2833,E07,DR_20221209_143805,920.0,0.617489
2834,E07,DR_20221209_143805,921.0,0.96911496
2835,E07,DR_20221209_143805,922.0,0.7275296
2836,E07,DR_20221209_143805,923.0,0.51526034
2837,E07,DR_20221209_143805,924.0,0.06681622
2838,E07,DR_20221209_143805,925.0,1.0537759
2839,E07,DR_20221209_143805,926.0,0.9864162
2840,E07,DR_20221209_143805,927.0,0.09130076
2841,E08,DR_20221209_143805,928.0,0.2008484
2842,E08,DR_20221209_143805,929.0,0.17766622
2843,E08,DR_20221209_143805,930.0,0.7342899
2844,E08,DR_20221209_143805,931.0,0.699085
2845,E08,DR_20221209_143805,932.0,0.025037553
2846,E08,DR_20221209_143805,933.0,0.12501138
2847,E08,DR_20221209_143805,934.0,0.45365953
2848,E08,DR_20221209_143805,935.0,0.052650608
2849,E08,DR_20221209_143805,936.0,0.07341323
2850,E09,DR_20221209_143805,937.0,1.0003878
2851,E09,DR_20221209_143805,938.0,1.0027053
2852,E09,DR_20221209_143805,939.0,0.98184866
2853,E09,DR_20221209_143805,940.0,1.0567622
2854,E09,DR_20221209_143805,941.0,1.0513028
2855,E09,DR_20221209_143805,942.0,0.99337775
2856,E09,DR_20221209_143805,943.0,0.9600447
2857,E09,DR_20221209_143805,944.0,0.98843586
2858,E09,DR_20221209_143805,945.0,1.0340587
2859,E10,DR_20221209_143805,946.0,0.98413193
2860,E10,DR_20221209_143805,947.0,1.0136724
2861,E10,DR_20221209_143805,948.0,0.9912851
2862,E10,DR_20221209_143805,949.0,1.0085166
2863,E10,DR_20221209_143805,950.0,1.0020696
2864,E10,DR_20221209_143805,951.0,0.9923195
2865,E10,DR_20221209_143805,952.0,0.68008476
2866,E10,DR_20221209_143805,953.0,0.9968272
2867,E10,DR_20221209_143805,954.0,1.0012394
2868,E11,DR_20221209_143805,955.0,0.97800577
2869,E11,DR_20221209_143805,956.0,1.0102696
2870,E11,DR_20221209_143805,957.0,0.9979442
2871,E11,DR_20221209_143805,958.0,1.0056795
2872,E11,DR_20221209_143805,959.0,1.0892985
2873,E11,DR_20221209_143805,960.0,1.01003
2874,E11,DR_20221209_143805,961.0,1.002192
2875,E11,DR_20221209_143805,962.0,0.99409115
2876,E11,DR_20221209_143805,963.0,0.9655468
2877,E12,DR_20221209_143805,964.0,1.0013282
2878,E12,DR_20221209_143805,965.0,1.0034403
2879,E12,DR_20221209_143805,966.0,1.0459372
2880,E12,DR_20221209_143805,967.0,1.0022498
2881,E12,DR_20221209_143805,968.0,1.0651426
2882,E12,DR_20221209_143805,969.0,0.9951022
2883,E12,DR_20221209_143805,970.0,0.9913088
2884,E12,DR_20221209_143805,971.0,1.0390657
2885,E12,DR_20221209_143805,972.0,1.0059799
2886,E13,DR_20221209_143805,973.0,1.0278163
2887,E13,DR_20221209_143805,974.0,1.0140847
2888,E13,DR_20221209_143805,975.0,0.9868177
2889,E13,DR_20221209_143805,976.0,1.0033358
2890,E13,DR_20221209_143805,977.0,1.0398957
2891,E13,DR_20221209_143805,978.0,1.024333
2892,E13,DR_20221209_143805,979.0,0.99975634
2893,E13,DR_20221209_143805,980.0,1.0910245
2894,E13,DR_20221209_143805,981.0,1.0109929
2895,E14,DR_20221209_143805,982.0,0.9706487
2896,E14,DR_20221209_143805,983.0,0.93686354
2897,E14,DR_20221209_143805,984.0,0.24739835
2898,E14,DR_20221209_143805,985.0,0.49324822
2899,E14,DR_20221209_143805,986.0,1.0108091
2900,E14,DR_20221209_143805,987.0,0.99466103
2901,E14,DR_20221209_143805,988.0,1.0239176
2902,E14,DR_20221209_143805,989.0,1.042554
2903,E14,DR_20221209_143805,990.0,0.37202153
2904,E15,DR_20221209_143805,991.0,1.0003799
2905,E15,DR_20221209_143805,992.0,1.0839373
2906,E15,DR_20221209_143805,993.0,0.9856575
2907,E15,DR_20221209_143805,994.0,0.9605111
2908,E15,DR_20221209_143805,995.0,0.9723112
2909,E15,DR_20221209_143805,996.0,1.0657003
2910,E15,DR_20221209_143805,997.0,1.0120654
2911,E15,DR_20221209_143805,998.0,1.0091684
2912,E15,DR_20221209_143805,999.0,0.9890902
2913,E16,DR_20221209_143805,1000.0,1.0004373
2914,E16,DR_20221209_143805,1001.0,1.0074239
2915,E16,DR_20221209_143805,1002.0,0.9468279
2916,E16,DR_20221209_143805,1003.0,0.9540199
2917,E16,DR_20221209_143805,1004.0,1.0058873
2918,E16,DR_20221209_143805,1005.0,0.99260396
2919,E16,DR_20221209_143805,1006.0,0.3619488
2920,E16,DR_20221209_143805,1007.0,0.91528577
2921,E16,DR_20221209_143805,1008.0,1.006342
2922,E17,DR_20221209_143805,1009.0,0.99651575
2923,E17,DR_20221209_143805,1010.0,0.99997187
2924,E17,DR_20221209_143805,1011.0,1.0117555
2925,E17,DR_20221209_143805,1012.0,0.9985717
2926,E17,DR_20221209_143805,1013.0,1.0089048
2927,E17,DR_20221209_143805,1014.0,0.99113256
2928,E17,DR_20221209_143805,1015.0,0.9969379
2929,E17,DR_20221209_143805,1016.0,0.98001224
2930,E17,DR_20221209_143805,1017.0,0.9769416
2931,E18,DR_20221209_143805,1018.0,1.0107076
2932,E18,DR_20221209_143805,1019.0,1.0068209
2933,E18,DR_20221209_143805,1020.0,0.990318
2934,E18,DR_20221209_143805,1021.0,1.0580204
2935,E18,DR_20221209_143805,1022.0,0.9950529
2936,E18,DR_20221209_143805,1023.0,1.0106807
2937,E18,DR_20221209_143805,1024.0,0.9731404
2938,E18,DR_20221209_143805,1025.0,0.9876002
2939,E18,DR_20221209_143805,1026.0,0.99904805
2940,E19,DR_20221209_143805,1027.0,0.99737513
2941,E19,DR_20221209_143805,1028.0,1.0048097
2942,E19,DR_20221209_143805,1029.0,0.9981437
2943,E19,DR_20221209_143805,1030.0,0.9907208
2944,E19,DR_20221209_143805,1031.0,0.99253416
2945,E19,DR_20221209_143805,1032.0,1.0092862
2946,E19,DR_20221209_143805,1033.0,0.9817214
2947,E19,DR_20221209_143805,1034.0,0.99081796
2948,E19,DR_20221209_143805,1035.0,0.9669775
2949,E20,DR_20221209_143805,1036.0,1.0007726
2950,E20,DR_20221209_143805,1037.0,1.0472596
2951,E20,DR_20221209_143805,1038.0,1.0152626
2952,E20,DR_20221209_143805,1039.0,1.0530295
2953,E20,DR_20221209_143805,1040.0,0.99859416
2954,E20,DR_20221209_143805,1041.0,0.99253106
2955,E20,DR_20221209_143805,1042.0,0.99438184
2956,E20,DR_20221209_143805,1043.0,0.99147165
2957,E20,DR_20221209_143805,1044.0,0.9964863
2958,E21,DR_20221209_143805,1045.0,0.98368996
2959,E21,DR_20221209_143805,1046.0,0.97639
2960,E21,DR_20221209_143805,1047.0,0.993095
2961,E21,DR_20221209_143805,1048.0,0.9807408
2962,E21,DR_20221209_143805,1049.0,1.008712
2963,E21,DR_20221209_143805,1050.0,0.99146605
2964,E21,DR_20221209_143805,1051.0,1.0009692
2965,E21,DR_20221209_143805,1052.0,1.0026407
2966,E21,DR_20221209_143805,1053.0,0.98419154
2967,E22,DR_20221209_143805,1054.0,0.78860945
2968,E22,DR_20221209_143805,1055.0,0.7734462
2969,E22,DR_20221209_143805,1056.0,0.59173286
2970,E22,DR_20221209_143805,1057.0,0.9945255
2971,E22,DR_20221209_143805,1058.0,1.0519699
2972,E22,DR_20221209_143805,1059.0,0.99972624
2973,E22,DR_20221209_143805,1060.0,0.9786658
2974,E22,DR_20221209_143805,1061.0,0.9972546
2975,E22,DR_20221209_143805,1062.0,0.9942707
3012,F03,DR_20221209_143805,1099.0,0.31764308
3013,F03,DR_20221209_143805,1100.0,0.30414754
3014,F03,DR_20221209_143805,1101.0,0.7085726
3015,F03,DR_20221209_143805,1102.0,1.0968592
3016,F03,DR_20221209_143805,1103.0,0.14342289
3017,F03,DR_20221209_143805,1104.0,0.5245192
3018,F03,DR_20221209_143805,1105.0,0.80047953
3019,F03,DR_20221209_143805,1106.0,0.24102502
3020,F03,DR_20221209_143805,1107.0,0.109881796
3021,F04,DR_20221209_143805,1108.0,0.025412267
3022,F04,DR_20221209_143805,1109.0,0.04601897
3023,F04,DR_20221209_143805,1110.0,0.0390214
3024,F04,DR_20221209_143805,1111.0,0.055848267
3025,F04,DR_20221209_143805,1112.0,0.09412117
3026,F04,DR_20221209_143805,1113.0,0.095339306
3027,F04,DR_20221209_143805,1114.0,0.72601354
3028,F04,DR_20221209_143805,1115.0,0.023239236
3029,F04,DR_20221209_143805,1116.0,0.04386383
3030,F05,DR_20221209_143805,1117.0,0.02942715
3031,F05,DR_20221209_143805,1118.0,0.06433077
3032,F05,DR_20221209_143805,1119.0,0.045546357
3033,F05,DR_20221209_143805,1120.0,0.059978653
3034,F05,DR_20221209_143805,1121.0,0.19062142
3035,F05,DR_20221209_143805,1122.0,0.16938971
3036,F05,DR_20221209_143805,1123.0,0.50455433
3037,F05,DR_20221209_143805,1124.0,0.07161136
3038,F05,DR_20221209_143805,1125.0,0.038531207
3039,F06,DR_20221209_143805,1126.0,0.30104935
3040,F06,DR_20221209_143805,1127.0,0.23487628
3041,F06,DR_20221209_143805,1128.0,1.0072343
3042,F06,DR_20221209_143805,1129.0,0.010868456
3043,F06,DR_20221209_143805,1130.0,0.10227682
3044,F06,DR_20221209_143805,1131.0,0.088743165
3045,F06,DR_20221209_143805,1132.0,0.058152016
3046,F06,DR_20221209_143805,1133.0,0.025833419
3047,F06,DR_20221209_143805,1134.0,0.096744426
3048,F07,DR_20221209_143805,1135.0,0.3322172
3049,F07,DR_20221209_143805,1136.0,0.29240832
3050,F07,DR_20221209_143805,1137.0,0.052736573
3051,F07,DR_20221209_143805,1138.0,0.6432464
3052,F07,DR_20221209_143805,1139.0,0.286985
3053,F07,DR_20221209_143805,1140.0,0.14373736
3054,F07,DR_20221209_143805,1141.0,0.04319475
3055,F07,DR_20221209_143805,1142.0,0.16782291
3056,F07,DR_20221209_143805,1143.0,0.17111848
3057,F08,DR_20221209_143805,1144.0,0.07752927
3058,F08,DR_20221209_143805,1145.0,0.049438078
3059,F08,DR_20221209_143805,1146.0,-0.017084435
3060,F08,DR_20221209_143805,1147.0,0.6994216
3061,F08,DR_20221209_143805,1148.0,0.8430776
3062,F08,DR_20221209_143805,1149.0,0.1304161
3063,F08,DR_20221209_143805,1150.0,0.63247013
3064,F08,DR_20221209_143805,1151.0,0.06340568
3065,F08,DR_20221209_143805,1152.0,0.11577054
3066,F09,DR_20221209_143805,1153.0,1.0086482
3067,F09,DR_20221209_143805,1154.0,0.999598
3068,F09,DR_20221209_143805,1155.0,1.0312902
3069,F09,DR_20221209_143805,1156.0,1.0345752
3070,F09,DR_20221209_143805,1157.0,1.0735848
3071,F09,DR_20221209_143805,1158.0,1.0000291
3072,F09,DR_20221209_143805,1159.0,0.9737983
3073,F09,DR_20221209_143805,1160.0,1.1056242
3074,F09,DR_20221209_143805,1161.0,1.004766
3075,F10,DR_20221209_143805,1162.0,0.99801254
3076,F10,DR_20221209_143805,1163.0,1.053207
3077,F10,DR_20221209_143805,1164.0,0.97709125
3078,F10,DR_20221209_143805,1165.0,0.9865001
3079,F10,DR_20221209_143805,1166.0,1.0063043
3080,F10,DR_20221209_143805,1167.0,1.0164962
3081,F10,DR_20221209_143805,1168.0,0.99035925
3082,F10,DR_20221209_143805,1169.0,0.98877233
3083,F10,DR_20221209_143805,1170.0,1.0082625
3084,F11,DR_20221209_143805,1171.0,0.9942017
3085,F11,DR_20221209_143805,1172.0,0.99578816
3086,F11,DR_20221209_143805,1173.0,0.9955564
3087,F11,DR_20221209_143805,1174.0,0.9985378
3088,F11,DR_20221209_143805,1175.0,1.0879518
3089,F11,DR_20221209_143805,1176.0,1.0191754
3090,F11,DR_20221209_143805,1177.0,0.9839688
3091,F11,DR_20221209_143805,1178.0,0.93953854
3092,F11,DR_20221209_143805,1179.0,1.0072514
3093,F12,DR_20221209_143805,1180.0,1.0005461
3094,F12,DR_20221209_143805,1181.0,1.006619
3095,F12,DR_20221209_143805,1182.0,0.98235273
3096,F12,DR_20221209_143805,1183.0,1.0417147
3097,F12,DR_20221209_143805,1184.0,1.0451441
3098,F12,DR_20221209_143805,1185.0,0.994078
3099,F12,DR_20221209_143805,1186.0,0.9863845
3100,F12,DR_20221209_143805,1187.0,1.000758
3101,F12,DR_20221209_143805,1188.0,0.99896145
3102,F13,DR_20221209_143805,1189.0,1.0200686
3103,F13,DR_20221209_143805,1190.0,0.9783033
3104,F13,DR_20221209_143805,1191.0,0.7822295
3105,F13,DR_20221209_143805,1192.0,1.0244341
3106,F13,DR_20221209_143805,1193.0,0.9302107
3107,F13,DR_20221209_143805,1194.0,1.0306032
3108,F13,DR_20221209_143805,1195.0,1.0044562
3109,F13,DR_20221209_143805,1196.0,1.0065441
3110,F13,DR_20221209_143805,1197.0,1.0060722
3111,F14,DR_20221209_143805,1198.0,1.0023384
3112,F14,DR_20221209_143805,1199.0,0.99276114
3113,F14,DR_20221209_143805,1200.0,0.9892835
3114,F14,DR_20221209_143805,1201.0,0.5243289
3115,F14,DR_20221209_143805,1202.0,1.0389724
3116,F14,DR_20221209_143805,1203.0,1.0593294
3117,F14,DR_20221209_143805,1204.0,0.9967739
3118,F14,DR_20221209_143805,1205.0,1.0199171
3119,F14,DR_20221209_143805,1206.0,0.8340287
3120,F15,DR_20221209_143805,1207.0,0.99546826
3121,F15,DR_20221209_143805,1208.0,1.0022196
3122,F15,DR_20221209_143805,1209.0,0.9780898
3123,F15,DR_20221209_143805,1210.0,0.99896896
3124,F15,DR_20221209_143805,1211.0,0.95071596
3125,F15,DR_20221209_143805,1212.0,0.988997
3126,F15,DR_20221209_143805,1213.0,1.035265
3127,F15,DR_20221209_143805,1214.0,0.98322326
3128,F15,DR_20221209_143805,1215.0,1.0191094
3129,F16,DR_20221209_143805,1216.0,0.99248284
3130,F16,DR_20221209_143805,1217.0,0.99927187
3131,F16,DR_20221209_143805,1218.0,0.9898569
3132,F16,DR_20221209_143805,1219.0,0.95772165
3133,F16,DR_20221209_143805,1220.0,0.8304914
3134,F16,DR_20221209_143805,1221.0,0.9957088
3135,F16,DR_20221209_143805,1222.0,0.9709929
3136,F16,DR_20221209_143805,1223.0,0.48683402
3137,F16,DR_20221209_143805,1224.0,0.7353966
3138,F17,DR_20221209_143805,1225.0,1.0079439
3139,F17,DR_20221209_143805,1226.0,0.76739013
3140,F17,DR_20221209_143805,1227.0,1.0032783
3141,F17,DR_20221209_143805,1228.0,1.028761
3142,F17,DR_20221209_143805,1229.0,0.9969079
3143,F17,DR_20221209_143805,1230.0,0.99995196
3144,F17,DR_20221209_143805,1231.0,0.9974304
3145,F17,DR_20221209_143805,1232.0,0.98478425
3146,F17,DR_20221209_143805,1233.0,0.9777332
3147,F18,DR_20221209_143805,1234.0,0.9963825
3148,F18,DR_20221209_143805,1235.0,0.9212399
3149,F18,DR_20221209_143805,1236.0,0.96064967
3150,F18,DR_20221209_143805,1237.0,0.927117
3151,F18,DR_20221209_143805,1238.0,1.029819
3152,F18,DR_20221209_143805,1239.0,1.0707064
3153,F18,DR_20221209_143805,1240.0,0.9817784
3154,F18,DR_20221209_143805,1241.0,0.93119955
3155,F18,DR_20221209_143805,1242.0,0.9573598
3156,F19,DR_20221209_143805,1243.0,1.0031881
3157,F19,DR_20221209_143805,1244.0,0.84335417
3158,F19,DR_20221209_143805,1245.0,0.9953357
3159,F19,DR_20221209_143805,1246.0,0.9898899
3160,F19,DR_20221209_143805,1247.0,1.0402646
3161,F19,DR_20221209_143805,1248.0,1.0156916
3162,F19,DR_20221209_143805,1249.0,1.0022846
3163,F19,DR_20221209_143805,1250.0,0.9240774
3164,F19,DR_20221209_143805,1251.0,1.0083193
3165,F20,DR_20221209_143805,1252.0,0.9981269
3166,F20,DR_20221209_143805,1253.0,0.9907448
3167,F20,DR_20221209_143805,1254.0,1.0223244
3168,F20,DR_20221209_143805,1255.0,0.9939073
3169,F20,DR_20221209_143805,1256.0,0.9910057
3170,F20,DR_20221209_143805,1257.0,0.996088
3171,F20,DR_20221209_143805,1258.0,1.0035913
3172,F20,DR_20221209_143805,1259.0,1.0000535
3173,F20,DR_20221209_143805,1260.0,0.9200448
3174,F21,DR_20221209_143805,1261.0,1.0090383
3175,F21,DR_20221209_143805,1262.0,1.0057318
3176,F21,DR_20221209_143805,1263.0,0.92276716
3177,F21,DR_20221209_143805,1264.0,0.9392158
3178,F21,DR_20221209_143805,1265.0,1.0826429
3179,F21,DR_20221209_143805,1266.0,0.9924081
3180,F21,DR_20221209_143805,1267.0,0.9884407
3181,F21,DR_20221209_143805,1268.0,0.99175763
3182,F21,DR_20221209_143805,1269.0,0.9602651
3183,F22,DR_20221209_143805,1270.0,0.9820963
3184,F22,DR_20221209_143805,1271.0,1.030837
3185,F22,DR_20221209_143805,1272.0,1.0133107
3186,F22,DR_20221209_143805,1273.0,1.024434
3187,F22,DR_20221209_143805,1274.0,0.993481
3188,F22,DR_20221209_143805,1275.0,0.9961664
3189,F22,DR_20221209_143805,1276.0,0.98358727
3190,F22,DR_20221209_143805,1277.0,1.0066719
3191,F22,DR_20221209_143805,1278.0,1.0010445
3228,G03,DR_20221209_143805,1315.0,0.9976527
3229,G03,DR_20221209_143805,1316.0,0.99454564
3230,G03,DR_20221209_143805,1317.0,1.0466689
3231,G03,DR_20221209_143805,1318.0,1.0328141
3232,G03,DR_20221209_143805,1319.0,1.0087073
3233,G03,DR_20221209_143805,1320.0,1.009809
3234,G03,DR_20221209_143805,1321.0,0.9983425
3235,G03,DR_20221209_143805,1322.0,0.9515337
3236,G03,DR_20221209_143805,1323.0,1.0294502
3237,G04,DR_20221209_143805,1324.0,0.9938761
3238,G04,DR_20221209_143805,1325.0,0.9991424
3239,G04,DR_20221209_143805,1326.0,1.0509053
3240,G04,DR_20221209_143805,1327.0,0.9930505
3241,G04,DR_20221209_143805,1328.0,1.04755
3242,G04,DR_20221209_143805,1329.0,1.0130193
3243,G04,DR_20221209_143805,1330.0,0.9855395
3244,G04,DR_20221209_143805,1331.0,1.0174838
3245,G04,DR_20221209_143805,1332.0,1.0350775
3246,G05,DR_20221209_143805,1333.0,1.0004039
3247,G05,DR_20221209_143805,1334.0,0.9921677
3248,G05,DR_20221209_143805,1335.0,1.0069113
3249,G05,DR_20221209_143805,1336.0,1.0041488
3250,G05,DR_20221209_143805,1337.0,0.99893206
3251,G05,DR_20221209_143805,1338.0,0.9990902
3252,G05,DR_20221209_143805,1339.0,0.99268836
3253,G05,DR_20221209_143805,1340.0,1.02726
3254,G05,DR_20221209_143805,1341.0,0.9937645
3255,G06,DR_20221209_143805,1342.0,1.0208689
3256,G06,DR_20221209_143805,1343.0,1.0059489
3257,G06,DR_20221209_143805,1344.0,0.8578116
3258,G06,DR_20221209_143805,1345.0,1.0369229
3259,G06,DR_20221209_143805,1346.0,1.0014191
3260,G06,DR_20221209_143805,1347.0,1.0133226
3261,G06,DR_20221209_143805,1348.0,0.99840176
3262,G06,DR_20221209_143805,1349.0,0.9921052
3263,G06,DR_20221209_143805,1350.0,0.99962515
3264,G07,DR_20221209_143805,1351.0,1.0053905
3265,G07,DR_20221209_143805,1352.0,1.0405375
3266,G07,DR_20221209_143805,1353.0,0.98847306
3267,G07,DR_20221209_143805,1354.0,0.9766252
3268,G07,DR_20221209_143805,1355.0,1.0101682
3269,G07,DR_20221209_143805,1356.0,1.0046389
3270,G07,DR_20221209_143805,1357.0,1.0006815
3271,G07,DR_20221209_143805,1358.0,0.99075323
3272,G07,DR_20221209_143805,1359.0,0.99901736
3273,G08,DR_20221209_143805,1360.0,0.9959035
3274,G08,DR_20221209_143805,1361.0,1.0442276
3275,G08,DR_20221209_143805,1362.0,0.9877969
3276,G08,DR_20221209_143805,1363.0,0.93759346
3277,G08,DR_20221209_143805,1364.0,1.013399
3278,G08,DR_20221209_143805,1365.0,0.9950663
3279,G08,DR_20221209_143805,1366.0,0.9982864
3280,G08,DR_20221209_143805,1367.0,0.99700224
3281,G08,DR_20221209_143805,1368.0,0.9922092
3282,G09,DR_20221209_143805,1369.0,0.99273914
3283,G09,DR_20221209_143805,1370.0,0.9903331
3284,G09,DR_20221209_143805,1371.0,0.99213296
3285,G09,DR_20221209_143805,1372.0,0.97280115
3286,G09,DR_20221209_143805,1373.0,0.9836568
3287,G09,DR_20221209_143805,1374.0,1.0108083
3288,G09,DR_20221209_143805,1375.0,1.018488
3289,G09,DR_20221209_143805,1376.0,0.92488664
3290,G09,DR_20221209_143805,1377.0,0.99804246
3291,G10,DR_20221209_143805,1378.0,0.9850004
3292,G10,DR_20221209_143805,1379.0,0.98617756
3293,G10,DR_20221209_143805,1380.0,1.0073667
3294,G10,DR_20221209_143805,1381.0,1.0098906
3295,G10,DR_20221209_143805,1382.0,1.0092432
3296,G10,DR_20221209_143805,1383.0,0.99095976
3297,G10,DR_20221209_143805,1384.0,1.0673816
3298,G10,DR_20221209_143805,1385.0,0.9775774
3299,G10,DR_20221209_143805,1386.0,0.8205351
3300,G11,DR_20221209_143805,1387.0,1.003628
3301,G11,DR_20221209_143805,1388.0,1.0508282
3302,G11,DR_20221209_143805,1389.0,1.0024858
3303,G11,DR_20221209_143805,1390.0,0.99667364
3304,G11,DR_20221209_143805,1391.0,1.0134337
3305,G11,DR_20221209_143805,1392.0,1.0051969
3306,G11,DR_20221209_143805,1393.0,1.0004456
3307,G11,DR_20221209_143805,1394.0,0.54234266
3308,G11,DR_20221209_143805,1395.0,0.9886142
3309,G12,DR_20221209_143805,1396.0,1.014893
3310,G12,DR_20221209_143805,1397.0,1.0361097
3311,G12,DR_20221209_143805,1398.0,0.9996299
3312,G12,DR_20221209_143805,1399.0,1.0112104
3313,G12,DR_20221209_143805,1400.0,1.022154
3314,G12,DR_20221209_143805,1401.0,1.0116441
3315,G12,DR_20221209_143805,1402.0,1.0186663
3316,G12,DR_20221209_143805,1403.0,1.0001041
3317,G12,DR_20221209_143805,1404.0,1.0079014
3318,G13,DR_20221209_143805,1405.0,0.99329025
3319,G13,DR_20221209_143805,1406.0,1.017806
3320,G13,DR_20221209_143805,1407.0,1.0099097
3321,G13,DR_20221209_143805,1408.0,0.54498583
3322,G13,DR_20221209_143805,1409.0,1.1094964
3323,G13,DR_20221209_143805,1410.0,1.0359362
3324,G13,DR_20221209_143805,1411.0,0.99944085
3325,G13,DR_20221209_143805,1412.0,0.93260485
3326,G13,DR_20221209_143805,1413.0,0.9913972
3327,G14,DR_20221209_143805,1414.0,0.9774417
3328,G14,DR_20221209_143805,1415.0,0.99582136
3329,G14,DR_20221209_143805,1416.0,0.9977498
3330,G14,DR_20221209_143805,1417.0,0.39367548
3331,G14,DR_20221209_143805,1418.0,1.0350771
3332,G14,DR_20221209_143805,1419.0,1.0090479
3333,G14,DR_20221209_143805,1420.0,0.99019533
3334,G14,DR_20221209_143805,1421.0,0.9962872
3335,G14,DR_20221209_143805,1422.0,0.99999523
3336,G15,DR_20221209_143805,1423.0,1.0013022
3337,G15,DR_20221209_143805,1424.0,0.84639597
3338,G15,DR_20221209_143805,1425.0,0.42279363
3339,G15,DR_20221209_143805,1426.0,0.9025416
3340,G15,DR_20221209_143805,1427.0,1.0301516
3341,G15,DR_20221209_143805,1428.0,0.75258833
3342,G15,DR_20221209_143805,1429.0,0.8112461
3343,G15,DR_20221209_143805,1430.0,0.99951965
3344,G15,DR_20221209_143805,1431.0,1.0842283
3345,G16,DR_20221209_143805,1432.0,0.9731342
3346,G16,DR_20221209_143805,1433.0,1.0023357
3347,G16,DR_20221209_143805,1434.0,1.0484126
3348,G16,DR_20221209_143805,1435.0,1.0408417
3349,G16,DR_20221209_143805,1436.0,1.086237
3350,G16,DR_20221209_143805,1437.0,1.0118636
3351,G16,DR_20221209_143805,1438.0,0.85429907
3352,G16,DR_20221209_143805,1439.0,0.9521806
3353,G16,DR_20221209_143805,1440.0,0.9984976
3354,G17,DR_20221209_143805,1441.0,0.9506932
3355,G17,DR_20221209_143805,1442.0,1.0444194
3356,G17,DR_20221209_143805,1443.0,0.03265612
3357,G17,DR_20221209_143805,1444.0,0.9882092
3358,G17,DR_20221209_143805,1445.0,1.0119544
3359,G17,DR_20221209_143805,1446.0,0.9636566
3360,G17,DR_20221209_143805,1447.0,1.0044802
3361,G17,DR_20221209_143805,1448.0,0.97621596
3362,G17,DR_20221209_143805,1449.0,0.9961441
3363,G18,DR_20221209_143805,1450.0,0.83537936
3364,G18,DR_20221209_143805,1451.0,1.0067301
3365,G18,DR_20221209_143805,1452.0,1.0569495
3366,G18,DR_20221209_143805,1453.0,0.85974085
3367,G18,DR_20221209_143805,1454.0,1.0983081
3368,G18,DR_20221209_143805,1455.0,1.0126094
3369,G18,DR_20221209_143805,1456.0,1.0173504
3370,G18,DR_20221209_143805,1457.0,1.0209136
3371,G18,DR_20221209_143805,1458.0,1.0156078
3372,G19,DR_20221209_143805,1459.0,0.9827145
3373,G19,DR_20221209_143805,1460.0,0.9838649
3374,G19,DR_20221209_143805,1461.0,0.038703352
3375,G19,DR_20221209_143805,1462.0,0.98897594
3376,G19,DR_20221209_143805,1463.0,1.035385
3377,G19,DR_20221209_143805,1464.0,1.0009185
3378,G19,DR_20221209_143805,1465.0,1.007827
3379,G19,DR_20221209_143805,1466.0,0.9774803
3380,G19,DR_20221209_143805,1467.0,0.9998509
3381,G20,DR_20221209_143805,1468.0,1.0000662
3382,G20,DR_20221209_143805,1469.0,0.99704486
3383,G20,DR_20221209_143805,1470.0,1.0049638
3384,G20,DR_20221209_143805,1471.0,0.991413
3385,G20,DR_20221209_143805,1472.0,0.99402976
3386,G20,DR_20221209_143805,1473.0,1.0162158
3387,G20,DR_20221209_143805,1474.0,1.0058968
3388,G20,DR_20221209_143805,1475.0,0.98979104
3389,G20,DR_20221209_143805,1476.0,1.0074743
3390,G21,DR_20221209_143805,1477.0,0.988071
3391,G21,DR_20221209_143805,1478.0,0.9707108
3392,G21,DR_20221209_143805,1479.0,1.0630777
3393,G21,DR_20221209_143805,1480.0,1.0265828
3394,G21,DR_20221209_143805,1481.0,0.99988437
3395,G21,DR_20221209_143805,1482.0,0.9846744
3396,G21,DR_20221209_143805,1483.0,1.0392315
3397,G21,DR_20221209_143805,1484.0,0.9994266
3398,G21,DR_20221209_143805,1485.0,0.99868065
3399,G22,DR_20221209_143805,1486.0,0.9975923
3400,G22,DR_20221209_143805,1487.0,0.9958113
3401,G22,DR_20221209_143805,1488.0,0.98157644
3402,G22,DR_20221209_143805,1489.0,1.0297374
3403,G22,DR_20221209_143805,1490.0,1.0738139
3404,G22,DR_20221209_143805,1491.0,0.9853609
3405,G22,DR_20221209_143805,1492.0,0.99291843
3406,G22,DR_20221209_143805,1493.0,0.9881647
3407,G22,DR_20221209_143805,1494.0,0.99841446
3444,H03,DR_20221209_143805,1531.0,0.9996008
3445,H03,DR_20221209_143805,1532.0,1.0082873
3446,H03,DR_20221209_143805,1533.0,0.9963301
3447,H03,DR_20221209_143805,1534.0,0.99706525
3448,H03,DR_20221209_143805,1535.0,1.000418
3449,H03,DR_20221209_143805,1536.0,0.99637955
3450,H03,DR_20221209_143805,1537.0,0.9999303
3451,H03,DR_20221209_143805,1538.0,1.0914621
3452,H03,DR_20221209_143805,1539.0,1.0025183
3453,H04,DR_20221209_143805,1540.0,0.9975484
3454,H04,DR_20221209_143805,1541.0,0.99830073
3455,H04,DR_20221209_143805,1542.0,1.0404606
3456,H04,DR_20221209_143805,1543.0,0.99557847
3457,H04,DR_20221209_143805,1544.0,1.0020974
3458,H04,DR_20221209_143805,1545.0,1.0343869
3459,H04,DR_20221209_143805,1546.0,1.0002872
3460,H04,DR_20221209_143805,1547.0,0.9984043
3461,H04,DR_20221209_143805,1548.0,0.97861844
3462,H05,DR_20221209_143805,1549.0,0.96979
3463,H05,DR_20221209_143805,1550.0,0.99808073
3464,H05,DR_20221209_143805,1551.0,0.980581
3465,H05,DR_20221209_143805,1552.0,1.056203
3466,H05,DR_20221209_143805,1553.0,0.99282604
3467,H05,DR_20221209_143805,1554.0,1.0065792
3468,H05,DR_20221209_143805,1555.0,1.0044138
3469,H05,DR_20221209_143805,1556.0,1.0183452
3470,H05,DR_20221209_143805,1557.0,0.9966295
3471,H06,DR_20221209_143805,1558.0,0.9966842
3472,H06,DR_20221209_143805,1559.0,1.0028309
3473,H06,DR_20221209_143805,1560.0,0.9949414
3474,H06,DR_20221209_143805,1561.0,0.88763285
3475,H06,DR_20221209_143805,1562.0,0.99822533
3476,H06,DR_20221209_143805,1563.0,0.9893578
3477,H06,DR_20221209_143805,1564.0,1.0004897
3478,H06,DR_20221209_143805,1565.0,0.9999535
3479,H06,DR_20221209_143805,1566.0,0.99559563
3480,H07,DR_20221209_143805,1567.0,1.0107436
3481,H07,DR_20221209_143805,1568.0,1.009107
3482,H07,DR_20221209_143805,1569.0,1.0063585
3483,H07,DR_20221209_143805,1570.0,0.9853434
3484,H07,DR_20221209_143805,1571.0,0.9913272
3485,H07,DR_20221209_143805,1572.0,1.0020162
3486,H07,DR_20221209_143805,1573.0,0.99426365
3487,H07,DR_20221209_143805,1574.0,1.0457335
3488,H07,DR_20221209_143805,1575.0,1.0082858
3489,H08,DR_20221209_143805,1576.0,0.9940332
3490,H08,DR_20221209_143805,1577.0,1.0373133
3491,H08,DR_20221209_143805,1578.0,0.9944427
3492,H08,DR_20221209_143805,1579.0,1.0219533
3493,H08,DR_20221209_143805,1580.0,1.0032494
3494,H08,DR_20221209_143805,1581.0,1.0139484
3495,H08,DR_20221209_143805,1582.0,0.9917797
3496,H08,DR_20221209_143805,1583.0,0.99424845
3497,H08,DR_20221209_143805,1584.0,1.0483916
3498,H09,DR_20221209_143805,1585.0,0.98579776
3499,H09,DR_20221209_143805,1586.0,0.99385136
3500,H09,DR_20221209_143805,1587.0,0.993181
3501,H09,DR_20221209_143805,1588.0,0.9954582
3502,H09,DR_20221209_143805,1589.0,1.0611285
3503,H09,DR_20221209_143805,1590.0,1.111658
3504,H09,DR_20221209_143805,1591.0,0.99274254
3505,H09,DR_20221209_143805,1592.0,1.0434419
3506,H09,DR_20221209_143805,1593.0,1.003549
3507,H10,DR_20221209_143805,1594.0,1.0028737
3508,H10,DR_20221209_143805,1595.0,1.0450559
3509,H10,DR_20221209_143805,1596.0,1.0683545
3510,H10,DR_20221209_143805,1597.0,0.9970679
3511,H10,DR_20221209_143805,1598.0,1.0103382
3512,H10,DR_20221209_143805,1599.0,1.0111217
3513,H10,DR_20221209_143805,1600.0,0.9945458
3514,H10,DR_20221209_143805,1601.0,0.99187654
3515,H10,DR_20221209_143805,1602.0,1.0006018
3516,H11,DR_20221209_143805,1603.0,1.0029032
3517,H11,DR_20221209_143805,1604.0,1.0153903
3518,H11,DR_20221209_143805,1605.0,0.98425853
3519,H11,DR_20221209_143805,1606.0,1.0000055
3520,H11,DR_20221209_143805,1607.0,1.1180946
3521,H11,DR_20221209_143805,1608.0,0.9917401
3522,H11,DR_20221209_143805,1609.0,1.0030564
3523,H11,DR_20221209_143805,1610.0,0.99939245
3524,H11,DR_20221209_143805,1611.0,0.98372203
3525,H12,DR_20221209_143805,1612.0,1.0464722
3526,H12,DR_20221209_143805,1613.0,0.9976801
3527,H12,DR_20221209_143805,1614.0,0.976927
3528,H12,DR_20221209_143805,1615.0,1.0040383
3529,H12,DR_20221209_143805,1616.0,1.0269785
3530,H12,DR_20221209_143805,1617.0,0.99646807
3531,H12,DR_20221209_143805,1618.0,0.99365526
3532,H12,DR_20221209_143805,1619.0,1.0566376
3533,H12,DR_20221209_143805,1620.0,0.9975667
3534,H13,DR_20221209_143805,1621.0,0.98484045
3535,H13,DR_20221209_143805,1622.0,1.0981437
3536,H13,DR_20221209_143805,1623.0,0.9987067
3537,H13,DR_20221209_143805,1624.0,1.0996038
3538,H13,DR_20221209_143805,1625.0,1.1048857
3539,H13,DR_20221209_143805,1626.0,1.0632029
3540,H13,DR_20221209_143805,1627.0,0.9871984
3541,H13,DR_20221209_143805,1628.0,1.0043715
3542,H13,DR_20221209_143805,1629.0,0.99607515
3543,H14,DR_20221209_143805,1630.0,0.9465693
3544,H14,DR_20221209_143805,1631.0,0.9914567
3545,H14,DR_20221209_143805,1632.0,1.0446477
3546,H14,DR_20221209_143805,1633.0,0.992608
3547,H14,DR_20221209_143805,1634.0,1.0311978
3548,H14,DR_20221209_143805,1635.0,1.0010908
3549,H14,DR_20221209_143805,1636.0,0.99754024
3550,H14,DR_20221209_143805,1637.0,0.5380097
3551,H14,DR_20221209_143805,1638.0,0.9946039
3552,H15,DR_20221209_143805,1639.0,1.0015764
3553,H15,DR_20221209_143805,1640.0,1.0029888
3554,H15,DR_20221209_143805,1641.0,0.9949952
3555,H15,DR_20221209_143805,1642.0,0.98621076
3556,H15,DR_20221209_143805,1643.0,1.0902233
3557,H15,DR_20221209_143805,1644.0,0.86015993
3558,H15,DR_20221209_143805,1645.0,1.0054054
3559,H15,DR_20221209_143805,1646.0,0.91874194
3560,H15,DR_20221209_143805,1647.0,0.98562175
3561,H16,DR_20221209_143805,1648.0,0.97594786
3562,H16,DR_20221209_143805,1649.0,1.0204417
3563,H16,DR_20221209_143805,1650.0,0.9755144
3564,H16,DR_20221209_143805,1651.0,1.0589828
3565,H16,DR_20221209_143805,1652.0,1.1323649
3566,H16,DR_20221209_143805,1653.0,0.9926045
3567,H16,DR_20221209_143805,1654.0,0.9906782
3568,H16,DR_20221209_143805,1655.0,0.9334338
3569,H16,DR_20221209_143805,1656.0,1.026743
3570,H17,DR_20221209_143805,1657.0,0.98588777
3571,H17,DR_20221209_143805,1658.0,0.9959481
3572,H17,DR_20221209_143805,1659.0,0.98931223
3573,H17,DR_20221209_143805,1660.0,1.0066779
3574,H17,DR_20221209_143805,1661.0,1.1020488
3575,H17,DR_20221209_143805,1662.0,0.99364245
3576,H17,DR_20221209_143805,1663.0,0.9914701
3577,H17,DR_20221209_143805,1664.0,0.99149376
3578,H17,DR_20221209_143805,1665.0,0.9837076
3579,H18,DR_20221209_143805,1666.0,1.0020437
3580,H18,DR_20221209_143805,1667.0,0.95477986
3581,H18,DR_20221209_143805,1668.0,0.9185149
3582,H18,DR_20221209_143805,1669.0,1.0016105
3583,H18,DR_20221209_143805,1670.0,0.98517334
3584,H18,DR_20221209_143805,1671.0,0.99883604
3585,H18,DR_20221209_143805,1672.0,0.97271097
3586,H18,DR_20221209_143805,1673.0,0.99269724
3587,H18,DR_20221209_143805,1674.0,0.9830804
3588,H19,DR_20221209_143805,1675.0,0.99654263
3589,H19,DR_20221209_143805,1676.0,1.0043743
3590,H19,DR_20221209_143805,1677.0,0.9935687
3591,H19,DR_20221209_143805,1678.0,0.9885018
3592,H19,DR_20221209_143805,1679.0,1.0163697
3593,H19,DR_20221209_143805,1680.0,0.9995645
3594,H19,DR_20221209_143805,1681.0,0.994566
3595,H19,DR_20221209_143805,1682.0,1.0033511
3596,H19,DR_20221209_143805,1683.0,0.9878048
3597,H20,DR_20221209_143805,1684.0,1.0545545
3598,H20,DR_20221209_143805,1685.0,1.0083
3599,H20,DR_20221209_143805,1686.0,1.0095983
3600,H20,DR_20221209_143805,1687.0,1.02668
3601,H20,DR_20221209_143805,1688.0,0.9916649
3602,H20,DR_20221209_143805,1689.0,0.99560493
3603,H20,DR_20221209_143805,1690.0,0.97726697
3604,H20,DR_20221209_143805,1691.0,0.99487257
3605,H20,DR_20221209_143805,1692.0,1.0043262
3606,H21,DR_20221209_143805,1693.0,1.0003903
3607,H21,DR_20221209_143805,1694.0,0.8539425
3608,H21,DR_20221209_143805,1695.0,1.0035129
3609,H21,DR_20221209_143805,1696.0,0.98212063
3610,H21,DR_20221209_143805,1697.0,1.0525119
3611,H21,DR_20221209_143805,1698.0,0.9914319
3612,H21,DR_20221209_143805,1699.0,0.9919967
3613,H21,DR_20221209_143805,1700.0,1.0080278
3614,H21,DR_20221209_143805,1701.0,0.97150475
3615,H22,DR_20221209_143805,1702.0,0.9840394
3616,H22,DR_20221209_143805,1703.0,1.0361346
3617,H22,DR_20221209_143805,1704.0,1.0021243
3618,H22,DR_20221209_143805,1705.0,1.0061673
3619,H22,DR_20221209_143805,1706.0,1.0053232
3620,H22,DR_20221209_143805,1707.0,0.9842037
3621,H22,DR_20221209_143805,1708.0,0.99731195
3622,H22,DR_20221209_143805,1709.0,1.0039959
3623,H22,DR_20221209_143805,1710.0,1.0011566
3660,I03,DR_20221209_143805,1747.0,1.0006319
3661,I03,DR_20221209_143805,1748.0,1.0053816
3662,I03,DR_20221209_143805,1749.0,1.010581
3663,I03,DR_20221209_143805,1750.0,1.0013721
3664,I03,DR_20221209_143805,1751.0,1.0376636
3665,I03,DR_20221209_143805,1752.0,1.0057961
3666,I03,DR_20221209_143805,1753.0,1.0040628
3667,I03,DR_20221209_143805,1754.0,1.0116439
3668,I03,DR_20221209_143805,1755.0,1.023416
3669,I04,DR_20221209_143805,1756.0,0.99519205
3670,I04,DR_20221209_143805,1757.0,1.002282
3671,I04,DR_20221209_143805,1758.0,1.0299994
3672,I04,DR_20221209_143805,1759.0,0.9862367
3673,I04,DR_20221209_143805,1760.0,1.0070676
3674,I04,DR_20221209_143805,1761.0,0.9983754
3675,I04,DR_20221209_143805,1762.0,0.99941546
3676,I04,DR_20221209_143805,1763.0,0.9986616
3677,I04,DR_20221209_143805,1764.0,0.9587069
3678,I05,DR_20221209_143805,1765.0,0.99864733
3679,I05,DR_20221209_143805,1766.0,1.0006382
3680,I05,DR_20221209_143805,1767.0,0.999806
3681,I05,DR_20221209_143805,1768.0,1.1070298
3682,I05,DR_20221209_143805,1769.0,1.0426104
3683,I05,DR_20221209_143805,1770.0,1.000822
3684,I05,DR_20221209_143805,1771.0,1.000458
3685,I05,DR_20221209_143805,1772.0,1.0024616
3686,I05,DR_20221209_143805,1773.0,1.0165242
3687,I06,DR_20221209_143805,1774.0,1.0128165
3688,I06,DR_20221209_143805,1775.0,0.9977741
3689,I06,DR_20221209_143805,1776.0,0.9986764
3690,I06,DR_20221209_143805,1777.0,0.9992166
3691,I06,DR_20221209_143805,1778.0,1.0042965
3692,I06,DR_20221209_143805,1779.0,1.0111161
3693,I06,DR_20221209_143805,1780.0,1.003696
3694,I06,DR_20221209_143805,1781.0,0.9889182
3695,I06,DR_20221209_143805,1782.0,0.9850346
3696,I07,DR_20221209_143805,1783.0,0.99890274
3697,I07,DR_20221209_143805,1784.0,1.0422584
3698,I07,DR_20221209_143805,1785.0,0.9999492
3699,I07,DR_20221209_143805,1786.0,1.0572673
3700,I07,DR_20221209_143805,1787.0,0.9703836
3701,I07,DR_20221209_143805,1788.0,0.99863315
3702,I07,DR_20221209_143805,1789.0,0.99503267
3703,I07,DR_20221209_143805,1790.0,1.0081823
3704,I07,DR_20221209_143805,1791.0,0.9885537
3705,I08,DR_20221209_143805,1792.0,1.0021844
3706,I08,DR_20221209_143805,1793.0,1.0631117
3707,I08,DR_20221209_143805,1794.0,0.9866716
3708,I08,DR_20221209_143805,1795.0,1.0512239
3709,I08,DR_20221209_143805,1796.0,1.0030118
3710,I08,DR_20221209_143805,1797.0,0.98940164
3711,I08,DR_20221209_143805,1798.0,1.0118446
3712,I08,DR_20221209_143805,1799.0,0.998431
3713,I08,DR_20221209_143805,1800.0,0.99893254
3714,I09,DR_20221209_143805,1801.0,1.0015962
3715,I09,DR_20221209_143805,1802.0,1.0441478
3716,I09,DR_20221209_143805,1803.0,0.9838809
3717,I09,DR_20221209_143805,1804.0,1.0659529
3718,I09,DR_20221209_143805,1805.0,1.0573899
3719,I09,DR_20221209_143805,1806.0,0.9187485
3720,I09,DR_20221209_143805,1807.0,1.0121735
3721,I09,DR_20221209_143805,1808.0,0.51328003
3722,I09,DR_20221209_143805,1809.0,1.0188446
3723,I10,DR_20221209_143805,1810.0,1.0430394
3724,I10,DR_20221209_143805,1811.0,0.97978854
3725,I10,DR_20221209_143805,1812.0,1.06698
3726,I10,DR_20221209_143805,1813.0,0.57105696
3727,I10,DR_20221209_143805,1814.0,1.0557629
3728,I10,DR_20221209_143805,1815.0,1.0043515
3729,I10,DR_20221209_143805,1816.0,0.99481463
3730,I10,DR_20221209_143805,1817.0,1.0191607
3731,I10,DR_20221209_143805,1818.0,0.9979098
3732,I11,DR_20221209_143805,1819.0,1.02462
3733,I11,DR_20221209_143805,1820.0,1.0982549
3734,I11,DR_20221209_143805,1821.0,1.0232424
3735,I11,DR_20221209_143805,1822.0,1.0592598
3736,I11,DR_20221209_143805,1823.0,1.0350899
3737,I11,DR_20221209_143805,1824.0,0.9920804
3738,I11,DR_20221209_143805,1825.0,0.9965181
3739,I11,DR_20221209_143805,1826.0,1.0627971
3740,I11,DR_20221209_143805,1827.0,0.97291714
3741,I12,DR_20221209_143805,1828.0,1.0039921
3742,I12,DR_20221209_143805,1829.0,0.99573225
3743,I12,DR_20221209_143805,1830.0,1.02968
3744,I12,DR_20221209_143805,1831.0,0.977481
3745,I12,DR_20221209_143805,1832.0,1.1164929
3746,I12,DR_20221209_143805,1833.0,1.012781
3747,I12,DR_20221209_143805,1834.0,1.0532004
3748,I12,DR_20221209_143805,1835.0,0.92195916
3749,I12,DR_20221209_143805,1836.0,0.9731559
3750,I13,DR_20221209_143805,1837.0,1.0304658
3751,I13,DR_20221209_143805,1838.0,1.0079825
3752,I13,DR_20221209_143805,1839.0,1.0151645
3753,I13,DR_20221209_143805,1840.0,0.5721962
3754,I13,DR_20221209_143805,1841.0,1.1235517
3755,I13,DR_20221209_143805,1842.0,1.0570991
3756,I13,DR_20221209_143805,1843.0,0.990437
3757,I13,DR_20221209_143805,1844.0,0.51350904
3758,I13,DR_20221209_143805,1845.0,0.9824228
3759,I14,DR_20221209_143805,1846.0,1.0085177
3760,I14,DR_20221209_143805,1847.0,0.995723
3761,I14,DR_20221209_143805,1848.0,0.9763299
3762,I14,DR_20221209_143805,1849.0,0.38730353
3763,I14,DR_20221209_143805,1850.0,1.0365274
3764,I14,DR_20221209_143805,1851.0,1.0034763
3765,I14,DR_20221209_143805,1852.0,0.98075813
3766,I14,DR_20221209_143805,1853.0,1.049407
3767,I14,DR_20221209_143805,1854.0,1.0021703
3768,I15,DR_20221209_143805,1855.0,1.0094593
3769,I15,DR_20221209_143805,1856.0,1.001254
3770,I15,DR_20221209_143805,1857.0,0.9649606
3771,I15,DR_20221209_143805,1858.0,0.96664894
3772,I15,DR_20221209_143805,1859.0,1.1069887
3773,I15,DR_20221209_143805,1860.0,1.0019361
3774,I15,DR_20221209_143805,1861.0,0.979672
3775,I15,DR_20221209_143805,1862.0,1.0902897
3776,I15,DR_20221209_143805,1863.0,1.040364
3777,I16,DR_20221209_143805,1864.0,0.98930657
3778,I16,DR_20221209_143805,1865.0,0.99316025
3779,I16,DR_20221209_143805,1866.0,0.9977229
3780,I16,DR_20221209_143805,1867.0,0.9797583
3781,I16,DR_20221209_143805,1868.0,0.96746176
3782,I16,DR_20221209_143805,1869.0,0.99944156
3783,I16,DR_20221209_143805,1870.0,0.37163758
3784,I16,DR_20221209_143805,1871.0,0.9285459
3785,I16,DR_20221209_143805,1872.0,1.0096569
3786,I17,DR_20221209_143805,1873.0,1.0066172
3787,I17,DR_20221209_143805,1874.0,0.98800987
3788,I17,DR_20221209_143805,1875.0,0.9536574
3789,I17,DR_20221209_143805,1876.0,0.99914277
3790,I17,DR_20221209_143805,1877.0,1.0343841
3791,I17,DR_20221209_143805,1878.0,1.0099434
3792,I17,DR_20221209_143805,1879.0,0.9934357
3793,I17,DR_20221209_143805,1880.0,0.99869823
3794,I17,DR_20221209_143805,1881.0,0.9995068
3795,I18,DR_20221209_143805,1882.0,1.029736
3796,I18,DR_20221209_143805,1883.0,0.9915553
3797,I18,DR_20221209_143805,1884.0,0.9774957
3798,I18,DR_20221209_143805,1885.0,0.9947891
3799,I18,DR_20221209_143805,1886.0,1.0728474
3800,I18,DR_20221209_143805,1887.0,0.99542254
3801,I18,DR_20221209_143805,1888.0,0.99974
3802,I18,DR_20221209_143805,1889.0,0.98882484
3803,I18,DR_20221209_143805,1890.0,1.0007788
3804,I19,DR_20221209_143805,1891.0,1.0023794
3805,I19,DR_20221209_143805,1892.0,1.0159702
3806,I19,DR_20221209_143805,1893.0,1.064783
3807,I19,DR_20221209_143805,1894.0,1.000234
3808,I19,DR_20221209_143805,1895.0,1.0178971
3809,I19,DR_20221209_143805,1896.0,0.99182665
3810,I19,DR_20221209_143805,1897.0,0.99760693
3811,I19,DR_20221209_143805,1898.0,0.9462393
3812,I19,DR_20221209_143805,1899.0,1.0022026
3813,I20,DR_20221209_143805,1900.0,0.9924368
3814,I20,DR_20221209_143805,1901.0,1.0170578
3815,I20,DR_20221209_143805,1902.0,0.9990189
3816,I20,DR_20221209_143805,1903.0,0.9917116
3817,I20,DR_20221209_143805,1904.0,0.99868745
3818,I20,DR_20221209_143805,1905.0,0.99650705
3819,I20,DR_20221209_143805,1906.0,1.002867
3820,I20,DR_20221209_143805,1907.0,1.0099733
3821,I20,DR_20221209_143805,1908.0,1.0056049
3822,I21,DR_20221209_143805,1909.0,1.0554842
3823,I21,DR_20221209_143805,1910.0,1.0202916
3824,I21,DR_20221209_143805,1911.0,1.0049156
3825,I21,DR_20221209_143805,1912.0,0.9955754
3826,I21,DR_20221209_143805,1913.0,1.0089227
3827,I21,DR_20221209_143805,1914.0,0.9806244
3828,I21,DR_20221209_143805,1915.0,0.9915334
3829,I21,DR_20221209_143805,1916.0,1.0012441
3830,I21,DR_20221209_143805,1917.0,0.97014946
3831,I22,DR_20221209_143805,1918.0,0.8236763
3832,I22,DR_20221209_143805,1919.0,0.9846714
3833,I22,DR_20221209_143805,1920.0,0.8554
3834,I22,DR_20221209_143805,1921.0,1.001667
3835,I22,DR_20221209_143805,1922.0,1.1116918
3836,I22,DR_20221209_143805,1923.0,1.0192521
3837,I22,DR_20221209_143805,1924.0,0.99187523
3838,I22,DR_20221209_143805,1925.0,0.989319
3839,I22,DR_20221209_143805,1926.0,1.0024421
3876,J03,DR_20221209_143805,1963.0,0.81385595
3877,J03,DR_20221209_143805,1964.0,1.0090201
3878,J03,DR_20221209_143805,1965.0,0.6202587
3879,J03,DR_20221209_143805,1966.0,0.9380167
3880,J03,DR_20221209_143805,1967.0,0.17478736
3881,J03,DR_20221209_143805,1968.0,0.5415962
3882,J03,DR_20221209_143805,1969.0,0.07340599
3883,J03,DR_20221209_143805,1970.0,0.9535842
3884,J04,DR_20221209_143805,1971.0,1.0366933
3885,J04,DR_20221209_143805,1972.0,1.0675511
3886,J04,DR_20221209_143805,1973.0,1.0294081
3887,J04,DR_20221209_143805,1974.0,1.0315906
3888,J04,DR_20221209_143805,1975.0,1.0242981
3889,J04,DR_20221209_143805,1976.0,1.0149301
3890,J04,DR_20221209_143805,1977.0,1.0070608
3891,J04,DR_20221209_143805,1978.0,0.9998908
3892,J04,DR_20221209_143805,1979.0,1.0585973
3893,J05,DR_20221209_143805,1980.0,0.9972393
3894,J05,DR_20221209_143805,1981.0,1.0278076
3895,J05,DR_20221209_143805,1982.0,1.0089899
3896,J05,DR_20221209_143805,1983.0,1.0035203
3897,J05,DR_20221209_143805,1984.0,0.9939489
3898,J05,DR_20221209_143805,1985.0,0.98951715
3899,J05,DR_20221209_143805,1986.0,1.0034266
3900,J05,DR_20221209_143805,1987.0,0.99588937
3901,J05,DR_20221209_143805,1988.0,1.0122952
3902,J06,DR_20221209_143805,1989.0,1.0078309
3903,J06,DR_20221209_143805,1990.0,1.1200572
3904,J06,DR_20221209_143805,1991.0,1.0042754
3905,J06,DR_20221209_143805,1992.0,0.98626345
3906,J06,DR_20221209_143805,1993.0,1.0108764
3907,J06,DR_20221209_143805,1994.0,0.9645892
3908,J06,DR_20221209_143805,1995.0,1.0097752
3909,J06,DR_20221209_143805,1996.0,0.9994453
3910,J06,DR_20221209_143805,1997.0,1.0001945
3911,J07,DR_20221209_143805,1998.0,0.99965733
3912,J07,DR_20221209_143805,1999.0,1.0022817
3913,J07,DR_20221209_143805,2000.0,0.9060979
3914,J07,DR_20221209_143805,2001.0,1.0105097
3915,J07,DR_20221209_143805,2002.0,1.0577838
3916,J07,DR_20221209_143805,2003.0,1.0175277
3917,J07,DR_20221209_143805,2004.0,0.99916935
3918,J07,DR_20221209_143805,2005.0,1.0043464
3919,J07,DR_20221209_143805,2006.0,0.99684995
3920,J08,DR_20221209_143805,2007.0,0.9682738
3921,J08,DR_20221209_143805,2008.0,1.0069271
3922,J08,DR_20221209_143805,2009.0,1.0216588
3923,J08,DR_20221209_143805,2010.0,0.99598587
3924,J08,DR_20221209_143805,2011.0,1.0107627
3925,J08,DR_20221209_143805,2012.0,1.0044022
3926,J08,DR_20221209_143805,2013.0,0.9919275
3927,J08,DR_20221209_143805,2014.0,1.0038493
3928,J08,DR_20221209_143805,2015.0,1.005007
3929,J09,DR_20221209_143805,2016.0,0.9991474
3930,J09,DR_20221209_143805,2017.0,1.0173688
3931,J09,DR_20221209_143805,2018.0,0.99077654
3932,J09,DR_20221209_143805,2019.0,1.0166373
3933,J09,DR_20221209_143805,2020.0,1.0702072
3934,J09,DR_20221209_143805,2021.0,0.9860804
3935,J09,DR_20221209_143805,2022.0,1.0105163
3936,J09,DR_20221209_143805,2023.0,0.9599403
3937,J09,DR_20221209_143805,2024.0,0.9974836
3938,J10,DR_20221209_143805,2025.0,1.010275
3939,J10,DR_20221209_143805,2026.0,0.99842924
3940,J10,DR_20221209_143805,2027.0,0.9911077
3941,J10,DR_20221209_143805,2028.0,0.9902433
3942,J10,DR_20221209_143805,2029.0,0.9969321
3943,J10,DR_20221209_143805,2030.0,0.9996694
3944,J10,DR_20221209_143805,2031.0,0.98780936
3945,J10,DR_20221209_143805,2032.0,0.99556744
3946,J10,DR_20221209_143805,2033.0,0.99305326
3947,J11,DR_20221209_143805,2034.0,0.99852484
3948,J11,DR_20221209_143805,2035.0,0.97991294
3949,J11,DR_20221209_143805,2036.0,0.99133736
3950,J11,DR_20221209_143805,2037.0,1.0066605
3951,J11,DR_20221209_143805,2038.0,1.0920404
3952,J11,DR_20221209_143805,2039.0,1.138064
3953,J11,DR_20221209_143805,2040.0,0.9868748
3954,J11,DR_20221209_143805,2041.0,1.0083069
3955,J11,DR_20221209_143805,2042.0,0.9866529
3956,J12,DR_20221209_143805,2043.0,1.003883
3957,J12,DR_20221209_143805,2044.0,0.9685858
3958,J12,DR_20221209_143805,2045.0,1.0896609
3959,J12,DR_20221209_143805,2046.0,1.0082924
3960,J12,DR_20221209_143805,2047.0,1.006679
3961,J12,DR_20221209_143805,2048.0,1.0194266
3962,J12,DR_20221209_143805,2049.0,0.9957743
3963,J12,DR_20221209_143805,2050.0,0.99256957
3964,J12,DR_20221209_143805,2051.0,1.0546345
3965,J13,DR_20221209_143805,2052.0,0.9887729
3966,J13,DR_20221209_143805,2053.0,1.0059754
3967,J13,DR_20221209_143805,2054.0,1.0019646
3968,J13,DR_20221209_143805,2055.0,1.0019487
3969,J13,DR_20221209_143805,2056.0,1.0247401
3970,J13,DR_20221209_143805,2057.0,1.0262663
3971,J13,DR_20221209_143805,2058.0,0.7267603
3972,J13,DR_20221209_143805,2059.0,0.4049814
3973,J13,DR_20221209_143805,2060.0,0.9784549
3974,J14,DR_20221209_143805,2061.0,1.0039569
3975,J14,DR_20221209_143805,2062.0,1.0422754
3976,J14,DR_20221209_143805,2063.0,0.9804927
3977,J14,DR_20221209_143805,2064.0,1.0132135
3978,J14,DR_20221209_143805,2065.0,1.0401537
3979,J14,DR_20221209_143805,2066.0,0.9881837
3980,J14,DR_20221209_143805,2067.0,0.9966775
3981,J14,DR_20221209_143805,2068.0,0.98387426
3982,J14,DR_20221209_143805,2069.0,0.99915177
3983,J15,DR_20221209_143805,2070.0,1.0139179
3984,J15,DR_20221209_143805,2071.0,0.93443
3985,J15,DR_20221209_143805,2072.0,0.97930366
3986,J15,DR_20221209_143805,2073.0,0.40101057
3987,J15,DR_20221209_143805,2074.0,1.0725312
3988,J15,DR_20221209_143805,2075.0,0.93711525
3989,J15,DR_20221209_143805,2076.0,1.0038801
3990,J15,DR_20221209_143805,2077.0,0.9931431
3991,J15,DR_20221209_143805,2078.0,0.49534115
3992,J16,DR_20221209_143805,2079.0,0.99253494
3993,J16,DR_20221209_143805,2080.0,0.99244803
3994,J16,DR_20221209_143805,2081.0,0.66597706
3995,J16,DR_20221209_143805,2082.0,0.95378256
3996,J16,DR_20221209_143805,2083.0,1.0652914
3997,J16,DR_20221209_143805,2084.0,1.0014453
3998,J16,DR_20221209_143805,2085.0,0.9929043
3999,J16,DR_20221209_143805,2086.0,1.0013375
4000,J16,DR_20221209_143805,2087.0,0.84943885
4001,J17,DR_20221209_143805,2088.0,0.9667657
4002,J17,DR_20221209_143805,2089.0,0.9411338
4003,J17,DR_20221209_143805,2090.0,0.99448013
4004,J17,DR_20221209_143805,2091.0,0.5818072
4005,J17,DR_20221209_143805,2092.0,0.9645822
4006,J17,DR_20221209_143805,2093.0,0.9969691
4007,J17,DR_20221209_143805,2094.0,1.0019616
4008,J17,DR_20221209_143805,2095.0,0.99572295
4009,J17,DR_20221209_143805,2096.0,0.77483815
4010,J18,DR_20221209_143805,2097.0,1.0008374
4011,J18,DR_20221209_143805,2098.0,1.0035409
4012,J18,DR_20221209_143805,2099.0,1.0457147
4013,J18,DR_20221209_143805,2100.0,1.0042319
4014,J18,DR_20221209_143805,2101.0,0.99782413
4015,J18,DR_20221209_143805,2102.0,1.0003786
4016,J18,DR_20221209_143805,2103.0,1.0032264
4017,J18,DR_20221209_143805,2104.0,1.0136491
4018,J18,DR_20221209_143805,2105.0,0.7718943
4019,J19,DR_20221209_143805,2106.0,0.9962576
4020,J19,DR_20221209_143805,2107.0,1.003858
4021,J19,DR_20221209_143805,2108.0,1.0107943
4022,J19,DR_20221209_143805,2109.0,1.0059372
4023,J19,DR_20221209_143805,2110.0,0.9957232
4024,J19,DR_20221209_143805,2111.0,0.9961308
4025,J19,DR_20221209_143805,2112.0,0.9742734
4026,J19,DR_20221209_143805,2113.0,1.006853
4027,J19,DR_20221209_143805,2114.0,0.9905622
4028,J20,DR_20221209_143805,2115.0,0.98862314
4029,J20,DR_20221209_143805,2116.0,0.9964742
4030,J20,DR_20221209_143805,2117.0,1.0188913
4031,J20,DR_20221209_143805,2118.0,1.0675611
4032,J20,DR_20221209_143805,2119.0,0.9804606
4033,J20,DR_20221209_143805,2120.0,1.007652
4034,J20,DR_20221209_143805,2121.0,0.6056284
4035,J20,DR_20221209_143805,2122.0,1.0035613
4036,J20,DR_20221209_143805,2123.0,0.94464535
4037,J21,DR_20221209_143805,2124.0,0.9966253
4038,J21,DR_20221209_143805,2125.0,0.98304087
4039,J21,DR_20221209_143805,2126.0,0.9473079
4040,J21,DR_20221209_143805,2127.0,0.9918281
4041,J21,DR_20221209_143805,2128.0,1.0001017
4042,J21,DR_20221209_143805,2129.0,0.99530876
4043,J21,DR_20221209_143805,2130.0,0.9981599
4044,J21,DR_20221209_143805,2131.0,0.9954687
4045,J21,DR_20221209_143805,2132.0,0.9833096
4046,J22,DR_20221209_143805,2133.0,0.18685715
4047,J22,DR_20221209_143805,2134.0,1.0194515
4048,J22,DR_20221209_143805,2135.0,0.98104876
4049,J22,DR_20221209_143805,2136.0,1.0049976
4050,J22,DR_20221209_143805,2137.0,0.9978384
4051,J22,DR_20221209_143805,2138.0,0.9917412
4052,J22,DR_20221209_143805,2139.0,0.99309653
4053,J22,DR_20221209_143805,2140.0,0.99993396
4054,J22,DR_20221209_143805,2141.0,0.98515946
4091,K04,DR_20221209_143805,2187.0,0.9918574
4092,K04,DR_20221209_143805,2188.0,1.0093541
4093,K04,DR_20221209_143805,2189.0,0.96866906
4094,K04,DR_20221209_143805,2190.0,0.9871679
4095,K04,DR_20221209_143805,2191.0,1.0368438
4096,K04,DR_20221209_143805,2192.0,0.9942012
4097,K04,DR_20221209_143805,2193.0,0.9848183
4098,K04,DR_20221209_143805,2194.0,0.9930472
4099,K04,DR_20221209_143805,2195.0,1.0837137
4100,K05,DR_20221209_143805,2196.0,0.9985551
4101,K05,DR_20221209_143805,2197.0,1.0002644
4102,K05,DR_20221209_143805,2198.0,0.99136883
4103,K05,DR_20221209_143805,2199.0,1.0048536
4104,K05,DR_20221209_143805,2200.0,0.9935185
4105,K05,DR_20221209_143805,2201.0,1.0015503
4106,K05,DR_20221209_143805,2202.0,1.0117986
4107,K05,DR_20221209_143805,2203.0,0.9923884
4108,K05,DR_20221209_143805,2204.0,1.0066258
4109,K06,DR_20221209_143805,2205.0,0.9991062
4110,K06,DR_20221209_143805,2206.0,0.9970169
4111,K06,DR_20221209_143805,2207.0,0.98384595
4112,K06,DR_20221209_143805,2208.0,1.0134305
4113,K06,DR_20221209_143805,2209.0,1.0066457
4114,K06,DR_20221209_143805,2210.0,0.99681616
4115,K06,DR_20221209_143805,2211.0,0.9925368
4116,K06,DR_20221209_143805,2212.0,0.9868501
4117,K06,DR_20221209_143805,2213.0,0.9932723
4118,K07,DR_20221209_143805,2214.0,0.9887904
4119,K07,DR_20221209_143805,2215.0,0.9867304
4120,K07,DR_20221209_143805,2216.0,0.050094243
4121,K07,DR_20221209_143805,2217.0,1.0060092
4122,K07,DR_20221209_143805,2218.0,1.008385
4123,K07,DR_20221209_143805,2219.0,0.9950211
4124,K07,DR_20221209_143805,2220.0,0.9647077
4125,K07,DR_20221209_143805,2221.0,0.9970601
4126,K07,DR_20221209_143805,2222.0,0.9929689
4127,K08,DR_20221209_143805,2223.0,0.72352976
4128,K08,DR_20221209_143805,2224.0,1.0084803
4129,K08,DR_20221209_143805,2225.0,1.0008414
4130,K08,DR_20221209_143805,2226.0,1.0096473
4131,K08,DR_20221209_143805,2227.0,1.0719509
4132,K08,DR_20221209_143805,2228.0,1.0028195
4133,K08,DR_20221209_143805,2229.0,0.9981863
4134,K08,DR_20221209_143805,2230.0,0.9994794
4135,K08,DR_20221209_143805,2231.0,0.99692535
4136,K09,DR_20221209_143805,2232.0,1.0047021
4137,K09,DR_20221209_143805,2233.0,1.0256358
4138,K09,DR_20221209_143805,2234.0,1.063882
4139,K09,DR_20221209_143805,2235.0,1.03047
4140,K09,DR_20221209_143805,2236.0,1.1181275
4141,K09,DR_20221209_143805,2237.0,1.1140038
4142,K09,DR_20221209_143805,2238.0,1.0229676
4143,K09,DR_20221209_143805,2239.0,0.517555
4144,K09,DR_20221209_143805,2240.0,0.98563534
4145,K10,DR_20221209_143805,2241.0,0.8080696
4146,K10,DR_20221209_143805,2242.0,1.0899842
4147,K10,DR_20221209_143805,2243.0,1.0027335
4148,K10,DR_20221209_143805,2244.0,0.9770424
4149,K10,DR_20221209_143805,2245.0,1.007658
4150,K10,DR_20221209_143805,2246.0,1.0018208
4151,K10,DR_20221209_143805,2247.0,1.0099769
4152,K10,DR_20221209_143805,2248.0,1.0096172
4153,K10,DR_20221209_143805,2249.0,0.9694182
4154,K11,DR_20221209_143805,2250.0,1.0046271
4155,K11,DR_20221209_143805,2251.0,0.99072886
4156,K11,DR_20221209_143805,2252.0,0.9802571
4157,K11,DR_20221209_143805,2253.0,1.004904
4158,K11,DR_20221209_143805,2254.0,1.0042263
4159,K11,DR_20221209_143805,2255.0,1.0470067
4160,K11,DR_20221209_143805,2256.0,0.9657694
4161,K11,DR_20221209_143805,2257.0,0.98641425
4162,K11,DR_20221209_143805,2258.0,0.99421144
4163,K12,DR_20221209_143805,2259.0,1.0078789
4164,K12,DR_20221209_143805,2260.0,1.0003355
4165,K12,DR_20221209_143805,2261.0,0.98948
4166,K12,DR_20221209_143805,2262.0,0.98959136
4167,K12,DR_20221209_143805,2263.0,1.0383395
4168,K12,DR_20221209_143805,2264.0,1.0118251
4169,K12,DR_20221209_143805,2265.0,1.0200593
4170,K12,DR_20221209_143805,2266.0,0.9930763
4171,K12,DR_20221209_143805,2267.0,0.98513126
4172,K14,DR_20221209_143805,2277.0,1.0024722
4173,K14,DR_20221209_143805,2278.0,1.0043926
4174,K14,DR_20221209_143805,2279.0,1.0066425
4175,K14,DR_20221209_143805,2280.0,0.9917472
4176,K14,DR_20221209_143805,2281.0,1.0376079
4177,K14,DR_20221209_143805,2282.0,1.0007885
4178,K14,DR_20221209_143805,2283.0,0.9860935
4179,K14,DR_20221209_143805,2284.0,0.9829612
4180,K14,DR_20221209_143805,2285.0,0.9996331
4181,K18,DR_20221209_143805,2313.0,1.0236741
4182,K18,DR_20221209_143805,2314.0,0.9898082
4183,K18,DR_20221209_143805,2315.0,0.9894266
4184,K18,DR_20221209_143805,2316.0,0.6796955
4185,K18,DR_20221209_143805,2317.0,1.054518
4186,K18,DR_20221209_143805,2318.0,1.033848
4187,K18,DR_20221209_143805,2319.0,1.0045058
4188,K18,DR_20221209_143805,2320.0,0.98172224
4189,K18,DR_20221209_143805,2321.0,0.87368214
4190,K19,DR_20221209_143805,2322.0,1.003226
4191,K19,DR_20221209_143805,2323.0,0.9969691
4192,K19,DR_20221209_143805,2324.0,0.9900812
4193,K19,DR_20221209_143805,2325.0,1.0224923
4194,K19,DR_20221209_143805,2326.0,1.0714554
4195,K19,DR_20221209_143805,2327.0,0.9943523
4196,K19,DR_20221209_143805,2328.0,1.0472512
4197,K19,DR_20221209_143805,2329.0,0.9942385
4198,K19,DR_20221209_143805,2330.0,0.98324496
4199,K20,DR_20221209_143805,2331.0,0.999552
4200,K20,DR_20221209_143805,2332.0,1.0003074
4201,K20,DR_20221209_143805,2333.0,0.64495623
4202,K20,DR_20221209_143805,2334.0,0.99846834
4203,K20,DR_20221209_143805,2335.0,1.0208098
4204,K20,DR_20221209_143805,2336.0,0.999998
4205,K20,DR_20221209_143805,2337.0,0.99248755
4206,K20,DR_20221209_143805,2338.0,0.99808466
4207,K20,DR_20221209_143805,2339.0,1.0035762
4208,K21,DR_20221209_143805,2340.0,0.99752575
4209,K21,DR_20221209_143805,2341.0,1.0021799
4210,K21,DR_20221209_143805,2342.0,0.99018914
4211,K21,DR_20221209_143805,2343.0,1.009535
4212,K21,DR_20221209_143805,2344.0,1.0026737
4213,K21,DR_20221209_143805,2345.0,0.9771182
4214,K21,DR_20221209_143805,2346.0,1.0035056
4215,K21,DR_20221209_143805,2347.0,0.9671541
4216,K21,DR_20221209_143805,2348.0,0.83767426
4217,K22,DR_20221209_143805,2349.0,0.98825896
4218,K22,DR_20221209_143805,2350.0,1.0062659
4219,K22,DR_20221209_143805,2351.0,0.9855965
4220,K22,DR_20221209_143805,2352.0,1.0069392
4221,K22,DR_20221209_143805,2353.0,0.99458265
4222,K22,DR_20221209_143805,2354.0,1.0038575
4223,K22,DR_20221209_143805,2355.0,0.9957626
4224,K22,DR_20221209_143805,2356.0,0.99739087
4225,K22,DR_20221209_143805,2357.0,1.0325321
4262,L04,DR_20221209_143805,2403.0,0.99724823
4263,L04,DR_20221209_143805,2404.0,0.99931204
4264,L04,DR_20221209_143805,2405.0,1.0584263
4265,L04,DR_20221209_143805,2406.0,0.9933608
4266,L04,DR_20221209_143805,2407.0,0.9930759
4267,L04,DR_20221209_143805,2408.0,0.9907817
4268,L04,DR_20221209_143805,2409.0,0.992919
4269,L04,DR_20221209_143805,2410.0,1.0054843
4270,L04,DR_20221209_143805,2411.0,0.9894503
4271,L05,DR_20221209_143805,2412.0,0.9975682
4272,L05,DR_20221209_143805,2413.0,1.0027897
4273,L05,DR_20221209_143805,2414.0,0.98976046
4274,L05,DR_20221209_143805,2415.0,1.0024078
4275,L05,DR_20221209_143805,2416.0,0.9941385
4276,L05,DR_20221209_143805,2417.0,1.0000529
4277,L05,DR_20221209_143805,2418.0,0.9961568
4278,L05,DR_20221209_143805,2419.0,0.99381655
4279,L05,DR_20221209_143805,2420.0,1.0013316
4280,L06,DR_20221209_143805,2421.0,1.0036179
4281,L06,DR_20221209_143805,2422.0,1.0677224
4282,L06,DR_20221209_143805,2423.0,0.99035454
4283,L06,DR_20221209_143805,2424.0,0.99431676
4284,L06,DR_20221209_143805,2425.0,1.0586627
4285,L06,DR_20221209_143805,2426.0,0.9956906
4286,L06,DR_20221209_143805,2427.0,0.989567
4287,L06,DR_20221209_143805,2428.0,0.99913245
4288,L06,DR_20221209_143805,2429.0,0.9990466
4289,L07,DR_20221209_143805,2430.0,1.0183803
4290,L07,DR_20221209_143805,2431.0,1.0032588
4291,L07,DR_20221209_143805,2432.0,0.9821718
4292,L07,DR_20221209_143805,2433.0,0.98917025
4293,L07,DR_20221209_143805,2434.0,1.0513085
4294,L07,DR_20221209_143805,2435.0,1.0032389
4295,L07,DR_20221209_143805,2436.0,0.58582187
4296,L07,DR_20221209_143805,2437.0,1.0000744
4297,L07,DR_20221209_143805,2438.0,0.043435976
4298,L08,DR_20221209_143805,2439.0,1.0578095
4299,L08,DR_20221209_143805,2440.0,1.105179
4300,L08,DR_20221209_143805,2441.0,0.9853621
4301,L08,DR_20221209_143805,2442.0,1.0078359
4302,L08,DR_20221209_143805,2443.0,0.9919037
4303,L08,DR_20221209_143805,2444.0,1.0148464
4304,L08,DR_20221209_143805,2445.0,1.000414
4305,L08,DR_20221209_143805,2446.0,0.9885788
4306,L08,DR_20221209_143805,2447.0,1.0064546
4307,L09,DR_20221209_143805,2448.0,1.0131114
4308,L09,DR_20221209_143805,2449.0,1.0068014
4309,L09,DR_20221209_143805,2450.0,0.09599548
4310,L09,DR_20221209_143805,2451.0,1.0103139
4311,L09,DR_20221209_143805,2452.0,0.99815106
4312,L09,DR_20221209_143805,2453.0,1.0030941
4313,L09,DR_20221209_143805,2454.0,1.0021114
4314,L09,DR_20221209_143805,2455.0,0.9961424
4315,L09,DR_20221209_143805,2456.0,0.9969559
4316,L10,DR_20221209_143805,2457.0,0.9963904
4317,L10,DR_20221209_143805,2458.0,0.9872868
4318,L10,DR_20221209_143805,2459.0,0.66667825
4319,L10,DR_20221209_143805,2460.0,0.986771
4320,L10,DR_20221209_143805,2461.0,1.0110065
4321,L10,DR_20221209_143805,2462.0,1.0010914
4322,L10,DR_20221209_143805,2463.0,0.93140566
4323,L10,DR_20221209_143805,2464.0,1.0619155
4324,L10,DR_20221209_143805,2465.0,0.6744718
4325,L11,DR_20221209_143805,2466.0,0.9858516
4326,L11,DR_20221209_143805,2467.0,0.9743214
4327,L11,DR_20221209_143805,2468.0,0.9886102
4328,L11,DR_20221209_143805,2469.0,0.9932212
4329,L11,DR_20221209_143805,2470.0,0.98154306
4330,L11,DR_20221209_143805,2471.0,0.997756
4331,L11,DR_20221209_143805,2472.0,1.0201399
4332,L11,DR_20221209_143805,2473.0,0.967008
4333,L11,DR_20221209_143805,2474.0,0.9951352
4334,L12,DR_20221209_143805,2475.0,1.0169742
4335,L12,DR_20221209_143805,2476.0,1.0074033
4336,L12,DR_20221209_143805,2477.0,0.8538231
4337,L12,DR_20221209_143805,2478.0,0.9897871
4338,L12,DR_20221209_143805,2479.0,1.0480965
4339,L12,DR_20221209_143805,2480.0,0.9972321
4340,L12,DR_20221209_143805,2481.0,1.0177131
4341,L12,DR_20221209_143805,2482.0,0.99629056
4342,L12,DR_20221209_143805,2483.0,0.9928026
4343,L13,DR_20221209_143805,2484.0,1.0062975
4344,L13,DR_20221209_143805,2485.0,1.0072308
4345,L13,DR_20221209_143805,2486.0,0.9922936
4346,L13,DR_20221209_143805,2487.0,0.9669021
4347,L13,DR_20221209_143805,2488.0,1.0069857
4348,L13,DR_20221209_143805,2489.0,1.0021276
4349,L13,DR_20221209_143805,2490.0,0.98573977
4350,L13,DR_20221209_143805,2491.0,1.0035235
4351,L13,DR_20221209_143805,2492.0,1.0100621
4352,L18,DR_20221209_143805,2529.0,1.0017821
4353,L18,DR_20221209_143805,2530.0,0.97048885
4354,L18,DR_20221209_143805,2531.0,0.5954407
4355,L18,DR_20221209_143805,2532.0,0.54326135
4356,L18,DR_20221209_143805,2533.0,1.0946391
4357,L18,DR_20221209_143805,2534.0,0.99965364
4358,L18,DR_20221209_143805,2535.0,0.98388726
4359,L18,DR_20221209_143805,2536.0,0.98489666
4360,L18,DR_20221209_143805,2537.0,0.7073364
4361,L19,DR_20221209_143805,2538.0,1.0049727
4362,L19,DR_20221209_143805,2539.0,0.9943908
4363,L19,DR_20221209_143805,2540.0,0.9659981
4364,L19,DR_20221209_143805,2541.0,1.0191245
4365,L19,DR_20221209_143805,2542.0,1.0025836
4366,L19,DR_20221209_143805,2543.0,0.99959695
4367,L19,DR_20221209_143805,2544.0,0.9868755
4368,L19,DR_20221209_143805,2545.0,0.9993433
4369,L19,DR_20221209_143805,2546.0,0.9874095
4370,L22,DR_20221209_143805,2565.0,1.008462
4371,L22,DR_20221209_143805,2566.0,1.003399
4372,L22,DR_20221209_143805,2567.0,0.8088825
4373,L22,DR_20221209_143805,2568.0,0.9926609
4374,L22,DR_20221209_143805,2569.0,0.99074304
4375,L22,DR_20221209_143805,2570.0,0.99287385
4376,L22,DR_20221209_143805,2571.0,0.9979971
4377,L22,DR_20221209_143805,2572.0,0.9930771
4378,L22,DR_20221209_143805,2573.0,0.9265635
4415,M03,DR_20221209_143805,2610.0,0.0014599398
4416,M03,DR_20221209_143805,2611.0,-0.0052241604
4417,M03,DR_20221209_143805,2612.0,0.087323435
4418,M03,DR_20221209_143805,2613.0,-0.01845539
4419,M03,DR_20221209_143805,2614.0,0.008578815
4420,M03,DR_20221209_143805,2615.0,0.10389333
4421,M03,DR_20221209_143805,2616.0,-0.040658746
4422,M03,DR_20221209_143805,2617.0,-0.020807123
4423,M03,DR_20221209_143805,2618.0,0.054889113
4424,M04,DR_20221209_143805,2619.0,0.0031329053
4425,M04,DR_20221209_143805,2620.0,-0.0010336719
4426,M04,DR_20221209_143805,2621.0,0.006712976
4427,M04,DR_20221209_143805,2622.0,0.07240602
4428,M04,DR_20221209_143805,2623.0,0.008023294
4429,M04,DR_20221209_143805,2624.0,0.050503805
4430,M04,DR_20221209_143805,2625.0,0.058875244
4431,M04,DR_20221209_143805,2626.0,-0.0032701874
4432,M04,DR_20221209_143805,2627.0,0.09645263
4433,M05,DR_20221209_143805,2628.0,0.14823864
4434,M05,DR_20221209_143805,2629.0,0.006660554
4435,M05,DR_20221209_143805,2630.0,0.1127464
4436,M05,DR_20221209_143805,2631.0,0.16901384
4437,M05,DR_20221209_143805,2632.0,0.069785096
4438,M05,DR_20221209_143805,2633.0,0.30767092
4439,M05,DR_20221209_143805,2634.0,0.08441479
4440,M05,DR_20221209_143805,2635.0,0.16041422
4441,M05,DR_20221209_143805,2636.0,0.2638799
4442,M06,DR_20221209_143805,2637.0,0.06913875
4443,M06,DR_20221209_143805,2638.0,0.06499519
4444,M06,DR_20221209_143805,2639.0,0.040217906
4445,M06,DR_20221209_143805,2640.0,0.08707892
4446,M06,DR_20221209_143805,2641.0,-0.0016763338
4447,M06,DR_20221209_143805,2642.0,0.36870804
4448,M06,DR_20221209_143805,2643.0,-0.067804694
4449,M06,DR_20221209_143805,2644.0,0.025966022
4450,M06,DR_20221209_143805,2645.0,0.005517073
4451,M07,DR_20221209_143805,2646.0,0.39111272
4452,M07,DR_20221209_143805,2647.0,0.8807912
4453,M07,DR_20221209_143805,2648.0,0.019249776
4454,M07,DR_20221209_143805,2649.0,0.7843919
4455,M07,DR_20221209_143805,2650.0,0.33703646
4456,M07,DR_20221209_143805,2651.0,0.89529115
4457,M07,DR_20221209_143805,2652.0,0.75007117
4458,M07,DR_20221209_143805,2653.0,0.16860475
4459,M07,DR_20221209_143805,2654.0,0.9297782
4460,M08,DR_20221209_143805,2655.0,0.9855436
4461,M08,DR_20221209_143805,2656.0,0.98736525
4462,M08,DR_20221209_143805,2657.0,0.95163256
4463,M08,DR_20221209_143805,2658.0,0.9818892
4464,M08,DR_20221209_143805,2659.0,1.0763183
4465,M08,DR_20221209_143805,2660.0,1.0148408
4466,M08,DR_20221209_143805,2661.0,0.9441993
4467,M08,DR_20221209_143805,2662.0,0.94145983
4468,M08,DR_20221209_143805,2663.0,0.99158674
4469,M09,DR_20221209_143805,2664.0,0.98952013
4470,M09,DR_20221209_143805,2665.0,1.002187
4471,M09,DR_20221209_143805,2666.0,0.9472688
4472,M09,DR_20221209_143805,2667.0,0.99237204
4473,M09,DR_20221209_143805,2668.0,1.026746
4474,M09,DR_20221209_143805,2669.0,0.9914273
4475,M09,DR_20221209_143805,2670.0,1.0312027
4476,M09,DR_20221209_143805,2671.0,0.99465615
4477,M09,DR_20221209_143805,2672.0,0.99521637
4478,M10,DR_20221209_143805,2673.0,1.0088041
4479,M10,DR_20221209_143805,2674.0,0.8737387
4480,M10,DR_20221209_143805,2675.0,0.9668464
4481,M10,DR_20221209_143805,2676.0,1.0066144
4482,M10,DR_20221209_143805,2677.0,1.1565468
4483,M10,DR_20221209_143805,2678.0,1.0078259
4484,M10,DR_20221209_143805,2679.0,0.9924506
4485,M10,DR_20221209_143805,2680.0,0.9778915
4486,M10,DR_20221209_143805,2681.0,0.683274
4487,M11,DR_20221209_143805,2682.0,1.0043919
4488,M11,DR_20221209_143805,2683.0,1.0086118
4489,M11,DR_20221209_143805,2684.0,0.99360263
4490,M11,DR_20221209_143805,2685.0,0.7874421
4491,M11,DR_20221209_143805,2686.0,1.0914475
4492,M11,DR_20221209_143805,2687.0,0.990195
4493,M11,DR_20221209_143805,2688.0,1.0031078
4494,M11,DR_20221209_143805,2689.0,0.9985466
4495,M11,DR_20221209_143805,2690.0,0.9909714
4496,M12,DR_20221209_143805,2691.0,0.9951957
4497,M12,DR_20221209_143805,2692.0,1.0004864
4498,M12,DR_20221209_143805,2693.0,1.0669459
4499,M12,DR_20221209_143805,2694.0,0.9991397
4500,M12,DR_20221209_143805,2695.0,1.0160326
4501,M12,DR_20221209_143805,2696.0,1.019371
4502,M12,DR_20221209_143805,2697.0,0.99521995
4503,M12,DR_20221209_143805,2698.0,1.0027364
4504,M12,DR_20221209_143805,2699.0,1.0125743
4514,N03,DR_20221209_143805,2718.0,-0.015532226
4515,N03,DR_20221209_143805,2719.0,-0.025315363
4516,N03,DR_20221209_143805,2720.0,0.70866483
4517,N03,DR_20221209_143805,2721.0,-0.036670122
4518,N03,DR_20221209_143805,2722.0,-0.027286671
4519,N03,DR_20221209_143805,2723.0,-0.0037144776
4520,N03,DR_20221209_143805,2724.0,-0.03058389
4521,N03,DR_20221209_143805,2725.0,0.3750373
4522,N03,DR_20221209_143805,2726.0,-0.06215456
4523,N04,DR_20221209_143805,2727.0,0.016644597
4524,N04,DR_20221209_143805,2728.0,0.08641581
4525,N04,DR_20221209_143805,2729.0,-0.01958593
4526,N04,DR_20221209_143805,2730.0,0.19416824
4527,N04,DR_20221209_143805,2731.0,-0.001171626
4528,N04,DR_20221209_143805,2732.0,0.015720487
4529,N04,DR_20221209_143805,2733.0,0.13978662
4530,N04,DR_20221209_143805,2734.0,0.09080727
4531,N04,DR_20221209_143805,2735.0,0.24847801
4532,N05,DR_20221209_143805,2736.0,0.114244856
4533,N05,DR_20221209_143805,2737.0,-0.002439972
4534,N05,DR_20221209_143805,2738.0,-0.077563375
4535,N05,DR_20221209_143805,2739.0,0.06613583
4536,N05,DR_20221209_143805,2740.0,0.062091097
4537,N05,DR_20221209_143805,2741.0,0.027267607
4538,N05,DR_20221209_143805,2742.0,-0.0019797615
4539,N05,DR_20221209_143805,2743.0,0.007429754
4540,N05,DR_20221209_143805,2744.0,0.1008196
4541,N06,DR_20221209_143805,2745.0,0.029531153
4542,N06,DR_20221209_143805,2746.0,0.2505274
4543,N06,DR_20221209_143805,2747.0,0.44651544
4544,N06,DR_20221209_143805,2748.0,1.0006557
4545,N06,DR_20221209_143805,2749.0,0.01335655
4546,N06,DR_20221209_143805,2750.0,0.14431356
4547,N06,DR_20221209_143805,2751.0,0.154007
4548,N06,DR_20221209_143805,2752.0,0.01793062
4549,N06,DR_20221209_143805,2753.0,0.61738986
4550,N07,DR_20221209_143805,2754.0,1.0808971
4551,N07,DR_20221209_143805,2755.0,0.96434003
4552,N07,DR_20221209_143805,2756.0,0.6547619
4553,N07,DR_20221209_143805,2757.0,1.0933373
4554,N07,DR_20221209_143805,2758.0,0.259769
4555,N07,DR_20221209_143805,2759.0,0.8452739
4556,N07,DR_20221209_143805,2760.0,0.9520727
4557,N07,DR_20221209_143805,2761.0,0.23565535
4558,N07,DR_20221209_143805,2762.0,0.79219127
4559,N08,DR_20221209_143805,2763.0,0.9913978
4560,N08,DR_20221209_143805,2764.0,1.0000404
4561,N08,DR_20221209_143805,2765.0,0.3470545
4562,N08,DR_20221209_143805,2766.0,1.014287
4563,N08,DR_20221209_143805,2767.0,1.0566487
4564,N08,DR_20221209_143805,2768.0,0.61221707
4565,N08,DR_20221209_143805,2769.0,0.99317527
4566,N08,DR_20221209_143805,2770.0,0.923901
4567,N08,DR_20221209_143805,2771.0,1.000592
4568,N09,DR_20221209_143805,2772.0,0.5515862
4569,N09,DR_20221209_143805,2773.0,0.5550811
4570,N09,DR_20221209_143805,2774.0,0.80273056
4571,N09,DR_20221209_143805,2775.0,0.3455899
4572,N09,DR_20221209_143805,2776.0,0.91781807
4573,N09,DR_20221209_143805,2777.0,0.5552649
4574,N09,DR_20221209_143805,2778.0,0.39284128
4575,N09,DR_20221209_143805,2779.0,0.39986733
4576,N09,DR_20221209_143805,2780.0,0.82866114
4577,N10,DR_20221209_143805,2781.0,0.97631687
4578,N10,DR_20221209_143805,2782.0,1.0008131
4579,N10,DR_20221209_143805,2783.0,1.0412458
4580,N10,DR_20221209_143805,2784.0,0.9954642
4581,N10,DR_20221209_143805,2785.0,1.06478
4582,N10,DR_20221209_143805,2786.0,1.0015289
4583,N10,DR_20221209_143805,2787.0,0.8275711
4584,N10,DR_20221209_143805,2788.0,1.0135558
4585,N10,DR_20221209_143805,2789.0,0.991901
4586,N11,DR_20221209_143805,2790.0,0.9990758
4587,N11,DR_20221209_143805,2791.0,1.0374442
4588,N11,DR_20221209_143805,2792.0,0.99105054
4589,N11,DR_20221209_143805,2793.0,0.96621567
4590,N11,DR_20221209_143805,2794.0,1.0164229
4591,N11,DR_20221209_143805,2795.0,0.9998646
4592,N11,DR_20221209_143805,2796.0,0.99940366
4593,N11,DR_20221209_143805,2797.0,0.98368907
4594,N11,DR_20221209_143805,2798.0,0.99733996
4595,N12,DR_20221209_143805,2799.0,0.98831797
4596,N12,DR_20221209_143805,2800.0,0.9892789
4597,N12,DR_20221209_143805,2801.0,1.0032797
4598,N12,DR_20221209_143805,2802.0,0.9987791
4599,N12,DR_20221209_143805,2803.0,0.98093355
4600,N12,DR_20221209_143805,2804.0,0.9887794
4601,N12,DR_20221209_143805,2805.0,1.0111417
4602,N12,DR_20221209_143805,2806.0,1.0003319
4603,N12,DR_20221209_143805,2807.0,0.98686314
4622,O04,DR_20221209_143805,2835.0,0.06169897
4623,O04,DR_20221209_143805,2836.0,0.13921219
4624,O04,DR_20221209_143805,2837.0,-0.0024616362
4625,O04,DR_20221209_143805,2838.0,0.009605807
4626,O04,DR_20221209_143805,2839.0,-0.015536756
4627,O04,DR_20221209_143805,2840.0,0.1083544
4628,O04,DR_20221209_143805,2841.0,0.097326815
4629,O04,DR_20221209_143805,2842.0,-0.0005302476
4630,O04,DR_20221209_143805,2843.0,0.014525626
4631,O05,DR_20221209_143805,2844.0,0.039677188
4632,O05,DR_20221209_143805,2845.0,0.0720173
4633,O05,DR_20221209_143805,2846.0,0.029810654
4634,O05,DR_20221209_143805,2847.0,0.075088605
4635,O05,DR_20221209_143805,2848.0,0.1591511
4636,O05,DR_20221209_143805,2849.0,0.020121656
4637,O05,DR_20221209_143805,2850.0,0.0026900298
4638,O05,DR_20221209_143805,2851.0,0.1601954
4639,O05,DR_20221209_143805,2852.0,0.25549853
4640,O06,DR_20221209_143805,2853.0,0.018932207
4641,O06,DR_20221209_143805,2854.0,0.0063192626
4642,O06,DR_20221209_143805,2855.0,0.0923733
4643,O06,DR_20221209_143805,2856.0,0.047896367
4644,O06,DR_20221209_143805,2857.0,0.0064469646
4645,O06,DR_20221209_143805,2858.0,0.039413746
4646,O06,DR_20221209_143805,2859.0,0.191799
4647,O06,DR_20221209_143805,2860.0,0.5601527
4648,O06,DR_20221209_143805,2861.0,0.010963205
4649,O07,DR_20221209_143805,2862.0,0.20623206
4650,O07,DR_20221209_143805,2863.0,0.39781737
4651,O07,DR_20221209_143805,2864.0,1.0060618
4652,O07,DR_20221209_143805,2865.0,0.70919484
4653,O07,DR_20221209_143805,2866.0,0.020080196
4654,O07,DR_20221209_143805,2867.0,0.85307264
4655,O07,DR_20221209_143805,2868.0,0.47770488
4656,O07,DR_20221209_143805,2869.0,0.052580316
4657,O07,DR_20221209_143805,2870.0,0.9812187
4658,O08,DR_20221209_143805,2871.0,0.9621252
4659,O08,DR_20221209_143805,2872.0,0.79400325
4660,O08,DR_20221209_143805,2873.0,0.9812814
4661,O08,DR_20221209_143805,2874.0,0.99899644
4662,O08,DR_20221209_143805,2875.0,0.9949602
4663,O08,DR_20221209_143805,2876.0,0.99422467
4664,O08,DR_20221209_143805,2877.0,0.7256833
4665,O08,DR_20221209_143805,2878.0,1.0107597
4666,O08,DR_20221209_143805,2879.0,0.99979115
4667,O09,DR_20221209_143805,2880.0,0.9738202
4668,O09,DR_20221209_143805,2881.0,0.99806774
4669,O09,DR_20221209_143805,2882.0,0.9710787
4670,O09,DR_20221209_143805,2883.0,0.9817271
4671,O09,DR_20221209_143805,2884.0,0.9847363
4672,O09,DR_20221209_143805,2885.0,1.0105336
4673,O09,DR_20221209_143805,2886.0,1.0050358
4674,O09,DR_20221209_143805,2887.0,0.40347093
4675,O09,DR_20221209_143805,2888.0,0.9583017
4676,O12,DR_20221209_143805,2907.0,0.9870071
4677,O12,DR_20221209_143805,2908.0,1.0210791
4678,O12,DR_20221209_143805,2909.0,0.41688365
4679,O12,DR_20221209_143805,2910.0,0.99677426
4680,O12,DR_20221209_143805,2911.0,0.6050305
4681,O12,DR_20221209_143805,2912.0,1.0112082
4682,O12,DR_20221209_143805,2913.0,0.9727372
4683,O12,DR_20221209_143805,2914.0,0.97809434
4684,O12,DR_20221209_143805,2915.0,0.9943819
