,Image_Metadata_WellID,Image_Metadata_PlateID,ImageNumber,score
1941,A03,DR_20221209_143805,19.0,-0.02360096
1942,A03,DR_20221209_143805,20.0,-0.0007033915
1943,A03,DR_20221209_143805,21.0,0.20524877
1944,A03,DR_20221209_143805,22.0,0.9996588
1945,A03,DR_20221209_143805,23.0,0.2328924
1946,A03,DR_20221209_143805,24.0,0.9988735
1947,A03,DR_20221209_143805,25.0,0.086715825
1948,A03,DR_20221209_143805,26.0,0.086844236
1949,A03,DR_20221209_143805,27.0,0.9996588
1950,A04,DR_20221209_143805,28.0,0.99961597
1951,A04,DR_20221209_143805,29.0,0.00922815
1952,A04,DR_20221209_143805,30.0,0.99953365
1953,A04,DR_20221209_143805,31.0,0.9999502
1954,A04,DR_20221209_143805,32.0,0.087378554
1955,A04,DR_20221209_143805,33.0,0.9996576
1956,A04,DR_20221209_143805,34.0,0.9995081
1957,A04,DR_20221209_143805,35.0,0.087434486
1958,A04,DR_20221209_143805,36.0,0.5004758
1959,A05,DR_20221209_143805,37.0,0.008738747
1960,A05,DR_20221209_143805,38.0,0.012743992
1961,A05,DR_20221209_143805,39.0,0.012299817
1962,A05,DR_20221209_143805,40.0,0.011151209
1963,A05,DR_20221209_143805,41.0,0.011258133
1964,A05,DR_20221209_143805,42.0,0.7487743
1965,A05,DR_20221209_143805,43.0,0.9999111
1966,A05,DR_20221209_143805,44.0,0.5027395
1967,A05,DR_20221209_143805,45.0,0.9997496
1968,A06,DR_20221209_143805,46.0,0.013712539
1969,A06,DR_20221209_143805,47.0,0.010878287
1970,A06,DR_20221209_143805,48.0,0.010505759
1971,A06,DR_20221209_143805,49.0,0.010970617
1972,A06,DR_20221209_143805,50.0,0.009438182
1973,A06,DR_20221209_143805,51.0,0.7506935
1974,A06,DR_20221209_143805,52.0,0.010260203
1975,A06,DR_20221209_143805,53.0,0.009201543
1976,A06,DR_20221209_143805,54.0,1.0006617
1977,A07,DR_20221209_143805,55.0,0.99983436
1978,A07,DR_20221209_143805,56.0,0.99984324
1979,A07,DR_20221209_143805,57.0,0.99984324
1980,A07,DR_20221209_143805,58.0,1.0003924
1981,A07,DR_20221209_143805,59.0,0.011926911
1982,A07,DR_20221209_143805,60.0,0.011151209
1983,A07,DR_20221209_143805,61.0,1.0000855
1984,A07,DR_20221209_143805,62.0,1.0010179
1985,A07,DR_20221209_143805,63.0,0.9997953
1986,A08,DR_20221209_143805,64.0,0.7554267
1987,A08,DR_20221209_143805,65.0,1.0011059
1988,A08,DR_20221209_143805,66.0,0.99983436
1989,A08,DR_20221209_143805,67.0,1.0003924
1990,A08,DR_20221209_143805,68.0,0.010970617
1991,A08,DR_20221209_143805,69.0,0.9998441
1992,A08,DR_20221209_143805,70.0,1.0007678
1993,A08,DR_20221209_143805,71.0,0.7522919
1994,A08,DR_20221209_143805,72.0,0.011151209
1995,A09,DR_20221209_143805,73.0,1.0010179
1996,A09,DR_20221209_143805,74.0,0.012885244
1997,A09,DR_20221209_143805,75.0,1.0005898
1998,A09,DR_20221209_143805,76.0,0.087540984
1999,A09,DR_20221209_143805,77.0,0.9997135
2000,A09,DR_20221209_143805,78.0,1.0001743
2001,A09,DR_20221209_143805,79.0,0.087434486
2002,A09,DR_20221209_143805,80.0,1.0018551
2003,A09,DR_20221209_143805,81.0,1.0018551
2004,A10,DR_20221209_143805,82.0,0.009409627
2005,A10,DR_20221209_143805,83.0,1.0000056
2006,A10,DR_20221209_143805,84.0,0.99983436
2007,A10,DR_20221209_143805,85.0,0.9998942
2008,A10,DR_20221209_143805,86.0,0.9995137
2009,A10,DR_20221209_143805,87.0,1.0000429
2010,A10,DR_20221209_143805,88.0,0.011258133
2011,A10,DR_20221209_143805,89.0,0.009333384
2012,A10,DR_20221209_143805,90.0,0.011021603
2013,A11,DR_20221209_143805,91.0,0.9999111
2014,A11,DR_20221209_143805,92.0,1.0010179
2015,A11,DR_20221209_143805,93.0,1.0003535
2016,A11,DR_20221209_143805,94.0,1.0005547
2017,A11,DR_20221209_143805,95.0,1.0000056
2018,A11,DR_20221209_143805,96.0,1.0003924
2019,A11,DR_20221209_143805,97.0,0.99991167
2020,A11,DR_20221209_143805,98.0,0.99470574
2021,A11,DR_20221209_143805,99.0,1.0007849
2022,A12,DR_20221209_143805,100.0,0.7527798
2023,A12,DR_20221209_143805,101.0,0.5047531
2024,A12,DR_20221209_143805,102.0,0.99868375
2025,A12,DR_20221209_143805,103.0,1.0000566
2026,A12,DR_20221209_143805,104.0,1.0000566
2027,A12,DR_20221209_143805,105.0,0.012290017
2028,A12,DR_20221209_143805,106.0,0.99969834
2029,A12,DR_20221209_143805,107.0,1.0003084
2030,A12,DR_20221209_143805,108.0,1.0003446
2031,A13,DR_20221209_143805,109.0,0.999224
2032,A13,DR_20221209_143805,110.0,0.5042278
2033,A13,DR_20221209_143805,111.0,1.00099
2034,A13,DR_20221209_143805,112.0,1.000776
2035,A13,DR_20221209_143805,113.0,0.99996996
2036,A13,DR_20221209_143805,114.0,1.0005547
2037,A13,DR_20221209_143805,115.0,1.0004604
2038,A13,DR_20221209_143805,116.0,1.000776
2039,A13,DR_20221209_143805,117.0,1.0001265
2040,A14,DR_20221209_143805,118.0,1.0003933
2041,A14,DR_20221209_143805,119.0,0.08684641
2042,A14,DR_20221209_143805,120.0,1.0003264
2043,A14,DR_20221209_143805,121.0,1.0001407
2044,A14,DR_20221209_143805,122.0,0.088003136
2045,A14,DR_20221209_143805,123.0,1.000594
2046,A14,DR_20221209_143805,124.0,1.001109
2047,A14,DR_20221209_143805,125.0,1.0005547
2048,A14,DR_20221209_143805,126.0,0.9999111
2049,A15,DR_20221209_143805,127.0,0.008935311
2050,A15,DR_20221209_143805,128.0,0.9790628
2051,A15,DR_20221209_143805,129.0,1.0001245
2052,A15,DR_20221209_143805,130.0,0.99984324
2053,A15,DR_20221209_143805,131.0,0.9998942
2054,A15,DR_20221209_143805,132.0,0.0107518695
2055,A15,DR_20221209_143805,133.0,1.0002904
2056,A15,DR_20221209_143805,134.0,1.0003836
2057,A15,DR_20221209_143805,135.0,1.0005547
2058,A16,DR_20221209_143805,136.0,0.009409627
2059,A16,DR_20221209_143805,137.0,0.99941987
2060,A16,DR_20221209_143805,138.0,0.011311696
2061,A16,DR_20221209_143805,139.0,0.9998058
2062,A16,DR_20221209_143805,140.0,0.009358641
2063,A16,DR_20221209_143805,141.0,0.9999507
2064,A16,DR_20221209_143805,142.0,1.0003645
2065,A16,DR_20221209_143805,143.0,0.9999502
2066,A16,DR_20221209_143805,144.0,0.99983436
2067,A17,DR_20221209_143805,145.0,1.0003366
2068,A17,DR_20221209_143805,146.0,1.0003924
2069,A17,DR_20221209_143805,147.0,0.9997959
2070,A17,DR_20221209_143805,148.0,0.99969834
2071,A17,DR_20221209_143805,149.0,0.011898936
2072,A17,DR_20221209_143805,150.0,0.010970617
2073,A17,DR_20221209_143805,151.0,0.9795317
2074,A17,DR_20221209_143805,152.0,0.99969834
2075,A17,DR_20221209_143805,153.0,0.011070326
2076,A18,DR_20221209_143805,154.0,1.0003366
2077,A18,DR_20221209_143805,155.0,0.5052036
2078,A18,DR_20221209_143805,156.0,1.0003924
2079,A18,DR_20221209_143805,157.0,0.087378554
2080,A18,DR_20221209_143805,158.0,0.19373997
2081,A18,DR_20221209_143805,159.0,0.9998378
2082,A18,DR_20221209_143805,160.0,1.0004288
2083,A18,DR_20221209_143805,161.0,0.010479614
2084,A18,DR_20221209_143805,162.0,0.99969834
2085,A19,DR_20221209_143805,163.0,0.008429183
2086,A19,DR_20221209_143805,164.0,0.9998942
2087,A19,DR_20221209_143805,165.0,0.9999507
2088,A19,DR_20221209_143805,166.0,0.50470215
2089,A19,DR_20221209_143805,167.0,1.0001041
2090,A19,DR_20221209_143805,168.0,0.009409627
2091,A19,DR_20221209_143805,169.0,0.98433036
2092,A19,DR_20221209_143805,170.0,0.99971974
2093,A19,DR_20221209_143805,171.0,0.9999502
2094,A20,DR_20221209_143805,172.0,0.010505759
2095,A20,DR_20221209_143805,173.0,0.9998942
2096,A20,DR_20221209_143805,174.0,1.0010179
2097,A20,DR_20221209_143805,175.0,0.99983436
2098,A20,DR_20221209_143805,176.0,0.009333384
2099,A20,DR_20221209_143805,177.0,0.9999507
2100,A20,DR_20221209_143805,178.0,1.0006866
2101,A20,DR_20221209_143805,179.0,0.008935311
2102,A20,DR_20221209_143805,180.0,0.011202195
2103,A21,DR_20221209_143805,181.0,1.0003172
2104,A21,DR_20221209_143805,182.0,1.0005459
2105,A21,DR_20221209_143805,183.0,0.9999281
2106,A21,DR_20221209_143805,184.0,0.9998942
2107,A21,DR_20221209_143805,185.0,0.99984324
2108,A21,DR_20221209_143805,186.0,0.9994368
2109,A21,DR_20221209_143805,187.0,1.0006037
2110,A21,DR_20221209_143805,188.0,0.009409627
2111,A21,DR_20221209_143805,189.0,0.9998469
2112,A22,DR_20221209_143805,190.0,0.9997988
2113,A22,DR_20221209_143805,191.0,0.99984324
2114,A22,DR_20221209_143805,192.0,0.24057114
2115,A22,DR_20221209_143805,193.0,0.9998854
2116,A22,DR_20221209_143805,194.0,0.009359471
2117,A22,DR_20221209_143805,195.0,0.98679465
2118,A22,DR_20221209_143805,196.0,1.001225
2119,A22,DR_20221209_143805,197.0,0.009409627
2120,A22,DR_20221209_143805,198.0,0.009409627
2157,B03,DR_20221209_143805,235.0,0.23623975
2158,B03,DR_20221209_143805,236.0,0.0863981
2159,B03,DR_20221209_143805,237.0,0.99956864
2160,B03,DR_20221209_143805,238.0,0.9996588
2161,B03,DR_20221209_143805,239.0,0.08730012
2162,B03,DR_20221209_143805,240.0,0.08640751
2163,B03,DR_20221209_143805,241.0,0.49872875
2164,B03,DR_20221209_143805,242.0,0.08648369
2165,B03,DR_20221209_143805,243.0,0.9996588
2166,B04,DR_20221209_143805,244.0,-0.000963824
2167,B04,DR_20221209_143805,245.0,0.00825147
2168,B04,DR_20221209_143805,246.0,0.998699
2169,B04,DR_20221209_143805,247.0,0.087174505
2170,B04,DR_20221209_143805,248.0,0.087103374
2171,B04,DR_20221209_143805,249.0,-2.1323518e-05
2172,B04,DR_20221209_143805,250.0,-2.3859857e-05
2173,B04,DR_20221209_143805,251.0,0.86460656
2174,B04,DR_20221209_143805,252.0,0.85929227
2175,B05,DR_20221209_143805,253.0,0.009409627
2176,B05,DR_20221209_143805,254.0,0.009438271
2177,B05,DR_20221209_143805,255.0,0.009356148
2178,B05,DR_20221209_143805,256.0,0.9997959
2179,B05,DR_20221209_143805,257.0,0.011151209
2180,B05,DR_20221209_143805,258.0,0.75013644
2181,B05,DR_20221209_143805,259.0,0.99818116
2182,B05,DR_20221209_143805,260.0,0.7519005
2183,B05,DR_20221209_143805,261.0,0.9997959
2184,B06,DR_20221209_143805,262.0,0.009045753
2185,B06,DR_20221209_143805,263.0,0.009333384
2186,B06,DR_20221209_143805,264.0,0.01110388
2187,B06,DR_20221209_143805,265.0,1.0001495
2188,B06,DR_20221209_143805,266.0,0.009333384
2189,B06,DR_20221209_143805,267.0,0.008991249
2190,B06,DR_20221209_143805,268.0,0.75427634
2191,B06,DR_20221209_143805,269.0,0.00938437
2192,B06,DR_20221209_143805,270.0,0.011152038
2193,B07,DR_20221209_143805,271.0,0.011202195
2194,B07,DR_20221209_143805,272.0,0.011151209
2195,B07,DR_20221209_143805,273.0,0.009358641
2196,B07,DR_20221209_143805,274.0,0.99984324
2197,B07,DR_20221209_143805,275.0,0.009333384
2198,B07,DR_20221209_143805,276.0,0.009465565
2199,B07,DR_20221209_143805,277.0,0.98626935
2200,B07,DR_20221209_143805,278.0,0.008935311
2201,B07,DR_20221209_143805,279.0,1.0005184
2202,B08,DR_20221209_143805,280.0,0.008991249
2203,B08,DR_20221209_143805,281.0,0.008884325
2204,B08,DR_20221209_143805,282.0,1.0013642
2205,B08,DR_20221209_143805,283.0,1.0005547
2206,B08,DR_20221209_143805,284.0,0.011898936
2207,B08,DR_20221209_143805,285.0,0.7529603
2208,B08,DR_20221209_143805,286.0,0.99984324
2209,B08,DR_20221209_143805,287.0,0.9998942
2210,B08,DR_20221209_143805,288.0,1.0003924
2211,B09,DR_20221209_143805,289.0,0.009358641
2212,B09,DR_20221209_143805,290.0,0.0061918744
2213,B09,DR_20221209_143805,291.0,1.0005547
2214,B09,DR_20221209_143805,292.0,1.0000566
2215,B09,DR_20221209_143805,293.0,0.21542412
2216,B09,DR_20221209_143805,294.0,0.009333384
2217,B09,DR_20221209_143805,295.0,0.9995313
2218,B09,DR_20221209_143805,296.0,1.0000056
2219,B09,DR_20221209_143805,297.0,1.0000092
2220,B10,DR_20221209_143805,298.0,0.009334214
2221,B10,DR_20221209_143805,299.0,0.009502479
2222,B10,DR_20221209_143805,300.0,1.0001041
2223,B10,DR_20221209_143805,301.0,1.0011431
2224,B10,DR_20221209_143805,302.0,0.99967515
2225,B10,DR_20221209_143805,303.0,0.14274105
2226,B10,DR_20221209_143805,304.0,0.20965645
2227,B10,DR_20221209_143805,305.0,0.9998942
2228,B10,DR_20221209_143805,306.0,0.99983436
2229,B11,DR_20221209_143805,307.0,0.9994368
2230,B11,DR_20221209_143805,308.0,0.012243879
2231,B11,DR_20221209_143805,309.0,0.9997953
2232,B11,DR_20221209_143805,310.0,0.9999502
2233,B11,DR_20221209_143805,311.0,1.0001495
2234,B11,DR_20221209_143805,312.0,0.9998942
2235,B11,DR_20221209_143805,313.0,0.9990523
2236,B11,DR_20221209_143805,314.0,1.0003924
2237,B11,DR_20221209_143805,315.0,0.9998942
2238,B12,DR_20221209_143805,316.0,0.010783817
2239,B12,DR_20221209_143805,317.0,0.14451228
2240,B12,DR_20221209_143805,318.0,0.24273467
2241,B12,DR_20221209_143805,319.0,1.0003562
2242,B12,DR_20221209_143805,320.0,0.010929273
2243,B12,DR_20221209_143805,321.0,0.99847525
2244,B12,DR_20221209_143805,322.0,0.9998042
2245,B12,DR_20221209_143805,323.0,1.0006609
2246,B12,DR_20221209_143805,324.0,0.99666107
2247,B13,DR_20221209_143805,325.0,1.0014294
2248,B13,DR_20221209_143805,326.0,0.0113135455
2249,B13,DR_20221209_143805,327.0,0.9999502
2250,B13,DR_20221209_143805,328.0,1.0002893
2251,B13,DR_20221209_143805,329.0,0.214816
2252,B13,DR_20221209_143805,330.0,1.0005074
2253,B13,DR_20221209_143805,331.0,1.0024045
2254,B13,DR_20221209_143805,332.0,1.0022608
2255,B13,DR_20221209_143805,333.0,1.0003924
2256,B14,DR_20221209_143805,334.0,1.0005746
2257,B14,DR_20221209_143805,335.0,0.0857425
2258,B14,DR_20221209_143805,336.0,1.0003916
2259,B14,DR_20221209_143805,337.0,-0.017271526
2260,B14,DR_20221209_143805,338.0,0.0837016
2261,B14,DR_20221209_143805,339.0,0.085728094
2262,B14,DR_20221209_143805,340.0,0.9972193
2263,B14,DR_20221209_143805,341.0,0.9995823
2264,B14,DR_20221209_143805,342.0,1.0000051
2265,B15,DR_20221209_143805,343.0,0.010505759
2266,B15,DR_20221209_143805,344.0,0.009409627
2267,B15,DR_20221209_143805,345.0,0.19379096
2268,B15,DR_20221209_143805,346.0,0.009409627
2269,B15,DR_20221209_143805,347.0,0.011457384
2270,B15,DR_20221209_143805,348.0,0.010533682
2271,B15,DR_20221209_143805,349.0,1.0003446
2272,B15,DR_20221209_143805,350.0,0.9999111
2273,B15,DR_20221209_143805,351.0,0.9998942
2274,B16,DR_20221209_143805,352.0,0.011151209
2275,B16,DR_20221209_143805,353.0,1.001109
2276,B16,DR_20221209_143805,354.0,0.9999502
2277,B16,DR_20221209_143805,355.0,0.9997953
2278,B16,DR_20221209_143805,356.0,1.0000566
2279,B16,DR_20221209_143805,357.0,1.0010179
2280,B16,DR_20221209_143805,358.0,0.9972173
2281,B16,DR_20221209_143805,359.0,0.9986053
2282,B16,DR_20221209_143805,360.0,0.9998942
2283,B17,DR_20221209_143805,361.0,1.0000566
2284,B17,DR_20221209_143805,362.0,0.9984605
2285,B17,DR_20221209_143805,363.0,0.99958146
2286,B17,DR_20221209_143805,364.0,1.0019583
2287,B17,DR_20221209_143805,365.0,0.010839229
2288,B17,DR_20221209_143805,366.0,0.010727879
2289,B17,DR_20221209_143805,367.0,0.012621064
2290,B17,DR_20221209_143805,368.0,0.009409627
2291,B17,DR_20221209_143805,369.0,1.0000144
2292,B18,DR_20221209_143805,370.0,1.0003924
2293,B18,DR_20221209_143805,371.0,1.0000566
2294,B18,DR_20221209_143805,372.0,0.9997953
2295,B18,DR_20221209_143805,373.0,0.9998441
2296,B18,DR_20221209_143805,374.0,0.011295047
2297,B18,DR_20221209_143805,375.0,0.009409627
2298,B18,DR_20221209_143805,376.0,0.009493407
2299,B18,DR_20221209_143805,377.0,0.009409627
2300,B18,DR_20221209_143805,378.0,0.99984324
2301,B19,DR_20221209_143805,379.0,0.23806132
2302,B19,DR_20221209_143805,380.0,1.0000566
2303,B19,DR_20221209_143805,381.0,0.99984324
2304,B19,DR_20221209_143805,382.0,1.0000566
2305,B19,DR_20221209_143805,383.0,0.9990789
2306,B19,DR_20221209_143805,384.0,0.9999502
2307,B19,DR_20221209_143805,385.0,1.0003172
2308,B19,DR_20221209_143805,386.0,1.0000111
2309,B19,DR_20221209_143805,387.0,0.99980503
2310,B20,DR_20221209_143805,388.0,0.008935311
2311,B20,DR_20221209_143805,389.0,0.9998942
2312,B20,DR_20221209_143805,390.0,0.99666107
2313,B20,DR_20221209_143805,391.0,0.99984324
2314,B20,DR_20221209_143805,392.0,0.009553465
2315,B20,DR_20221209_143805,393.0,0.010707361
2316,B20,DR_20221209_143805,394.0,1.0015363
2317,B20,DR_20221209_143805,395.0,0.012290017
2318,B20,DR_20221209_143805,396.0,0.9967769
2319,B21,DR_20221209_143805,397.0,0.008935311
2320,B21,DR_20221209_143805,398.0,0.009409627
2321,B21,DR_20221209_143805,399.0,0.9997953
2322,B21,DR_20221209_143805,400.0,0.01121523
2323,B21,DR_20221209_143805,401.0,0.009409627
2324,B21,DR_20221209_143805,402.0,0.01032854
2325,B21,DR_20221209_143805,403.0,1.0026441
2326,B21,DR_20221209_143805,404.0,0.9995914
2327,B21,DR_20221209_143805,405.0,1.0000144
2328,B22,DR_20221209_143805,406.0,0.19967104
2329,B22,DR_20221209_143805,407.0,1.0005547
2330,B22,DR_20221209_143805,408.0,1.0001787
2331,B22,DR_20221209_143805,409.0,0.9998942
2332,B22,DR_20221209_143805,410.0,0.011202195
2333,B22,DR_20221209_143805,411.0,0.9998942
2334,B22,DR_20221209_143805,412.0,1.002468
2335,B22,DR_20221209_143805,413.0,0.9998942
2336,B22,DR_20221209_143805,414.0,1.0003924
2373,C03,DR_20221209_143805,451.0,0.23809938
2374,C03,DR_20221209_143805,452.0,0.49948665
2375,C03,DR_20221209_143805,453.0,0.99953365
2376,C03,DR_20221209_143805,454.0,0.8572523
2377,C03,DR_20221209_143805,455.0,0.4445229
2378,C03,DR_20221209_143805,456.0,0.08640627
2379,C03,DR_20221209_143805,457.0,1.0002197
2380,C03,DR_20221209_143805,458.0,0.5043039
2381,C03,DR_20221209_143805,459.0,1.0012535
2382,C04,DR_20221209_143805,460.0,0.44451874
2383,C04,DR_20221209_143805,461.0,0.085944116
2384,C04,DR_20221209_143805,462.0,0.08635652
2385,C04,DR_20221209_143805,463.0,0.08635528
2386,C04,DR_20221209_143805,464.0,-0.0060343444
2387,C04,DR_20221209_143805,465.0,-0.00082771643
2388,C04,DR_20221209_143805,466.0,0.9978321
2389,C04,DR_20221209_143805,467.0,0.0032183295
2390,C04,DR_20221209_143805,468.0,0.44521046
2391,C05,DR_20221209_143805,469.0,0.00285712
2392,C05,DR_20221209_143805,470.0,-0.0025905715
2393,C05,DR_20221209_143805,471.0,0.0025360126
2394,C05,DR_20221209_143805,472.0,0.99882615
2395,C05,DR_20221209_143805,473.0,-0.0010622538
2396,C05,DR_20221209_143805,474.0,-0.0006982747
2397,C05,DR_20221209_143805,475.0,0.98053926
2398,C05,DR_20221209_143805,476.0,-9.566762e-05
2399,C05,DR_20221209_143805,477.0,0.857025
2400,C06,DR_20221209_143805,478.0,0.009409627
2401,C06,DR_20221209_143805,479.0,0.011021603
2402,C06,DR_20221209_143805,480.0,0.009358641
2403,C06,DR_20221209_143805,481.0,0.20991169
2404,C06,DR_20221209_143805,482.0,0.010895708
2405,C06,DR_20221209_143805,483.0,0.008991249
2406,C06,DR_20221209_143805,484.0,0.7511169
2407,C06,DR_20221209_143805,485.0,0.009409627
2408,C06,DR_20221209_143805,486.0,1.0003924
2409,C07,DR_20221209_143805,487.0,0.9999507
2410,C07,DR_20221209_143805,488.0,1.0005074
2411,C07,DR_20221209_143805,489.0,0.99984324
2412,C07,DR_20221209_143805,490.0,1.0000566
2413,C07,DR_20221209_143805,491.0,0.009502479
2414,C07,DR_20221209_143805,492.0,0.75116783
2415,C07,DR_20221209_143805,493.0,0.009358641
2416,C07,DR_20221209_143805,494.0,0.7506935
2417,C07,DR_20221209_143805,495.0,0.9997224
2418,C08,DR_20221209_143805,496.0,1.0000056
2419,C08,DR_20221209_143805,497.0,0.029670743
2420,C08,DR_20221209_143805,498.0,1.0000566
2421,C08,DR_20221209_143805,499.0,1.0000566
2422,C08,DR_20221209_143805,500.0,0.5355255
2423,C08,DR_20221209_143805,501.0,0.011862022
2424,C08,DR_20221209_143805,502.0,0.009358641
2425,C08,DR_20221209_143805,503.0,0.011550583
2426,C08,DR_20221209_143805,504.0,0.99985516
2427,C09,DR_20221209_143805,505.0,0.00942943
2428,C09,DR_20221209_143805,506.0,0.009502479
2429,C09,DR_20221209_143805,507.0,1.0000566
2430,C09,DR_20221209_143805,508.0,1.0000056
2431,C09,DR_20221209_143805,509.0,0.99967515
2432,C09,DR_20221209_143805,510.0,0.009028163
2433,C09,DR_20221209_143805,511.0,0.7506935
2434,C09,DR_20221209_143805,512.0,0.011202195
2435,C09,DR_20221209_143805,513.0,0.011295047
2436,C10,DR_20221209_143805,514.0,1.0000566
2437,C10,DR_20221209_143805,515.0,1.0001495
2438,C10,DR_20221209_143805,516.0,0.20981885
2439,C10,DR_20221209_143805,517.0,1.0000566
2440,C10,DR_20221209_143805,518.0,0.20861253
2441,C10,DR_20221209_143805,519.0,0.00938437
2442,C10,DR_20221209_143805,520.0,0.011926911
2443,C10,DR_20221209_143805,521.0,0.009409627
2444,C10,DR_20221209_143805,522.0,0.99958146
2445,C11,DR_20221209_143805,523.0,0.9999507
2446,C11,DR_20221209_143805,524.0,0.9998942
2447,C11,DR_20221209_143805,525.0,0.9997953
2448,C11,DR_20221209_143805,526.0,1.0000566
2449,C11,DR_20221209_143805,527.0,0.011898936
2450,C11,DR_20221209_143805,528.0,0.010802856
2451,C11,DR_20221209_143805,529.0,1.0019339
2452,C11,DR_20221209_143805,530.0,0.99971974
2453,C11,DR_20221209_143805,531.0,1.0022613
2454,C12,DR_20221209_143805,532.0,0.012437601
2455,C12,DR_20221209_143805,533.0,0.012721841
2456,C12,DR_20221209_143805,534.0,0.99909
2457,C12,DR_20221209_143805,535.0,1.0000566
2458,C12,DR_20221209_143805,536.0,0.2149341
2459,C12,DR_20221209_143805,537.0,1.0011803
2460,C12,DR_20221209_143805,538.0,0.9885718
2461,C12,DR_20221209_143805,539.0,0.011806084
2462,C12,DR_20221209_143805,540.0,1.0000566
2463,C13,DR_20221209_143805,541.0,0.012117735
2464,C13,DR_20221209_143805,542.0,0.008935311
2465,C13,DR_20221209_143805,543.0,1.00099
2466,C13,DR_20221209_143805,544.0,1.0005547
2467,C13,DR_20221209_143805,545.0,1.0001495
2468,C13,DR_20221209_143805,546.0,1.0000566
2469,C13,DR_20221209_143805,547.0,0.19967104
2470,C13,DR_20221209_143805,548.0,1.0010179
2471,C13,DR_20221209_143805,549.0,1.0000566
2472,C14,DR_20221209_143805,550.0,1.0006999
2473,C14,DR_20221209_143805,551.0,0.008935311
2474,C14,DR_20221209_143805,552.0,1.0003924
2475,C14,DR_20221209_143805,553.0,1.0000056
2476,C14,DR_20221209_143805,554.0,0.22711624
2477,C14,DR_20221209_143805,555.0,1.0010179
2478,C14,DR_20221209_143805,556.0,0.9998042
2479,C14,DR_20221209_143805,557.0,0.01242507
2480,C14,DR_20221209_143805,558.0,0.99666107
2481,C15,DR_20221209_143805,559.0,1.0010179
2482,C15,DR_20221209_143805,560.0,0.011202195
2483,C15,DR_20221209_143805,561.0,0.99985516
2484,C15,DR_20221209_143805,562.0,0.9990808
2485,C15,DR_20221209_143805,563.0,0.9786595
2486,C15,DR_20221209_143805,564.0,0.9998942
2487,C15,DR_20221209_143805,565.0,0.9998942
2488,C15,DR_20221209_143805,566.0,1.0000566
2489,C15,DR_20221209_143805,567.0,0.9998469
2490,C16,DR_20221209_143805,568.0,0.011021603
2491,C16,DR_20221209_143805,569.0,0.75116783
2492,C16,DR_20221209_143805,570.0,0.010632481
2493,C16,DR_20221209_143805,571.0,0.9998942
2494,C16,DR_20221209_143805,572.0,0.9998942
2495,C16,DR_20221209_143805,573.0,0.9998942
2496,C16,DR_20221209_143805,574.0,0.99984324
2497,C16,DR_20221209_143805,575.0,0.9998942
2498,C16,DR_20221209_143805,576.0,0.9994746
2499,C17,DR_20221209_143805,577.0,1.0000566
2500,C17,DR_20221209_143805,578.0,0.9998942
2501,C17,DR_20221209_143805,579.0,0.9998042
2502,C17,DR_20221209_143805,580.0,1.0000566
2503,C17,DR_20221209_143805,581.0,0.9998942
2504,C17,DR_20221209_143805,582.0,0.009409627
2505,C17,DR_20221209_143805,583.0,1.0005597
2506,C17,DR_20221209_143805,584.0,0.7502063
2507,C17,DR_20221209_143805,585.0,0.9998942
2508,C18,DR_20221209_143805,586.0,0.9998942
2509,C18,DR_20221209_143805,587.0,0.9998942
2510,C18,DR_20221209_143805,588.0,0.99986154
2511,C18,DR_20221209_143805,589.0,0.49353486
2512,C18,DR_20221209_143805,590.0,0.011202195
2513,C18,DR_20221209_143805,591.0,1.0010179
2514,C18,DR_20221209_143805,592.0,0.99986154
2515,C18,DR_20221209_143805,593.0,0.009409627
2516,C18,DR_20221209_143805,594.0,1.0000566
2517,C19,DR_20221209_143805,595.0,0.9998942
2518,C19,DR_20221209_143805,596.0,0.9998942
2519,C19,DR_20221209_143805,597.0,0.9999075
2520,C19,DR_20221209_143805,598.0,0.996523
2521,C19,DR_20221209_143805,599.0,0.99998707
2522,C19,DR_20221209_143805,600.0,0.009409627
2523,C19,DR_20221209_143805,601.0,1.0016423
2524,C19,DR_20221209_143805,602.0,0.011202195
2525,C19,DR_20221209_143805,603.0,0.9998042
2526,C20,DR_20221209_143805,604.0,0.008935311
2527,C20,DR_20221209_143805,605.0,0.009333384
2528,C20,DR_20221209_143805,606.0,0.009409627
2529,C20,DR_20221209_143805,607.0,0.9998469
2530,C20,DR_20221209_143805,608.0,0.00938437
2531,C20,DR_20221209_143805,609.0,0.009409627
2532,C20,DR_20221209_143805,610.0,1.0015557
2533,C20,DR_20221209_143805,611.0,0.7502063
2534,C20,DR_20221209_143805,612.0,0.99958146
2535,C21,DR_20221209_143805,613.0,0.9998042
2536,C21,DR_20221209_143805,614.0,0.9998469
2537,C21,DR_20221209_143805,615.0,0.99985516
2538,C21,DR_20221209_143805,616.0,0.9998942
2539,C21,DR_20221209_143805,617.0,0.009553465
2540,C21,DR_20221209_143805,618.0,0.011202195
2541,C21,DR_20221209_143805,619.0,0.99991363
2542,C21,DR_20221209_143805,620.0,0.009172988
2543,C21,DR_20221209_143805,621.0,1.0001787
2544,C22,DR_20221209_143805,622.0,1.0003535
2545,C22,DR_20221209_143805,623.0,0.9998942
2546,C22,DR_20221209_143805,624.0,0.9998042
2547,C22,DR_20221209_143805,625.0,0.087378554
2548,C22,DR_20221209_143805,626.0,1.0000566
2549,C22,DR_20221209_143805,627.0,1.0005547
2550,C22,DR_20221209_143805,628.0,0.9998942
2551,C22,DR_20221209_143805,629.0,0.010929273
2552,C22,DR_20221209_143805,630.0,0.9991644
2589,D03,DR_20221209_143805,667.0,0.24429229
2590,D03,DR_20221209_143805,668.0,-0.0015085308
2591,D03,DR_20221209_143805,669.0,0.08682616
2592,D03,DR_20221209_143805,670.0,0.44421995
2593,D03,DR_20221209_143805,671.0,0.44489178
2594,D03,DR_20221209_143805,672.0,-0.00032149974
2595,D03,DR_20221209_143805,673.0,0.086882636
2596,D03,DR_20221209_143805,674.0,0.44390625
2597,D03,DR_20221209_143805,675.0,0.086844236
2598,D04,DR_20221209_143805,676.0,0.99896234
2599,D04,DR_20221209_143805,677.0,0.08640751
2600,D04,DR_20221209_143805,678.0,0.9930112
2601,D04,DR_20221209_143805,679.0,0.9996196
2602,D04,DR_20221209_143805,680.0,0.009339165
2603,D04,DR_20221209_143805,681.0,0.99970615
2604,D04,DR_20221209_143805,682.0,0.9986063
2605,D04,DR_20221209_143805,683.0,-0.00015298119
2606,D04,DR_20221209_143805,684.0,0.9983125
2607,D05,DR_20221209_143805,685.0,0.9935771
2608,D05,DR_20221209_143805,686.0,0.0033767738
2609,D05,DR_20221209_143805,687.0,0.99896234
2610,D05,DR_20221209_143805,688.0,0.99970615
2611,D05,DR_20221209_143805,689.0,0.4446419
2612,D05,DR_20221209_143805,690.0,0.08654859
2613,D05,DR_20221209_143805,691.0,0.08710062
2614,D05,DR_20221209_143805,692.0,0.99970615
2615,D05,DR_20221209_143805,693.0,0.99910307
2616,D06,DR_20221209_143805,694.0,0.99862057
2617,D06,DR_20221209_143805,695.0,0.087555096
2618,D06,DR_20221209_143805,696.0,0.44329956
2619,D06,DR_20221209_143805,697.0,0.08653468
2620,D06,DR_20221209_143805,698.0,0.44512767
2621,D06,DR_20221209_143805,699.0,0.08701105
2622,D06,DR_20221209_143805,700.0,0.9959684
2623,D06,DR_20221209_143805,701.0,0.08731062
2624,D06,DR_20221209_143805,702.0,0.086971916
2625,D07,DR_20221209_143805,703.0,-0.00539202
2626,D07,DR_20221209_143805,704.0,0.44375783
2627,D07,DR_20221209_143805,705.0,0.08653468
2628,D07,DR_20221209_143805,706.0,-0.0009334375
2629,D07,DR_20221209_143805,707.0,0.45079723
2630,D07,DR_20221209_143805,708.0,-0.00044561396
2631,D07,DR_20221209_143805,709.0,0.9755138
2632,D07,DR_20221209_143805,710.0,-0.0010622538
2633,D07,DR_20221209_143805,711.0,0.08653468
2634,D09,DR_20221209_143805,721.0,0.009333384
2635,D09,DR_20221209_143805,722.0,0.009409627
2636,D09,DR_20221209_143805,723.0,0.9998942
2637,D09,DR_20221209_143805,724.0,1.0000566
2638,D09,DR_20221209_143805,725.0,0.99967515
2639,D09,DR_20221209_143805,726.0,0.99941987
2640,D09,DR_20221209_143805,727.0,0.7534984
2641,D09,DR_20221209_143805,728.0,0.9995823
2642,D09,DR_20221209_143805,729.0,0.99765086
2643,D10,DR_20221209_143805,730.0,0.99983436
2644,D10,DR_20221209_143805,731.0,0.9997953
2645,D10,DR_20221209_143805,732.0,1.0023736
2646,D10,DR_20221209_143805,733.0,0.009474513
2647,D10,DR_20221209_143805,734.0,0.009358641
2648,D10,DR_20221209_143805,735.0,0.011065852
2649,D10,DR_20221209_143805,736.0,0.9986188
2650,D10,DR_20221209_143805,737.0,0.009508151
2651,D10,DR_20221209_143805,738.0,0.010783817
2652,D11,DR_20221209_143805,739.0,0.9998942
2653,D11,DR_20221209_143805,740.0,0.087378554
2654,D11,DR_20221209_143805,741.0,0.99985516
2655,D11,DR_20221209_143805,742.0,0.85624707
2656,D11,DR_20221209_143805,743.0,0.5002306
2657,D11,DR_20221209_143805,744.0,0.9998942
2658,D11,DR_20221209_143805,745.0,1.0003562
2659,D11,DR_20221209_143805,746.0,0.49858442
2660,D11,DR_20221209_143805,747.0,1.0004544
2661,D12,DR_20221209_143805,748.0,0.010802856
2662,D12,DR_20221209_143805,749.0,0.99941987
2663,D12,DR_20221209_143805,750.0,1.0000566
2664,D12,DR_20221209_143805,751.0,1.0000566
2665,D12,DR_20221209_143805,752.0,0.22458668
2666,D12,DR_20221209_143805,753.0,0.18893185
2667,D12,DR_20221209_143805,754.0,0.008935311
2668,D12,DR_20221209_143805,755.0,1.0000566
2669,D12,DR_20221209_143805,756.0,1.0002296
2670,D13,DR_20221209_143805,757.0,0.0139219165
2671,D13,DR_20221209_143805,758.0,0.008429183
2672,D13,DR_20221209_143805,759.0,0.9859832
2673,D13,DR_20221209_143805,760.0,0.99984324
2674,D13,DR_20221209_143805,761.0,0.009503309
2675,D13,DR_20221209_143805,762.0,0.009358641
2676,D13,DR_20221209_143805,763.0,1.0198396
2677,D13,DR_20221209_143805,764.0,0.9998942
2678,D13,DR_20221209_143805,765.0,0.99983436
2679,D14,DR_20221209_143805,766.0,0.012841879
2680,D14,DR_20221209_143805,767.0,0.011745799
2681,D14,DR_20221209_143805,768.0,0.009409627
2682,D14,DR_20221209_143805,769.0,1.0000111
2683,D14,DR_20221209_143805,770.0,0.0143164145
2684,D14,DR_20221209_143805,771.0,0.00938437
2685,D14,DR_20221209_143805,772.0,0.009409627
2686,D14,DR_20221209_143805,773.0,0.009489257
2687,D14,DR_20221209_143805,774.0,0.99984324
2688,D15,DR_20221209_143805,775.0,0.016934037
2689,D15,DR_20221209_143805,776.0,0.012243879
2690,D15,DR_20221209_143805,777.0,0.9998942
2691,D15,DR_20221209_143805,778.0,0.20965645
2692,D15,DR_20221209_143805,779.0,0.0092210565
2693,D15,DR_20221209_143805,780.0,0.012387717
2694,D15,DR_20221209_143805,781.0,0.010727879
2695,D15,DR_20221209_143805,782.0,0.9998942
2696,D15,DR_20221209_143805,783.0,0.011021603
2697,D16,DR_20221209_143805,784.0,0.008935311
2698,D16,DR_20221209_143805,785.0,0.009409627
2699,D16,DR_20221209_143805,786.0,1.000013
2700,D16,DR_20221209_143805,787.0,0.9999125
2701,D16,DR_20221209_143805,788.0,0.011059489
2702,D16,DR_20221209_143805,789.0,0.008935311
2703,D16,DR_20221209_143805,790.0,0.99958646
2704,D16,DR_20221209_143805,791.0,0.9995823
2705,D16,DR_20221209_143805,792.0,0.99965996
2706,D17,DR_20221209_143805,793.0,1.0011524
2707,D17,DR_20221209_143805,794.0,0.20981885
2708,D17,DR_20221209_143805,795.0,0.011142308
2709,D17,DR_20221209_143805,796.0,1.0000566
2710,D17,DR_20221209_143805,797.0,0.009118786
2711,D17,DR_20221209_143805,798.0,0.010454957
2712,D17,DR_20221209_143805,799.0,0.9997953
2713,D17,DR_20221209_143805,800.0,0.008935311
2714,D17,DR_20221209_143805,801.0,0.99959034
2715,D18,DR_20221209_143805,802.0,0.010547287
2716,D18,DR_20221209_143805,803.0,0.9999502
2717,D18,DR_20221209_143805,804.0,0.9995776
2718,D18,DR_20221209_143805,805.0,0.9998942
2719,D18,DR_20221209_143805,806.0,0.009502479
2720,D18,DR_20221209_143805,807.0,0.008935311
2721,D18,DR_20221209_143805,808.0,0.99934274
2722,D18,DR_20221209_143805,809.0,0.011074753
2723,D18,DR_20221209_143805,810.0,0.9997755
2724,D19,DR_20221209_143805,811.0,0.99996024
2725,D19,DR_20221209_143805,812.0,0.9998942
2726,D19,DR_20221209_143805,813.0,0.99798584
2727,D19,DR_20221209_143805,814.0,1.0001787
2728,D19,DR_20221209_143805,815.0,0.23806132
2729,D19,DR_20221209_143805,816.0,0.011021603
2730,D19,DR_20221209_143805,817.0,0.9986586
2731,D19,DR_20221209_143805,818.0,0.99985516
2732,D19,DR_20221209_143805,819.0,0.9998942
2733,D20,DR_20221209_143805,820.0,0.011202195
2734,D20,DR_20221209_143805,821.0,1.0000092
2735,D20,DR_20221209_143805,822.0,0.20960546
2736,D20,DR_20221209_143805,823.0,1.0005547
2737,D20,DR_20221209_143805,824.0,1.0002004
2738,D20,DR_20221209_143805,825.0,0.009409627
2739,D20,DR_20221209_143805,826.0,0.9999111
2740,D20,DR_20221209_143805,827.0,0.009409627
2741,D20,DR_20221209_143805,828.0,0.9998469
2742,D21,DR_20221209_143805,829.0,1.0005074
2743,D21,DR_20221209_143805,830.0,0.9998942
2744,D21,DR_20221209_143805,831.0,0.99958146
2745,D21,DR_20221209_143805,832.0,0.9997953
2746,D21,DR_20221209_143805,833.0,1.0000429
2747,D21,DR_20221209_143805,834.0,1.0011667
2748,D21,DR_20221209_143805,835.0,1.0006028
2749,D21,DR_20221209_143805,836.0,0.010929273
2750,D21,DR_20221209_143805,837.0,0.99959034
2751,D22,DR_20221209_143805,838.0,0.9998942
2752,D22,DR_20221209_143805,839.0,0.087378554
2753,D22,DR_20221209_143805,840.0,1.0015254
2754,D22,DR_20221209_143805,841.0,0.9998942
2755,D22,DR_20221209_143805,842.0,0.010871717
2756,D22,DR_20221209_143805,843.0,0.9998942
2757,D22,DR_20221209_143805,844.0,0.008448076
2758,D22,DR_20221209_143805,845.0,1.0003107
2759,D22,DR_20221209_143805,846.0,1.0001787
2796,E03,DR_20221209_143805,883.0,0.008698672
2797,E03,DR_20221209_143805,884.0,0.24058412
2798,E03,DR_20221209_143805,885.0,0.9996669
2799,E03,DR_20221209_143805,886.0,1.0001571
2800,E03,DR_20221209_143805,887.0,0.4428797
2801,E03,DR_20221209_143805,888.0,0.08654859
2802,E03,DR_20221209_143805,889.0,0.24251874
2803,E03,DR_20221209_143805,890.0,0.086971916
2804,E03,DR_20221209_143805,891.0,0.08757121
2805,E04,DR_20221209_143805,892.0,0.0014283728
2806,E04,DR_20221209_143805,893.0,-0.00030296313
2807,E04,DR_20221209_143805,894.0,0.4435174
2808,E04,DR_20221209_143805,895.0,0.8557523
2809,E04,DR_20221209_143805,896.0,0.4440056
2810,E04,DR_20221209_143805,897.0,0.0865638
2811,E04,DR_20221209_143805,898.0,0.9765835
2812,E04,DR_20221209_143805,899.0,0.44516182
2813,E04,DR_20221209_143805,900.0,0.4987202
2814,E05,DR_20221209_143805,901.0,0.002399709
2815,E05,DR_20221209_143805,902.0,-0.00064049993
2816,E05,DR_20221209_143805,903.0,-0.001192125
2817,E05,DR_20221209_143805,904.0,0.44447282
2818,E05,DR_20221209_143805,905.0,-0.0005176824
2819,E05,DR_20221209_143805,906.0,-0.0026854652
2820,E05,DR_20221209_143805,907.0,0.00950197
2821,E05,DR_20221209_143805,908.0,-0.0009530324
2822,E05,DR_20221209_143805,909.0,0.08886455
2823,E06,DR_20221209_143805,910.0,-0.0029264623
2824,E06,DR_20221209_143805,911.0,-0.0014212349
2825,E06,DR_20221209_143805,912.0,0.08757121
2826,E06,DR_20221209_143805,913.0,0.08677517
2827,E06,DR_20221209_143805,914.0,0.009192406
2828,E06,DR_20221209_143805,915.0,-0.001839788
2829,E06,DR_20221209_143805,916.0,0.07902216
2830,E06,DR_20221209_143805,917.0,-0.0014212349
2831,E06,DR_20221209_143805,918.0,-0.0009530324
2832,E07,DR_20221209_143805,919.0,0.99971795
2833,E07,DR_20221209_143805,920.0,0.9996196
2834,E07,DR_20221209_143805,921.0,0.9993125
2835,E07,DR_20221209_143805,922.0,0.9996588
2836,E07,DR_20221209_143805,923.0,0.08640627
2837,E07,DR_20221209_143805,924.0,0.08654859
2838,E07,DR_20221209_143805,925.0,0.9884435
2839,E07,DR_20221209_143805,926.0,0.99900293
2840,E07,DR_20221209_143805,927.0,0.99970615
2841,E08,DR_20221209_143805,928.0,0.44494802
2842,E08,DR_20221209_143805,929.0,0.4443784
2843,E08,DR_20221209_143805,930.0,0.9987407
2844,E08,DR_20221209_143805,931.0,0.9995727
2845,E08,DR_20221209_143805,932.0,0.44460332
2846,E08,DR_20221209_143805,933.0,0.00013591124
2847,E08,DR_20221209_143805,934.0,0.08653468
2848,E08,DR_20221209_143805,935.0,0.44579887
2849,E08,DR_20221209_143805,936.0,0.99900293
2850,E09,DR_20221209_143805,937.0,0.009333384
2851,E09,DR_20221209_143805,938.0,0.009409627
2852,E09,DR_20221209_143805,939.0,1.0000429
2853,E09,DR_20221209_143805,940.0,1.0000566
2854,E09,DR_20221209_143805,941.0,0.2376344
2855,E09,DR_20221209_143805,942.0,0.20965645
2856,E09,DR_20221209_143805,943.0,0.9995313
2857,E09,DR_20221209_143805,944.0,1.0001041
2858,E09,DR_20221209_143805,945.0,1.0004257
2859,E10,DR_20221209_143805,946.0,0.20893443
2860,E10,DR_20221209_143805,947.0,0.0113135455
2861,E10,DR_20221209_143805,948.0,0.011021603
2862,E10,DR_20221209_143805,949.0,0.009409627
2863,E10,DR_20221209_143805,950.0,0.009553465
2864,E10,DR_20221209_143805,951.0,0.009948829
2865,E10,DR_20221209_143805,952.0,0.9997007
2866,E10,DR_20221209_143805,953.0,0.010929273
2867,E10,DR_20221209_143805,954.0,0.01101438
2868,E11,DR_20221209_143805,955.0,1.0000429
2869,E11,DR_20221209_143805,956.0,0.087540984
2870,E11,DR_20221209_143805,957.0,0.08549591
2871,E11,DR_20221209_143805,958.0,0.50284594
2872,E11,DR_20221209_143805,959.0,0.5001043
2873,E11,DR_20221209_143805,960.0,0.50062966
2874,E11,DR_20221209_143805,961.0,0.99887246
2875,E11,DR_20221209_143805,962.0,0.5047531
2876,E11,DR_20221209_143805,963.0,0.9997953
2877,E12,DR_20221209_143805,964.0,0.013712539
2878,E12,DR_20221209_143805,965.0,0.75116783
2879,E12,DR_20221209_143805,966.0,0.99984324
2880,E12,DR_20221209_143805,967.0,1.0000176
2881,E12,DR_20221209_143805,968.0,1.0000566
2882,E12,DR_20221209_143805,969.0,0.008884325
2883,E12,DR_20221209_143805,970.0,0.0106004365
2884,E12,DR_20221209_143805,971.0,1.0000566
2885,E12,DR_20221209_143805,972.0,0.9998042
2886,E13,DR_20221209_143805,973.0,0.009358641
2887,E13,DR_20221209_143805,974.0,0.00938437
2888,E13,DR_20221209_143805,975.0,0.009407134
2889,E13,DR_20221209_143805,976.0,0.9998942
2890,E13,DR_20221209_143805,977.0,0.009358641
2891,E13,DR_20221209_143805,978.0,0.009409627
2892,E13,DR_20221209_143805,979.0,0.9998942
2893,E13,DR_20221209_143805,980.0,1.0000566
2894,E13,DR_20221209_143805,981.0,0.9997953
2895,E14,DR_20221209_143805,982.0,0.012243879
2896,E14,DR_20221209_143805,983.0,0.011021603
2897,E14,DR_20221209_143805,984.0,0.0107785445
2898,E14,DR_20221209_143805,985.0,0.9998469
2899,E14,DR_20221209_143805,986.0,0.008211807
2900,E14,DR_20221209_143805,987.0,0.010929273
2901,E14,DR_20221209_143805,988.0,0.008935311
2902,E14,DR_20221209_143805,989.0,0.011202195
2903,E14,DR_20221209_143805,990.0,-0.02116107
2904,E15,DR_20221209_143805,991.0,0.008935311
2905,E15,DR_20221209_143805,992.0,0.00938437
2906,E15,DR_20221209_143805,993.0,0.49811012
2907,E15,DR_20221209_143805,994.0,0.9998469
2908,E15,DR_20221209_143805,995.0,0.009118786
2909,E15,DR_20221209_143805,996.0,0.008935311
2910,E15,DR_20221209_143805,997.0,0.009409627
2911,E15,DR_20221209_143805,998.0,0.009409627
2912,E15,DR_20221209_143805,999.0,0.010755527
2913,E16,DR_20221209_143805,1000.0,0.012192893
2914,E16,DR_20221209_143805,1001.0,0.009409627
2915,E16,DR_20221209_143805,1002.0,0.99980503
2916,E16,DR_20221209_143805,1003.0,0.9998942
2917,E16,DR_20221209_143805,1004.0,0.008695456
2918,E16,DR_20221209_143805,1005.0,0.009409627
2919,E16,DR_20221209_143805,1006.0,0.99971867
2920,E16,DR_20221209_143805,1007.0,0.9998488
2921,E16,DR_20221209_143805,1008.0,1.0001847
2922,E17,DR_20221209_143805,1009.0,0.009409627
2923,E17,DR_20221209_143805,1010.0,0.009409627
2924,E17,DR_20221209_143805,1011.0,0.009409627
2925,E17,DR_20221209_143805,1012.0,0.011806084
2926,E17,DR_20221209_143805,1013.0,0.0059772762
2927,E17,DR_20221209_143805,1014.0,0.008935311
2928,E17,DR_20221209_143805,1015.0,0.009493407
2929,E17,DR_20221209_143805,1016.0,0.009014941
2930,E17,DR_20221209_143805,1017.0,0.9998942
2931,E18,DR_20221209_143805,1018.0,1.0000566
2932,E18,DR_20221209_143805,1019.0,0.99984324
2933,E18,DR_20221209_143805,1020.0,0.010773909
2934,E18,DR_20221209_143805,1021.0,1.0000566
2935,E18,DR_20221209_143805,1022.0,0.009553465
2936,E18,DR_20221209_143805,1023.0,0.009409627
2937,E18,DR_20221209_143805,1024.0,1.0056502
2938,E18,DR_20221209_143805,1025.0,0.011021603
2939,E18,DR_20221209_143805,1026.0,1.0016412
2940,E19,DR_20221209_143805,1027.0,0.010802856
2941,E19,DR_20221209_143805,1028.0,0.9998942
2942,E19,DR_20221209_143805,1029.0,0.9996413
2943,E19,DR_20221209_143805,1030.0,0.99984324
2944,E19,DR_20221209_143805,1031.0,0.009409627
2945,E19,DR_20221209_143805,1032.0,0.9998942
2946,E19,DR_20221209_143805,1033.0,0.99985516
2947,E19,DR_20221209_143805,1034.0,0.99985516
2948,E19,DR_20221209_143805,1035.0,0.9998942
2949,E20,DR_20221209_143805,1036.0,0.7506935
2950,E20,DR_20221209_143805,1037.0,0.9998469
2951,E20,DR_20221209_143805,1038.0,0.009407134
2952,E20,DR_20221209_143805,1039.0,0.00938437
2953,E20,DR_20221209_143805,1040.0,0.009358641
2954,E20,DR_20221209_143805,1041.0,0.011202195
2955,E20,DR_20221209_143805,1042.0,1.0003535
2956,E20,DR_20221209_143805,1043.0,0.009409627
2957,E20,DR_20221209_143805,1044.0,0.9998469
2958,E21,DR_20221209_143805,1045.0,0.9998942
2959,E21,DR_20221209_143805,1046.0,0.9998854
2960,E21,DR_20221209_143805,1047.0,0.99939185
2961,E21,DR_20221209_143805,1048.0,0.9998942
2962,E21,DR_20221209_143805,1049.0,0.009553465
2963,E21,DR_20221209_143805,1050.0,0.009409627
2964,E21,DR_20221209_143805,1051.0,0.210569
2965,E21,DR_20221209_143805,1052.0,0.009409627
2966,E21,DR_20221209_143805,1053.0,0.99959034
2967,E22,DR_20221209_143805,1054.0,0.9998942
2968,E22,DR_20221209_143805,1055.0,0.9998942
2969,E22,DR_20221209_143805,1056.0,0.99909
2970,E22,DR_20221209_143805,1057.0,0.9998942
2971,E22,DR_20221209_143805,1058.0,0.0113135455
2972,E22,DR_20221209_143805,1059.0,0.99956864
2973,E22,DR_20221209_143805,1060.0,1.0009706
2974,E22,DR_20221209_143805,1061.0,1.0007279
2975,E22,DR_20221209_143805,1062.0,0.9998942
3012,F03,DR_20221209_143805,1099.0,0.0027397932
3013,F03,DR_20221209_143805,1100.0,7.500226e-06
3014,F03,DR_20221209_143805,1101.0,0.9981947
3015,F03,DR_20221209_143805,1102.0,0.99961025
3016,F03,DR_20221209_143805,1103.0,0.24456273
3017,F03,DR_20221209_143805,1104.0,0.008349493
3018,F03,DR_20221209_143805,1105.0,0.0871905
3019,F03,DR_20221209_143805,1106.0,1.0008689
3020,F03,DR_20221209_143805,1107.0,0.99935895
3021,F04,DR_20221209_143805,1108.0,-0.0009925781
3022,F04,DR_20221209_143805,1109.0,-0.001529894
3023,F04,DR_20221209_143805,1110.0,0.24361809
3024,F04,DR_20221209_143805,1111.0,0.44623613
3025,F04,DR_20221209_143805,1112.0,0.998553
3026,F04,DR_20221209_143805,1113.0,-0.005006542
3027,F04,DR_20221209_143805,1114.0,0.086591795
3028,F04,DR_20221209_143805,1115.0,0.44411847
3029,F04,DR_20221209_143805,1116.0,0.088155895
3030,F05,DR_20221209_143805,1117.0,-0.0006982747
3031,F05,DR_20221209_143805,1118.0,0.44451103
3032,F05,DR_20221209_143805,1119.0,0.08695457
3033,F05,DR_20221209_143805,1120.0,0.087131366
3034,F05,DR_20221209_143805,1121.0,0.008525596
3035,F05,DR_20221209_143805,1122.0,0.009377295
3036,F05,DR_20221209_143805,1123.0,0.08640627
3037,F05,DR_20221209_143805,1124.0,0.08702291
3038,F05,DR_20221209_143805,1125.0,0.08635528
3039,F06,DR_20221209_143805,1126.0,-0.000686505
3040,F06,DR_20221209_143805,1127.0,0.00013591124
3041,F06,DR_20221209_143805,1128.0,0.08715132
3042,F06,DR_20221209_143805,1129.0,0.5001926
3043,F06,DR_20221209_143805,1130.0,0.44480357
3044,F06,DR_20221209_143805,1131.0,-0.00089189084
3045,F06,DR_20221209_143805,1132.0,0.079508215
3046,F06,DR_20221209_143805,1133.0,0.008575766
3047,F06,DR_20221209_143805,1134.0,0.8594569
3048,F07,DR_20221209_143805,1135.0,4.507515e-05
3049,F07,DR_20221209_143805,1136.0,0.4443474
3050,F07,DR_20221209_143805,1137.0,0.44507116
3051,F07,DR_20221209_143805,1138.0,0.08640627
3052,F07,DR_20221209_143805,1139.0,0.44512767
3053,F07,DR_20221209_143805,1140.0,0.4448273
3054,F07,DR_20221209_143805,1141.0,0.08780833
3055,F07,DR_20221209_143805,1142.0,0.44445452
3056,F07,DR_20221209_143805,1143.0,0.9998395
3057,F08,DR_20221209_143805,1144.0,0.44445452
3058,F08,DR_20221209_143805,1145.0,0.44421995
3059,F08,DR_20221209_143805,1146.0,0.9991563
3060,F08,DR_20221209_143805,1147.0,0.9985396
3061,F08,DR_20221209_143805,1148.0,0.085830696
3062,F08,DR_20221209_143805,1149.0,0.08640627
3063,F08,DR_20221209_143805,1150.0,0.99905026
3064,F08,DR_20221209_143805,1151.0,0.087045215
3065,F08,DR_20221209_143805,1152.0,0.998952
3066,F09,DR_20221209_143805,1153.0,0.009358641
3067,F09,DR_20221209_143805,1154.0,0.009409627
3068,F09,DR_20221209_143805,1155.0,1.0000111
3069,F09,DR_20221209_143805,1156.0,0.9995823
3070,F09,DR_20221209_143805,1157.0,0.99962974
3071,F09,DR_20221209_143805,1158.0,0.011021603
3072,F09,DR_20221209_143805,1159.0,0.9998942
3073,F09,DR_20221209_143805,1160.0,0.99903935
3074,F09,DR_20221209_143805,1161.0,0.9998942
3075,F10,DR_20221209_143805,1162.0,0.99986
3076,F10,DR_20221209_143805,1163.0,0.087066665
3077,F10,DR_20221209_143805,1164.0,0.9998942
3078,F10,DR_20221209_143805,1165.0,1.0024006
3079,F10,DR_20221209_143805,1166.0,0.99903935
3080,F10,DR_20221209_143805,1167.0,0.5047531
3081,F10,DR_20221209_143805,1168.0,0.010775416
3082,F10,DR_20221209_143805,1169.0,0.010552973
3083,F10,DR_20221209_143805,1170.0,0.9998042
3084,F11,DR_20221209_143805,1171.0,0.7506935
3085,F11,DR_20221209_143805,1172.0,0.5022092
3086,F11,DR_20221209_143805,1173.0,0.9972193
3087,F11,DR_20221209_143805,1174.0,1.0000566
3088,F11,DR_20221209_143805,1175.0,0.20991169
3089,F11,DR_20221209_143805,1176.0,0.0311751
3090,F11,DR_20221209_143805,1177.0,0.011151209
3091,F11,DR_20221209_143805,1178.0,1.0005547
3092,F11,DR_20221209_143805,1179.0,0.99985516
3093,F12,DR_20221209_143805,1180.0,0.75116783
3094,F12,DR_20221209_143805,1181.0,0.010454957
3095,F12,DR_20221209_143805,1182.0,0.9998942
3096,F12,DR_20221209_143805,1183.0,0.9995823
3097,F12,DR_20221209_143805,1184.0,0.036188647
3098,F12,DR_20221209_143805,1185.0,0.9998942
3099,F12,DR_20221209_143805,1186.0,0.99984324
3100,F12,DR_20221209_143805,1187.0,1.0000429
3101,F12,DR_20221209_143805,1188.0,0.011443119
3102,F13,DR_20221209_143805,1189.0,0.009172988
3103,F13,DR_20221209_143805,1190.0,0.75116783
3104,F13,DR_20221209_143805,1191.0,0.011021603
3105,F13,DR_20221209_143805,1192.0,0.009409627
3106,F13,DR_20221209_143805,1193.0,0.009490127
3107,F13,DR_20221209_143805,1194.0,0.010929273
3108,F13,DR_20221209_143805,1195.0,0.9998469
3109,F13,DR_20221209_143805,1196.0,0.9999111
3110,F13,DR_20221209_143805,1197.0,0.99984324
3111,F14,DR_20221209_143805,1198.0,0.008935311
3112,F14,DR_20221209_143805,1199.0,1.0000566
3113,F14,DR_20221209_143805,1200.0,0.99995846
3114,F14,DR_20221209_143805,1201.0,0.9998942
3115,F14,DR_20221209_143805,1202.0,0.22778411
3116,F14,DR_20221209_143805,1203.0,0.011580059
3117,F14,DR_20221209_143805,1204.0,0.9998942
3118,F14,DR_20221209_143805,1205.0,1.0000111
3119,F14,DR_20221209_143805,1206.0,0.9996595
3120,F15,DR_20221209_143805,1207.0,0.008884325
3121,F15,DR_20221209_143805,1208.0,0.009191882
3122,F15,DR_20221209_143805,1209.0,0.9993326
3123,F15,DR_20221209_143805,1210.0,0.011202195
3124,F15,DR_20221209_143805,1211.0,0.00912434
3125,F15,DR_20221209_143805,1212.0,0.008910054
3126,F15,DR_20221209_143805,1213.0,1.0000566
3127,F15,DR_20221209_143805,1214.0,0.009079149
3128,F15,DR_20221209_143805,1215.0,1.0000813
3129,F16,DR_20221209_143805,1216.0,0.009121995
3130,F16,DR_20221209_143805,1217.0,0.012243879
3131,F16,DR_20221209_143805,1218.0,0.99958146
3132,F16,DR_20221209_143805,1219.0,0.009409627
3133,F16,DR_20221209_143805,1220.0,0.23428282
3134,F16,DR_20221209_143805,1221.0,0.9998942
3135,F16,DR_20221209_143805,1222.0,0.4985454
3136,F16,DR_20221209_143805,1223.0,0.9998942
3137,F16,DR_20221209_143805,1224.0,1.0001333
3138,F17,DR_20221209_143805,1225.0,0.9995823
3139,F17,DR_20221209_143805,1226.0,0.9998336
3140,F17,DR_20221209_143805,1227.0,0.99969727
3141,F17,DR_20221209_143805,1228.0,0.9998942
3142,F17,DR_20221209_143805,1229.0,0.012387717
3143,F17,DR_20221209_143805,1230.0,0.008935311
3144,F17,DR_20221209_143805,1231.0,0.008935311
3145,F17,DR_20221209_143805,1232.0,0.009172988
3146,F17,DR_20221209_143805,1233.0,0.99666995
3147,F18,DR_20221209_143805,1234.0,0.011202195
3148,F18,DR_20221209_143805,1235.0,0.08502159
3149,F18,DR_20221209_143805,1236.0,0.9993082
3150,F18,DR_20221209_143805,1237.0,0.9999111
3151,F18,DR_20221209_143805,1238.0,0.23334539
3152,F18,DR_20221209_143805,1239.0,0.012799405
3153,F18,DR_20221209_143805,1240.0,0.009409627
3154,F18,DR_20221209_143805,1241.0,0.9998942
3155,F18,DR_20221209_143805,1242.0,0.9977586
3156,F19,DR_20221209_143805,1243.0,0.009409627
3157,F19,DR_20221209_143805,1244.0,0.9998942
3158,F19,DR_20221209_143805,1245.0,0.9997734
3159,F19,DR_20221209_143805,1246.0,0.009409627
3160,F19,DR_20221209_143805,1247.0,0.009490127
3161,F19,DR_20221209_143805,1248.0,0.010547287
3162,F19,DR_20221209_143805,1249.0,0.008429183
3163,F19,DR_20221209_143805,1250.0,0.9998942
3164,F19,DR_20221209_143805,1251.0,1.0000566
3165,F20,DR_20221209_143805,1252.0,0.009438182
3166,F20,DR_20221209_143805,1253.0,0.011154866
3167,F20,DR_20221209_143805,1254.0,0.99983436
3168,F20,DR_20221209_143805,1255.0,0.9998469
3169,F20,DR_20221209_143805,1256.0,0.0061918744
3170,F20,DR_20221209_143805,1257.0,0.99936974
3171,F20,DR_20221209_143805,1258.0,0.9998042
3172,F20,DR_20221209_143805,1259.0,0.009409627
3173,F20,DR_20221209_143805,1260.0,1.0000656
3174,F21,DR_20221209_143805,1261.0,1.0000566
3175,F21,DR_20221209_143805,1262.0,0.9998942
3176,F21,DR_20221209_143805,1263.0,0.99985266
3177,F21,DR_20221209_143805,1264.0,1.0002296
3178,F21,DR_20221209_143805,1265.0,0.011550583
3179,F21,DR_20221209_143805,1266.0,0.93006736
3180,F21,DR_20221209_143805,1267.0,0.99980503
3181,F21,DR_20221209_143805,1268.0,0.011258673
3182,F21,DR_20221209_143805,1269.0,0.9998469
3183,F22,DR_20221209_143805,1270.0,1.0010179
3184,F22,DR_20221209_143805,1271.0,1.0000092
3185,F22,DR_20221209_143805,1272.0,0.9998042
3186,F22,DR_20221209_143805,1273.0,1.0000566
3187,F22,DR_20221209_143805,1274.0,0.011114455
3188,F22,DR_20221209_143805,1275.0,0.009409627
3189,F22,DR_20221209_143805,1276.0,1.0018876
3190,F22,DR_20221209_143805,1277.0,0.9998942
3191,F22,DR_20221209_143805,1278.0,0.99969727
3228,G03,DR_20221209_143805,1315.0,0.009520069
3229,G03,DR_20221209_143805,1316.0,0.0061918744
3230,G03,DR_20221209_143805,1317.0,0.011073112
3231,G03,DR_20221209_143805,1318.0,1.0001076
3232,G03,DR_20221209_143805,1319.0,0.016967434
3233,G03,DR_20221209_143805,1320.0,0.012243879
3234,G03,DR_20221209_143805,1321.0,0.7502063
3235,G03,DR_20221209_143805,1322.0,0.087378554
3236,G03,DR_20221209_143805,1323.0,0.9998469
3237,G04,DR_20221209_143805,1324.0,0.009480416
3238,G04,DR_20221209_143805,1325.0,0.00974015
3239,G04,DR_20221209_143805,1326.0,0.20960912
3240,G04,DR_20221209_143805,1327.0,1.0000566
3241,G04,DR_20221209_143805,1328.0,0.9998749
3242,G04,DR_20221209_143805,1329.0,0.008884325
3243,G04,DR_20221209_143805,1330.0,0.009358641
3244,G04,DR_20221209_143805,1331.0,0.009333384
3245,G04,DR_20221209_143805,1332.0,1.0000092
3246,G05,DR_20221209_143805,1333.0,0.016934037
3247,G05,DR_20221209_143805,1334.0,0.017103132
3248,G05,DR_20221209_143805,1335.0,0.009409627
3249,G05,DR_20221209_143805,1336.0,1.0000092
3250,G05,DR_20221209_143805,1337.0,0.009409627
3251,G05,DR_20221209_143805,1338.0,0.008935311
3252,G05,DR_20221209_143805,1339.0,1.0011803
3253,G05,DR_20221209_143805,1340.0,0.010895708
3254,G05,DR_20221209_143805,1341.0,1.0000566
3255,G06,DR_20221209_143805,1342.0,0.009480416
3256,G06,DR_20221209_143805,1343.0,0.20633437
3257,G06,DR_20221209_143805,1344.0,0.011202195
3258,G06,DR_20221209_143805,1345.0,1.0002004
3259,G06,DR_20221209_143805,1346.0,0.00938437
3260,G06,DR_20221209_143805,1347.0,0.009553465
3261,G06,DR_20221209_143805,1348.0,0.75116783
3262,G06,DR_20221209_143805,1349.0,0.20027493
3263,G06,DR_20221209_143805,1350.0,1.0000566
3264,G07,DR_20221209_143805,1351.0,0.9998942
3265,G07,DR_20221209_143805,1352.0,0.9998469
3266,G07,DR_20221209_143805,1353.0,0.9998469
3267,G07,DR_20221209_143805,1354.0,1.0000566
3268,G07,DR_20221209_143805,1355.0,0.0064119566
3269,G07,DR_20221209_143805,1356.0,0.008429183
3270,G07,DR_20221209_143805,1357.0,0.008935311
3271,G07,DR_20221209_143805,1358.0,0.010483513
3272,G07,DR_20221209_143805,1359.0,0.9998942
3273,G08,DR_20221209_143805,1360.0,0.087378554
3274,G08,DR_20221209_143805,1361.0,0.08728856
3275,G08,DR_20221209_143805,1362.0,0.087378554
3276,G08,DR_20221209_143805,1363.0,0.087540984
3277,G08,DR_20221209_143805,1364.0,-0.0152372345
3278,G08,DR_20221209_143805,1365.0,0.20965645
3279,G08,DR_20221209_143805,1366.0,0.012833192
3280,G08,DR_20221209_143805,1367.0,0.9998942
3281,G08,DR_20221209_143805,1368.0,0.9999866
3282,G09,DR_20221209_143805,1369.0,0.009409627
3283,G09,DR_20221209_143805,1370.0,0.75116783
3284,G09,DR_20221209_143805,1371.0,0.9997734
3285,G09,DR_20221209_143805,1372.0,1.0015342
3286,G09,DR_20221209_143805,1373.0,0.14166799
3287,G09,DR_20221209_143805,1374.0,0.9998942
3288,G09,DR_20221209_143805,1375.0,0.9779858
3289,G09,DR_20221209_143805,1376.0,0.99941987
3290,G09,DR_20221209_143805,1377.0,1.0002296
3291,G10,DR_20221209_143805,1378.0,0.9999507
3292,G10,DR_20221209_143805,1379.0,0.010974274
3293,G10,DR_20221209_143805,1380.0,0.012412749
3294,G10,DR_20221209_143805,1381.0,0.010653454
3295,G10,DR_20221209_143805,1382.0,0.008935311
3296,G10,DR_20221209_143805,1383.0,0.009172988
3297,G10,DR_20221209_143805,1384.0,1.0007007
3298,G10,DR_20221209_143805,1385.0,0.008429183
3299,G10,DR_20221209_143805,1386.0,0.0066316477
3300,G11,DR_20221209_143805,1387.0,0.9998942
3301,G11,DR_20221209_143805,1388.0,0.087540984
3302,G11,DR_20221209_143805,1389.0,0.087378554
3303,G11,DR_20221209_143805,1390.0,1.0006137
3304,G11,DR_20221209_143805,1391.0,0.14480978
3305,G11,DR_20221209_143805,1392.0,0.9998942
3306,G11,DR_20221209_143805,1393.0,1.0000215
3307,G11,DR_20221209_143805,1394.0,0.99985516
3308,G11,DR_20221209_143805,1395.0,0.9905972
3309,G12,DR_20221209_143805,1396.0,0.011258673
3310,G12,DR_20221209_143805,1397.0,1.0003451
3311,G12,DR_20221209_143805,1398.0,1.0005547
3312,G12,DR_20221209_143805,1399.0,0.99968046
3313,G12,DR_20221209_143805,1400.0,0.9997261
3314,G12,DR_20221209_143805,1401.0,1.0005547
3315,G12,DR_20221209_143805,1402.0,0.99982095
3316,G12,DR_20221209_143805,1403.0,0.9998042
3317,G12,DR_20221209_143805,1404.0,1.0000566
3318,G13,DR_20221209_143805,1405.0,0.21075258
3319,G13,DR_20221209_143805,1406.0,0.009466105
3320,G13,DR_20221209_143805,1407.0,0.99984324
3321,G13,DR_20221209_143805,1408.0,0.9998942
3322,G13,DR_20221209_143805,1409.0,1.0000111
3323,G13,DR_20221209_143805,1410.0,1.0005074
3324,G13,DR_20221209_143805,1411.0,0.9997953
3325,G13,DR_20221209_143805,1412.0,0.087378554
3326,G13,DR_20221209_143805,1413.0,1.0001787
3327,G14,DR_20221209_143805,1414.0,0.23795088
3328,G14,DR_20221209_143805,1415.0,0.9998942
3329,G14,DR_20221209_143805,1416.0,0.9998986
3330,G14,DR_20221209_143805,1417.0,0.99985516
3331,G14,DR_20221209_143805,1418.0,0.08693158
3332,G14,DR_20221209_143805,1419.0,0.0113135455
3333,G14,DR_20221209_143805,1420.0,1.0009422
3334,G14,DR_20221209_143805,1421.0,0.010500733
3335,G14,DR_20221209_143805,1422.0,1.0001787
3336,G15,DR_20221209_143805,1423.0,0.009409627
3337,G15,DR_20221209_143805,1424.0,0.9995187
3338,G15,DR_20221209_143805,1425.0,0.9984217
3339,G15,DR_20221209_143805,1426.0,0.9998469
3340,G15,DR_20221209_143805,1427.0,0.010727879
3341,G15,DR_20221209_143805,1428.0,0.9998942
3342,G15,DR_20221209_143805,1429.0,0.0111471545
3343,G15,DR_20221209_143805,1430.0,0.9995914
3344,G15,DR_20221209_143805,1431.0,0.9998469
3345,G16,DR_20221209_143805,1432.0,1.0018891
3346,G16,DR_20221209_143805,1433.0,0.011202195
3347,G16,DR_20221209_143805,1434.0,1.0012535
3348,G16,DR_20221209_143805,1435.0,0.9995221
3349,G16,DR_20221209_143805,1436.0,0.011202195
3350,G16,DR_20221209_143805,1437.0,0.9998042
3351,G16,DR_20221209_143805,1438.0,0.9998942
3352,G16,DR_20221209_143805,1439.0,0.9998942
3353,G16,DR_20221209_143805,1440.0,0.9999075
3354,G17,DR_20221209_143805,1441.0,0.9998042
3355,G17,DR_20221209_143805,1442.0,1.0000566
3356,G17,DR_20221209_143805,1443.0,0.9981005
3357,G17,DR_20221209_143805,1444.0,0.9967209
3358,G17,DR_20221209_143805,1445.0,0.23820515
3359,G17,DR_20221209_143805,1446.0,0.9967209
3360,G17,DR_20221209_143805,1447.0,0.9998042
3361,G17,DR_20221209_143805,1448.0,0.99941987
3362,G17,DR_20221209_143805,1449.0,0.9967209
3363,G18,DR_20221209_143805,1450.0,0.99979687
3364,G18,DR_20221209_143805,1451.0,-0.016739378
3365,G18,DR_20221209_143805,1452.0,0.99980503
3366,G18,DR_20221209_143805,1453.0,1.0000566
3367,G18,DR_20221209_143805,1454.0,0.010871717
3368,G18,DR_20221209_143805,1455.0,0.011202195
3369,G18,DR_20221209_143805,1456.0,0.009409627
3370,G18,DR_20221209_143805,1457.0,0.009409627
3371,G18,DR_20221209_143805,1458.0,0.99984324
3372,G19,DR_20221209_143805,1459.0,0.9998942
3373,G19,DR_20221209_143805,1460.0,0.9998942
3374,G19,DR_20221209_143805,1461.0,1.0003158
3375,G19,DR_20221209_143805,1462.0,0.9998469
3376,G19,DR_20221209_143805,1463.0,0.9997261
3377,G19,DR_20221209_143805,1464.0,0.010929273
3378,G19,DR_20221209_143805,1465.0,0.9997224
3379,G19,DR_20221209_143805,1466.0,0.009508151
3380,G19,DR_20221209_143805,1467.0,0.9995914
3381,G20,DR_20221209_143805,1468.0,0.009409627
3382,G20,DR_20221209_143805,1469.0,0.010752872
3383,G20,DR_20221209_143805,1470.0,0.9990171
3384,G20,DR_20221209_143805,1471.0,0.9998942
3385,G20,DR_20221209_143805,1472.0,0.008458259
3386,G20,DR_20221209_143805,1473.0,0.009409627
3387,G20,DR_20221209_143805,1474.0,0.0125477845
3388,G20,DR_20221209_143805,1475.0,0.015768802
3389,G20,DR_20221209_143805,1476.0,0.99980503
3390,G21,DR_20221209_143805,1477.0,0.011021603
3391,G21,DR_20221209_143805,1478.0,0.9998469
3392,G21,DR_20221209_143805,1479.0,0.9998942
3393,G21,DR_20221209_143805,1480.0,1.0005074
3394,G21,DR_20221209_143805,1481.0,0.009409627
3395,G21,DR_20221209_143805,1482.0,0.19967104
3396,G21,DR_20221209_143805,1483.0,0.24011673
3397,G21,DR_20221209_143805,1484.0,0.009409627
3398,G21,DR_20221209_143805,1485.0,0.9998942
3399,G22,DR_20221209_143805,1486.0,0.9998042
3400,G22,DR_20221209_143805,1487.0,0.9998942
3401,G22,DR_20221209_143805,1488.0,0.99972105
3402,G22,DR_20221209_143805,1489.0,1.0000566
3403,G22,DR_20221209_143805,1490.0,0.20980027
3404,G22,DR_20221209_143805,1491.0,0.011202195
3405,G22,DR_20221209_143805,1492.0,0.99884266
3406,G22,DR_20221209_143805,1493.0,1.0010179
3407,G22,DR_20221209_143805,1494.0,0.9967769
3444,H03,DR_20221209_143805,1531.0,0.00942943
3445,H03,DR_20221209_143805,1532.0,0.009502479
3446,H03,DR_20221209_143805,1533.0,0.7525137
3447,H03,DR_20221209_143805,1534.0,0.9998469
3448,H03,DR_20221209_143805,1535.0,0.009358641
3449,H03,DR_20221209_143805,1536.0,0.009079149
3450,H03,DR_20221209_143805,1537.0,0.009916737
3451,H03,DR_20221209_143805,1538.0,0.009553465
3452,H03,DR_20221209_143805,1539.0,0.009409627
3453,H04,DR_20221209_143805,1540.0,0.009409627
3454,H04,DR_20221209_143805,1541.0,0.011346033
3455,H04,DR_20221209_143805,1542.0,1.0000092
3456,H04,DR_20221209_143805,1543.0,0.20996268
3457,H04,DR_20221209_143805,1544.0,0.20996268
3458,H04,DR_20221209_143805,1545.0,0.009333384
3459,H04,DR_20221209_143805,1546.0,0.009480416
3460,H04,DR_20221209_143805,1547.0,0.009409627
3461,H04,DR_20221209_143805,1548.0,1.0000566
3462,H05,DR_20221209_143805,1549.0,0.016916448
3463,H05,DR_20221209_143805,1550.0,0.009163241
3464,H05,DR_20221209_143805,1551.0,0.011154866
3465,H05,DR_20221209_143805,1552.0,1.0000566
3466,H05,DR_20221209_143805,1553.0,0.009689163
3467,H05,DR_20221209_143805,1554.0,0.75116783
3468,H05,DR_20221209_143805,1555.0,0.011266217
3469,H05,DR_20221209_143805,1556.0,0.009409627
3470,H05,DR_20221209_143805,1557.0,1.0000566
3471,H06,DR_20221209_143805,1558.0,0.008859068
3472,H06,DR_20221209_143805,1559.0,1.0000566
3473,H06,DR_20221209_143805,1560.0,1.0005074
3474,H06,DR_20221209_143805,1561.0,0.20970084
3475,H06,DR_20221209_143805,1562.0,0.009553465
3476,H06,DR_20221209_143805,1563.0,0.0090465825
3477,H06,DR_20221209_143805,1564.0,0.010454957
3478,H06,DR_20221209_143805,1565.0,0.009571055
3479,H06,DR_20221209_143805,1566.0,1.0001129
3480,H07,DR_20221209_143805,1567.0,1.0002004
3481,H07,DR_20221209_143805,1568.0,1.0002004
3482,H07,DR_20221209_143805,1569.0,1.0005547
3483,H07,DR_20221209_143805,1570.0,1.0000566
3484,H07,DR_20221209_143805,1571.0,0.0113135455
3485,H07,DR_20221209_143805,1572.0,0.008935311
3486,H07,DR_20221209_143805,1573.0,0.009358641
3487,H07,DR_20221209_143805,1574.0,0.010942621
3488,H07,DR_20221209_143805,1575.0,1.0005547
3489,H08,DR_20221209_143805,1576.0,0.99958146
3490,H08,DR_20221209_143805,1577.0,1.0000092
3491,H08,DR_20221209_143805,1578.0,0.9999586
3492,H08,DR_20221209_143805,1579.0,1.0000566
3493,H08,DR_20221209_143805,1580.0,1.0000429
3494,H08,DR_20221209_143805,1581.0,0.99875665
3495,H08,DR_20221209_143805,1582.0,0.9828503
3496,H08,DR_20221209_143805,1583.0,0.008448076
3497,H08,DR_20221209_143805,1584.0,1.0000566
3498,H09,DR_20221209_143805,1585.0,0.009571055
3499,H09,DR_20221209_143805,1586.0,1.0000566
3500,H09,DR_20221209_143805,1587.0,0.9998942
3501,H09,DR_20221209_143805,1588.0,0.0874059
3502,H09,DR_20221209_143805,1589.0,0.50062966
3503,H09,DR_20221209_143805,1590.0,1.0003492
3504,H09,DR_20221209_143805,1591.0,0.75116783
3505,H09,DR_20221209_143805,1592.0,1.0000566
3506,H09,DR_20221209_143805,1593.0,1.0000566
3507,H10,DR_20221209_143805,1594.0,1.0002004
3508,H10,DR_20221209_143805,1595.0,0.011346033
3509,H10,DR_20221209_143805,1596.0,0.011165441
3510,H10,DR_20221209_143805,1597.0,0.009409627
3511,H10,DR_20221209_143805,1598.0,0.009480416
3512,H10,DR_20221209_143805,1599.0,0.011073112
3513,H10,DR_20221209_143805,1600.0,0.75116783
3514,H10,DR_20221209_143805,1601.0,0.014263545
3515,H10,DR_20221209_143805,1602.0,0.75116783
3516,H11,DR_20221209_143805,1603.0,0.9998942
3517,H11,DR_20221209_143805,1604.0,0.5047531
3518,H11,DR_20221209_143805,1605.0,1.0003256
3519,H11,DR_20221209_143805,1606.0,0.99991167
3520,H11,DR_20221209_143805,1607.0,1.0000566
3521,H11,DR_20221209_143805,1608.0,0.23806132
3522,H11,DR_20221209_143805,1609.0,0.9998942
3523,H11,DR_20221209_143805,1610.0,1.0003924
3524,H11,DR_20221209_143805,1611.0,0.99666995
3525,H12,DR_20221209_143805,1612.0,1.0003366
3526,H12,DR_20221209_143805,1613.0,0.9998942
3527,H12,DR_20221209_143805,1614.0,0.9998042
3528,H12,DR_20221209_143805,1615.0,0.08545691
3529,H12,DR_20221209_143805,1616.0,0.34518325
3530,H12,DR_20221209_143805,1617.0,0.08620966
3531,H12,DR_20221209_143805,1618.0,0.99937993
3532,H12,DR_20221209_143805,1619.0,1.0000566
3533,H12,DR_20221209_143805,1620.0,0.9998042
3534,H13,DR_20221209_143805,1621.0,0.010505759
3535,H13,DR_20221209_143805,1622.0,0.20965645
3536,H13,DR_20221209_143805,1623.0,0.9998488
3537,H13,DR_20221209_143805,1624.0,1.0000111
3538,H13,DR_20221209_143805,1625.0,1.0000566
3539,H13,DR_20221209_143805,1626.0,1.0000566
3540,H13,DR_20221209_143805,1627.0,0.99984324
3541,H13,DR_20221209_143805,1628.0,1.0000566
3542,H13,DR_20221209_143805,1629.0,0.9998942
3543,H14,DR_20221209_143805,1630.0,0.9998942
3544,H14,DR_20221209_143805,1631.0,0.9998942
3545,H14,DR_20221209_143805,1632.0,0.9998042
3546,H14,DR_20221209_143805,1633.0,0.9998942
3547,H14,DR_20221209_143805,1634.0,0.9997261
3548,H14,DR_20221209_143805,1635.0,0.9999034
3549,H14,DR_20221209_143805,1636.0,0.9993409
3550,H14,DR_20221209_143805,1637.0,0.99991167
3551,H14,DR_20221209_143805,1638.0,0.99666995
3552,H15,DR_20221209_143805,1639.0,1.0003924
3553,H15,DR_20221209_143805,1640.0,0.087540984
3554,H15,DR_20221209_143805,1641.0,0.99985516
3555,H15,DR_20221209_143805,1642.0,1.0002296
3556,H15,DR_20221209_143805,1643.0,0.087066665
3557,H15,DR_20221209_143805,1644.0,0.087378554
3558,H15,DR_20221209_143805,1645.0,0.9997224
3559,H15,DR_20221209_143805,1646.0,0.9998942
3560,H15,DR_20221209_143805,1647.0,0.99995846
3561,H16,DR_20221209_143805,1648.0,1.0009706
3562,H16,DR_20221209_143805,1649.0,0.99941987
3563,H16,DR_20221209_143805,1650.0,1.000936
3564,H16,DR_20221209_143805,1651.0,0.9998042
3565,H16,DR_20221209_143805,1652.0,1.0000111
3566,H16,DR_20221209_143805,1653.0,0.9998942
3567,H16,DR_20221209_143805,1654.0,0.99739546
3568,H16,DR_20221209_143805,1655.0,1.0011454
3569,H16,DR_20221209_143805,1656.0,0.9998469
3570,H17,DR_20221209_143805,1657.0,0.9997953
3571,H17,DR_20221209_143805,1658.0,0.9996424
3572,H17,DR_20221209_143805,1659.0,0.99995846
3573,H17,DR_20221209_143805,1660.0,0.99985516
3574,H17,DR_20221209_143805,1661.0,1.0000566
3575,H17,DR_20221209_143805,1662.0,0.009409627
3576,H17,DR_20221209_143805,1663.0,0.011202195
3577,H17,DR_20221209_143805,1664.0,0.99959034
3578,H17,DR_20221209_143805,1665.0,1.0022296
3579,H18,DR_20221209_143805,1666.0,0.9998942
3580,H18,DR_20221209_143805,1667.0,0.9998469
3581,H18,DR_20221209_143805,1668.0,0.9997953
3582,H18,DR_20221209_143805,1669.0,1.0000566
3583,H18,DR_20221209_143805,1670.0,0.009553465
3584,H18,DR_20221209_143805,1671.0,0.009409627
3585,H18,DR_20221209_143805,1672.0,1.0017608
3586,H18,DR_20221209_143805,1673.0,0.23806132
3587,H18,DR_20221209_143805,1674.0,0.99666995
3588,H19,DR_20221209_143805,1675.0,1.0000566
3589,H19,DR_20221209_143805,1676.0,0.9998469
3590,H19,DR_20221209_143805,1677.0,1.0017992
3591,H19,DR_20221209_143805,1678.0,0.9998942
3592,H19,DR_20221209_143805,1679.0,0.011165441
3593,H19,DR_20221209_143805,1680.0,0.009409627
3594,H19,DR_20221209_143805,1681.0,0.009191882
3595,H19,DR_20221209_143805,1682.0,1.0003924
3596,H19,DR_20221209_143805,1683.0,0.9998942
3597,H20,DR_20221209_143805,1684.0,1.0002054
3598,H20,DR_20221209_143805,1685.0,0.99980146
3599,H20,DR_20221209_143805,1686.0,0.9984217
3600,H20,DR_20221209_143805,1687.0,1.0000566
3601,H20,DR_20221209_143805,1688.0,0.008932574
3602,H20,DR_20221209_143805,1689.0,0.9998942
3603,H20,DR_20221209_143805,1690.0,0.9983022
3604,H20,DR_20221209_143805,1691.0,0.009409627
3605,H20,DR_20221209_143805,1692.0,0.9998042
3606,H21,DR_20221209_143805,1693.0,1.0017482
3607,H21,DR_20221209_143805,1694.0,0.087378554
3608,H21,DR_20221209_143805,1695.0,0.99984324
3609,H21,DR_20221209_143805,1696.0,1.0000566
3610,H21,DR_20221209_143805,1697.0,1.0002004
3611,H21,DR_20221209_143805,1698.0,0.9998942
3612,H21,DR_20221209_143805,1699.0,0.9993689
3613,H21,DR_20221209_143805,1700.0,0.009409627
3614,H21,DR_20221209_143805,1701.0,0.9986053
3615,H22,DR_20221209_143805,1702.0,0.50491554
3616,H22,DR_20221209_143805,1703.0,1.0000566
3617,H22,DR_20221209_143805,1704.0,1.0021138
3618,H22,DR_20221209_143805,1705.0,0.9998942
3619,H22,DR_20221209_143805,1706.0,0.9995823
3620,H22,DR_20221209_143805,1707.0,0.9998942
3621,H22,DR_20221209_143805,1708.0,0.9997734
3622,H22,DR_20221209_143805,1709.0,0.010929273
3623,H22,DR_20221209_143805,1710.0,0.9998942
3660,I03,DR_20221209_143805,1747.0,0.009465565
3661,I03,DR_20221209_143805,1748.0,0.75116783
3662,I03,DR_20221209_143805,1749.0,0.9998469
3663,I03,DR_20221209_143805,1750.0,0.087540984
3664,I03,DR_20221209_143805,1751.0,0.9998942
3665,I03,DR_20221209_143805,1752.0,0.008935311
3666,I03,DR_20221209_143805,1753.0,0.9998942
3667,I03,DR_20221209_143805,1754.0,0.087540984
3668,I03,DR_20221209_143805,1755.0,0.08729676
3669,I04,DR_20221209_143805,1756.0,0.008935311
3670,I04,DR_20221209_143805,1757.0,0.0113135455
3671,I04,DR_20221209_143805,1758.0,0.9999034
3672,I04,DR_20221209_143805,1759.0,1.0000092
3673,I04,DR_20221209_143805,1760.0,0.009480416
3674,I04,DR_20221209_143805,1761.0,0.009028163
3675,I04,DR_20221209_143805,1762.0,0.009358641
3676,I04,DR_20221209_143805,1763.0,0.009163241
3677,I04,DR_20221209_143805,1764.0,0.011154866
3678,I05,DR_20221209_143805,1765.0,0.009358641
3679,I05,DR_20221209_143805,1766.0,0.009333384
3680,I05,DR_20221209_143805,1767.0,0.009409627
3681,I05,DR_20221209_143805,1768.0,1.0000566
3682,I05,DR_20221209_143805,1769.0,0.9998942
3683,I05,DR_20221209_143805,1770.0,0.009553465
3684,I05,DR_20221209_143805,1771.0,1.0000566
3685,I05,DR_20221209_143805,1772.0,1.0000566
3686,I05,DR_20221209_143805,1773.0,0.9998942
3687,I06,DR_20221209_143805,1774.0,0.009163241
3688,I06,DR_20221209_143805,1775.0,0.00974015
3689,I06,DR_20221209_143805,1776.0,0.009409627
3690,I06,DR_20221209_143805,1777.0,1.0000566
3691,I06,DR_20221209_143805,1778.0,0.0061918744
3692,I06,DR_20221209_143805,1779.0,0.008935311
3693,I06,DR_20221209_143805,1780.0,0.7506935
3694,I06,DR_20221209_143805,1781.0,0.009409627
3695,I06,DR_20221209_143805,1782.0,1.0010967
3696,I07,DR_20221209_143805,1783.0,0.029833082
3697,I07,DR_20221209_143805,1784.0,1.0000092
3698,I07,DR_20221209_143805,1785.0,1.0000092
3699,I07,DR_20221209_143805,1786.0,1.0002004
3700,I07,DR_20221209_143805,1787.0,0.009553465
3701,I07,DR_20221209_143805,1788.0,0.009409627
3702,I07,DR_20221209_143805,1789.0,0.7506935
3703,I07,DR_20221209_143805,1790.0,0.008935311
3704,I07,DR_20221209_143805,1791.0,1.0005074
3705,I08,DR_20221209_143805,1792.0,1.0002004
3706,I08,DR_20221209_143805,1793.0,1.0000092
3707,I08,DR_20221209_143805,1794.0,1.0000566
3708,I08,DR_20221209_143805,1795.0,1.0001531
3709,I08,DR_20221209_143805,1796.0,0.00974015
3710,I08,DR_20221209_143805,1797.0,0.009553465
3711,I08,DR_20221209_143805,1798.0,0.7506935
3712,I08,DR_20221209_143805,1799.0,0.009409627
3713,I08,DR_20221209_143805,1800.0,1.0000566
3714,I09,DR_20221209_143805,1801.0,0.009553465
3715,I09,DR_20221209_143805,1802.0,0.9998942
3716,I09,DR_20221209_143805,1803.0,0.9998942
3717,I09,DR_20221209_143805,1804.0,0.9998942
3718,I09,DR_20221209_143805,1805.0,0.2089331
3719,I09,DR_20221209_143805,1806.0,0.8148224
3720,I09,DR_20221209_143805,1807.0,0.010802856
3721,I09,DR_20221209_143805,1808.0,0.9999507
3722,I09,DR_20221209_143805,1809.0,0.9998942
3723,I10,DR_20221209_143805,1810.0,0.9999926
3724,I10,DR_20221209_143805,1811.0,0.00636097
3725,I10,DR_20221209_143805,1812.0,0.010946694
3726,I10,DR_20221209_143805,1813.0,0.009409627
3727,I10,DR_20221209_143805,1814.0,0.0096495105
3728,I10,DR_20221209_143805,1815.0,0.009163241
3729,I10,DR_20221209_143805,1816.0,0.009409627
3730,I10,DR_20221209_143805,1817.0,0.009163241
3731,I10,DR_20221209_143805,1818.0,0.009409627
3732,I11,DR_20221209_143805,1819.0,0.009553465
3733,I11,DR_20221209_143805,1820.0,0.20948836
3734,I11,DR_20221209_143805,1821.0,0.50062966
3735,I11,DR_20221209_143805,1822.0,1.0000566
3736,I11,DR_20221209_143805,1823.0,0.2381924
3737,I11,DR_20221209_143805,1824.0,0.012387717
3738,I11,DR_20221209_143805,1825.0,0.008935311
3739,I11,DR_20221209_143805,1826.0,1.0000566
3740,I11,DR_20221209_143805,1827.0,1.0000566
3741,I12,DR_20221209_143805,1828.0,0.9997953
3742,I12,DR_20221209_143805,1829.0,0.008429183
3743,I12,DR_20221209_143805,1830.0,0.999046
3744,I12,DR_20221209_143805,1831.0,0.9998469
3745,I12,DR_20221209_143805,1832.0,1.000038
3746,I12,DR_20221209_143805,1833.0,0.08682244
3747,I12,DR_20221209_143805,1834.0,0.23014203
3748,I12,DR_20221209_143805,1835.0,0.9998942
3749,I12,DR_20221209_143805,1836.0,0.9998469
3750,I13,DR_20221209_143805,1837.0,0.009571055
3751,I13,DR_20221209_143805,1838.0,1.0004619
3752,I13,DR_20221209_143805,1839.0,1.0000566
3753,I13,DR_20221209_143805,1840.0,1.0000566
3754,I13,DR_20221209_143805,1841.0,1.0000566
3755,I13,DR_20221209_143805,1842.0,0.9996807
3756,I13,DR_20221209_143805,1843.0,1.0012357
3757,I13,DR_20221209_143805,1844.0,0.9967209
3758,I13,DR_20221209_143805,1845.0,1.0004808
3759,I14,DR_20221209_143805,1846.0,0.9998942
3760,I14,DR_20221209_143805,1847.0,0.087378554
3761,I14,DR_20221209_143805,1848.0,1.0002657
3762,I14,DR_20221209_143805,1849.0,1.0000095
3763,I14,DR_20221209_143805,1850.0,0.9998942
3764,I14,DR_20221209_143805,1851.0,0.009409627
3765,I14,DR_20221209_143805,1852.0,1.0026724
3766,I14,DR_20221209_143805,1853.0,1.0012915
3767,I14,DR_20221209_143805,1854.0,1.0000144
3768,I15,DR_20221209_143805,1855.0,1.0003924
3769,I15,DR_20221209_143805,1856.0,0.99991167
3770,I15,DR_20221209_143805,1857.0,0.99978197
3771,I15,DR_20221209_143805,1858.0,0.99959034
3772,I15,DR_20221209_143805,1859.0,0.9996575
3773,I15,DR_20221209_143805,1860.0,0.087378554
3774,I15,DR_20221209_143805,1861.0,0.99987656
3775,I15,DR_20221209_143805,1862.0,0.9999639
3776,I15,DR_20221209_143805,1863.0,0.99986017
3777,I16,DR_20221209_143805,1864.0,1.0002296
3778,I16,DR_20221209_143805,1865.0,0.9989056
3779,I16,DR_20221209_143805,1866.0,1.000508
3780,I16,DR_20221209_143805,1867.0,0.9967209
3781,I16,DR_20221209_143805,1868.0,1.0001017
3782,I16,DR_20221209_143805,1869.0,0.9998942
3783,I16,DR_20221209_143805,1870.0,1.0010636
3784,I16,DR_20221209_143805,1871.0,0.5047531
3785,I16,DR_20221209_143805,1872.0,0.99995846
3786,I17,DR_20221209_143805,1873.0,0.9998942
3787,I17,DR_20221209_143805,1874.0,0.087540984
3788,I17,DR_20221209_143805,1875.0,1.0007192
3789,I17,DR_20221209_143805,1876.0,0.9998942
3790,I17,DR_20221209_143805,1877.0,0.009553465
3791,I17,DR_20221209_143805,1878.0,0.010831411
3792,I17,DR_20221209_143805,1879.0,0.99982834
3793,I17,DR_20221209_143805,1880.0,0.010802856
3794,I17,DR_20221209_143805,1881.0,0.9998942
3795,I18,DR_20221209_143805,1882.0,0.9998942
3796,I18,DR_20221209_143805,1883.0,0.9998942
3797,I18,DR_20221209_143805,1884.0,0.9997958
3798,I18,DR_20221209_143805,1885.0,0.9998942
3799,I18,DR_20221209_143805,1886.0,0.9995823
3800,I18,DR_20221209_143805,1887.0,0.9998942
3801,I18,DR_20221209_143805,1888.0,1.0024006
3802,I18,DR_20221209_143805,1889.0,0.9998942
3803,I18,DR_20221209_143805,1890.0,0.99985266
3804,I19,DR_20221209_143805,1891.0,0.5026835
3805,I19,DR_20221209_143805,1892.0,1.0000566
3806,I19,DR_20221209_143805,1893.0,0.9997224
3807,I19,DR_20221209_143805,1894.0,0.9998124
3808,I19,DR_20221209_143805,1895.0,0.9998942
3809,I19,DR_20221209_143805,1896.0,0.9998942
3810,I19,DR_20221209_143805,1897.0,0.008448076
3811,I19,DR_20221209_143805,1898.0,0.009409627
3812,I19,DR_20221209_143805,1899.0,0.9967209
3813,I20,DR_20221209_143805,1900.0,0.9999507
3814,I20,DR_20221209_143805,1901.0,0.9998942
3815,I20,DR_20221209_143805,1902.0,0.9997734
3816,I20,DR_20221209_143805,1903.0,0.9998942
3817,I20,DR_20221209_143805,1904.0,0.0064119566
3818,I20,DR_20221209_143805,1905.0,0.009409627
3819,I20,DR_20221209_143805,1906.0,0.99985516
3820,I20,DR_20221209_143805,1907.0,0.009480416
3821,I20,DR_20221209_143805,1908.0,1.0000092
3822,I21,DR_20221209_143805,1909.0,0.99985516
3823,I21,DR_20221209_143805,1910.0,0.9998942
3824,I21,DR_20221209_143805,1911.0,0.9999075
3825,I21,DR_20221209_143805,1912.0,0.009409627
3826,I21,DR_20221209_143805,1913.0,0.20965645
3827,I21,DR_20221209_143805,1914.0,1.0000566
3828,I21,DR_20221209_143805,1915.0,0.9997734
3829,I21,DR_20221209_143805,1916.0,0.9997224
3830,I21,DR_20221209_143805,1917.0,1.0016651
3831,I22,DR_20221209_143805,1918.0,0.084288016
3832,I22,DR_20221209_143805,1919.0,0.083510675
3833,I22,DR_20221209_143805,1920.0,0.996161
3834,I22,DR_20221209_143805,1921.0,0.9998942
3835,I22,DR_20221209_143805,1922.0,1.0002004
3836,I22,DR_20221209_143805,1923.0,1.0000656
3837,I22,DR_20221209_143805,1924.0,1.0000095
3838,I22,DR_20221209_143805,1925.0,1.0003451
3839,I22,DR_20221209_143805,1926.0,0.087540984
3876,J03,DR_20221209_143805,1963.0,0.0024607622
3877,J03,DR_20221209_143805,1964.0,0.010447358
3878,J03,DR_20221209_143805,1965.0,0.009818879
3879,J03,DR_20221209_143805,1966.0,0.97965175
3880,J03,DR_20221209_143805,1967.0,0.0014938136
3881,J03,DR_20221209_143805,1968.0,0.011119035
3882,J03,DR_20221209_143805,1969.0,0.016243402
3883,J03,DR_20221209_143805,1970.0,0.01262628
3884,J04,DR_20221209_143805,1971.0,0.009553465
3885,J04,DR_20221209_143805,1972.0,0.009358641
3886,J04,DR_20221209_143805,1973.0,0.7546375
3887,J04,DR_20221209_143805,1974.0,0.9998942
3888,J04,DR_20221209_143805,1975.0,0.20965645
3889,J04,DR_20221209_143805,1976.0,0.009279137
3890,J04,DR_20221209_143805,1977.0,0.7501874
3891,J04,DR_20221209_143805,1978.0,0.008429183
3892,J04,DR_20221209_143805,1979.0,0.009409627
3893,J05,DR_20221209_143805,1980.0,0.009409627
3894,J05,DR_20221209_143805,1981.0,0.009359471
3895,J05,DR_20221209_143805,1982.0,0.9998942
3896,J05,DR_20221209_143805,1983.0,1.0000566
3897,J05,DR_20221209_143805,1984.0,0.9998942
3898,J05,DR_20221209_143805,1985.0,0.0061918744
3899,J05,DR_20221209_143805,1986.0,1.0005547
3900,J05,DR_20221209_143805,1987.0,1.0000566
3901,J05,DR_20221209_143805,1988.0,1.0000566
3902,J06,DR_20221209_143805,1989.0,0.010929273
3903,J06,DR_20221209_143805,1990.0,0.011202195
3904,J06,DR_20221209_143805,1991.0,0.99976146
3905,J06,DR_20221209_143805,1992.0,0.9998942
3906,J06,DR_20221209_143805,1993.0,0.009409627
3907,J06,DR_20221209_143805,1994.0,0.009409627
3908,J06,DR_20221209_143805,1995.0,0.009962156
3909,J06,DR_20221209_143805,1996.0,0.009967723
3910,J06,DR_20221209_143805,1997.0,0.9998942
3911,J07,DR_20221209_143805,1998.0,0.9998942
3912,J07,DR_20221209_143805,1999.0,0.9998942
3913,J07,DR_20221209_143805,2000.0,0.9998469
3914,J07,DR_20221209_143805,2001.0,0.9998469
3915,J07,DR_20221209_143805,2002.0,0.009279137
3916,J07,DR_20221209_143805,2003.0,0.7502063
3917,J07,DR_20221209_143805,2004.0,0.008698672
3918,J07,DR_20221209_143805,2005.0,0.009409627
3919,J07,DR_20221209_143805,2006.0,0.9997224
3920,J08,DR_20221209_143805,2007.0,0.99976146
3921,J08,DR_20221209_143805,2008.0,0.011021603
3922,J08,DR_20221209_143805,2009.0,0.99973255
3923,J08,DR_20221209_143805,2010.0,0.99937993
3924,J08,DR_20221209_143805,2011.0,0.009332336
3925,J08,DR_20221209_143805,2012.0,0.98747903
3926,J08,DR_20221209_143805,2013.0,1.0016638
3927,J08,DR_20221209_143805,2014.0,0.009948829
3928,J08,DR_20221209_143805,2015.0,0.9997224
3929,J09,DR_20221209_143805,2016.0,0.011387932
3930,J09,DR_20221209_143805,2017.0,1.0000566
3931,J09,DR_20221209_143805,2018.0,0.9998942
3932,J09,DR_20221209_143805,2019.0,0.087540984
3933,J09,DR_20221209_143805,2020.0,0.087684825
3934,J09,DR_20221209_143805,2021.0,0.008935311
3935,J09,DR_20221209_143805,2022.0,0.7515806
3936,J09,DR_20221209_143805,2023.0,0.008616883
3937,J09,DR_20221209_143805,2024.0,0.9967209
3938,J10,DR_20221209_143805,2025.0,0.9997953
3939,J10,DR_20221209_143805,2026.0,0.9998469
3940,J10,DR_20221209_143805,2027.0,0.9982733
3941,J10,DR_20221209_143805,2028.0,0.010533682
3942,J10,DR_20221209_143805,2029.0,0.0061918744
3943,J10,DR_20221209_143805,2030.0,0.008429183
3944,J10,DR_20221209_143805,2031.0,0.010603225
3945,J10,DR_20221209_143805,2032.0,0.009948829
3946,J10,DR_20221209_143805,2033.0,0.9860947
3947,J11,DR_20221209_143805,2034.0,0.9967209
3948,J11,DR_20221209_143805,2035.0,0.08668398
3949,J11,DR_20221209_143805,2036.0,0.9998767
3950,J11,DR_20221209_143805,2037.0,1.0000566
3951,J11,DR_20221209_143805,2038.0,0.23365535
3952,J11,DR_20221209_143805,2039.0,1.0009706
3953,J11,DR_20221209_143805,2040.0,0.99941987
3954,J11,DR_20221209_143805,2041.0,0.9998942
3955,J11,DR_20221209_143805,2042.0,0.99729794
3956,J12,DR_20221209_143805,2043.0,0.009409627
3957,J12,DR_20221209_143805,2044.0,0.010755527
3958,J12,DR_20221209_143805,2045.0,0.010974274
3959,J12,DR_20221209_143805,2046.0,0.9998942
3960,J12,DR_20221209_143805,2047.0,0.011346033
3961,J12,DR_20221209_143805,2048.0,0.19191843
3962,J12,DR_20221209_143805,2049.0,0.9995122
3963,J12,DR_20221209_143805,2050.0,0.9997224
3964,J12,DR_20221209_143805,2051.0,1.0017394
3965,J13,DR_20221209_143805,2052.0,1.0010179
3966,J13,DR_20221209_143805,2053.0,0.9989532
3967,J13,DR_20221209_143805,2054.0,1.0001787
3968,J13,DR_20221209_143805,2055.0,0.9967209
3969,J13,DR_20221209_143805,2056.0,0.9998942
3970,J13,DR_20221209_143805,2057.0,0.9998942
3971,J13,DR_20221209_143805,2058.0,0.009409627
3972,J13,DR_20221209_143805,2059.0,0.9997224
3973,J13,DR_20221209_143805,2060.0,0.9998942
3974,J14,DR_20221209_143805,2061.0,0.9999323
3975,J14,DR_20221209_143805,2062.0,0.9970286
3976,J14,DR_20221209_143805,2063.0,0.85907984
3977,J14,DR_20221209_143805,2064.0,0.9998942
3978,J14,DR_20221209_143805,2065.0,0.08620966
3979,J14,DR_20221209_143805,2066.0,0.5047531
3980,J14,DR_20221209_143805,2067.0,0.9998942
3981,J14,DR_20221209_143805,2068.0,0.9998942
3982,J14,DR_20221209_143805,2069.0,0.9967209
3983,J15,DR_20221209_143805,2070.0,1.0000566
3984,J15,DR_20221209_143805,2071.0,0.99675024
3985,J15,DR_20221209_143805,2072.0,0.99998575
3986,J15,DR_20221209_143805,2073.0,1.0027121
3987,J15,DR_20221209_143805,2074.0,0.08652375
3988,J15,DR_20221209_143805,2075.0,0.08420525
3989,J15,DR_20221209_143805,2076.0,0.9998942
3990,J15,DR_20221209_143805,2077.0,1.0017992
3991,J15,DR_20221209_143805,2078.0,0.99951404
3992,J16,DR_20221209_143805,2079.0,0.99985516
3993,J16,DR_20221209_143805,2080.0,0.9997224
3994,J16,DR_20221209_143805,2081.0,1.0013764
3995,J16,DR_20221209_143805,2082.0,0.081848286
3996,J16,DR_20221209_143805,2083.0,1.0000566
3997,J16,DR_20221209_143805,2084.0,0.9998042
3998,J16,DR_20221209_143805,2085.0,0.5004672
3999,J16,DR_20221209_143805,2086.0,0.9967209
4000,J16,DR_20221209_143805,2087.0,0.9998942
4001,J17,DR_20221209_143805,2088.0,0.996935
4002,J17,DR_20221209_143805,2089.0,0.14664987
4003,J17,DR_20221209_143805,2090.0,0.9996413
4004,J17,DR_20221209_143805,2091.0,0.9961106
4005,J17,DR_20221209_143805,2092.0,0.9998942
4006,J17,DR_20221209_143805,2093.0,0.010727879
4007,J17,DR_20221209_143805,2094.0,0.009409627
4008,J17,DR_20221209_143805,2095.0,0.9982733
4009,J17,DR_20221209_143805,2096.0,0.99961174
4010,J18,DR_20221209_143805,2097.0,0.9999075
4011,J18,DR_20221209_143805,2098.0,0.9998042
4012,J18,DR_20221209_143805,2099.0,0.999046
4013,J18,DR_20221209_143805,2100.0,0.9998942
4014,J18,DR_20221209_143805,2101.0,0.0113135455
4015,J18,DR_20221209_143805,2102.0,0.010428713
4016,J18,DR_20221209_143805,2103.0,0.009409627
4017,J18,DR_20221209_143805,2104.0,0.009172988
4018,J18,DR_20221209_143805,2105.0,0.9967209
4019,J19,DR_20221209_143805,2106.0,1.0003924
4020,J19,DR_20221209_143805,2107.0,1.0000566
4021,J19,DR_20221209_143805,2108.0,0.99989384
4022,J19,DR_20221209_143805,2109.0,0.9998942
4023,J19,DR_20221209_143805,2110.0,0.011202195
4024,J19,DR_20221209_143805,2111.0,0.008935311
4025,J19,DR_20221209_143805,2112.0,0.9999339
4026,J19,DR_20221209_143805,2113.0,0.9999586
4027,J19,DR_20221209_143805,2114.0,0.9998469
4028,J20,DR_20221209_143805,2115.0,0.9998378
4029,J20,DR_20221209_143805,2116.0,0.9998469
4030,J20,DR_20221209_143805,2117.0,0.010450247
4031,J20,DR_20221209_143805,2118.0,0.9997799
4032,J20,DR_20221209_143805,2119.0,0.008935311
4033,J20,DR_20221209_143805,2120.0,0.7506935
4034,J20,DR_20221209_143805,2121.0,0.013441209
4035,J20,DR_20221209_143805,2122.0,0.0105400635
4036,J20,DR_20221209_143805,2123.0,0.011154866
4037,J21,DR_20221209_143805,2124.0,0.99942756
4038,J21,DR_20221209_143805,2125.0,0.9998469
4039,J21,DR_20221209_143805,2126.0,0.9997953
4040,J21,DR_20221209_143805,2127.0,0.9998942
4041,J21,DR_20221209_143805,2128.0,0.011021603
4042,J21,DR_20221209_143805,2129.0,0.009409627
4043,J21,DR_20221209_143805,2130.0,1.0002371
4044,J21,DR_20221209_143805,2131.0,0.9988509
4045,J21,DR_20221209_143805,2132.0,0.009172988
4046,J22,DR_20221209_143805,2133.0,1.0544785
4047,J22,DR_20221209_143805,2134.0,0.08725776
4048,J22,DR_20221209_143805,2135.0,0.9998767
4049,J22,DR_20221209_143805,2136.0,0.99985516
4050,J22,DR_20221209_143805,2137.0,0.087378554
4051,J22,DR_20221209_143805,2138.0,0.9998942
4052,J22,DR_20221209_143805,2139.0,0.9998042
4053,J22,DR_20221209_143805,2140.0,1.0005679
4054,J22,DR_20221209_143805,2141.0,0.029153295
4091,K04,DR_20221209_143805,2187.0,0.009727213
4092,K04,DR_20221209_143805,2188.0,0.009409627
4093,K04,DR_20221209_143805,2189.0,1.0000092
4094,K04,DR_20221209_143805,2190.0,0.5048682
4095,K04,DR_20221209_143805,2191.0,1.0000566
4096,K04,DR_20221209_143805,2192.0,0.008935311
4097,K04,DR_20221209_143805,2193.0,0.7502063
4098,K04,DR_20221209_143805,2194.0,0.75116783
4099,K04,DR_20221209_143805,2195.0,0.9998469
4100,K05,DR_20221209_143805,2196.0,0.009520899
4101,K05,DR_20221209_143805,2197.0,0.00636097
4102,K05,DR_20221209_143805,2198.0,0.9998469
4103,K05,DR_20221209_143805,2199.0,1.0000092
4104,K05,DR_20221209_143805,2200.0,0.011202195
4105,K05,DR_20221209_143805,2201.0,0.0095963115
4106,K05,DR_20221209_143805,2202.0,1.0005074
4107,K05,DR_20221209_143805,2203.0,1.0000566
4108,K05,DR_20221209_143805,2204.0,1.0000092
4109,K06,DR_20221209_143805,2205.0,0.009474513
4110,K06,DR_20221209_143805,2206.0,0.010929273
4111,K06,DR_20221209_143805,2207.0,0.9998469
4112,K06,DR_20221209_143805,2208.0,1.0000566
4113,K06,DR_20221209_143805,2209.0,0.010946694
4114,K06,DR_20221209_143805,2210.0,0.008448076
4115,K06,DR_20221209_143805,2211.0,0.008123275
4116,K06,DR_20221209_143805,2212.0,1.0009605
4117,K06,DR_20221209_143805,2213.0,0.9998942
4118,K07,DR_20221209_143805,2214.0,0.9998942
4119,K07,DR_20221209_143805,2215.0,0.9999639
4120,K07,DR_20221209_143805,2216.0,0.99993056
4121,K07,DR_20221209_143805,2217.0,1.0000566
4122,K07,DR_20221209_143805,2218.0,0.009409627
4123,K07,DR_20221209_143805,2219.0,0.74973196
4124,K07,DR_20221209_143805,2220.0,1.0008165
4125,K07,DR_20221209_143805,2221.0,0.010454957
4126,K07,DR_20221209_143805,2222.0,0.99937993
4127,K08,DR_20221209_143805,2223.0,0.42676166
4128,K08,DR_20221209_143805,2224.0,0.9998942
4129,K08,DR_20221209_143805,2225.0,0.5047531
4130,K08,DR_20221209_143805,2226.0,1.0000566
4131,K08,DR_20221209_143805,2227.0,0.15848923
4132,K08,DR_20221209_143805,2228.0,0.9993381
4133,K08,DR_20221209_143805,2229.0,1.0016879
4134,K08,DR_20221209_143805,2230.0,0.9999027
4135,K08,DR_20221209_143805,2231.0,0.99985516
4136,K09,DR_20221209_143805,2232.0,0.009571055
4137,K09,DR_20221209_143805,2233.0,0.0096495105
4138,K09,DR_20221209_143805,2234.0,0.9998469
4139,K09,DR_20221209_143805,2235.0,0.5042788
4140,K09,DR_20221209_143805,2236.0,0.9997261
4141,K09,DR_20221209_143805,2237.0,0.012507462
4142,K09,DR_20221209_143805,2238.0,0.009409627
4143,K09,DR_20221209_143805,2239.0,0.9967209
4144,K09,DR_20221209_143805,2240.0,0.9998942
4145,K10,DR_20221209_143805,2241.0,0.08439127
4146,K10,DR_20221209_143805,2242.0,1.0002054
4147,K10,DR_20221209_143805,2243.0,0.08516233
4148,K10,DR_20221209_143805,2244.0,0.99999964
4149,K10,DR_20221209_143805,2245.0,0.08684641
4150,K10,DR_20221209_143805,2246.0,0.010802856
4151,K10,DR_20221209_143805,2247.0,0.7506935
4152,K10,DR_20221209_143805,2248.0,0.009409627
4153,K10,DR_20221209_143805,2249.0,0.9923221
4154,K11,DR_20221209_143805,2250.0,0.009409627
4155,K11,DR_20221209_143805,2251.0,0.086904235
4156,K11,DR_20221209_143805,2252.0,0.9985834
4157,K11,DR_20221209_143805,2253.0,0.9998124
4158,K11,DR_20221209_143805,2254.0,1.0000566
4159,K11,DR_20221209_143805,2255.0,0.99941987
4160,K11,DR_20221209_143805,2256.0,0.74973196
4161,K11,DR_20221209_143805,2257.0,0.5047531
4162,K11,DR_20221209_143805,2258.0,0.99995846
4163,K12,DR_20221209_143805,2259.0,0.008448076
4164,K12,DR_20221209_143805,2260.0,0.008429183
4165,K12,DR_20221209_143805,2261.0,0.9996637
4166,K12,DR_20221209_143805,2262.0,0.5045013
4167,K12,DR_20221209_143805,2263.0,1.0000566
4168,K12,DR_20221209_143805,2264.0,1.0000429
4169,K12,DR_20221209_143805,2265.0,0.008429183
4170,K12,DR_20221209_143805,2266.0,0.5004672
4171,K12,DR_20221209_143805,2267.0,0.5047141
4172,K14,DR_20221209_143805,2277.0,1.0003535
4173,K14,DR_20221209_143805,2278.0,0.08432702
4174,K14,DR_20221209_143805,2279.0,0.9997734
4175,K14,DR_20221209_143805,2280.0,0.081143185
4176,K14,DR_20221209_143805,2281.0,0.08434713
4177,K14,DR_20221209_143805,2282.0,0.99941987
4178,K14,DR_20221209_143805,2283.0,0.011021603
4179,K14,DR_20221209_143805,2284.0,1.0017394
4180,K14,DR_20221209_143805,2285.0,1.0000566
4181,K18,DR_20221209_143805,2313.0,0.082322605
4182,K18,DR_20221209_143805,2314.0,0.084762335
4183,K18,DR_20221209_143805,2315.0,0.99866515
4184,K18,DR_20221209_143805,2316.0,0.9965192
4185,K18,DR_20221209_143805,2317.0,-0.015388891
4186,K18,DR_20221209_143805,2318.0,1.0000566
4187,K18,DR_20221209_143805,2319.0,1.0000566
4188,K18,DR_20221209_143805,2320.0,0.9999323
4189,K18,DR_20221209_143805,2321.0,0.5048701
4190,K19,DR_20221209_143805,2322.0,0.08471134
4191,K19,DR_20221209_143805,2323.0,0.08668398
4192,K19,DR_20221209_143805,2324.0,1.000815
4193,K19,DR_20221209_143805,2325.0,0.085375115
4194,K19,DR_20221209_143805,2326.0,1.0005038
4195,K19,DR_20221209_143805,2327.0,1.0010179
4196,K19,DR_20221209_143805,2328.0,0.0106878895
4197,K19,DR_20221209_143805,2329.0,0.011202195
4198,K19,DR_20221209_143805,2330.0,1.0000566
4199,K20,DR_20221209_143805,2331.0,0.9998042
4200,K20,DR_20221209_143805,2332.0,0.9962103
4201,K20,DR_20221209_143805,2333.0,1.0014845
4202,K20,DR_20221209_143805,2334.0,0.9998942
4203,K20,DR_20221209_143805,2335.0,0.9998942
4204,K20,DR_20221209_143805,2336.0,0.7506935
4205,K20,DR_20221209_143805,2337.0,0.011021603
4206,K20,DR_20221209_143805,2338.0,0.7502063
4207,K20,DR_20221209_143805,2339.0,1.0000092
4208,K21,DR_20221209_143805,2340.0,0.99929905
4209,K21,DR_20221209_143805,2341.0,0.9998942
4210,K21,DR_20221209_143805,2342.0,1.0017394
4211,K21,DR_20221209_143805,2343.0,0.009869192
4212,K21,DR_20221209_143805,2344.0,0.9998942
4213,K21,DR_20221209_143805,2345.0,0.5042788
4214,K21,DR_20221209_143805,2346.0,0.9998042
4215,K21,DR_20221209_143805,2347.0,0.009954305
4216,K21,DR_20221209_143805,2348.0,0.010556164
4217,K22,DR_20221209_143805,2349.0,1.0002751
4218,K22,DR_20221209_143805,2350.0,0.08480134
4219,K22,DR_20221209_143805,2351.0,1.0015254
4220,K22,DR_20221209_143805,2352.0,0.08733955
4221,K22,DR_20221209_143805,2353.0,0.087540984
4222,K22,DR_20221209_143805,2354.0,0.504197
4223,K22,DR_20221209_143805,2355.0,0.9997734
4224,K22,DR_20221209_143805,2356.0,1.0006497
4225,K22,DR_20221209_143805,2357.0,1.0000566
4262,L04,DR_20221209_143805,2403.0,0.75116783
4263,L04,DR_20221209_143805,2404.0,0.75116783
4264,L04,DR_20221209_143805,2405.0,0.9998469
4265,L04,DR_20221209_143805,2406.0,0.9998469
4266,L04,DR_20221209_143805,2407.0,0.010878287
4267,L04,DR_20221209_143805,2408.0,0.7506935
4268,L04,DR_20221209_143805,2409.0,0.75465363
4269,L04,DR_20221209_143805,2410.0,0.008935311
4270,L04,DR_20221209_143805,2411.0,1.0005987
4271,L05,DR_20221209_143805,2412.0,0.012243879
4272,L05,DR_20221209_143805,2413.0,0.008935311
4273,L05,DR_20221209_143805,2414.0,0.99938357
4274,L05,DR_20221209_143805,2415.0,1.0000092
4275,L05,DR_20221209_143805,2416.0,0.0113135455
4276,L05,DR_20221209_143805,2417.0,0.011202195
4277,L05,DR_20221209_143805,2418.0,0.7501874
4278,L05,DR_20221209_143805,2419.0,0.0113135455
4279,L05,DR_20221209_143805,2420.0,0.9998124
4280,L06,DR_20221209_143805,2421.0,0.011949922
4281,L06,DR_20221209_143805,2422.0,0.00974015
4282,L06,DR_20221209_143805,2423.0,1.0000274
4283,L06,DR_20221209_143805,2424.0,1.0001868
4284,L06,DR_20221209_143805,2425.0,0.009553465
4285,L06,DR_20221209_143805,2426.0,0.010929273
4286,L06,DR_20221209_143805,2427.0,0.009409627
4287,L06,DR_20221209_143805,2428.0,0.008910054
4288,L06,DR_20221209_143805,2429.0,1.0000566
4289,L07,DR_20221209_143805,2430.0,0.99985516
4290,L07,DR_20221209_143805,2431.0,0.087540984
4291,L07,DR_20221209_143805,2432.0,1.0002447
4292,L07,DR_20221209_143805,2433.0,0.9971831
4293,L07,DR_20221209_143805,2434.0,0.0075177033
4294,L07,DR_20221209_143805,2435.0,0.75116783
4295,L07,DR_20221209_143805,2436.0,0.9994487
4296,L07,DR_20221209_143805,2437.0,0.008429183
4297,L07,DR_20221209_143805,2438.0,0.99921155
4298,L08,DR_20221209_143805,2439.0,1.0002004
4299,L08,DR_20221209_143805,2440.0,1.0002004
4300,L08,DR_20221209_143805,2441.0,1.0000566
4301,L08,DR_20221209_143805,2442.0,0.087540984
4302,L08,DR_20221209_143805,2443.0,0.0113135455
4303,L08,DR_20221209_143805,2444.0,0.006242861
4304,L08,DR_20221209_143805,2445.0,0.009409627
4305,L08,DR_20221209_143805,2446.0,0.75116783
4306,L08,DR_20221209_143805,2447.0,0.9998942
4307,L09,DR_20221209_143805,2448.0,0.7501874
4308,L09,DR_20221209_143805,2449.0,0.009054129
4309,L09,DR_20221209_143805,2450.0,1.0015231
4310,L09,DR_20221209_143805,2451.0,0.087378554
4311,L09,DR_20221209_143805,2452.0,0.009409627
4312,L09,DR_20221209_143805,2453.0,0.009409627
4313,L09,DR_20221209_143805,2454.0,0.013169767
4314,L09,DR_20221209_143805,2455.0,0.010454957
4315,L09,DR_20221209_143805,2456.0,0.99985516
4316,L10,DR_20221209_143805,2457.0,0.009409627
4317,L10,DR_20221209_143805,2458.0,0.010881613
4318,L10,DR_20221209_143805,2459.0,0.012968005
4319,L10,DR_20221209_143805,2460.0,0.74971306
4320,L10,DR_20221209_143805,2461.0,0.009422975
4321,L10,DR_20221209_143805,2462.0,0.009967723
4322,L10,DR_20221209_143805,2463.0,0.008429183
4323,L10,DR_20221209_143805,2464.0,0.009489257
4324,L10,DR_20221209_143805,2465.0,0.012651986
4325,L11,DR_20221209_143805,2466.0,0.08549591
4326,L11,DR_20221209_143805,2467.0,0.08486559
4327,L11,DR_20221209_143805,2468.0,1.0003167
4328,L11,DR_20221209_143805,2469.0,0.9998124
4329,L11,DR_20221209_143805,2470.0,0.086904235
4330,L11,DR_20221209_143805,2471.0,0.7506935
4331,L11,DR_20221209_143805,2472.0,0.009409627
4332,L11,DR_20221209_143805,2473.0,1.0052639
4333,L11,DR_20221209_143805,2474.0,0.5047531
4334,L12,DR_20221209_143805,2475.0,1.0010353
4335,L12,DR_20221209_143805,2476.0,0.012541249
4336,L12,DR_20221209_143805,2477.0,0.9996785
4337,L12,DR_20221209_143805,2478.0,0.9996637
4338,L12,DR_20221209_143805,2479.0,0.0096495105
4339,L12,DR_20221209_143805,2480.0,0.011036651
4340,L12,DR_20221209_143805,2481.0,0.008429183
4341,L12,DR_20221209_143805,2482.0,0.009967723
4342,L12,DR_20221209_143805,2483.0,1.0016664
4343,L13,DR_20221209_143805,2484.0,0.99985516
4344,L13,DR_20221209_143805,2485.0,0.08448945
4345,L13,DR_20221209_143805,2486.0,1.0017174
4346,L13,DR_20221209_143805,2487.0,1.0021737
4347,L13,DR_20221209_143805,2488.0,0.08483942
4348,L13,DR_20221209_143805,2489.0,0.9998942
4349,L13,DR_20221209_143805,2490.0,0.011417435
4350,L13,DR_20221209_143805,2491.0,1.0000566
4351,L13,DR_20221209_143805,2492.0,1.0000566
4352,L18,DR_20221209_143805,2529.0,1.0004544
4353,L18,DR_20221209_143805,2530.0,0.08486559
4354,L18,DR_20221209_143805,2531.0,1.0014613
4355,L18,DR_20221209_143805,2532.0,0.9992181
4356,L18,DR_20221209_143805,2533.0,-0.014694319
4357,L18,DR_20221209_143805,2534.0,0.9998469
4358,L18,DR_20221209_143805,2535.0,0.010898901
4359,L18,DR_20221209_143805,2536.0,0.9994309
4360,L18,DR_20221209_143805,2537.0,0.9966755
4361,L19,DR_20221209_143805,2538.0,0.9997734
4362,L19,DR_20221209_143805,2539.0,0.08729676
4363,L19,DR_20221209_143805,2540.0,1.0005509
4364,L19,DR_20221209_143805,2541.0,0.5046323
4365,L19,DR_20221209_143805,2542.0,0.087540984
4366,L19,DR_20221209_143805,2543.0,0.99941987
4367,L19,DR_20221209_143805,2544.0,0.008935311
4368,L19,DR_20221209_143805,2545.0,0.009409627
4369,L19,DR_20221209_143805,2546.0,0.9994309
4370,L22,DR_20221209_143805,2565.0,0.99985516
4371,L22,DR_20221209_143805,2566.0,0.9998942
4372,L22,DR_20221209_143805,2567.0,1.0527458
4373,L22,DR_20221209_143805,2568.0,0.9998942
4374,L22,DR_20221209_143805,2569.0,0.9998469
4375,L22,DR_20221209_143805,2570.0,0.9998942
4376,L22,DR_20221209_143805,2571.0,0.011070326
4377,L22,DR_20221209_143805,2572.0,0.011202195
4378,L22,DR_20221209_143805,2573.0,1.0000092
4415,M03,DR_20221209_143805,2610.0,-0.00019497347
4416,M03,DR_20221209_143805,2611.0,2.3206316e-05
4417,M03,DR_20221209_143805,2612.0,-7.780161e-05
4418,M03,DR_20221209_143805,2613.0,0.0011120125
4419,M03,DR_20221209_143805,2614.0,-2.3859857e-05
4420,M03,DR_20221209_143805,2615.0,0.011873513
4421,M03,DR_20221209_143805,2616.0,0.0024524515
4422,M03,DR_20221209_143805,2617.0,-1.2450215e-05
4423,M03,DR_20221209_143805,2618.0,0.0011120125
4424,M04,DR_20221209_143805,2619.0,-4.71617e-06
4425,M04,DR_20221209_143805,2620.0,3.2618147e-05
4426,M04,DR_20221209_143805,2621.0,-2.3859857e-05
4427,M04,DR_20221209_143805,2622.0,0.0011120125
4428,M04,DR_20221209_143805,2623.0,-2.3859857e-05
4429,M04,DR_20221209_143805,2624.0,-3.3271695e-05
4430,M04,DR_20221209_143805,2625.0,-0.00015603376
4431,M04,DR_20221209_143805,2626.0,0.0010213737
4432,M04,DR_20221209_143805,2627.0,0.0011120125
4433,M05,DR_20221209_143805,2628.0,0.0017801584
4434,M05,DR_20221209_143805,2629.0,0.0017801584
4435,M05,DR_20221209_143805,2630.0,0.0014049186
4436,M05,DR_20221209_143805,2631.0,0.0012046299
4437,M05,DR_20221209_143805,2632.0,0.0014074119
4438,M05,DR_20221209_143805,2633.0,-0.00026168543
4439,M05,DR_20221209_143805,2634.0,0.0012744277
4440,M05,DR_20221209_143805,2635.0,0.0011837888
4441,M05,DR_20221209_143805,2636.0,0.017242879
4442,M06,DR_20221209_143805,2637.0,0.75760067
4443,M06,DR_20221209_143805,2638.0,-0.00015603376
4444,M06,DR_20221209_143805,2639.0,-0.00049577
4445,M06,DR_20221209_143805,2640.0,0.0009500008
4446,M06,DR_20221209_143805,2641.0,-0.0009022891
4447,M06,DR_20221209_143805,2642.0,0.010623848
4448,M06,DR_20221209_143805,2643.0,1.0557215
4449,M06,DR_20221209_143805,2644.0,0.0018546937
4450,M06,DR_20221209_143805,2645.0,0.99975044
4451,M07,DR_20221209_143805,2646.0,-0.00040962902
4452,M07,DR_20221209_143805,2647.0,0.0012302359
4453,M07,DR_20221209_143805,2648.0,0.99823916
4454,M07,DR_20221209_143805,2649.0,0.99859923
4455,M07,DR_20221209_143805,2650.0,0.0017797092
4456,M07,DR_20221209_143805,2651.0,0.00024531828
4457,M07,DR_20221209_143805,2652.0,-0.0005793341
4458,M07,DR_20221209_143805,2653.0,0.0017142685
4459,M07,DR_20221209_143805,2654.0,0.9989029
4460,M08,DR_20221209_143805,2655.0,1.0035889
4461,M08,DR_20221209_143805,2656.0,0.9978861
4462,M08,DR_20221209_143805,2657.0,1.0009645
4463,M08,DR_20221209_143805,2658.0,0.087540984
4464,M08,DR_20221209_143805,2659.0,0.9998942
4465,M08,DR_20221209_143805,2660.0,0.011021603
4466,M08,DR_20221209_143805,2661.0,0.9993075
4467,M08,DR_20221209_143805,2662.0,0.9996978
4468,M08,DR_20221209_143805,2663.0,1.0018425
4469,M09,DR_20221209_143805,2664.0,0.008429183
4470,M09,DR_20221209_143805,2665.0,0.008429183
4471,M09,DR_20221209_143805,2666.0,0.99868375
4472,M09,DR_20221209_143805,2667.0,0.9998469
4473,M09,DR_20221209_143805,2668.0,0.009409627
4474,M09,DR_20221209_143805,2669.0,0.9992481
4475,M09,DR_20221209_143805,2670.0,1.0000215
4476,M09,DR_20221209_143805,2671.0,0.9999125
4477,M09,DR_20221209_143805,2672.0,0.99939185
4478,M10,DR_20221209_143805,2673.0,0.9998942
4479,M10,DR_20221209_143805,2674.0,0.087066665
4480,M10,DR_20221209_143805,2675.0,0.99663913
4481,M10,DR_20221209_143805,2676.0,0.0850417
4482,M10,DR_20221209_143805,2677.0,0.087066665
4483,M10,DR_20221209_143805,2678.0,0.99941987
4484,M10,DR_20221209_143805,2679.0,0.9992871
4485,M10,DR_20221209_143805,2680.0,1.0006086
4486,M10,DR_20221209_143805,2681.0,1.0023177
4487,M11,DR_20221209_143805,2682.0,0.009409627
4488,M11,DR_20221209_143805,2683.0,0.01032854
4489,M11,DR_20221209_143805,2684.0,0.99983215
4490,M11,DR_20221209_143805,2685.0,1.0008596
4491,M11,DR_20221209_143805,2686.0,0.08627524
4492,M11,DR_20221209_143805,2687.0,1.0000547
4493,M11,DR_20221209_143805,2688.0,0.99959666
4494,M11,DR_20221209_143805,2689.0,1.0002296
4495,M11,DR_20221209_143805,2690.0,0.99995846
4496,M12,DR_20221209_143805,2691.0,0.009409627
4497,M12,DR_20221209_143805,2692.0,0.010929273
4498,M12,DR_20221209_143805,2693.0,0.99900043
4499,M12,DR_20221209_143805,2694.0,0.009409627
4500,M12,DR_20221209_143805,2695.0,0.19967104
4501,M12,DR_20221209_143805,2696.0,0.009740623
4502,M12,DR_20221209_143805,2697.0,0.99937993
4503,M12,DR_20221209_143805,2698.0,0.9998942
4504,M12,DR_20221209_143805,2699.0,1.0000566
4514,N03,DR_20221209_143805,2718.0,3.2618147e-05
4515,N03,DR_20221209_143805,2719.0,-2.3859857e-05
4516,N03,DR_20221209_143805,2720.0,0.0031016662
4517,N03,DR_20221209_143805,2721.0,0.0024604073
4518,N03,DR_20221209_143805,2722.0,3.2618147e-05
4519,N03,DR_20221209_143805,2723.0,3.2618147e-05
4520,N03,DR_20221209_143805,2724.0,0.0019418999
4521,N03,DR_20221209_143805,2725.0,0.0027533132
4522,N03,DR_20221209_143805,2726.0,1.000289
4523,N04,DR_20221209_143805,2727.0,-0.00028248117
4524,N04,DR_20221209_143805,2728.0,0.0028477558
4525,N04,DR_20221209_143805,2729.0,-0.00075136207
4526,N04,DR_20221209_143805,2730.0,0.00048258595
4527,N04,DR_20221209_143805,2731.0,-2.3859857e-05
4528,N04,DR_20221209_143805,2732.0,3.2618147e-05
4529,N04,DR_20221209_143805,2733.0,0.0018995596
4530,N04,DR_20221209_143805,2734.0,0.0025146494
4531,N04,DR_20221209_143805,2735.0,0.9979231
4532,N05,DR_20221209_143805,2736.0,0.0007959495
4533,N05,DR_20221209_143805,2737.0,0.0009500008
4534,N05,DR_20221209_143805,2738.0,0.9994706
4535,N05,DR_20221209_143805,2739.0,0.0011145059
4536,N05,DR_20221209_143805,2740.0,0.0009500008
4537,N05,DR_20221209_143805,2741.0,3.2618147e-05
4538,N05,DR_20221209_143805,2742.0,0.002113
4539,N05,DR_20221209_143805,2743.0,0.0011120125
4540,N05,DR_20221209_143805,2744.0,0.9984861
4541,N06,DR_20221209_143805,2745.0,0.00408963
4542,N06,DR_20221209_143805,2746.0,0.0005314321
4543,N06,DR_20221209_143805,2747.0,0.003324907
4544,N06,DR_20221209_143805,2748.0,0.0030244319
4545,N06,DR_20221209_143805,2749.0,0.001186282
4546,N06,DR_20221209_143805,2750.0,0.0008178269
4547,N06,DR_20221209_143805,2751.0,0.2277596
4548,N06,DR_20221209_143805,2752.0,0.0037694252
4549,N06,DR_20221209_143805,2753.0,0.9994498
4550,N07,DR_20221209_143805,2754.0,0.00019433176
4551,N07,DR_20221209_143805,2755.0,0.9991433
4552,N07,DR_20221209_143805,2756.0,0.9978918
4553,N07,DR_20221209_143805,2757.0,0.99961025
4554,N07,DR_20221209_143805,2758.0,0.0016553253
4555,N07,DR_20221209_143805,2759.0,0.002746957
4556,N07,DR_20221209_143805,2760.0,0.7595004
4557,N07,DR_20221209_143805,2761.0,0.002923429
4558,N07,DR_20221209_143805,2762.0,0.999046
4559,N08,DR_20221209_143805,2763.0,0.009441527
4560,N08,DR_20221209_143805,2764.0,0.23975445
4561,N08,DR_20221209_143805,2765.0,0.9996014
4562,N08,DR_20221209_143805,2766.0,0.99987566
4563,N08,DR_20221209_143805,2767.0,0.9998488
4564,N08,DR_20221209_143805,2768.0,0.015316126
4565,N08,DR_20221209_143805,2769.0,0.9985324
4566,N08,DR_20221209_143805,2770.0,0.010974274
4567,N08,DR_20221209_143805,2771.0,0.99985516
4568,N09,DR_20221209_143805,2772.0,1.0028983
4569,N09,DR_20221209_143805,2773.0,1.0013807
4570,N09,DR_20221209_143805,2774.0,1.0004157
4571,N09,DR_20221209_143805,2775.0,0.99952394
4572,N09,DR_20221209_143805,2776.0,1.0010196
4573,N09,DR_20221209_143805,2777.0,0.99972516
4574,N09,DR_20221209_143805,2778.0,0.4404012
4575,N09,DR_20221209_143805,2779.0,0.99904436
4576,N09,DR_20221209_143805,2780.0,1.0007257
4577,N10,DR_20221209_143805,2781.0,0.9999325
4578,N10,DR_20221209_143805,2782.0,0.009172988
4579,N10,DR_20221209_143805,2783.0,0.99699795
4580,N10,DR_20221209_143805,2784.0,0.9967209
4581,N10,DR_20221209_143805,2785.0,1.0002004
4582,N10,DR_20221209_143805,2786.0,0.08771404
4583,N10,DR_20221209_143805,2787.0,0.9998167
4584,N10,DR_20221209_143805,2788.0,0.99995846
4585,N10,DR_20221209_143805,2789.0,0.9967209
4586,N11,DR_20221209_143805,2790.0,0.008429183
4587,N11,DR_20221209_143805,2791.0,0.009042844
4588,N11,DR_20221209_143805,2792.0,0.99868375
4589,N11,DR_20221209_143805,2793.0,1.0001848
4590,N11,DR_20221209_143805,2794.0,0.20918213
4591,N11,DR_20221209_143805,2795.0,0.9997734
4592,N11,DR_20221209_143805,2796.0,0.9998942
4593,N11,DR_20221209_143805,2797.0,1.0002296
4594,N11,DR_20221209_143805,2798.0,0.9998942
4595,N12,DR_20221209_143805,2799.0,1.0010179
4596,N12,DR_20221209_143805,2800.0,0.75256103
4597,N12,DR_20221209_143805,2801.0,0.9998124
4598,N12,DR_20221209_143805,2802.0,0.087378554
4599,N12,DR_20221209_143805,2803.0,0.23820515
4600,N12,DR_20221209_143805,2804.0,0.9998124
4601,N12,DR_20221209_143805,2805.0,0.9998469
4602,N12,DR_20221209_143805,2806.0,0.9998942
4603,N12,DR_20221209_143805,2807.0,0.9962576
4622,O04,DR_20221209_143805,2835.0,0.0032360652
4623,O04,DR_20221209_143805,2836.0,-0.022649564
4624,O04,DR_20221209_143805,2837.0,0.0029720603
4625,O04,DR_20221209_143805,2838.0,0.0035351014
4626,O04,DR_20221209_143805,2839.0,0.0013206104
4627,O04,DR_20221209_143805,2840.0,0.0022899942
4628,O04,DR_20221209_143805,2841.0,0.99920195
4629,O04,DR_20221209_143805,2842.0,0.002669005
4630,O04,DR_20221209_143805,2843.0,0.97853523
4631,O05,DR_20221209_143805,2844.0,0.9974471
4632,O05,DR_20221209_143805,2845.0,-6.675624e-05
4633,O05,DR_20221209_143805,2846.0,-0.000995184
4634,O05,DR_20221209_143805,2847.0,0.004524513
4635,O05,DR_20221209_143805,2848.0,-7.780161e-05
4636,O05,DR_20221209_143805,2849.0,-0.00031816345
4637,O05,DR_20221209_143805,2850.0,0.22999713
4638,O05,DR_20221209_143805,2851.0,0.0038080753
4639,O05,DR_20221209_143805,2852.0,0.0024433127
4640,O06,DR_20221209_143805,2853.0,4.1270683e-05
4641,O06,DR_20221209_143805,2854.0,-2.3859857e-05
4642,O06,DR_20221209_143805,2855.0,0.0030917833
4643,O06,DR_20221209_143805,2856.0,0.00037960938
4644,O06,DR_20221209_143805,2857.0,-0.0002710973
4645,O06,DR_20221209_143805,2858.0,0.0009970671
4646,O06,DR_20221209_143805,2859.0,-0.0008739922
4647,O06,DR_20221209_143805,2860.0,0.98030764
4648,O06,DR_20221209_143805,2861.0,0.0009148397
4649,O07,DR_20221209_143805,2862.0,0.0034550573
4650,O07,DR_20221209_143805,2863.0,0.003367362
4651,O07,DR_20221209_143805,2864.0,0.010613588
4652,O07,DR_20221209_143805,2865.0,0.9996637
4653,O07,DR_20221209_143805,2866.0,0.0010144551
4654,O07,DR_20221209_143805,2867.0,0.9786692
4655,O07,DR_20221209_143805,2868.0,0.18041037
4656,O07,DR_20221209_143805,2869.0,0.9996954
4657,O07,DR_20221209_143805,2870.0,0.2403664
4658,O08,DR_20221209_143805,2871.0,0.010723442
4659,O08,DR_20221209_143805,2872.0,0.9990818
4660,O08,DR_20221209_143805,2873.0,1.0019739
4661,O08,DR_20221209_143805,2874.0,0.9994309
4662,O08,DR_20221209_143805,2875.0,0.009409627
4663,O08,DR_20221209_143805,2876.0,0.99954027
4664,O08,DR_20221209_143805,2877.0,1.0006131
4665,O08,DR_20221209_143805,2878.0,0.20933586
4666,O08,DR_20221209_143805,2879.0,0.9997734
4667,O09,DR_20221209_143805,2880.0,0.24050659
4668,O09,DR_20221209_143805,2881.0,0.08682244
4669,O09,DR_20221209_143805,2882.0,1.0005109
4670,O09,DR_20221209_143805,2883.0,0.99959666
4671,O09,DR_20221209_143805,2884.0,0.8622058
4672,O09,DR_20221209_143805,2885.0,0.99950856
4673,O09,DR_20221209_143805,2886.0,0.9996226
4674,O09,DR_20221209_143805,2887.0,0.99716485
4675,O09,DR_20221209_143805,2888.0,0.99866515
4676,O12,DR_20221209_143805,2907.0,1.0005805
4677,O12,DR_20221209_143805,2908.0,0.9998982
4678,O12,DR_20221209_143805,2909.0,0.9997224
4679,O12,DR_20221209_143805,2910.0,1.0006999
4680,O12,DR_20221209_143805,2911.0,1.0000747
4681,O12,DR_20221209_143805,2912.0,1.0000747
4682,O12,DR_20221209_143805,2913.0,0.99969834
4683,O12,DR_20221209_143805,2914.0,1.0027081
4684,O12,DR_20221209_143805,2915.0,1.0005184
