,Image_Metadata_WellID,Image_Metadata_PlateID,ImageNumber,score
1941,A03,DR_20221209_143805,19.0,0.6774598
1942,A03,DR_20221209_143805,20.0,0.362162
1943,A03,DR_20221209_143805,21.0,0.7863004
1944,A03,DR_20221209_143805,22.0,0.25525236
1945,A03,DR_20221209_143805,23.0,0.6659452
1946,A03,DR_20221209_143805,24.0,0.68231463
1947,A03,DR_20221209_143805,25.0,0.26488122
1948,A03,DR_20221209_143805,26.0,0.10588711
1949,A03,DR_20221209_143805,27.0,0.26666787
1950,A04,DR_20221209_143805,28.0,0.96832854
1951,A04,DR_20221209_143805,29.0,0.9970209
1952,A04,DR_20221209_143805,30.0,0.9482808
1953,A04,DR_20221209_143805,31.0,0.9963613
1954,A04,DR_20221209_143805,32.0,1.0032355
1955,A04,DR_20221209_143805,33.0,1.0057771
1956,A04,DR_20221209_143805,34.0,0.99750954
1957,A04,DR_20221209_143805,35.0,0.998825
1958,A04,DR_20221209_143805,36.0,1.0039922
1959,A05,DR_20221209_143805,37.0,1.0002204
1960,A05,DR_20221209_143805,38.0,1.0051695
1961,A05,DR_20221209_143805,39.0,1.0011026
1962,A05,DR_20221209_143805,40.0,0.9985694
1963,A05,DR_20221209_143805,41.0,1.0030044
1964,A05,DR_20221209_143805,42.0,1.0013
1965,A05,DR_20221209_143805,43.0,1.0013478
1966,A05,DR_20221209_143805,44.0,1.0033282
1967,A05,DR_20221209_143805,45.0,0.99915195
1968,A06,DR_20221209_143805,46.0,0.99985796
1969,A06,DR_20221209_143805,47.0,1.0003479
1970,A06,DR_20221209_143805,48.0,0.9987581
1971,A06,DR_20221209_143805,49.0,0.99861157
1972,A06,DR_20221209_143805,50.0,0.9995377
1973,A06,DR_20221209_143805,51.0,0.99958855
1974,A06,DR_20221209_143805,52.0,0.99945575
1975,A06,DR_20221209_143805,53.0,1.0014255
1976,A06,DR_20221209_143805,54.0,0.99982625
1977,A07,DR_20221209_143805,55.0,1.0004343
1978,A07,DR_20221209_143805,56.0,0.9997825
1979,A07,DR_20221209_143805,57.0,1.0001746
1980,A07,DR_20221209_143805,58.0,1.0002345
1981,A07,DR_20221209_143805,59.0,0.9989321
1982,A07,DR_20221209_143805,60.0,0.99895185
1983,A07,DR_20221209_143805,61.0,1.0002775
1984,A07,DR_20221209_143805,62.0,0.99977505
1985,A07,DR_20221209_143805,63.0,1.0014654
1986,A08,DR_20221209_143805,64.0,1.0015029
1987,A08,DR_20221209_143805,65.0,0.99580723
1988,A08,DR_20221209_143805,66.0,0.99735063
1989,A08,DR_20221209_143805,67.0,1.0000226
1990,A08,DR_20221209_143805,68.0,0.99933845
1991,A08,DR_20221209_143805,69.0,1.000201
1992,A08,DR_20221209_143805,70.0,1.0001717
1993,A08,DR_20221209_143805,71.0,0.9990208
1994,A08,DR_20221209_143805,72.0,1.0017297
1995,A09,DR_20221209_143805,73.0,1.0064589
1996,A09,DR_20221209_143805,74.0,0.99516374
1997,A09,DR_20221209_143805,75.0,0.9994704
1998,A09,DR_20221209_143805,76.0,0.99952435
1999,A09,DR_20221209_143805,77.0,0.9952251
2000,A09,DR_20221209_143805,78.0,0.99977183
2001,A09,DR_20221209_143805,79.0,1.0037067
2002,A09,DR_20221209_143805,80.0,1.006573
2003,A09,DR_20221209_143805,81.0,1.0003091
2004,A10,DR_20221209_143805,82.0,1.0006559
2005,A10,DR_20221209_143805,83.0,1.0011338
2006,A10,DR_20221209_143805,84.0,1.0008392
2007,A10,DR_20221209_143805,85.0,1.0018815
2008,A10,DR_20221209_143805,86.0,0.9942923
2009,A10,DR_20221209_143805,87.0,0.9994124
2010,A10,DR_20221209_143805,88.0,0.999674
2011,A10,DR_20221209_143805,89.0,1.0020039
2012,A10,DR_20221209_143805,90.0,0.99869126
2013,A11,DR_20221209_143805,91.0,1.0014602
2014,A11,DR_20221209_143805,92.0,0.999746
2015,A11,DR_20221209_143805,93.0,0.9988171
2016,A11,DR_20221209_143805,94.0,0.99990314
2017,A11,DR_20221209_143805,95.0,1.0003003
2018,A11,DR_20221209_143805,96.0,1.0003514
2019,A11,DR_20221209_143805,97.0,1.000429
2020,A11,DR_20221209_143805,98.0,1.0034649
2021,A11,DR_20221209_143805,99.0,1.0014446
2022,A12,DR_20221209_143805,100.0,0.9979967
2023,A12,DR_20221209_143805,101.0,1.0000656
2024,A12,DR_20221209_143805,102.0,0.9733106
2025,A12,DR_20221209_143805,103.0,1.0027004
2026,A12,DR_20221209_143805,104.0,1.0000207
2027,A12,DR_20221209_143805,105.0,0.99906015
2028,A12,DR_20221209_143805,106.0,1.000429
2029,A12,DR_20221209_143805,107.0,1.0001951
2030,A12,DR_20221209_143805,108.0,1.0004119
2031,A13,DR_20221209_143805,109.0,0.9997898
2032,A13,DR_20221209_143805,110.0,1.0003542
2033,A13,DR_20221209_143805,111.0,0.9997673
2034,A13,DR_20221209_143805,112.0,1.0000435
2035,A13,DR_20221209_143805,113.0,1.0001367
2036,A13,DR_20221209_143805,114.0,1.0000579
2037,A13,DR_20221209_143805,115.0,1.0003067
2038,A13,DR_20221209_143805,116.0,0.99914056
2039,A13,DR_20221209_143805,117.0,1.0002367
2040,A14,DR_20221209_143805,118.0,1.0004691
2041,A14,DR_20221209_143805,119.0,0.9996315
2042,A14,DR_20221209_143805,120.0,0.9997938
2043,A14,DR_20221209_143805,121.0,1.0001485
2044,A14,DR_20221209_143805,122.0,1.0002228
2045,A14,DR_20221209_143805,123.0,1.0002601
2046,A14,DR_20221209_143805,124.0,1.0001582
2047,A14,DR_20221209_143805,125.0,0.9949845
2048,A14,DR_20221209_143805,126.0,0.99979967
2049,A15,DR_20221209_143805,127.0,1.0006634
2050,A15,DR_20221209_143805,128.0,0.99947554
2051,A15,DR_20221209_143805,129.0,1.0005456
2052,A15,DR_20221209_143805,130.0,1.0007346
2053,A15,DR_20221209_143805,131.0,1.0000981
2054,A15,DR_20221209_143805,132.0,1.0000145
2055,A15,DR_20221209_143805,133.0,1.0006617
2056,A15,DR_20221209_143805,134.0,0.99939543
2057,A15,DR_20221209_143805,135.0,1.0003693
2058,A16,DR_20221209_143805,136.0,0.9999381
2059,A16,DR_20221209_143805,137.0,1.0001353
2060,A16,DR_20221209_143805,138.0,1.0023069
2061,A16,DR_20221209_143805,139.0,1.0018077
2062,A16,DR_20221209_143805,140.0,1.0002971
2063,A16,DR_20221209_143805,141.0,1.0002894
2064,A16,DR_20221209_143805,142.0,0.99945587
2065,A16,DR_20221209_143805,143.0,1.0041718
2066,A16,DR_20221209_143805,144.0,0.9996773
2067,A17,DR_20221209_143805,145.0,0.9999402
2068,A17,DR_20221209_143805,146.0,1.0002217
2069,A17,DR_20221209_143805,147.0,1.0028511
2070,A17,DR_20221209_143805,148.0,1.0000857
2071,A17,DR_20221209_143805,149.0,1.0003182
2072,A17,DR_20221209_143805,150.0,0.99813086
2073,A17,DR_20221209_143805,151.0,1.0014305
2074,A17,DR_20221209_143805,152.0,1.0007421
2075,A17,DR_20221209_143805,153.0,1.0062003
2076,A18,DR_20221209_143805,154.0,1.0000503
2077,A18,DR_20221209_143805,155.0,0.9997707
2078,A18,DR_20221209_143805,156.0,0.9980955
2079,A18,DR_20221209_143805,157.0,1.0005879
2080,A18,DR_20221209_143805,158.0,1.0005769
2081,A18,DR_20221209_143805,159.0,0.99944174
2082,A18,DR_20221209_143805,160.0,1.0001584
2083,A18,DR_20221209_143805,161.0,0.9996169
2084,A18,DR_20221209_143805,162.0,1.0020682
2085,A19,DR_20221209_143805,163.0,0.99737895
2086,A19,DR_20221209_143805,164.0,1.0010691
2087,A19,DR_20221209_143805,165.0,1.0002706
2088,A19,DR_20221209_143805,166.0,1.0008312
2089,A19,DR_20221209_143805,167.0,0.9876198
2090,A19,DR_20221209_143805,168.0,0.9998704
2091,A19,DR_20221209_143805,169.0,0.9995814
2092,A19,DR_20221209_143805,170.0,0.9595038
2093,A19,DR_20221209_143805,171.0,0.9999577
2094,A20,DR_20221209_143805,172.0,0.9990467
2095,A20,DR_20221209_143805,173.0,1.0003119
2096,A20,DR_20221209_143805,174.0,1.0080155
2097,A20,DR_20221209_143805,175.0,1.0005858
2098,A20,DR_20221209_143805,176.0,1.00007
2099,A20,DR_20221209_143805,177.0,1.0004164
2100,A20,DR_20221209_143805,178.0,1.0004964
2101,A20,DR_20221209_143805,179.0,0.99946487
2102,A20,DR_20221209_143805,180.0,1.0026973
2103,A21,DR_20221209_143805,181.0,1.0000993
2104,A21,DR_20221209_143805,182.0,0.99736476
2105,A21,DR_20221209_143805,183.0,1.0002567
2106,A21,DR_20221209_143805,184.0,0.9999111
2107,A21,DR_20221209_143805,185.0,1.0030624
2108,A21,DR_20221209_143805,186.0,0.9999218
2109,A21,DR_20221209_143805,187.0,1.0003026
2110,A21,DR_20221209_143805,188.0,0.9993709
2111,A21,DR_20221209_143805,189.0,1.0028713
2112,A22,DR_20221209_143805,190.0,1.0003737
2113,A22,DR_20221209_143805,191.0,1.0001942
2114,A22,DR_20221209_143805,192.0,1.0020381
2115,A22,DR_20221209_143805,193.0,0.9950467
2116,A22,DR_20221209_143805,194.0,1.0000325
2117,A22,DR_20221209_143805,195.0,0.9987995
2118,A22,DR_20221209_143805,196.0,1.0013145
2119,A22,DR_20221209_143805,197.0,0.9988043
2120,A22,DR_20221209_143805,198.0,0.99937254
2157,B03,DR_20221209_143805,235.0,0.9247269
2158,B03,DR_20221209_143805,236.0,1.0096049
2159,B03,DR_20221209_143805,237.0,0.8811968
2160,B03,DR_20221209_143805,238.0,0.988859
2161,B03,DR_20221209_143805,239.0,0.95957077
2162,B03,DR_20221209_143805,240.0,1.0081757
2163,B03,DR_20221209_143805,241.0,0.33077094
2164,B03,DR_20221209_143805,242.0,0.65412384
2165,B03,DR_20221209_143805,243.0,0.9764923
2166,B04,DR_20221209_143805,244.0,0.7442759
2167,B04,DR_20221209_143805,245.0,0.62464976
2168,B04,DR_20221209_143805,246.0,1.0382347
2169,B04,DR_20221209_143805,247.0,0.28870046
2170,B04,DR_20221209_143805,248.0,1.0424752
2171,B04,DR_20221209_143805,249.0,0.56827015
2172,B04,DR_20221209_143805,250.0,0.71711004
2173,B04,DR_20221209_143805,251.0,1.0154634
2174,B04,DR_20221209_143805,252.0,0.124001704
2175,B05,DR_20221209_143805,253.0,1.0026531
2176,B05,DR_20221209_143805,254.0,1.0005113
2177,B05,DR_20221209_143805,255.0,1.0000385
2178,B05,DR_20221209_143805,256.0,1.0088179
2179,B05,DR_20221209_143805,257.0,1.0024208
2180,B05,DR_20221209_143805,258.0,1.0012832
2181,B05,DR_20221209_143805,259.0,1.000548
2182,B05,DR_20221209_143805,260.0,1.0191406
2183,B05,DR_20221209_143805,261.0,0.99982756
2184,B06,DR_20221209_143805,262.0,1.0005077
2185,B06,DR_20221209_143805,263.0,1.0000825
2186,B06,DR_20221209_143805,264.0,1.0025432
2187,B06,DR_20221209_143805,265.0,1.0096076
2188,B06,DR_20221209_143805,266.0,1.0000815
2189,B06,DR_20221209_143805,267.0,1.0030084
2190,B06,DR_20221209_143805,268.0,1.0003029
2191,B06,DR_20221209_143805,269.0,0.99946517
2192,B06,DR_20221209_143805,270.0,0.99860364
2193,B07,DR_20221209_143805,271.0,0.9992196
2194,B07,DR_20221209_143805,272.0,1.0057089
2195,B07,DR_20221209_143805,273.0,0.99955165
2196,B07,DR_20221209_143805,274.0,1.0096896
2197,B07,DR_20221209_143805,275.0,0.9991618
2198,B07,DR_20221209_143805,276.0,1.0000871
2199,B07,DR_20221209_143805,277.0,0.99831945
2200,B07,DR_20221209_143805,278.0,0.9995195
2201,B07,DR_20221209_143805,279.0,1.000151
2202,B08,DR_20221209_143805,280.0,0.9994147
2203,B08,DR_20221209_143805,281.0,0.99982715
2204,B08,DR_20221209_143805,282.0,0.998532
2205,B08,DR_20221209_143805,283.0,1.0030738
2206,B08,DR_20221209_143805,284.0,1.0005479
2207,B08,DR_20221209_143805,285.0,0.99948585
2208,B08,DR_20221209_143805,286.0,0.9999046
2209,B08,DR_20221209_143805,287.0,1.003223
2210,B08,DR_20221209_143805,288.0,1.0001149
2211,B09,DR_20221209_143805,289.0,0.9995155
2212,B09,DR_20221209_143805,290.0,0.99990785
2213,B09,DR_20221209_143805,291.0,1.0001922
2214,B09,DR_20221209_143805,292.0,1.0003406
2215,B09,DR_20221209_143805,293.0,1.0034953
2216,B09,DR_20221209_143805,294.0,0.99940157
2217,B09,DR_20221209_143805,295.0,0.9968613
2218,B09,DR_20221209_143805,296.0,0.9985567
2219,B09,DR_20221209_143805,297.0,1.0155993
2220,B10,DR_20221209_143805,298.0,1.0000247
2221,B10,DR_20221209_143805,299.0,1.0028993
2222,B10,DR_20221209_143805,300.0,0.9951778
2223,B10,DR_20221209_143805,301.0,0.9966978
2224,B10,DR_20221209_143805,302.0,0.99594396
2225,B10,DR_20221209_143805,303.0,1.0006855
2226,B10,DR_20221209_143805,304.0,0.99991256
2227,B10,DR_20221209_143805,305.0,0.99979776
2228,B10,DR_20221209_143805,306.0,1.00088
2229,B11,DR_20221209_143805,307.0,1.0006076
2230,B11,DR_20221209_143805,308.0,1.0054337
2231,B11,DR_20221209_143805,309.0,1.0037522
2232,B11,DR_20221209_143805,310.0,1.0029418
2233,B11,DR_20221209_143805,311.0,1.0001256
2234,B11,DR_20221209_143805,312.0,1.0004559
2235,B11,DR_20221209_143805,313.0,1.0006642
2236,B11,DR_20221209_143805,314.0,1.0041169
2237,B11,DR_20221209_143805,315.0,1.0000602
2238,B12,DR_20221209_143805,316.0,1.0011151
2239,B12,DR_20221209_143805,317.0,1.0001843
2240,B12,DR_20221209_143805,318.0,1.0698569
2241,B12,DR_20221209_143805,319.0,0.99961376
2242,B12,DR_20221209_143805,320.0,0.9997734
2243,B12,DR_20221209_143805,321.0,1.0002089
2244,B12,DR_20221209_143805,322.0,1.0037587
2245,B12,DR_20221209_143805,323.0,1.0004692
2246,B12,DR_20221209_143805,324.0,1.0006887
2247,B13,DR_20221209_143805,325.0,0.9997589
2248,B13,DR_20221209_143805,326.0,1.0002197
2249,B13,DR_20221209_143805,327.0,1.0000298
2250,B13,DR_20221209_143805,328.0,0.9995306
2251,B13,DR_20221209_143805,329.0,1.0002346
2252,B13,DR_20221209_143805,330.0,0.9999356
2253,B13,DR_20221209_143805,331.0,0.9999307
2254,B13,DR_20221209_143805,332.0,0.99988717
2255,B13,DR_20221209_143805,333.0,1.0005879
2256,B14,DR_20221209_143805,334.0,1.0004249
2257,B14,DR_20221209_143805,335.0,1.0001701
2258,B14,DR_20221209_143805,336.0,1.0004506
2259,B14,DR_20221209_143805,337.0,0.99956864
2260,B14,DR_20221209_143805,338.0,0.94281846
2261,B14,DR_20221209_143805,339.0,0.9986767
2262,B14,DR_20221209_143805,340.0,1.000725
2263,B14,DR_20221209_143805,341.0,0.99535584
2264,B14,DR_20221209_143805,342.0,1.0014442
2265,B15,DR_20221209_143805,343.0,1.0021834
2266,B15,DR_20221209_143805,344.0,0.9979602
2267,B15,DR_20221209_143805,345.0,1.0031146
2268,B15,DR_20221209_143805,346.0,1.0074697
2269,B15,DR_20221209_143805,347.0,1.0000618
2270,B15,DR_20221209_143805,348.0,0.9989744
2271,B15,DR_20221209_143805,349.0,1.0000168
2272,B15,DR_20221209_143805,350.0,1.0002099
2273,B15,DR_20221209_143805,351.0,1.0034606
2274,B16,DR_20221209_143805,352.0,1.0013558
2275,B16,DR_20221209_143805,353.0,0.99991554
2276,B16,DR_20221209_143805,354.0,0.9998994
2277,B16,DR_20221209_143805,355.0,1.0267966
2278,B16,DR_20221209_143805,356.0,1.0031005
2279,B16,DR_20221209_143805,357.0,0.999769
2280,B16,DR_20221209_143805,358.0,1.0000124
2281,B16,DR_20221209_143805,359.0,1.0031878
2282,B16,DR_20221209_143805,360.0,0.9992755
2283,B17,DR_20221209_143805,361.0,1.0002127
2284,B17,DR_20221209_143805,362.0,1.0001673
2285,B17,DR_20221209_143805,363.0,0.9997367
2286,B17,DR_20221209_143805,364.0,1.0001935
2287,B17,DR_20221209_143805,365.0,1.0005962
2288,B17,DR_20221209_143805,366.0,0.99970466
2289,B17,DR_20221209_143805,367.0,1.0297372
2290,B17,DR_20221209_143805,368.0,1.0001084
2291,B17,DR_20221209_143805,369.0,0.9990353
2292,B18,DR_20221209_143805,370.0,0.9990029
2293,B18,DR_20221209_143805,371.0,0.99495316
2294,B18,DR_20221209_143805,372.0,1.0003021
2295,B18,DR_20221209_143805,373.0,1.0014755
2296,B18,DR_20221209_143805,374.0,1.0001694
2297,B18,DR_20221209_143805,375.0,0.9988789
2298,B18,DR_20221209_143805,376.0,0.99925953
2299,B18,DR_20221209_143805,377.0,0.9995574
2300,B18,DR_20221209_143805,378.0,0.99981916
2301,B19,DR_20221209_143805,379.0,1.0061833
2302,B19,DR_20221209_143805,380.0,1.002994
2303,B19,DR_20221209_143805,381.0,0.9978546
2304,B19,DR_20221209_143805,382.0,0.9943343
2305,B19,DR_20221209_143805,383.0,0.99440485
2306,B19,DR_20221209_143805,384.0,0.95267564
2307,B19,DR_20221209_143805,385.0,0.99977565
2308,B19,DR_20221209_143805,386.0,0.99913484
2309,B19,DR_20221209_143805,387.0,1.0002223
2310,B20,DR_20221209_143805,388.0,0.99965006
2311,B20,DR_20221209_143805,389.0,0.99951607
2312,B20,DR_20221209_143805,390.0,1.0004191
2313,B20,DR_20221209_143805,391.0,1.0001359
2314,B20,DR_20221209_143805,392.0,0.99986535
2315,B20,DR_20221209_143805,393.0,1.0004396
2316,B20,DR_20221209_143805,394.0,1.0002662
2317,B20,DR_20221209_143805,395.0,0.9999474
2318,B20,DR_20221209_143805,396.0,1.0006537
2319,B21,DR_20221209_143805,397.0,0.9999466
2320,B21,DR_20221209_143805,398.0,1.0004504
2321,B21,DR_20221209_143805,399.0,0.99988216
2322,B21,DR_20221209_143805,400.0,1.0075
2323,B21,DR_20221209_143805,401.0,0.9991644
2324,B21,DR_20221209_143805,402.0,0.99940276
2325,B21,DR_20221209_143805,403.0,1.0000653
2326,B21,DR_20221209_143805,404.0,1.0005256
2327,B21,DR_20221209_143805,405.0,1.0034769
2328,B22,DR_20221209_143805,406.0,1.0002863
2329,B22,DR_20221209_143805,407.0,1.0000459
2330,B22,DR_20221209_143805,408.0,1.0006351
2331,B22,DR_20221209_143805,409.0,1.0030888
2332,B22,DR_20221209_143805,410.0,0.99987495
2333,B22,DR_20221209_143805,411.0,1.0002251
2334,B22,DR_20221209_143805,412.0,0.99750704
2335,B22,DR_20221209_143805,413.0,1.0003495
2336,B22,DR_20221209_143805,414.0,1.0027199
2373,C03,DR_20221209_143805,451.0,1.0280339
2374,C03,DR_20221209_143805,452.0,1.0040548
2375,C03,DR_20221209_143805,453.0,1.004846
2376,C03,DR_20221209_143805,454.0,1.0203476
2377,C03,DR_20221209_143805,455.0,0.97119534
2378,C03,DR_20221209_143805,456.0,1.0478737
2379,C03,DR_20221209_143805,457.0,0.99933314
2380,C03,DR_20221209_143805,458.0,0.9990267
2381,C03,DR_20221209_143805,459.0,0.9986132
2382,C04,DR_20221209_143805,460.0,0.887253
2383,C04,DR_20221209_143805,461.0,0.15634884
2384,C04,DR_20221209_143805,462.0,1.0330083
2385,C04,DR_20221209_143805,463.0,0.13829648
2386,C04,DR_20221209_143805,464.0,0.6522824
2387,C04,DR_20221209_143805,465.0,1.0369956
2388,C04,DR_20221209_143805,466.0,1.0263523
2389,C04,DR_20221209_143805,467.0,1.0235239
2390,C04,DR_20221209_143805,468.0,0.60811645
2391,C05,DR_20221209_143805,469.0,0.04452668
2392,C05,DR_20221209_143805,470.0,0.019694174
2393,C05,DR_20221209_143805,471.0,0.97143143
2394,C05,DR_20221209_143805,472.0,0.59924847
2395,C05,DR_20221209_143805,473.0,0.022352628
2396,C05,DR_20221209_143805,474.0,0.06630609
2397,C05,DR_20221209_143805,475.0,0.84360623
2398,C05,DR_20221209_143805,476.0,0.010561999
2399,C05,DR_20221209_143805,477.0,0.6650133
2400,C06,DR_20221209_143805,478.0,0.99919754
2401,C06,DR_20221209_143805,479.0,1.0063592
2402,C06,DR_20221209_143805,480.0,0.9977278
2403,C06,DR_20221209_143805,481.0,1.000398
2404,C06,DR_20221209_143805,482.0,0.99942183
2405,C06,DR_20221209_143805,483.0,0.999919
2406,C06,DR_20221209_143805,484.0,0.99946296
2407,C06,DR_20221209_143805,485.0,1.006721
2408,C06,DR_20221209_143805,486.0,1.00552
2409,C07,DR_20221209_143805,487.0,0.9999651
2410,C07,DR_20221209_143805,488.0,0.99722165
2411,C07,DR_20221209_143805,489.0,1.0004739
2412,C07,DR_20221209_143805,490.0,0.99943024
2413,C07,DR_20221209_143805,491.0,0.9999054
2414,C07,DR_20221209_143805,492.0,0.9997385
2415,C07,DR_20221209_143805,493.0,0.9982526
2416,C07,DR_20221209_143805,494.0,0.99983305
2417,C07,DR_20221209_143805,495.0,0.99873817
2418,C08,DR_20221209_143805,496.0,0.99740213
2419,C08,DR_20221209_143805,497.0,1.0165083
2420,C08,DR_20221209_143805,498.0,1.0004933
2421,C08,DR_20221209_143805,499.0,1.0003366
2422,C08,DR_20221209_143805,500.0,0.9357385
2423,C08,DR_20221209_143805,501.0,1.0003953
2424,C08,DR_20221209_143805,502.0,0.9993702
2425,C08,DR_20221209_143805,503.0,0.9991537
2426,C08,DR_20221209_143805,504.0,0.99999166
2427,C09,DR_20221209_143805,505.0,0.9995025
2428,C09,DR_20221209_143805,506.0,1.0021122
2429,C09,DR_20221209_143805,507.0,1.0006696
2430,C09,DR_20221209_143805,508.0,0.99661785
2431,C09,DR_20221209_143805,509.0,1.0492996
2432,C09,DR_20221209_143805,510.0,1.0000306
2433,C09,DR_20221209_143805,511.0,0.99974877
2434,C09,DR_20221209_143805,512.0,1.0052004
2435,C09,DR_20221209_143805,513.0,1.0028344
2436,C10,DR_20221209_143805,514.0,0.99681437
2437,C10,DR_20221209_143805,515.0,1.0055829
2438,C10,DR_20221209_143805,516.0,1.0004089
2439,C10,DR_20221209_143805,517.0,1.0002774
2440,C10,DR_20221209_143805,518.0,1.0460382
2441,C10,DR_20221209_143805,519.0,0.9991746
2442,C10,DR_20221209_143805,520.0,0.998936
2443,C10,DR_20221209_143805,521.0,0.99973875
2444,C10,DR_20221209_143805,522.0,1.0007443
2445,C11,DR_20221209_143805,523.0,1.0000433
2446,C11,DR_20221209_143805,524.0,0.99998236
2447,C11,DR_20221209_143805,525.0,1.0000265
2448,C11,DR_20221209_143805,526.0,1.0005925
2449,C11,DR_20221209_143805,527.0,0.9991975
2450,C11,DR_20221209_143805,528.0,1.0015954
2451,C11,DR_20221209_143805,529.0,1.0659044
2452,C11,DR_20221209_143805,530.0,1.0000473
2453,C11,DR_20221209_143805,531.0,1.0002403
2454,C12,DR_20221209_143805,532.0,1.0000669
2455,C12,DR_20221209_143805,533.0,1.0001231
2456,C12,DR_20221209_143805,534.0,1.0071452
2457,C12,DR_20221209_143805,535.0,0.99938214
2458,C12,DR_20221209_143805,536.0,0.9992641
2459,C12,DR_20221209_143805,537.0,0.9991542
2460,C12,DR_20221209_143805,538.0,0.9885571
2461,C12,DR_20221209_143805,539.0,0.99869
2462,C12,DR_20221209_143805,540.0,0.99977833
2463,C13,DR_20221209_143805,541.0,0.9986803
2464,C13,DR_20221209_143805,542.0,0.9990699
2465,C13,DR_20221209_143805,543.0,0.9986404
2466,C13,DR_20221209_143805,544.0,0.99814516
2467,C13,DR_20221209_143805,545.0,0.9966455
2468,C13,DR_20221209_143805,546.0,1.0000267
2469,C13,DR_20221209_143805,547.0,1.0002466
2470,C13,DR_20221209_143805,548.0,1.0004722
2471,C13,DR_20221209_143805,549.0,0.9955695
2472,C14,DR_20221209_143805,550.0,0.999493
2473,C14,DR_20221209_143805,551.0,0.9997653
2474,C14,DR_20221209_143805,552.0,0.9972874
2475,C14,DR_20221209_143805,553.0,1.0003101
2476,C14,DR_20221209_143805,554.0,0.99992245
2477,C14,DR_20221209_143805,555.0,1.0000403
2478,C14,DR_20221209_143805,556.0,1.000085
2479,C14,DR_20221209_143805,557.0,0.9997714
2480,C14,DR_20221209_143805,558.0,1.0001059
2481,C15,DR_20221209_143805,559.0,1.0058601
2482,C15,DR_20221209_143805,560.0,1.0003165
2483,C15,DR_20221209_143805,561.0,0.99999344
2484,C15,DR_20221209_143805,562.0,0.91966766
2485,C15,DR_20221209_143805,563.0,1.0422461
2486,C15,DR_20221209_143805,564.0,0.99991095
2487,C15,DR_20221209_143805,565.0,1.0000775
2488,C15,DR_20221209_143805,566.0,0.999831
2489,C15,DR_20221209_143805,567.0,1.0005181
2490,C16,DR_20221209_143805,568.0,0.99933016
2491,C16,DR_20221209_143805,569.0,0.9996783
2492,C16,DR_20221209_143805,570.0,0.99926764
2493,C16,DR_20221209_143805,571.0,0.9996157
2494,C16,DR_20221209_143805,572.0,1.0003946
2495,C16,DR_20221209_143805,573.0,0.9999698
2496,C16,DR_20221209_143805,574.0,1.0008955
2497,C16,DR_20221209_143805,575.0,0.99825
2498,C16,DR_20221209_143805,576.0,0.90067345
2499,C17,DR_20221209_143805,577.0,1.0
2500,C17,DR_20221209_143805,578.0,0.9998498
2501,C17,DR_20221209_143805,579.0,0.9997831
2502,C17,DR_20221209_143805,580.0,0.9997417
2503,C17,DR_20221209_143805,581.0,1.0003072
2504,C17,DR_20221209_143805,582.0,0.99897027
2505,C17,DR_20221209_143805,583.0,1.0001014
2506,C17,DR_20221209_143805,584.0,1.0001568
2507,C17,DR_20221209_143805,585.0,0.9996716
2508,C18,DR_20221209_143805,586.0,1.0004158
2509,C18,DR_20221209_143805,587.0,0.9939016
2510,C18,DR_20221209_143805,588.0,1.0007107
2511,C18,DR_20221209_143805,589.0,1.0008514
2512,C18,DR_20221209_143805,590.0,1.0002111
2513,C18,DR_20221209_143805,591.0,1.0003589
2514,C18,DR_20221209_143805,592.0,1.0003471
2515,C18,DR_20221209_143805,593.0,0.9992928
2516,C18,DR_20221209_143805,594.0,1.0005851
2517,C19,DR_20221209_143805,595.0,0.99954253
2518,C19,DR_20221209_143805,596.0,1.0031106
2519,C19,DR_20221209_143805,597.0,1.0004225
2520,C19,DR_20221209_143805,598.0,0.99466085
2521,C19,DR_20221209_143805,599.0,1.0224063
2522,C19,DR_20221209_143805,600.0,0.99981797
2523,C19,DR_20221209_143805,601.0,1.0003029
2524,C19,DR_20221209_143805,602.0,0.99891424
2525,C19,DR_20221209_143805,603.0,1.0001026
2526,C20,DR_20221209_143805,604.0,0.99994206
2527,C20,DR_20221209_143805,605.0,1.002123
2528,C20,DR_20221209_143805,606.0,1.0012708
2529,C20,DR_20221209_143805,607.0,1.0095087
2530,C20,DR_20221209_143805,608.0,1.0000772
2531,C20,DR_20221209_143805,609.0,0.9994931
2532,C20,DR_20221209_143805,610.0,0.9998577
2533,C20,DR_20221209_143805,611.0,0.9994927
2534,C20,DR_20221209_143805,612.0,1.0002952
2535,C21,DR_20221209_143805,613.0,1.000636
2536,C21,DR_20221209_143805,614.0,1.0007308
2537,C21,DR_20221209_143805,615.0,1.0030313
2538,C21,DR_20221209_143805,616.0,0.99884075
2539,C21,DR_20221209_143805,617.0,0.9999458
2540,C21,DR_20221209_143805,618.0,0.9995451
2541,C21,DR_20221209_143805,619.0,1.0007643
2542,C21,DR_20221209_143805,620.0,0.99894685
2543,C21,DR_20221209_143805,621.0,1.000168
2544,C22,DR_20221209_143805,622.0,1.0002624
2545,C22,DR_20221209_143805,623.0,1.0006088
2546,C22,DR_20221209_143805,624.0,0.9985687
2547,C22,DR_20221209_143805,625.0,0.99999833
2548,C22,DR_20221209_143805,626.0,1.0005815
2549,C22,DR_20221209_143805,627.0,1.0000569
2550,C22,DR_20221209_143805,628.0,0.9997258
2551,C22,DR_20221209_143805,629.0,0.9993877
2552,C22,DR_20221209_143805,630.0,0.9996045
2589,D03,DR_20221209_143805,667.0,0.9687634
2590,D03,DR_20221209_143805,668.0,0.7110174
2591,D03,DR_20221209_143805,669.0,0.6547204
2592,D03,DR_20221209_143805,670.0,0.60882586
2593,D03,DR_20221209_143805,671.0,0.07652805
2594,D03,DR_20221209_143805,672.0,0.13762927
2595,D03,DR_20221209_143805,673.0,0.9381827
2596,D03,DR_20221209_143805,674.0,0.28451514
2597,D03,DR_20221209_143805,675.0,0.26256776
2598,D04,DR_20221209_143805,676.0,0.3092756
2599,D04,DR_20221209_143805,677.0,0.8647639
2600,D04,DR_20221209_143805,678.0,0.99551004
2601,D04,DR_20221209_143805,679.0,0.12966697
2602,D04,DR_20221209_143805,680.0,0.62401426
2603,D04,DR_20221209_143805,681.0,0.276873
2604,D04,DR_20221209_143805,682.0,0.60105985
2605,D04,DR_20221209_143805,683.0,0.28621435
2606,D04,DR_20221209_143805,684.0,0.90844417
2607,D05,DR_20221209_143805,685.0,0.9746969
2608,D05,DR_20221209_143805,686.0,0.6395477
2609,D05,DR_20221209_143805,687.0,0.3167533
2610,D05,DR_20221209_143805,688.0,0.24452092
2611,D05,DR_20221209_143805,689.0,1.0280344
2612,D05,DR_20221209_143805,690.0,0.32749432
2613,D05,DR_20221209_143805,691.0,1.0279864
2614,D05,DR_20221209_143805,692.0,0.9702075
2615,D05,DR_20221209_143805,693.0,0.98220396
2616,D06,DR_20221209_143805,694.0,1.2156749
2617,D06,DR_20221209_143805,695.0,1.000681
2618,D06,DR_20221209_143805,696.0,1.0647908
2619,D06,DR_20221209_143805,697.0,0.2003059
2620,D06,DR_20221209_143805,698.0,0.09620346
2621,D06,DR_20221209_143805,699.0,0.62609136
2622,D06,DR_20221209_143805,700.0,0.98911697
2623,D06,DR_20221209_143805,701.0,0.6215625
2624,D06,DR_20221209_143805,702.0,0.6089735
2625,D07,DR_20221209_143805,703.0,0.6412234
2626,D07,DR_20221209_143805,704.0,1.0187892
2627,D07,DR_20221209_143805,705.0,1.038641
2628,D07,DR_20221209_143805,706.0,0.22370705
2629,D07,DR_20221209_143805,707.0,0.4404214
2630,D07,DR_20221209_143805,708.0,0.029304186
2631,D07,DR_20221209_143805,709.0,0.005696088
2632,D07,DR_20221209_143805,710.0,0.77872694
2633,D07,DR_20221209_143805,711.0,0.9093609
2634,D09,DR_20221209_143805,721.0,0.99950314
2635,D09,DR_20221209_143805,722.0,0.999091
2636,D09,DR_20221209_143805,723.0,0.9999105
2637,D09,DR_20221209_143805,724.0,0.9995746
2638,D09,DR_20221209_143805,725.0,1.0032891
2639,D09,DR_20221209_143805,726.0,0.99983555
2640,D09,DR_20221209_143805,727.0,0.99943227
2641,D09,DR_20221209_143805,728.0,0.9993648
2642,D09,DR_20221209_143805,729.0,1.0025152
2643,D10,DR_20221209_143805,730.0,0.9994434
2644,D10,DR_20221209_143805,731.0,1.0007182
2645,D10,DR_20221209_143805,732.0,1.0005109
2646,D10,DR_20221209_143805,733.0,0.99910235
2647,D10,DR_20221209_143805,734.0,1.002783
2648,D10,DR_20221209_143805,735.0,1.0045851
2649,D10,DR_20221209_143805,736.0,0.96984375
2650,D10,DR_20221209_143805,737.0,0.9997902
2651,D10,DR_20221209_143805,738.0,0.9998754
2652,D11,DR_20221209_143805,739.0,0.9997962
2653,D11,DR_20221209_143805,740.0,1.0143342
2654,D11,DR_20221209_143805,741.0,0.9999734
2655,D11,DR_20221209_143805,742.0,1.0005298
2656,D11,DR_20221209_143805,743.0,1.0430045
2657,D11,DR_20221209_143805,744.0,0.99993175
2658,D11,DR_20221209_143805,745.0,1.0004045
2659,D11,DR_20221209_143805,746.0,1.0002836
2660,D11,DR_20221209_143805,747.0,1.0009563
2661,D12,DR_20221209_143805,748.0,0.9990197
2662,D12,DR_20221209_143805,749.0,0.99961317
2663,D12,DR_20221209_143805,750.0,0.9990085
2664,D12,DR_20221209_143805,751.0,0.99869317
2665,D12,DR_20221209_143805,752.0,0.94346136
2666,D12,DR_20221209_143805,753.0,1.041655
2667,D12,DR_20221209_143805,754.0,0.99905115
2668,D12,DR_20221209_143805,755.0,0.99987733
2669,D12,DR_20221209_143805,756.0,0.9990569
2670,D13,DR_20221209_143805,757.0,1.0000098
2671,D13,DR_20221209_143805,758.0,0.9991849
2672,D13,DR_20221209_143805,759.0,1.0009854
2673,D13,DR_20221209_143805,760.0,1.0015373
2674,D13,DR_20221209_143805,761.0,0.9944412
2675,D13,DR_20221209_143805,762.0,1.0029335
2676,D13,DR_20221209_143805,763.0,0.997682
2677,D13,DR_20221209_143805,764.0,1.0005702
2678,D13,DR_20221209_143805,765.0,0.9967635
2679,D14,DR_20221209_143805,766.0,0.99589545
2680,D14,DR_20221209_143805,767.0,1.040699
2681,D14,DR_20221209_143805,768.0,1.0291659
2682,D14,DR_20221209_143805,769.0,0.9941799
2683,D14,DR_20221209_143805,770.0,1.0426863
2684,D14,DR_20221209_143805,771.0,1.0004301
2685,D14,DR_20221209_143805,772.0,0.99864197
2686,D14,DR_20221209_143805,773.0,1.0000132
2687,D14,DR_20221209_143805,774.0,1.037802
2688,D15,DR_20221209_143805,775.0,0.9995109
2689,D15,DR_20221209_143805,776.0,1.0152924
2690,D15,DR_20221209_143805,777.0,1.0257859
2691,D15,DR_20221209_143805,778.0,0.9993008
2692,D15,DR_20221209_143805,779.0,0.93385226
2693,D15,DR_20221209_143805,780.0,1.0328313
2694,D15,DR_20221209_143805,781.0,0.99974936
2695,D15,DR_20221209_143805,782.0,0.9935667
2696,D15,DR_20221209_143805,783.0,0.9982674
2697,D16,DR_20221209_143805,784.0,0.9992171
2698,D16,DR_20221209_143805,785.0,0.9900598
2699,D16,DR_20221209_143805,786.0,1.0205879
2700,D16,DR_20221209_143805,787.0,1.0001944
2701,D16,DR_20221209_143805,788.0,0.9428199
2702,D16,DR_20221209_143805,789.0,1.0028119
2703,D16,DR_20221209_143805,790.0,1.0036006
2704,D16,DR_20221209_143805,791.0,1.0006955
2705,D16,DR_20221209_143805,792.0,0.938613
2706,D17,DR_20221209_143805,793.0,1.0060757
2707,D17,DR_20221209_143805,794.0,0.9987497
2708,D17,DR_20221209_143805,795.0,0.99517274
2709,D17,DR_20221209_143805,796.0,1.0001069
2710,D17,DR_20221209_143805,797.0,0.99928623
2711,D17,DR_20221209_143805,798.0,0.9998183
2712,D17,DR_20221209_143805,799.0,1.0007409
2713,D17,DR_20221209_143805,800.0,0.99914086
2714,D17,DR_20221209_143805,801.0,1.0001025
2715,D18,DR_20221209_143805,802.0,0.999313
2716,D18,DR_20221209_143805,803.0,0.9996575
2717,D18,DR_20221209_143805,804.0,1.0359956
2718,D18,DR_20221209_143805,805.0,1.0002913
2719,D18,DR_20221209_143805,806.0,1.0000789
2720,D18,DR_20221209_143805,807.0,1.000022
2721,D18,DR_20221209_143805,808.0,0.9964951
2722,D18,DR_20221209_143805,809.0,1.0004296
2723,D18,DR_20221209_143805,810.0,1.0024555
2724,D19,DR_20221209_143805,811.0,0.99221754
2725,D19,DR_20221209_143805,812.0,0.9942425
2726,D19,DR_20221209_143805,813.0,0.9950395
2727,D19,DR_20221209_143805,814.0,1.001353
2728,D19,DR_20221209_143805,815.0,1.0011338
2729,D19,DR_20221209_143805,816.0,0.9998133
2730,D19,DR_20221209_143805,817.0,0.9916856
2731,D19,DR_20221209_143805,818.0,0.99964654
2732,D19,DR_20221209_143805,819.0,0.9961614
2733,D20,DR_20221209_143805,820.0,0.9998196
2734,D20,DR_20221209_143805,821.0,1.0003561
2735,D20,DR_20221209_143805,822.0,0.99276537
2736,D20,DR_20221209_143805,823.0,1.0000674
2737,D20,DR_20221209_143805,824.0,0.9995498
2738,D20,DR_20221209_143805,825.0,0.9997545
2739,D20,DR_20221209_143805,826.0,1.0004929
2740,D20,DR_20221209_143805,827.0,0.9991178
2741,D20,DR_20221209_143805,828.0,1.0003213
2742,D21,DR_20221209_143805,829.0,1.000276
2743,D21,DR_20221209_143805,830.0,1.0008794
2744,D21,DR_20221209_143805,831.0,1.0004762
2745,D21,DR_20221209_143805,832.0,1.0004336
2746,D21,DR_20221209_143805,833.0,1.0001694
2747,D21,DR_20221209_143805,834.0,1.0001144
2748,D21,DR_20221209_143805,835.0,0.9841059
2749,D21,DR_20221209_143805,836.0,0.9992099
2750,D21,DR_20221209_143805,837.0,1.0045139
2751,D22,DR_20221209_143805,838.0,1.0006702
2752,D22,DR_20221209_143805,839.0,1.0005065
2753,D22,DR_20221209_143805,840.0,1.0015359
2754,D22,DR_20221209_143805,841.0,0.9999296
2755,D22,DR_20221209_143805,842.0,0.99921244
2756,D22,DR_20221209_143805,843.0,1.0002769
2757,D22,DR_20221209_143805,844.0,0.99585366
2758,D22,DR_20221209_143805,845.0,0.99995273
2759,D22,DR_20221209_143805,846.0,1.000821
2796,E03,DR_20221209_143805,883.0,1.0007296
2797,E03,DR_20221209_143805,884.0,0.697874
2798,E03,DR_20221209_143805,885.0,0.8913057
2799,E03,DR_20221209_143805,886.0,0.9883705
2800,E03,DR_20221209_143805,887.0,0.6795606
2801,E03,DR_20221209_143805,888.0,0.89677405
2802,E03,DR_20221209_143805,889.0,0.86267614
2803,E03,DR_20221209_143805,890.0,0.14171845
2804,E03,DR_20221209_143805,891.0,0.60981333
2805,E04,DR_20221209_143805,892.0,1.0336317
2806,E04,DR_20221209_143805,893.0,0.93554443
2807,E04,DR_20221209_143805,894.0,1.0358343
2808,E04,DR_20221209_143805,895.0,0.59445053
2809,E04,DR_20221209_143805,896.0,0.6104978
2810,E04,DR_20221209_143805,897.0,0.6353855
2811,E04,DR_20221209_143805,898.0,1.0330017
2812,E04,DR_20221209_143805,899.0,0.61823934
2813,E04,DR_20221209_143805,900.0,0.9345786
2814,E05,DR_20221209_143805,901.0,0.015127026
2815,E05,DR_20221209_143805,902.0,0.057217963
2816,E05,DR_20221209_143805,903.0,0.5913689
2817,E05,DR_20221209_143805,904.0,0.60151124
2818,E05,DR_20221209_143805,905.0,0.0800801
2819,E05,DR_20221209_143805,906.0,0.0943402
2820,E05,DR_20221209_143805,907.0,0.10571792
2821,E05,DR_20221209_143805,908.0,0.14010482
2822,E05,DR_20221209_143805,909.0,0.8648039
2823,E06,DR_20221209_143805,910.0,1.0109718
2824,E06,DR_20221209_143805,911.0,0.12993494
2825,E06,DR_20221209_143805,912.0,0.7169803
2826,E06,DR_20221209_143805,913.0,0.088788696
2827,E06,DR_20221209_143805,914.0,0.35187584
2828,E06,DR_20221209_143805,915.0,0.16088836
2829,E06,DR_20221209_143805,916.0,1.0349191
2830,E06,DR_20221209_143805,917.0,0.4410689
2831,E06,DR_20221209_143805,918.0,0.17379002
2832,E07,DR_20221209_143805,919.0,0.27609745
2833,E07,DR_20221209_143805,920.0,0.14033628
2834,E07,DR_20221209_143805,921.0,0.32906663
2835,E07,DR_20221209_143805,922.0,0.97587675
2836,E07,DR_20221209_143805,923.0,0.121725015
2837,E07,DR_20221209_143805,924.0,0.52481705
2838,E07,DR_20221209_143805,925.0,0.84153
2839,E07,DR_20221209_143805,926.0,0.34613362
2840,E07,DR_20221209_143805,927.0,0.28494027
2841,E08,DR_20221209_143805,928.0,0.9116374
2842,E08,DR_20221209_143805,929.0,0.6174263
2843,E08,DR_20221209_143805,930.0,0.9448004
2844,E08,DR_20221209_143805,931.0,0.9131343
2845,E08,DR_20221209_143805,932.0,0.09087563
2846,E08,DR_20221209_143805,933.0,0.6564249
2847,E08,DR_20221209_143805,934.0,0.9180717
2848,E08,DR_20221209_143805,935.0,0.61567867
2849,E08,DR_20221209_143805,936.0,0.95295554
2850,E09,DR_20221209_143805,937.0,0.9993613
2851,E09,DR_20221209_143805,938.0,0.9994079
2852,E09,DR_20221209_143805,939.0,1.0002064
2853,E09,DR_20221209_143805,940.0,1.0001024
2854,E09,DR_20221209_143805,941.0,0.99433696
2855,E09,DR_20221209_143805,942.0,1.0003712
2856,E09,DR_20221209_143805,943.0,0.99681103
2857,E09,DR_20221209_143805,944.0,0.9963694
2858,E09,DR_20221209_143805,945.0,0.9977414
2859,E10,DR_20221209_143805,946.0,1.0002004
2860,E10,DR_20221209_143805,947.0,1.0046834
2861,E10,DR_20221209_143805,948.0,1.0003321
2862,E10,DR_20221209_143805,949.0,0.99877286
2863,E10,DR_20221209_143805,950.0,0.9987704
2864,E10,DR_20221209_143805,951.0,0.9999202
2865,E10,DR_20221209_143805,952.0,1.0230901
2866,E10,DR_20221209_143805,953.0,0.9997125
2867,E10,DR_20221209_143805,954.0,1.0074295
2868,E11,DR_20221209_143805,955.0,1.0001931
2869,E11,DR_20221209_143805,956.0,1.0004824
2870,E11,DR_20221209_143805,957.0,1.0005181
2871,E11,DR_20221209_143805,958.0,1.0003055
2872,E11,DR_20221209_143805,959.0,1.0444266
2873,E11,DR_20221209_143805,960.0,1.0004686
2874,E11,DR_20221209_143805,961.0,1.0058349
2875,E11,DR_20221209_143805,962.0,1.0006711
2876,E11,DR_20221209_143805,963.0,1.0036968
2877,E12,DR_20221209_143805,964.0,0.99975634
2878,E12,DR_20221209_143805,965.0,0.9997867
2879,E12,DR_20221209_143805,966.0,1.0019766
2880,E12,DR_20221209_143805,967.0,1.0001507
2881,E12,DR_20221209_143805,968.0,1.0000925
2882,E12,DR_20221209_143805,969.0,0.99745417
2883,E12,DR_20221209_143805,970.0,1.0005063
2884,E12,DR_20221209_143805,971.0,0.9956095
2885,E12,DR_20221209_143805,972.0,0.9996744
2886,E13,DR_20221209_143805,973.0,1.0008738
2887,E13,DR_20221209_143805,974.0,0.99963796
2888,E13,DR_20221209_143805,975.0,1.0005043
2889,E13,DR_20221209_143805,976.0,0.9997649
2890,E13,DR_20221209_143805,977.0,0.99997914
2891,E13,DR_20221209_143805,978.0,0.9994333
2892,E13,DR_20221209_143805,979.0,0.99983907
2893,E13,DR_20221209_143805,980.0,1.0004468
2894,E13,DR_20221209_143805,981.0,0.9973993
2895,E14,DR_20221209_143805,982.0,1.0031691
2896,E14,DR_20221209_143805,983.0,0.99715114
2897,E14,DR_20221209_143805,984.0,0.6540939
2898,E14,DR_20221209_143805,985.0,0.9962467
2899,E14,DR_20221209_143805,986.0,0.9416299
2900,E14,DR_20221209_143805,987.0,1.0000403
2901,E14,DR_20221209_143805,988.0,0.9920151
2902,E14,DR_20221209_143805,989.0,0.99675894
2903,E14,DR_20221209_143805,990.0,0.50378436
2904,E15,DR_20221209_143805,991.0,0.9995534
2905,E15,DR_20221209_143805,992.0,0.99923414
2906,E15,DR_20221209_143805,993.0,1.0106156
2907,E15,DR_20221209_143805,994.0,0.99664295
2908,E15,DR_20221209_143805,995.0,0.94720584
2909,E15,DR_20221209_143805,996.0,1.0002375
2910,E15,DR_20221209_143805,997.0,1.0007716
2911,E15,DR_20221209_143805,998.0,1.0322131
2912,E15,DR_20221209_143805,999.0,1.0249802
2913,E16,DR_20221209_143805,1000.0,0.99995714
2914,E16,DR_20221209_143805,1001.0,0.99924
2915,E16,DR_20221209_143805,1002.0,1.0050231
2916,E16,DR_20221209_143805,1003.0,0.99969554
2917,E16,DR_20221209_143805,1004.0,0.9580659
2918,E16,DR_20221209_143805,1005.0,1.0034752
2919,E16,DR_20221209_143805,1006.0,1.0007691
2920,E16,DR_20221209_143805,1007.0,0.99562544
2921,E16,DR_20221209_143805,1008.0,1.027671
2922,E17,DR_20221209_143805,1009.0,0.999414
2923,E17,DR_20221209_143805,1010.0,0.99987435
2924,E17,DR_20221209_143805,1011.0,0.9948724
2925,E17,DR_20221209_143805,1012.0,0.99873304
2926,E17,DR_20221209_143805,1013.0,0.99953794
2927,E17,DR_20221209_143805,1014.0,1.0044016
2928,E17,DR_20221209_143805,1015.0,0.99921185
2929,E17,DR_20221209_143805,1016.0,0.9991961
2930,E17,DR_20221209_143805,1017.0,0.9994937
2931,E18,DR_20221209_143805,1018.0,1.0003979
2932,E18,DR_20221209_143805,1019.0,1.0031947
2933,E18,DR_20221209_143805,1020.0,0.9977805
2934,E18,DR_20221209_143805,1021.0,1.0001668
2935,E18,DR_20221209_143805,1022.0,1.0438848
2936,E18,DR_20221209_143805,1023.0,0.99671304
2937,E18,DR_20221209_143805,1024.0,0.97612405
2938,E18,DR_20221209_143805,1025.0,0.99992675
2939,E18,DR_20221209_143805,1026.0,1.0012907
2940,E19,DR_20221209_143805,1027.0,0.9994607
2941,E19,DR_20221209_143805,1028.0,1.0002618
2942,E19,DR_20221209_143805,1029.0,1.0004944
2943,E19,DR_20221209_143805,1030.0,0.9989787
2944,E19,DR_20221209_143805,1031.0,0.9998933
2945,E19,DR_20221209_143805,1032.0,1.0007523
2946,E19,DR_20221209_143805,1033.0,0.99974674
2947,E19,DR_20221209_143805,1034.0,1.0002809
2948,E19,DR_20221209_143805,1035.0,0.99985343
2949,E20,DR_20221209_143805,1036.0,0.9997855
2950,E20,DR_20221209_143805,1037.0,1.0008088
2951,E20,DR_20221209_143805,1038.0,0.988722
2952,E20,DR_20221209_143805,1039.0,1.0061945
2953,E20,DR_20221209_143805,1040.0,0.99982816
2954,E20,DR_20221209_143805,1041.0,0.99961543
2955,E20,DR_20221209_143805,1042.0,0.9999914
2956,E20,DR_20221209_143805,1043.0,0.99946123
2957,E20,DR_20221209_143805,1044.0,1.0060335
2958,E21,DR_20221209_143805,1045.0,1.0007594
2959,E21,DR_20221209_143805,1046.0,0.99500024
2960,E21,DR_20221209_143805,1047.0,0.999379
2961,E21,DR_20221209_143805,1048.0,1.0003183
2962,E21,DR_20221209_143805,1049.0,1.000435
2963,E21,DR_20221209_143805,1050.0,0.9993174
2964,E21,DR_20221209_143805,1051.0,1.0002619
2965,E21,DR_20221209_143805,1052.0,0.99913853
2966,E21,DR_20221209_143805,1053.0,1.004066
2967,E22,DR_20221209_143805,1054.0,1.0139126
2968,E22,DR_20221209_143805,1055.0,1.0002675
2969,E22,DR_20221209_143805,1056.0,0.9945143
2970,E22,DR_20221209_143805,1057.0,0.9995603
2971,E22,DR_20221209_143805,1058.0,1.0002817
2972,E22,DR_20221209_143805,1059.0,1.0005562
2973,E22,DR_20221209_143805,1060.0,1.0009413
2974,E22,DR_20221209_143805,1061.0,1.0019511
2975,E22,DR_20221209_143805,1062.0,1.0005714
3012,F03,DR_20221209_143805,1099.0,0.5404139
3013,F03,DR_20221209_143805,1100.0,0.8996456
3014,F03,DR_20221209_143805,1101.0,0.9880988
3015,F03,DR_20221209_143805,1102.0,0.9980584
3016,F03,DR_20221209_143805,1103.0,0.6983959
3017,F03,DR_20221209_143805,1104.0,0.76735586
3018,F03,DR_20221209_143805,1105.0,0.9994692
3019,F03,DR_20221209_143805,1106.0,0.94052535
3020,F03,DR_20221209_143805,1107.0,0.9593485
3021,F04,DR_20221209_143805,1108.0,0.105068706
3022,F04,DR_20221209_143805,1109.0,0.17912075
3023,F04,DR_20221209_143805,1110.0,0.64648515
3024,F04,DR_20221209_143805,1111.0,0.6142013
3025,F04,DR_20221209_143805,1112.0,0.6434682
3026,F04,DR_20221209_143805,1113.0,0.1361633
3027,F04,DR_20221209_143805,1114.0,1.0257893
3028,F04,DR_20221209_143805,1115.0,0.08383814
3029,F04,DR_20221209_143805,1116.0,0.15180588
3030,F05,DR_20221209_143805,1117.0,0.029288394
3031,F05,DR_20221209_143805,1118.0,0.60043293
3032,F05,DR_20221209_143805,1119.0,0.6256315
3033,F05,DR_20221209_143805,1120.0,0.6061213
3034,F05,DR_20221209_143805,1121.0,0.124178104
3035,F05,DR_20221209_143805,1122.0,0.6215963
3036,F05,DR_20221209_143805,1123.0,0.58575386
3037,F05,DR_20221209_143805,1124.0,0.60417444
3038,F05,DR_20221209_143805,1125.0,0.15176922
3039,F06,DR_20221209_143805,1126.0,0.9607634
3040,F06,DR_20221209_143805,1127.0,0.3862487
3041,F06,DR_20221209_143805,1128.0,0.29459113
3042,F06,DR_20221209_143805,1129.0,0.10699496
3043,F06,DR_20221209_143805,1130.0,0.13428397
3044,F06,DR_20221209_143805,1131.0,0.36479196
3045,F06,DR_20221209_143805,1132.0,0.62200886
3046,F06,DR_20221209_143805,1133.0,0.02810818
3047,F06,DR_20221209_143805,1134.0,0.65061694
3048,F07,DR_20221209_143805,1135.0,0.3659455
3049,F07,DR_20221209_143805,1136.0,0.3472451
3050,F07,DR_20221209_143805,1137.0,0.6366379
3051,F07,DR_20221209_143805,1138.0,0.9637756
3052,F07,DR_20221209_143805,1139.0,0.15254554
3053,F07,DR_20221209_143805,1140.0,0.6373466
3054,F07,DR_20221209_143805,1141.0,0.6448208
3055,F07,DR_20221209_143805,1142.0,0.79284406
3056,F07,DR_20221209_143805,1143.0,0.24371064
3057,F08,DR_20221209_143805,1144.0,0.6329855
3058,F08,DR_20221209_143805,1145.0,0.6467316
3059,F08,DR_20221209_143805,1146.0,0.95665765
3060,F08,DR_20221209_143805,1147.0,0.95307326
3061,F08,DR_20221209_143805,1148.0,0.91988605
3062,F08,DR_20221209_143805,1149.0,0.5557162
3063,F08,DR_20221209_143805,1150.0,0.3346601
3064,F08,DR_20221209_143805,1151.0,0.3092429
3065,F08,DR_20221209_143805,1152.0,0.34571576
3066,F09,DR_20221209_143805,1153.0,0.99926287
3067,F09,DR_20221209_143805,1154.0,0.99984
3068,F09,DR_20221209_143805,1155.0,0.9975503
3069,F09,DR_20221209_143805,1156.0,0.9985211
3070,F09,DR_20221209_143805,1157.0,0.99344856
3071,F09,DR_20221209_143805,1158.0,0.99919456
3072,F09,DR_20221209_143805,1159.0,1.0009992
3073,F09,DR_20221209_143805,1160.0,0.9937221
3074,F09,DR_20221209_143805,1161.0,1.0032365
3075,F10,DR_20221209_143805,1162.0,1.0066853
3076,F10,DR_20221209_143805,1163.0,1.0190712
3077,F10,DR_20221209_143805,1164.0,1.0015016
3078,F10,DR_20221209_143805,1165.0,0.99975485
3079,F10,DR_20221209_143805,1166.0,1.0429702
3080,F10,DR_20221209_143805,1167.0,1.0005674
3081,F10,DR_20221209_143805,1168.0,0.99680364
3082,F10,DR_20221209_143805,1169.0,1.0699651
3083,F10,DR_20221209_143805,1170.0,1.0000855
3084,F11,DR_20221209_143805,1171.0,0.9999436
3085,F11,DR_20221209_143805,1172.0,1.000455
3086,F11,DR_20221209_143805,1173.0,0.99904615
3087,F11,DR_20221209_143805,1174.0,0.9993683
3088,F11,DR_20221209_143805,1175.0,1.0452981
3089,F11,DR_20221209_143805,1176.0,1.0193962
3090,F11,DR_20221209_143805,1177.0,1.0006654
3091,F11,DR_20221209_143805,1178.0,0.99993545
3092,F11,DR_20221209_143805,1179.0,0.99973714
3093,F12,DR_20221209_143805,1180.0,0.99855155
3094,F12,DR_20221209_143805,1181.0,0.99963564
3095,F12,DR_20221209_143805,1182.0,1.0091568
3096,F12,DR_20221209_143805,1183.0,0.99904543
3097,F12,DR_20221209_143805,1184.0,0.9942406
3098,F12,DR_20221209_143805,1185.0,0.9999887
3099,F12,DR_20221209_143805,1186.0,1.0025151
3100,F12,DR_20221209_143805,1187.0,0.9997329
3101,F12,DR_20221209_143805,1188.0,1.0002831
3102,F13,DR_20221209_143805,1189.0,0.993295
3103,F13,DR_20221209_143805,1190.0,0.99932617
3104,F13,DR_20221209_143805,1191.0,1.0028245
3105,F13,DR_20221209_143805,1192.0,1.0448215
3106,F13,DR_20221209_143805,1193.0,0.95210296
3107,F13,DR_20221209_143805,1194.0,1.0098116
3108,F13,DR_20221209_143805,1195.0,1.0060765
3109,F13,DR_20221209_143805,1196.0,1.0005455
3110,F13,DR_20221209_143805,1197.0,0.9936909
3111,F14,DR_20221209_143805,1198.0,0.99835014
3112,F14,DR_20221209_143805,1199.0,0.99902606
3113,F14,DR_20221209_143805,1200.0,1.0278721
3114,F14,DR_20221209_143805,1201.0,1.0001975
3115,F14,DR_20221209_143805,1202.0,1.0319993
3116,F14,DR_20221209_143805,1203.0,1.0000399
3117,F14,DR_20221209_143805,1204.0,1.0031799
3118,F14,DR_20221209_143805,1205.0,0.9967209
3119,F14,DR_20221209_143805,1206.0,0.9213054
3120,F15,DR_20221209_143805,1207.0,1.0015984
3121,F15,DR_20221209_143805,1208.0,0.9997665
3122,F15,DR_20221209_143805,1209.0,1.009681
3123,F15,DR_20221209_143805,1210.0,0.9986926
3124,F15,DR_20221209_143805,1211.0,1.0275663
3125,F15,DR_20221209_143805,1212.0,1.002846
3126,F15,DR_20221209_143805,1213.0,0.9982976
3127,F15,DR_20221209_143805,1214.0,1.006035
3128,F15,DR_20221209_143805,1215.0,0.9977774
3129,F16,DR_20221209_143805,1216.0,0.9995235
3130,F16,DR_20221209_143805,1217.0,1.0000039
3131,F16,DR_20221209_143805,1218.0,0.99835336
3132,F16,DR_20221209_143805,1219.0,1.0425733
3133,F16,DR_20221209_143805,1220.0,1.0383455
3134,F16,DR_20221209_143805,1221.0,0.9997346
3135,F16,DR_20221209_143805,1222.0,1.0022557
3136,F16,DR_20221209_143805,1223.0,1.0011443
3137,F16,DR_20221209_143805,1224.0,0.9965083
3138,F17,DR_20221209_143805,1225.0,1.0003713
3139,F17,DR_20221209_143805,1226.0,0.99375796
3140,F17,DR_20221209_143805,1227.0,1.0457076
3141,F17,DR_20221209_143805,1228.0,1.0005226
3142,F17,DR_20221209_143805,1229.0,1.036886
3143,F17,DR_20221209_143805,1230.0,1.0000837
3144,F17,DR_20221209_143805,1231.0,0.9993934
3145,F17,DR_20221209_143805,1232.0,1.0021334
3146,F17,DR_20221209_143805,1233.0,1.0008421
3147,F18,DR_20221209_143805,1234.0,0.9990435
3148,F18,DR_20221209_143805,1235.0,1.0143297
3149,F18,DR_20221209_143805,1236.0,0.92212313
3150,F18,DR_20221209_143805,1237.0,1.0000955
3151,F18,DR_20221209_143805,1238.0,0.9489814
3152,F18,DR_20221209_143805,1239.0,0.9996344
3153,F18,DR_20221209_143805,1240.0,0.99895835
3154,F18,DR_20221209_143805,1241.0,0.9947793
3155,F18,DR_20221209_143805,1242.0,1.0011103
3156,F19,DR_20221209_143805,1243.0,1.0001187
3157,F19,DR_20221209_143805,1244.0,0.9999507
3158,F19,DR_20221209_143805,1245.0,1.0001283
3159,F19,DR_20221209_143805,1246.0,0.9996713
3160,F19,DR_20221209_143805,1247.0,0.9456647
3161,F19,DR_20221209_143805,1248.0,0.99459666
3162,F19,DR_20221209_143805,1249.0,0.998813
3163,F19,DR_20221209_143805,1250.0,1.0033897
3164,F19,DR_20221209_143805,1251.0,0.99962294
3165,F20,DR_20221209_143805,1252.0,0.99921626
3166,F20,DR_20221209_143805,1253.0,1.0046648
3167,F20,DR_20221209_143805,1254.0,0.9999713
3168,F20,DR_20221209_143805,1255.0,1.0017036
3169,F20,DR_20221209_143805,1256.0,1.0025501
3170,F20,DR_20221209_143805,1257.0,1.0000103
3171,F20,DR_20221209_143805,1258.0,0.99968153
3172,F20,DR_20221209_143805,1259.0,1.0015652
3173,F20,DR_20221209_143805,1260.0,0.99947304
3174,F21,DR_20221209_143805,1261.0,1.000018
3175,F21,DR_20221209_143805,1262.0,1.0001823
3176,F21,DR_20221209_143805,1263.0,1.00182
3177,F21,DR_20221209_143805,1264.0,1.0000844
3178,F21,DR_20221209_143805,1265.0,1.0002269
3179,F21,DR_20221209_143805,1266.0,0.99943304
3180,F21,DR_20221209_143805,1267.0,0.99955225
3181,F21,DR_20221209_143805,1268.0,1.0001891
3182,F21,DR_20221209_143805,1269.0,1.0000185
3183,F22,DR_20221209_143805,1270.0,1.0000026
3184,F22,DR_20221209_143805,1271.0,1.0006973
3185,F22,DR_20221209_143805,1272.0,0.9997651
3186,F22,DR_20221209_143805,1273.0,1.0002747
3187,F22,DR_20221209_143805,1274.0,0.99988306
3188,F22,DR_20221209_143805,1275.0,0.99977446
3189,F22,DR_20221209_143805,1276.0,0.9991193
3190,F22,DR_20221209_143805,1277.0,0.99999595
3191,F22,DR_20221209_143805,1278.0,0.999908
3228,G03,DR_20221209_143805,1315.0,1.0001789
3229,G03,DR_20221209_143805,1316.0,0.9997532
3230,G03,DR_20221209_143805,1317.0,0.9995076
3231,G03,DR_20221209_143805,1318.0,0.99763024
3232,G03,DR_20221209_143805,1319.0,0.9997438
3233,G03,DR_20221209_143805,1320.0,0.9998993
3234,G03,DR_20221209_143805,1321.0,1.0003629
3235,G03,DR_20221209_143805,1322.0,0.9981451
3236,G03,DR_20221209_143805,1323.0,0.998966
3237,G04,DR_20221209_143805,1324.0,1.0000488
3238,G04,DR_20221209_143805,1325.0,1.000202
3239,G04,DR_20221209_143805,1326.0,1.009513
3240,G04,DR_20221209_143805,1327.0,0.9991027
3241,G04,DR_20221209_143805,1328.0,0.9996769
3242,G04,DR_20221209_143805,1329.0,0.999859
3243,G04,DR_20221209_143805,1330.0,1.0013783
3244,G04,DR_20221209_143805,1331.0,1.0008507
3245,G04,DR_20221209_143805,1332.0,0.9993156
3246,G05,DR_20221209_143805,1333.0,1.0000434
3247,G05,DR_20221209_143805,1334.0,0.99967045
3248,G05,DR_20221209_143805,1335.0,0.999737
3249,G05,DR_20221209_143805,1336.0,0.999207
3250,G05,DR_20221209_143805,1337.0,1.0000633
3251,G05,DR_20221209_143805,1338.0,1.0001446
3252,G05,DR_20221209_143805,1339.0,1.00044
3253,G05,DR_20221209_143805,1340.0,1.0004983
3254,G05,DR_20221209_143805,1341.0,1.0004151
3255,G06,DR_20221209_143805,1342.0,1.000361
3256,G06,DR_20221209_143805,1343.0,1.003609
3257,G06,DR_20221209_143805,1344.0,1.0003401
3258,G06,DR_20221209_143805,1345.0,1.0007738
3259,G06,DR_20221209_143805,1346.0,0.9997848
3260,G06,DR_20221209_143805,1347.0,0.9999634
3261,G06,DR_20221209_143805,1348.0,1.0001826
3262,G06,DR_20221209_143805,1349.0,1.0003265
3263,G06,DR_20221209_143805,1350.0,1.0001392
3264,G07,DR_20221209_143805,1351.0,1.0000052
3265,G07,DR_20221209_143805,1352.0,0.9963124
3266,G07,DR_20221209_143805,1353.0,1.0072076
3267,G07,DR_20221209_143805,1354.0,1.0001072
3268,G07,DR_20221209_143805,1355.0,0.9997844
3269,G07,DR_20221209_143805,1356.0,0.99997485
3270,G07,DR_20221209_143805,1357.0,0.99942195
3271,G07,DR_20221209_143805,1358.0,0.9994707
3272,G07,DR_20221209_143805,1359.0,0.9997665
3273,G08,DR_20221209_143805,1360.0,1.0010438
3274,G08,DR_20221209_143805,1361.0,0.9252234
3275,G08,DR_20221209_143805,1362.0,1.0400683
3276,G08,DR_20221209_143805,1363.0,1.000477
3277,G08,DR_20221209_143805,1364.0,0.94354177
3278,G08,DR_20221209_143805,1365.0,0.9996893
3279,G08,DR_20221209_143805,1366.0,0.99980503
3280,G08,DR_20221209_143805,1367.0,1.0000314
3281,G08,DR_20221209_143805,1368.0,1.004348
3282,G09,DR_20221209_143805,1369.0,0.9998789
3283,G09,DR_20221209_143805,1370.0,1.0001112
3284,G09,DR_20221209_143805,1371.0,0.9996577
3285,G09,DR_20221209_143805,1372.0,1.0150197
3286,G09,DR_20221209_143805,1373.0,0.9312981
3287,G09,DR_20221209_143805,1374.0,0.9964532
3288,G09,DR_20221209_143805,1375.0,0.9978445
3289,G09,DR_20221209_143805,1376.0,0.99989396
3290,G09,DR_20221209_143805,1377.0,1.0002868
3291,G10,DR_20221209_143805,1378.0,0.9991792
3292,G10,DR_20221209_143805,1379.0,0.9993043
3293,G10,DR_20221209_143805,1380.0,1.0250585
3294,G10,DR_20221209_143805,1381.0,1.0045222
3295,G10,DR_20221209_143805,1382.0,0.99975854
3296,G10,DR_20221209_143805,1383.0,0.99859124
3297,G10,DR_20221209_143805,1384.0,1.0053722
3298,G10,DR_20221209_143805,1385.0,0.9939162
3299,G10,DR_20221209_143805,1386.0,0.048059136
3300,G11,DR_20221209_143805,1387.0,1.0006459
3301,G11,DR_20221209_143805,1388.0,1.000925
3302,G11,DR_20221209_143805,1389.0,1.0002512
3303,G11,DR_20221209_143805,1390.0,1.0020518
3304,G11,DR_20221209_143805,1391.0,1.0419936
3305,G11,DR_20221209_143805,1392.0,1.000478
3306,G11,DR_20221209_143805,1393.0,1.0000353
3307,G11,DR_20221209_143805,1394.0,1.0019112
3308,G11,DR_20221209_143805,1395.0,1.0016489
3309,G12,DR_20221209_143805,1396.0,0.99898845
3310,G12,DR_20221209_143805,1397.0,0.99749756
3311,G12,DR_20221209_143805,1398.0,0.9987888
3312,G12,DR_20221209_143805,1399.0,1.0000803
3313,G12,DR_20221209_143805,1400.0,1.0011237
3314,G12,DR_20221209_143805,1401.0,0.99957913
3315,G12,DR_20221209_143805,1402.0,1.0071942
3316,G12,DR_20221209_143805,1403.0,1.000338
3317,G12,DR_20221209_143805,1404.0,1.000024
3318,G13,DR_20221209_143805,1405.0,1.008208
3319,G13,DR_20221209_143805,1406.0,0.99898636
3320,G13,DR_20221209_143805,1407.0,1.0002496
3321,G13,DR_20221209_143805,1408.0,1.0018413
3322,G13,DR_20221209_143805,1409.0,0.99496084
3323,G13,DR_20221209_143805,1410.0,0.9964832
3324,G13,DR_20221209_143805,1411.0,1.0000533
3325,G13,DR_20221209_143805,1412.0,1.0007901
3326,G13,DR_20221209_143805,1413.0,1.0025816
3327,G14,DR_20221209_143805,1414.0,1.0119705
3328,G14,DR_20221209_143805,1415.0,0.9996965
3329,G14,DR_20221209_143805,1416.0,1.0031021
3330,G14,DR_20221209_143805,1417.0,0.9996708
3331,G14,DR_20221209_143805,1418.0,1.000299
3332,G14,DR_20221209_143805,1419.0,1.0004302
3333,G14,DR_20221209_143805,1420.0,1.0006468
3334,G14,DR_20221209_143805,1421.0,1.0103465
3335,G14,DR_20221209_143805,1422.0,1.0001578
3336,G15,DR_20221209_143805,1423.0,0.9990256
3337,G15,DR_20221209_143805,1424.0,1.0022314
3338,G15,DR_20221209_143805,1425.0,0.9375187
3339,G15,DR_20221209_143805,1426.0,1.0225037
3340,G15,DR_20221209_143805,1427.0,1.0423934
3341,G15,DR_20221209_143805,1428.0,0.9997306
3342,G15,DR_20221209_143805,1429.0,0.9997624
3343,G15,DR_20221209_143805,1430.0,1.000086
3344,G15,DR_20221209_143805,1431.0,1.0076048
3345,G16,DR_20221209_143805,1432.0,1.0001413
3346,G16,DR_20221209_143805,1433.0,0.9992132
3347,G16,DR_20221209_143805,1434.0,0.95590615
3348,G16,DR_20221209_143805,1435.0,1.049871
3349,G16,DR_20221209_143805,1436.0,1.0016638
3350,G16,DR_20221209_143805,1437.0,1.001579
3351,G16,DR_20221209_143805,1438.0,0.99983954
3352,G16,DR_20221209_143805,1439.0,1.0004938
3353,G16,DR_20221209_143805,1440.0,1.0037403
3354,G17,DR_20221209_143805,1441.0,0.99960315
3355,G17,DR_20221209_143805,1442.0,1.0001333
3356,G17,DR_20221209_143805,1443.0,0.33532175
3357,G17,DR_20221209_143805,1444.0,1.0005648
3358,G17,DR_20221209_143805,1445.0,1.0001734
3359,G17,DR_20221209_143805,1446.0,1.0003334
3360,G17,DR_20221209_143805,1447.0,0.9996309
3361,G17,DR_20221209_143805,1448.0,0.99993765
3362,G17,DR_20221209_143805,1449.0,1.0000725
3363,G18,DR_20221209_143805,1450.0,0.9598139
3364,G18,DR_20221209_143805,1451.0,1.0135174
3365,G18,DR_20221209_143805,1452.0,1.0030696
3366,G18,DR_20221209_143805,1453.0,0.9965768
3367,G18,DR_20221209_143805,1454.0,1.0033678
3368,G18,DR_20221209_143805,1455.0,0.9994087
3369,G18,DR_20221209_143805,1456.0,0.99896747
3370,G18,DR_20221209_143805,1457.0,0.9990692
3371,G18,DR_20221209_143805,1458.0,1.0010093
3372,G19,DR_20221209_143805,1459.0,0.99999666
3373,G19,DR_20221209_143805,1460.0,1.0003258
3374,G19,DR_20221209_143805,1461.0,0.87086153
3375,G19,DR_20221209_143805,1462.0,0.99991035
3376,G19,DR_20221209_143805,1463.0,0.9998927
3377,G19,DR_20221209_143805,1464.0,0.9993218
3378,G19,DR_20221209_143805,1465.0,1.0000433
3379,G19,DR_20221209_143805,1466.0,0.99751437
3380,G19,DR_20221209_143805,1467.0,1.0003936
3381,G20,DR_20221209_143805,1468.0,0.99982536
3382,G20,DR_20221209_143805,1469.0,1.0061977
3383,G20,DR_20221209_143805,1470.0,1.0272909
3384,G20,DR_20221209_143805,1471.0,1.0019362
3385,G20,DR_20221209_143805,1472.0,0.9995578
3386,G20,DR_20221209_143805,1473.0,0.99964684
3387,G20,DR_20221209_143805,1474.0,0.9992251
3388,G20,DR_20221209_143805,1475.0,1.002355
3389,G20,DR_20221209_143805,1476.0,0.99979407
3390,G21,DR_20221209_143805,1477.0,0.9996774
3391,G21,DR_20221209_143805,1478.0,1.0004
3392,G21,DR_20221209_143805,1479.0,0.9998624
3393,G21,DR_20221209_143805,1480.0,1.000343
3394,G21,DR_20221209_143805,1481.0,0.9999284
3395,G21,DR_20221209_143805,1482.0,1.0001051
3396,G21,DR_20221209_143805,1483.0,0.9968723
3397,G21,DR_20221209_143805,1484.0,0.9992547
3398,G21,DR_20221209_143805,1485.0,0.99674666
3399,G22,DR_20221209_143805,1486.0,1.0027418
3400,G22,DR_20221209_143805,1487.0,0.99902385
3401,G22,DR_20221209_143805,1488.0,1.0034089
3402,G22,DR_20221209_143805,1489.0,0.99984735
3403,G22,DR_20221209_143805,1490.0,1.0006852
3404,G22,DR_20221209_143805,1491.0,0.99977446
3405,G22,DR_20221209_143805,1492.0,0.99962544
3406,G22,DR_20221209_143805,1493.0,1.0000335
3407,G22,DR_20221209_143805,1494.0,1.0003392
3444,H03,DR_20221209_143805,1531.0,1.0001268
3445,H03,DR_20221209_143805,1532.0,0.99992883
3446,H03,DR_20221209_143805,1533.0,0.9976695
3447,H03,DR_20221209_143805,1534.0,1.0004374
3448,H03,DR_20221209_143805,1535.0,0.9999819
3449,H03,DR_20221209_143805,1536.0,0.9999756
3450,H03,DR_20221209_143805,1537.0,1.0013553
3451,H03,DR_20221209_143805,1538.0,1.0027487
3452,H03,DR_20221209_143805,1539.0,0.9990519
3453,H04,DR_20221209_143805,1540.0,1.000016
3454,H04,DR_20221209_143805,1541.0,1.0002428
3455,H04,DR_20221209_143805,1542.0,1.0068848
3456,H04,DR_20221209_143805,1543.0,0.9973709
3457,H04,DR_20221209_143805,1544.0,1.0000486
3458,H04,DR_20221209_143805,1545.0,1.0001926
3459,H04,DR_20221209_143805,1546.0,1.0001731
3460,H04,DR_20221209_143805,1547.0,1.0001696
3461,H04,DR_20221209_143805,1548.0,0.999873
3462,H05,DR_20221209_143805,1549.0,0.9999431
3463,H05,DR_20221209_143805,1550.0,1.0003203
3464,H05,DR_20221209_143805,1551.0,0.99952537
3465,H05,DR_20221209_143805,1552.0,0.99684596
3466,H05,DR_20221209_143805,1553.0,0.9997118
3467,H05,DR_20221209_143805,1554.0,0.9993871
3468,H05,DR_20221209_143805,1555.0,0.99953437
3469,H05,DR_20221209_143805,1556.0,0.9983649
3470,H05,DR_20221209_143805,1557.0,0.9994613
3471,H06,DR_20221209_143805,1558.0,0.9999787
3472,H06,DR_20221209_143805,1559.0,1.000308
3473,H06,DR_20221209_143805,1560.0,0.99968535
3474,H06,DR_20221209_143805,1561.0,0.99515593
3475,H06,DR_20221209_143805,1562.0,0.99980515
3476,H06,DR_20221209_143805,1563.0,1.0000688
3477,H06,DR_20221209_143805,1564.0,0.9999837
3478,H06,DR_20221209_143805,1565.0,0.9998164
3479,H06,DR_20221209_143805,1566.0,1.0002322
3480,H07,DR_20221209_143805,1567.0,1.0003752
3481,H07,DR_20221209_143805,1568.0,1.0002288
3482,H07,DR_20221209_143805,1569.0,1.0008066
3483,H07,DR_20221209_143805,1570.0,0.9992897
3484,H07,DR_20221209_143805,1571.0,1.0002155
3485,H07,DR_20221209_143805,1572.0,1.0001446
3486,H07,DR_20221209_143805,1573.0,0.99926615
3487,H07,DR_20221209_143805,1574.0,0.9998059
3488,H07,DR_20221209_143805,1575.0,0.99991107
3489,H08,DR_20221209_143805,1576.0,1.0005925
3490,H08,DR_20221209_143805,1577.0,0.9963207
3491,H08,DR_20221209_143805,1578.0,0.9997913
3492,H08,DR_20221209_143805,1579.0,0.99840635
3493,H08,DR_20221209_143805,1580.0,1.0001276
3494,H08,DR_20221209_143805,1581.0,0.99737334
3495,H08,DR_20221209_143805,1582.0,0.99679047
3496,H08,DR_20221209_143805,1583.0,0.9969892
3497,H08,DR_20221209_143805,1584.0,1.0010072
3498,H09,DR_20221209_143805,1585.0,1.0000353
3499,H09,DR_20221209_143805,1586.0,1.0000522
3500,H09,DR_20221209_143805,1587.0,1.000024
3501,H09,DR_20221209_143805,1588.0,1.0001261
3502,H09,DR_20221209_143805,1589.0,1.0001407
3503,H09,DR_20221209_143805,1590.0,1.0030038
3504,H09,DR_20221209_143805,1591.0,1.0000185
3505,H09,DR_20221209_143805,1592.0,0.99981004
3506,H09,DR_20221209_143805,1593.0,0.9994066
3507,H10,DR_20221209_143805,1594.0,1.0001856
3508,H10,DR_20221209_143805,1595.0,0.9996219
3509,H10,DR_20221209_143805,1596.0,0.999825
3510,H10,DR_20221209_143805,1597.0,0.999383
3511,H10,DR_20221209_143805,1598.0,0.9997268
3512,H10,DR_20221209_143805,1599.0,1.0001826
3513,H10,DR_20221209_143805,1600.0,0.9991885
3514,H10,DR_20221209_143805,1601.0,0.99984044
3515,H10,DR_20221209_143805,1602.0,1.000016
3516,H11,DR_20221209_143805,1603.0,1.000245
3517,H11,DR_20221209_143805,1604.0,0.9978495
3518,H11,DR_20221209_143805,1605.0,1.0002223
3519,H11,DR_20221209_143805,1606.0,0.9982142
3520,H11,DR_20221209_143805,1607.0,1.0029521
3521,H11,DR_20221209_143805,1608.0,0.99982566
3522,H11,DR_20221209_143805,1609.0,0.9998817
3523,H11,DR_20221209_143805,1610.0,0.99931175
3524,H11,DR_20221209_143805,1611.0,1.001244
3525,H12,DR_20221209_143805,1612.0,1.0006862
3526,H12,DR_20221209_143805,1613.0,1.0002145
3527,H12,DR_20221209_143805,1614.0,1.0013162
3528,H12,DR_20221209_143805,1615.0,0.9999037
3529,H12,DR_20221209_143805,1616.0,0.94388646
3530,H12,DR_20221209_143805,1617.0,0.99986166
3531,H12,DR_20221209_143805,1618.0,1.0025623
3532,H12,DR_20221209_143805,1619.0,0.99953866
3533,H12,DR_20221209_143805,1620.0,0.9990337
3534,H13,DR_20221209_143805,1621.0,0.999595
3535,H13,DR_20221209_143805,1622.0,1.00066
3536,H13,DR_20221209_143805,1623.0,0.9937171
3537,H13,DR_20221209_143805,1624.0,0.99719507
3538,H13,DR_20221209_143805,1625.0,1.00333
3539,H13,DR_20221209_143805,1626.0,1.0004303
3540,H13,DR_20221209_143805,1627.0,1.0073125
3541,H13,DR_20221209_143805,1628.0,0.9995052
3542,H13,DR_20221209_143805,1629.0,1.0009102
3543,H14,DR_20221209_143805,1630.0,1.0198537
3544,H14,DR_20221209_143805,1631.0,0.9995223
3545,H14,DR_20221209_143805,1632.0,1.0032426
3546,H14,DR_20221209_143805,1633.0,1.0000767
3547,H14,DR_20221209_143805,1634.0,1.0419784
3548,H14,DR_20221209_143805,1635.0,0.99943656
3549,H14,DR_20221209_143805,1636.0,0.99955773
3550,H14,DR_20221209_143805,1637.0,0.9996755
3551,H14,DR_20221209_143805,1638.0,1.0044967
3552,H15,DR_20221209_143805,1639.0,0.99897236
3553,H15,DR_20221209_143805,1640.0,0.99846625
3554,H15,DR_20221209_143805,1641.0,0.9990619
3555,H15,DR_20221209_143805,1642.0,0.9975879
3556,H15,DR_20221209_143805,1643.0,1.0431044
3557,H15,DR_20221209_143805,1644.0,1.0005215
3558,H15,DR_20221209_143805,1645.0,0.9991915
3559,H15,DR_20221209_143805,1646.0,1.0003574
3560,H15,DR_20221209_143805,1647.0,0.9999987
3561,H16,DR_20221209_143805,1648.0,1.0001433
3562,H16,DR_20221209_143805,1649.0,1.0000203
3563,H16,DR_20221209_143805,1650.0,1.0006902
3564,H16,DR_20221209_143805,1651.0,1.0040079
3565,H16,DR_20221209_143805,1652.0,0.99409497
3566,H16,DR_20221209_143805,1653.0,0.9999536
3567,H16,DR_20221209_143805,1654.0,1.066074
3568,H16,DR_20221209_143805,1655.0,1.0037804
3569,H16,DR_20221209_143805,1656.0,0.99917513
3570,H17,DR_20221209_143805,1657.0,1.0019672
3571,H17,DR_20221209_143805,1658.0,1.0021653
3572,H17,DR_20221209_143805,1659.0,1.0002806
3573,H17,DR_20221209_143805,1660.0,0.9989187
3574,H17,DR_20221209_143805,1661.0,1.0007021
3575,H17,DR_20221209_143805,1662.0,0.99840105
3576,H17,DR_20221209_143805,1663.0,0.9997552
3577,H17,DR_20221209_143805,1664.0,0.99956936
3578,H17,DR_20221209_143805,1665.0,1.0015285
3579,H18,DR_20221209_143805,1666.0,1.0004036
3580,H18,DR_20221209_143805,1667.0,1.000458
3581,H18,DR_20221209_143805,1668.0,1.0023177
3582,H18,DR_20221209_143805,1669.0,0.9999126
3583,H18,DR_20221209_143805,1670.0,0.9999685
3584,H18,DR_20221209_143805,1671.0,0.99900746
3585,H18,DR_20221209_143805,1672.0,1.0020062
3586,H18,DR_20221209_143805,1673.0,1.0000165
3587,H18,DR_20221209_143805,1674.0,1.0003594
3588,H19,DR_20221209_143805,1675.0,0.9998404
3589,H19,DR_20221209_143805,1676.0,0.99625945
3590,H19,DR_20221209_143805,1677.0,0.9997718
3591,H19,DR_20221209_143805,1678.0,0.9994531
3592,H19,DR_20221209_143805,1679.0,0.9998738
3593,H19,DR_20221209_143805,1680.0,0.999983
3594,H19,DR_20221209_143805,1681.0,0.99936336
3595,H19,DR_20221209_143805,1682.0,1.0000683
3596,H19,DR_20221209_143805,1683.0,0.9996419
3597,H20,DR_20221209_143805,1684.0,1.0013287
3598,H20,DR_20221209_143805,1685.0,0.9937286
3599,H20,DR_20221209_143805,1686.0,1.003588
3600,H20,DR_20221209_143805,1687.0,1.0001599
3601,H20,DR_20221209_143805,1688.0,0.99978745
3602,H20,DR_20221209_143805,1689.0,0.9999662
3603,H20,DR_20221209_143805,1690.0,0.9980943
3604,H20,DR_20221209_143805,1691.0,0.9998653
3605,H20,DR_20221209_143805,1692.0,1.0003549
3606,H21,DR_20221209_143805,1693.0,1.0007685
3607,H21,DR_20221209_143805,1694.0,1.000503
3608,H21,DR_20221209_143805,1695.0,1.0023503
3609,H21,DR_20221209_143805,1696.0,1.0001323
3610,H21,DR_20221209_143805,1697.0,1.0032383
3611,H21,DR_20221209_143805,1698.0,1.0001231
3612,H21,DR_20221209_143805,1699.0,0.9996546
3613,H21,DR_20221209_143805,1700.0,0.9991763
3614,H21,DR_20221209_143805,1701.0,1.002202
3615,H22,DR_20221209_143805,1702.0,1.0010904
3616,H22,DR_20221209_143805,1703.0,0.99436754
3617,H22,DR_20221209_143805,1704.0,1.0045944
3618,H22,DR_20221209_143805,1705.0,0.9984037
3619,H22,DR_20221209_143805,1706.0,0.9999646
3620,H22,DR_20221209_143805,1707.0,1.0000014
3621,H22,DR_20221209_143805,1708.0,0.9999491
3622,H22,DR_20221209_143805,1709.0,0.99985576
3623,H22,DR_20221209_143805,1710.0,0.9996665
3660,I03,DR_20221209_143805,1747.0,1.0001365
3661,I03,DR_20221209_143805,1748.0,0.9989691
3662,I03,DR_20221209_143805,1749.0,0.9998531
3663,I03,DR_20221209_143805,1750.0,1.001811
3664,I03,DR_20221209_143805,1751.0,0.9997126
3665,I03,DR_20221209_143805,1752.0,1.000192
3666,I03,DR_20221209_143805,1753.0,1.004028
3667,I03,DR_20221209_143805,1754.0,1.0000123
3668,I03,DR_20221209_143805,1755.0,0.99929583
3669,I04,DR_20221209_143805,1756.0,1.0000932
3670,I04,DR_20221209_143805,1757.0,1.0004418
3671,I04,DR_20221209_143805,1758.0,0.99995655
3672,I04,DR_20221209_143805,1759.0,1.0005445
3673,I04,DR_20221209_143805,1760.0,0.9999131
3674,I04,DR_20221209_143805,1761.0,1.0000633
3675,I04,DR_20221209_143805,1762.0,0.99982625
3676,I04,DR_20221209_143805,1763.0,1.0000392
3677,I04,DR_20221209_143805,1764.0,1.0003811
3678,I05,DR_20221209_143805,1765.0,1.0000743
3679,I05,DR_20221209_143805,1766.0,1.0000477
3680,I05,DR_20221209_143805,1767.0,0.99951774
3681,I05,DR_20221209_143805,1768.0,1.0011386
3682,I05,DR_20221209_143805,1769.0,1.0005249
3683,I05,DR_20221209_143805,1770.0,1.0000975
3684,I05,DR_20221209_143805,1771.0,0.99942946
3685,I05,DR_20221209_143805,1772.0,0.99922186
3686,I05,DR_20221209_143805,1773.0,0.99927616
3687,I06,DR_20221209_143805,1774.0,1.0000411
3688,I06,DR_20221209_143805,1775.0,0.99987316
3689,I06,DR_20221209_143805,1776.0,1.0003735
3690,I06,DR_20221209_143805,1777.0,1.0003339
3691,I06,DR_20221209_143805,1778.0,1.0000416
3692,I06,DR_20221209_143805,1779.0,0.999938
3693,I06,DR_20221209_143805,1780.0,0.9996394
3694,I06,DR_20221209_143805,1781.0,0.9994275
3695,I06,DR_20221209_143805,1782.0,1.0031854
3696,I07,DR_20221209_143805,1783.0,1.0005709
3697,I07,DR_20221209_143805,1784.0,1.0007231
3698,I07,DR_20221209_143805,1785.0,1.0004479
3699,I07,DR_20221209_143805,1786.0,1.0068631
3700,I07,DR_20221209_143805,1787.0,0.9998553
3701,I07,DR_20221209_143805,1788.0,0.9992818
3702,I07,DR_20221209_143805,1789.0,1.0009007
3703,I07,DR_20221209_143805,1790.0,0.999097
3704,I07,DR_20221209_143805,1791.0,1.0001719
3705,I08,DR_20221209_143805,1792.0,1.0005659
3706,I08,DR_20221209_143805,1793.0,0.9988533
3707,I08,DR_20221209_143805,1794.0,1.0003824
3708,I08,DR_20221209_143805,1795.0,1.0067973
3709,I08,DR_20221209_143805,1796.0,0.9998194
3710,I08,DR_20221209_143805,1797.0,1.0000489
3711,I08,DR_20221209_143805,1798.0,0.99985504
3712,I08,DR_20221209_143805,1799.0,0.9993043
3713,I08,DR_20221209_143805,1800.0,0.9985894
3714,I09,DR_20221209_143805,1801.0,1.0000638
3715,I09,DR_20221209_143805,1802.0,1.0000093
3716,I09,DR_20221209_143805,1803.0,0.99977267
3717,I09,DR_20221209_143805,1804.0,0.9991717
3718,I09,DR_20221209_143805,1805.0,0.93569344
3719,I09,DR_20221209_143805,1806.0,1.0216036
3720,I09,DR_20221209_143805,1807.0,0.9988471
3721,I09,DR_20221209_143805,1808.0,0.99878556
3722,I09,DR_20221209_143805,1809.0,1.0200253
3723,I10,DR_20221209_143805,1810.0,0.99670583
3724,I10,DR_20221209_143805,1811.0,1.0246787
3725,I10,DR_20221209_143805,1812.0,0.9997014
3726,I10,DR_20221209_143805,1813.0,1.0000919
3727,I10,DR_20221209_143805,1814.0,1.0360706
3728,I10,DR_20221209_143805,1815.0,0.9991863
3729,I10,DR_20221209_143805,1816.0,1.0000026
3730,I10,DR_20221209_143805,1817.0,1.0000777
3731,I10,DR_20221209_143805,1818.0,0.9993351
3732,I11,DR_20221209_143805,1819.0,1.000078
3733,I11,DR_20221209_143805,1820.0,0.9995278
3734,I11,DR_20221209_143805,1821.0,1.0000205
3735,I11,DR_20221209_143805,1822.0,1.000274
3736,I11,DR_20221209_143805,1823.0,0.95658743
3737,I11,DR_20221209_143805,1824.0,0.99990225
3738,I11,DR_20221209_143805,1825.0,0.9999024
3739,I11,DR_20221209_143805,1826.0,1.0002147
3740,I11,DR_20221209_143805,1827.0,0.99980867
3741,I12,DR_20221209_143805,1828.0,1.0095849
3742,I12,DR_20221209_143805,1829.0,0.999788
3743,I12,DR_20221209_143805,1830.0,0.9204522
3744,I12,DR_20221209_143805,1831.0,1.0062933
3745,I12,DR_20221209_143805,1832.0,1.0193491
3746,I12,DR_20221209_143805,1833.0,1.000436
3747,I12,DR_20221209_143805,1834.0,0.9060886
3748,I12,DR_20221209_143805,1835.0,1.0000107
3749,I12,DR_20221209_143805,1836.0,1.0007427
3750,I13,DR_20221209_143805,1837.0,0.999382
3751,I13,DR_20221209_143805,1838.0,0.9961886
3752,I13,DR_20221209_143805,1839.0,0.99933916
3753,I13,DR_20221209_143805,1840.0,1.0007322
3754,I13,DR_20221209_143805,1841.0,0.99383837
3755,I13,DR_20221209_143805,1842.0,0.99405515
3756,I13,DR_20221209_143805,1843.0,1.0003812
3757,I13,DR_20221209_143805,1844.0,1.0005172
3758,I13,DR_20221209_143805,1845.0,1.0018705
3759,I14,DR_20221209_143805,1846.0,1.0000494
3760,I14,DR_20221209_143805,1847.0,0.99845016
3761,I14,DR_20221209_143805,1848.0,1.0006865
3762,I14,DR_20221209_143805,1849.0,1.0058929
3763,I14,DR_20221209_143805,1850.0,1.0006657
3764,I14,DR_20221209_143805,1851.0,0.99919105
3765,I14,DR_20221209_143805,1852.0,1.0067222
3766,I14,DR_20221209_143805,1853.0,0.9997768
3767,I14,DR_20221209_143805,1854.0,1.0044081
3768,I15,DR_20221209_143805,1855.0,0.99895394
3769,I15,DR_20221209_143805,1856.0,0.99975085
3770,I15,DR_20221209_143805,1857.0,0.997569
3771,I15,DR_20221209_143805,1858.0,1.0002811
3772,I15,DR_20221209_143805,1859.0,1.0420419
3773,I15,DR_20221209_143805,1860.0,1.0013999
3774,I15,DR_20221209_143805,1861.0,1.0002043
3775,I15,DR_20221209_143805,1862.0,0.99618626
3776,I15,DR_20221209_143805,1863.0,1.0063236
3777,I16,DR_20221209_143805,1864.0,1.0003518
3778,I16,DR_20221209_143805,1865.0,1.011165
3779,I16,DR_20221209_143805,1866.0,1.0007455
3780,I16,DR_20221209_143805,1867.0,1.0026488
3781,I16,DR_20221209_143805,1868.0,0.9939525
3782,I16,DR_20221209_143805,1869.0,0.99987215
3783,I16,DR_20221209_143805,1870.0,0.89319885
3784,I16,DR_20221209_143805,1871.0,0.9999765
3785,I16,DR_20221209_143805,1872.0,1.0009009
3786,I17,DR_20221209_143805,1873.0,0.9999551
3787,I17,DR_20221209_143805,1874.0,1.000526
3788,I17,DR_20221209_143805,1875.0,0.9995535
3789,I17,DR_20221209_143805,1876.0,0.99993294
3790,I17,DR_20221209_143805,1877.0,0.9994817
3791,I17,DR_20221209_143805,1878.0,0.99635434
3792,I17,DR_20221209_143805,1879.0,0.99932957
3793,I17,DR_20221209_143805,1880.0,0.99852437
3794,I17,DR_20221209_143805,1881.0,0.9994746
3795,I18,DR_20221209_143805,1882.0,1.0001832
3796,I18,DR_20221209_143805,1883.0,0.9997931
3797,I18,DR_20221209_143805,1884.0,1.0043775
3798,I18,DR_20221209_143805,1885.0,1.0009872
3799,I18,DR_20221209_143805,1886.0,1.00042
3800,I18,DR_20221209_143805,1887.0,1.0061125
3801,I18,DR_20221209_143805,1888.0,1.0000232
3802,I18,DR_20221209_143805,1889.0,0.99975467
3803,I18,DR_20221209_143805,1890.0,0.99976707
3804,I19,DR_20221209_143805,1891.0,0.99999774
3805,I19,DR_20221209_143805,1892.0,1.0004345
3806,I19,DR_20221209_143805,1893.0,1.0081707
3807,I19,DR_20221209_143805,1894.0,0.9996099
3808,I19,DR_20221209_143805,1895.0,1.0000248
3809,I19,DR_20221209_143805,1896.0,1.000585
3810,I19,DR_20221209_143805,1897.0,0.9970631
3811,I19,DR_20221209_143805,1898.0,0.99933475
3812,I19,DR_20221209_143805,1899.0,0.99901146
3813,I20,DR_20221209_143805,1900.0,0.9994126
3814,I20,DR_20221209_143805,1901.0,1.0005704
3815,I20,DR_20221209_143805,1902.0,0.9996614
3816,I20,DR_20221209_143805,1903.0,0.99980253
3817,I20,DR_20221209_143805,1904.0,1.0003366
3818,I20,DR_20221209_143805,1905.0,0.99881494
3819,I20,DR_20221209_143805,1906.0,0.9991101
3820,I20,DR_20221209_143805,1907.0,1.0001954
3821,I20,DR_20221209_143805,1908.0,0.9974627
3822,I21,DR_20221209_143805,1909.0,1.0035678
3823,I21,DR_20221209_143805,1910.0,1.0003668
3824,I21,DR_20221209_143805,1911.0,1.0029215
3825,I21,DR_20221209_143805,1912.0,0.99697316
3826,I21,DR_20221209_143805,1913.0,1.0002726
3827,I21,DR_20221209_143805,1914.0,1.0000179
3828,I21,DR_20221209_143805,1915.0,0.99891335
3829,I21,DR_20221209_143805,1916.0,0.9996923
3830,I21,DR_20221209_143805,1917.0,1.0026709
3831,I22,DR_20221209_143805,1918.0,0.99961245
3832,I22,DR_20221209_143805,1919.0,0.9995685
3833,I22,DR_20221209_143805,1920.0,0.8696293
3834,I22,DR_20221209_143805,1921.0,0.998895
3835,I22,DR_20221209_143805,1922.0,1.0437182
3836,I22,DR_20221209_143805,1923.0,0.9965643
3837,I22,DR_20221209_143805,1924.0,1.0009327
3838,I22,DR_20221209_143805,1925.0,0.99917865
3839,I22,DR_20221209_143805,1926.0,0.99906003
3876,J03,DR_20221209_143805,1963.0,0.68000174
3877,J03,DR_20221209_143805,1964.0,1.000458
3878,J03,DR_20221209_143805,1965.0,0.9996141
3879,J03,DR_20221209_143805,1966.0,1.0004038
3880,J03,DR_20221209_143805,1967.0,0.3418134
3881,J03,DR_20221209_143805,1968.0,0.5437563
3882,J03,DR_20221209_143805,1969.0,0.99560696
3883,J03,DR_20221209_143805,1970.0,1.0003324
3884,J04,DR_20221209_143805,1971.0,0.99983215
3885,J04,DR_20221209_143805,1972.0,1.0053014
3886,J04,DR_20221209_143805,1973.0,1.0027524
3887,J04,DR_20221209_143805,1974.0,1.003158
3888,J04,DR_20221209_143805,1975.0,1.0002557
3889,J04,DR_20221209_143805,1976.0,1.0000256
3890,J04,DR_20221209_143805,1977.0,0.9995546
3891,J04,DR_20221209_143805,1978.0,1.0037729
3892,J04,DR_20221209_143805,1979.0,1.0312583
3893,J05,DR_20221209_143805,1980.0,0.9999222
3894,J05,DR_20221209_143805,1981.0,0.99999315
3895,J05,DR_20221209_143805,1982.0,0.99664617
3896,J05,DR_20221209_143805,1983.0,0.9997518
3897,J05,DR_20221209_143805,1984.0,0.99999195
3898,J05,DR_20221209_143805,1985.0,0.9996756
3899,J05,DR_20221209_143805,1986.0,1.0002912
3900,J05,DR_20221209_143805,1987.0,0.99833536
3901,J05,DR_20221209_143805,1988.0,0.9981568
3902,J06,DR_20221209_143805,1989.0,0.9998356
3903,J06,DR_20221209_143805,1990.0,1.0000124
3904,J06,DR_20221209_143805,1991.0,1.0005262
3905,J06,DR_20221209_143805,1992.0,0.9998006
3906,J06,DR_20221209_143805,1993.0,0.99907166
3907,J06,DR_20221209_143805,1994.0,1.000016
3908,J06,DR_20221209_143805,1995.0,1.0003064
3909,J06,DR_20221209_143805,1996.0,0.9995066
3910,J06,DR_20221209_143805,1997.0,1.0002779
3911,J07,DR_20221209_143805,1998.0,1.0000561
3912,J07,DR_20221209_143805,1999.0,0.9996129
3913,J07,DR_20221209_143805,2000.0,1.0055003
3914,J07,DR_20221209_143805,2001.0,0.99995613
3915,J07,DR_20221209_143805,2002.0,0.99969053
3916,J07,DR_20221209_143805,2003.0,0.99981797
3917,J07,DR_20221209_143805,2004.0,1.0009178
3918,J07,DR_20221209_143805,2005.0,0.9972344
3919,J07,DR_20221209_143805,2006.0,0.99963003
3920,J08,DR_20221209_143805,2007.0,1.0096297
3921,J08,DR_20221209_143805,2008.0,0.99969524
3922,J08,DR_20221209_143805,2009.0,1.0009738
3923,J08,DR_20221209_143805,2010.0,0.9984036
3924,J08,DR_20221209_143805,2011.0,1.0038427
3925,J08,DR_20221209_143805,2012.0,1.0034417
3926,J08,DR_20221209_143805,2013.0,0.97054046
3927,J08,DR_20221209_143805,2014.0,0.99927944
3928,J08,DR_20221209_143805,2015.0,1.0316901
3929,J09,DR_20221209_143805,2016.0,0.9973536
3930,J09,DR_20221209_143805,2017.0,1.0006261
3931,J09,DR_20221209_143805,2018.0,1.0003235
3932,J09,DR_20221209_143805,2019.0,1.0006689
3933,J09,DR_20221209_143805,2020.0,1.0221759
3934,J09,DR_20221209_143805,2021.0,0.9997543
3935,J09,DR_20221209_143805,2022.0,0.99732846
3936,J09,DR_20221209_143805,2023.0,0.971658
3937,J09,DR_20221209_143805,2024.0,0.99979967
3938,J10,DR_20221209_143805,2025.0,1.0012226
3939,J10,DR_20221209_143805,2026.0,1.0013523
3940,J10,DR_20221209_143805,2027.0,0.999076
3941,J10,DR_20221209_143805,2028.0,0.99677855
3942,J10,DR_20221209_143805,2029.0,1.0000117
3943,J10,DR_20221209_143805,2030.0,0.99894184
3944,J10,DR_20221209_143805,2031.0,0.99948156
3945,J10,DR_20221209_143805,2032.0,0.9987167
3946,J10,DR_20221209_143805,2033.0,0.9959726
3947,J11,DR_20221209_143805,2034.0,1.0018774
3948,J11,DR_20221209_143805,2035.0,1.0392867
3949,J11,DR_20221209_143805,2036.0,1.0040829
3950,J11,DR_20221209_143805,2037.0,0.99969023
3951,J11,DR_20221209_143805,2038.0,1.0477656
3952,J11,DR_20221209_143805,2039.0,1.003926
3953,J11,DR_20221209_143805,2040.0,0.9996822
3954,J11,DR_20221209_143805,2041.0,1.0000498
3955,J11,DR_20221209_143805,2042.0,1.0021018
3956,J12,DR_20221209_143805,2043.0,0.99957377
3957,J12,DR_20221209_143805,2044.0,0.9983081
3958,J12,DR_20221209_143805,2045.0,0.99233985
3959,J12,DR_20221209_143805,2046.0,1.0001298
3960,J12,DR_20221209_143805,2047.0,1.018593
3961,J12,DR_20221209_143805,2048.0,0.99798924
3962,J12,DR_20221209_143805,2049.0,0.9999864
3963,J12,DR_20221209_143805,2050.0,0.99972534
3964,J12,DR_20221209_143805,2051.0,1.004215
3965,J13,DR_20221209_143805,2052.0,1.0059294
3966,J13,DR_20221209_143805,2053.0,0.9817845
3967,J13,DR_20221209_143805,2054.0,1.0089624
3968,J13,DR_20221209_143805,2055.0,1.0002186
3969,J13,DR_20221209_143805,2056.0,0.99957323
3970,J13,DR_20221209_143805,2057.0,0.9997216
3971,J13,DR_20221209_143805,2058.0,0.9984342
3972,J13,DR_20221209_143805,2059.0,0.991665
3973,J13,DR_20221209_143805,2060.0,0.9993749
3974,J14,DR_20221209_143805,2061.0,1.0016365
3975,J14,DR_20221209_143805,2062.0,0.99287784
3976,J14,DR_20221209_143805,2063.0,1.0026637
3977,J14,DR_20221209_143805,2064.0,1.0027786
3978,J14,DR_20221209_143805,2065.0,1.0454307
3979,J14,DR_20221209_143805,2066.0,1.0001726
3980,J14,DR_20221209_143805,2067.0,1.0061681
3981,J14,DR_20221209_143805,2068.0,1.0004119
3982,J14,DR_20221209_143805,2069.0,1.0279589
3983,J15,DR_20221209_143805,2070.0,0.99988174
3984,J15,DR_20221209_143805,2071.0,0.991835
3985,J15,DR_20221209_143805,2072.0,0.99910295
3986,J15,DR_20221209_143805,2073.0,1.0158287
3987,J15,DR_20221209_143805,2074.0,0.99476
3988,J15,DR_20221209_143805,2075.0,1.0010419
3989,J15,DR_20221209_143805,2076.0,0.99998707
3990,J15,DR_20221209_143805,2077.0,0.9996558
3991,J15,DR_20221209_143805,2078.0,0.9500034
3992,J16,DR_20221209_143805,2079.0,1.000511
3993,J16,DR_20221209_143805,2080.0,1.0003825
3994,J16,DR_20221209_143805,2081.0,0.9605844
3995,J16,DR_20221209_143805,2082.0,1.0000181
3996,J16,DR_20221209_143805,2083.0,0.99969554
3997,J16,DR_20221209_143805,2084.0,1.0006467
3998,J16,DR_20221209_143805,2085.0,1.000404
3999,J16,DR_20221209_143805,2086.0,1.0004829
4000,J16,DR_20221209_143805,2087.0,1.00124
4001,J17,DR_20221209_143805,2088.0,0.99946445
4002,J17,DR_20221209_143805,2089.0,1.0141789
4003,J17,DR_20221209_143805,2090.0,1.000183
4004,J17,DR_20221209_143805,2091.0,0.95470035
4005,J17,DR_20221209_143805,2092.0,1.0000417
4006,J17,DR_20221209_143805,2093.0,0.9995113
4007,J17,DR_20221209_143805,2094.0,1.0194515
4008,J17,DR_20221209_143805,2095.0,1.0005214
4009,J17,DR_20221209_143805,2096.0,1.0104823
4010,J18,DR_20221209_143805,2097.0,1.0021728
4011,J18,DR_20221209_143805,2098.0,1.0007553
4012,J18,DR_20221209_143805,2099.0,0.99690354
4013,J18,DR_20221209_143805,2100.0,0.9997841
4014,J18,DR_20221209_143805,2101.0,1.0001416
4015,J18,DR_20221209_143805,2102.0,1.0057542
4016,J18,DR_20221209_143805,2103.0,0.99891585
4017,J18,DR_20221209_143805,2104.0,0.9965464
4018,J18,DR_20221209_143805,2105.0,1.0004777
4019,J19,DR_20221209_143805,2106.0,1.0000759
4020,J19,DR_20221209_143805,2107.0,1.0001366
4021,J19,DR_20221209_143805,2108.0,1.0002537
4022,J19,DR_20221209_143805,2109.0,0.99971056
4023,J19,DR_20221209_143805,2110.0,0.9987617
4024,J19,DR_20221209_143805,2111.0,0.9984067
4025,J19,DR_20221209_143805,2112.0,1.000443
4026,J19,DR_20221209_143805,2113.0,1.0013647
4027,J19,DR_20221209_143805,2114.0,1.0026977
4028,J20,DR_20221209_143805,2115.0,1.0004163
4029,J20,DR_20221209_143805,2116.0,1.0005491
4030,J20,DR_20221209_143805,2117.0,0.99765575
4031,J20,DR_20221209_143805,2118.0,1.0052476
4032,J20,DR_20221209_143805,2119.0,0.9995944
4033,J20,DR_20221209_143805,2120.0,0.99980026
4034,J20,DR_20221209_143805,2121.0,0.96792454
4035,J20,DR_20221209_143805,2122.0,1.0131828
4036,J20,DR_20221209_143805,2123.0,0.99858284
4037,J21,DR_20221209_143805,2124.0,0.9999209
4038,J21,DR_20221209_143805,2125.0,1.0000017
4039,J21,DR_20221209_143805,2126.0,1.0041463
4040,J21,DR_20221209_143805,2127.0,0.9999111
4041,J21,DR_20221209_143805,2128.0,0.99998295
4042,J21,DR_20221209_143805,2129.0,1.0000505
4043,J21,DR_20221209_143805,2130.0,1.0023776
4044,J21,DR_20221209_143805,2131.0,1.000292
4045,J21,DR_20221209_143805,2132.0,1.0027676
4046,J22,DR_20221209_143805,2133.0,0.69574034
4047,J22,DR_20221209_143805,2134.0,0.9994134
4048,J22,DR_20221209_143805,2135.0,1.0031801
4049,J22,DR_20221209_143805,2136.0,0.9998844
4050,J22,DR_20221209_143805,2137.0,0.9966595
4051,J22,DR_20221209_143805,2138.0,0.9994486
4052,J22,DR_20221209_143805,2139.0,1.0001683
4053,J22,DR_20221209_143805,2140.0,0.9993889
4054,J22,DR_20221209_143805,2141.0,0.9997509
4091,K04,DR_20221209_143805,2187.0,0.9997135
4092,K04,DR_20221209_143805,2188.0,0.9998984
4093,K04,DR_20221209_143805,2189.0,0.9994593
4094,K04,DR_20221209_143805,2190.0,0.9984603
4095,K04,DR_20221209_143805,2191.0,1.0004187
4096,K04,DR_20221209_143805,2192.0,0.99967486
4097,K04,DR_20221209_143805,2193.0,0.9999265
4098,K04,DR_20221209_143805,2194.0,0.99977267
4099,K04,DR_20221209_143805,2195.0,1.0052555
4100,K05,DR_20221209_143805,2196.0,0.9999126
4101,K05,DR_20221209_143805,2197.0,0.99988127
4102,K05,DR_20221209_143805,2198.0,1.0000863
4103,K05,DR_20221209_143805,2199.0,1.0002589
4104,K05,DR_20221209_143805,2200.0,1.0004648
4105,K05,DR_20221209_143805,2201.0,0.9992613
4106,K05,DR_20221209_143805,2202.0,0.999562
4107,K05,DR_20221209_143805,2203.0,0.9985203
4108,K05,DR_20221209_143805,2204.0,1.0007014
4109,K06,DR_20221209_143805,2205.0,0.99970895
4110,K06,DR_20221209_143805,2206.0,0.999859
4111,K06,DR_20221209_143805,2207.0,0.9988419
4112,K06,DR_20221209_143805,2208.0,0.99981666
4113,K06,DR_20221209_143805,2209.0,1.018877
4114,K06,DR_20221209_143805,2210.0,0.9995893
4115,K06,DR_20221209_143805,2211.0,1.0058817
4116,K06,DR_20221209_143805,2212.0,0.9997572
4117,K06,DR_20221209_143805,2213.0,0.9997046
4118,K07,DR_20221209_143805,2214.0,0.9997987
4119,K07,DR_20221209_143805,2215.0,0.9961863
4120,K07,DR_20221209_143805,2216.0,0.8886519
4121,K07,DR_20221209_143805,2217.0,0.9996264
4122,K07,DR_20221209_143805,2218.0,0.99970865
4123,K07,DR_20221209_143805,2219.0,0.9995879
4124,K07,DR_20221209_143805,2220.0,0.99825484
4125,K07,DR_20221209_143805,2221.0,1.0001419
4126,K07,DR_20221209_143805,2222.0,0.99907184
4127,K08,DR_20221209_143805,2223.0,0.8667541
4128,K08,DR_20221209_143805,2224.0,0.998382
4129,K08,DR_20221209_143805,2225.0,0.9999994
4130,K08,DR_20221209_143805,2226.0,0.9993999
4131,K08,DR_20221209_143805,2227.0,0.9434504
4132,K08,DR_20221209_143805,2228.0,0.9999554
4133,K08,DR_20221209_143805,2229.0,0.99933386
4134,K08,DR_20221209_143805,2230.0,1.0003926
4135,K08,DR_20221209_143805,2231.0,0.9994803
4136,K09,DR_20221209_143805,2232.0,0.9999845
4137,K09,DR_20221209_143805,2233.0,1.0004361
4138,K09,DR_20221209_143805,2234.0,0.99922884
4139,K09,DR_20221209_143805,2235.0,0.9983542
4140,K09,DR_20221209_143805,2236.0,1.0392009
4141,K09,DR_20221209_143805,2237.0,1.0445619
4142,K09,DR_20221209_143805,2238.0,0.99950707
4143,K09,DR_20221209_143805,2239.0,0.99965996
4144,K09,DR_20221209_143805,2240.0,1.0005476
4145,K10,DR_20221209_143805,2241.0,1.0377799
4146,K10,DR_20221209_143805,2242.0,1.0449094
4147,K10,DR_20221209_143805,2243.0,1.0004072
4148,K10,DR_20221209_143805,2244.0,1.0001386
4149,K10,DR_20221209_143805,2245.0,1.0001938
4150,K10,DR_20221209_143805,2246.0,0.9995609
4151,K10,DR_20221209_143805,2247.0,0.9996969
4152,K10,DR_20221209_143805,2248.0,0.9996235
4153,K10,DR_20221209_143805,2249.0,0.99996644
4154,K11,DR_20221209_143805,2250.0,0.99952173
4155,K11,DR_20221209_143805,2251.0,1.0008085
4156,K11,DR_20221209_143805,2252.0,1.0004346
4157,K11,DR_20221209_143805,2253.0,0.99968284
4158,K11,DR_20221209_143805,2254.0,1.0023714
4159,K11,DR_20221209_143805,2255.0,1.0001419
4160,K11,DR_20221209_143805,2256.0,0.99959975
4161,K11,DR_20221209_143805,2257.0,0.9994426
4162,K11,DR_20221209_143805,2258.0,0.9997669
4163,K12,DR_20221209_143805,2259.0,0.9993624
4164,K12,DR_20221209_143805,2260.0,0.99977714
4165,K12,DR_20221209_143805,2261.0,1.001917
4166,K12,DR_20221209_143805,2262.0,0.9997461
4167,K12,DR_20221209_143805,2263.0,1.0005918
4168,K12,DR_20221209_143805,2264.0,0.99998415
4169,K12,DR_20221209_143805,2265.0,0.99742514
4170,K12,DR_20221209_143805,2266.0,0.99953043
4171,K12,DR_20221209_143805,2267.0,0.9997397
4172,K14,DR_20221209_143805,2277.0,1.0003552
4173,K14,DR_20221209_143805,2278.0,0.9998557
4174,K14,DR_20221209_143805,2279.0,0.99988985
4175,K14,DR_20221209_143805,2280.0,1.0005724
4176,K14,DR_20221209_143805,2281.0,0.99035156
4177,K14,DR_20221209_143805,2282.0,1.0027016
4178,K14,DR_20221209_143805,2283.0,0.9996927
4179,K14,DR_20221209_143805,2284.0,0.999061
4180,K14,DR_20221209_143805,2285.0,0.9993879
4181,K18,DR_20221209_143805,2313.0,1.0016185
4182,K18,DR_20221209_143805,2314.0,1.026632
4183,K18,DR_20221209_143805,2315.0,1.0000795
4184,K18,DR_20221209_143805,2316.0,0.9983603
4185,K18,DR_20221209_143805,2317.0,1.0467417
4186,K18,DR_20221209_143805,2318.0,0.9997999
4187,K18,DR_20221209_143805,2319.0,0.9999813
4188,K18,DR_20221209_143805,2320.0,1.0020705
4189,K18,DR_20221209_143805,2321.0,0.99759567
4190,K19,DR_20221209_143805,2322.0,1.0003678
4191,K19,DR_20221209_143805,2323.0,0.9997723
4192,K19,DR_20221209_143805,2324.0,0.9996459
4193,K19,DR_20221209_143805,2325.0,0.9997044
4194,K19,DR_20221209_143805,2326.0,1.0001782
4195,K19,DR_20221209_143805,2327.0,0.9999702
4196,K19,DR_20221209_143805,2328.0,1.0109835
4197,K19,DR_20221209_143805,2329.0,0.9962497
4198,K19,DR_20221209_143805,2330.0,1.0002095
4199,K20,DR_20221209_143805,2331.0,1.0002624
4200,K20,DR_20221209_143805,2332.0,0.9968465
4201,K20,DR_20221209_143805,2333.0,0.99699897
4202,K20,DR_20221209_143805,2334.0,0.9998637
4203,K20,DR_20221209_143805,2335.0,0.9996869
4204,K20,DR_20221209_143805,2336.0,0.9998734
4205,K20,DR_20221209_143805,2337.0,0.9997534
4206,K20,DR_20221209_143805,2338.0,1.000065
4207,K20,DR_20221209_143805,2339.0,1.0004096
4208,K21,DR_20221209_143805,2340.0,1.0002092
4209,K21,DR_20221209_143805,2341.0,0.99970984
4210,K21,DR_20221209_143805,2342.0,1.0000707
4211,K21,DR_20221209_143805,2343.0,1.0001118
4212,K21,DR_20221209_143805,2344.0,1.0004089
4213,K21,DR_20221209_143805,2345.0,1.0000029
4214,K21,DR_20221209_143805,2346.0,1.0001904
4215,K21,DR_20221209_143805,2347.0,0.9778391
4216,K21,DR_20221209_143805,2348.0,1.000449
4217,K22,DR_20221209_143805,2349.0,0.9996233
4218,K22,DR_20221209_143805,2350.0,1.0001523
4219,K22,DR_20221209_143805,2351.0,1.0050069
4220,K22,DR_20221209_143805,2352.0,0.99957913
4221,K22,DR_20221209_143805,2353.0,1.0002311
4222,K22,DR_20221209_143805,2354.0,0.9995048
4223,K22,DR_20221209_143805,2355.0,0.9990844
4224,K22,DR_20221209_143805,2356.0,1.000258
4225,K22,DR_20221209_143805,2357.0,1.0006555
4262,L04,DR_20221209_143805,2403.0,0.9994492
4263,L04,DR_20221209_143805,2404.0,0.9985957
4264,L04,DR_20221209_143805,2405.0,1.002667
4265,L04,DR_20221209_143805,2406.0,0.9995406
4266,L04,DR_20221209_143805,2407.0,1.0000004
4267,L04,DR_20221209_143805,2408.0,1.0002123
4268,L04,DR_20221209_143805,2409.0,1.0001357
4269,L04,DR_20221209_143805,2410.0,0.99987686
4270,L04,DR_20221209_143805,2411.0,0.9993132
4271,L05,DR_20221209_143805,2412.0,1.000055
4272,L05,DR_20221209_143805,2413.0,1.0002503
4273,L05,DR_20221209_143805,2414.0,0.99937683
4274,L05,DR_20221209_143805,2415.0,1.0008286
4275,L05,DR_20221209_143805,2416.0,1.0002803
4276,L05,DR_20221209_143805,2417.0,0.9991257
4277,L05,DR_20221209_143805,2418.0,0.99991363
4278,L05,DR_20221209_143805,2419.0,0.9994726
4279,L05,DR_20221209_143805,2420.0,0.9995115
4280,L06,DR_20221209_143805,2421.0,0.9997519
4281,L06,DR_20221209_143805,2422.0,1.0193189
4282,L06,DR_20221209_143805,2423.0,0.99968725
4283,L06,DR_20221209_143805,2424.0,0.9994876
4284,L06,DR_20221209_143805,2425.0,1.0023754
4285,L06,DR_20221209_143805,2426.0,1.000016
4286,L06,DR_20221209_143805,2427.0,1.0002536
4287,L06,DR_20221209_143805,2428.0,0.99995404
4288,L06,DR_20221209_143805,2429.0,1.0000815
4289,L07,DR_20221209_143805,2430.0,0.99986696
4290,L07,DR_20221209_143805,2431.0,0.99878436
4291,L07,DR_20221209_143805,2432.0,1.0027745
4292,L07,DR_20221209_143805,2433.0,1.0001674
4293,L07,DR_20221209_143805,2434.0,1.001238
4294,L07,DR_20221209_143805,2435.0,0.99996406
4295,L07,DR_20221209_143805,2436.0,1.0026661
4296,L07,DR_20221209_143805,2437.0,0.9994058
4297,L07,DR_20221209_143805,2438.0,0.9010653
4298,L08,DR_20221209_143805,2439.0,1.0000263
4299,L08,DR_20221209_143805,2440.0,1.0031621
4300,L08,DR_20221209_143805,2441.0,1.0004731
4301,L08,DR_20221209_143805,2442.0,1.0003732
4302,L08,DR_20221209_143805,2443.0,1.0000287
4303,L08,DR_20221209_143805,2444.0,1.0000054
4304,L08,DR_20221209_143805,2445.0,0.99892426
4305,L08,DR_20221209_143805,2446.0,0.9958949
4306,L08,DR_20221209_143805,2447.0,1.0002369
4307,L09,DR_20221209_143805,2448.0,1.0000026
4308,L09,DR_20221209_143805,2449.0,0.8985206
4309,L09,DR_20221209_143805,2450.0,0.81804776
4310,L09,DR_20221209_143805,2451.0,0.99997807
4311,L09,DR_20221209_143805,2452.0,0.99998
4312,L09,DR_20221209_143805,2453.0,0.9995805
4313,L09,DR_20221209_143805,2454.0,0.97480214
4314,L09,DR_20221209_143805,2455.0,0.99896
4315,L09,DR_20221209_143805,2456.0,0.999857
4316,L10,DR_20221209_143805,2457.0,1.0001602
4317,L10,DR_20221209_143805,2458.0,0.93817145
4318,L10,DR_20221209_143805,2459.0,0.9770922
4319,L10,DR_20221209_143805,2460.0,0.99833137
4320,L10,DR_20221209_143805,2461.0,1.0000834
4321,L10,DR_20221209_143805,2462.0,0.9993974
4322,L10,DR_20221209_143805,2463.0,0.9904336
4323,L10,DR_20221209_143805,2464.0,0.99847525
4324,L10,DR_20221209_143805,2465.0,0.9957102
4325,L11,DR_20221209_143805,2466.0,1.0145003
4326,L11,DR_20221209_143805,2467.0,1.0006007
4327,L11,DR_20221209_143805,2468.0,0.999642
4328,L11,DR_20221209_143805,2469.0,1.0192939
4329,L11,DR_20221209_143805,2470.0,1.0197172
4330,L11,DR_20221209_143805,2471.0,0.9996399
4331,L11,DR_20221209_143805,2472.0,0.99942434
4332,L11,DR_20221209_143805,2473.0,0.9987691
4333,L11,DR_20221209_143805,2474.0,0.9995
4334,L12,DR_20221209_143805,2475.0,1.0004184
4335,L12,DR_20221209_143805,2476.0,0.9988141
4336,L12,DR_20221209_143805,2477.0,1.0058335
4337,L12,DR_20221209_143805,2478.0,1.0032529
4338,L12,DR_20221209_143805,2479.0,1.0002453
4339,L12,DR_20221209_143805,2480.0,0.99703336
4340,L12,DR_20221209_143805,2481.0,0.99687624
4341,L12,DR_20221209_143805,2482.0,0.9989562
4342,L12,DR_20221209_143805,2483.0,1.0004193
4343,L13,DR_20221209_143805,2484.0,0.99855477
4344,L13,DR_20221209_143805,2485.0,0.99751234
4345,L13,DR_20221209_143805,2486.0,0.9998654
4346,L13,DR_20221209_143805,2487.0,0.99985534
4347,L13,DR_20221209_143805,2488.0,0.9988283
4348,L13,DR_20221209_143805,2489.0,1.0001193
4349,L13,DR_20221209_143805,2490.0,0.9990778
4350,L13,DR_20221209_143805,2491.0,1.000026
4351,L13,DR_20221209_143805,2492.0,1.000186
4352,L18,DR_20221209_143805,2529.0,1.000213
4353,L18,DR_20221209_143805,2530.0,1.0001178
4354,L18,DR_20221209_143805,2531.0,0.92068464
4355,L18,DR_20221209_143805,2532.0,0.8256411
4356,L18,DR_20221209_143805,2533.0,0.9995222
4357,L18,DR_20221209_143805,2534.0,1.0017492
4358,L18,DR_20221209_143805,2535.0,0.9988306
4359,L18,DR_20221209_143805,2536.0,0.99968195
4360,L18,DR_20221209_143805,2537.0,1.0014178
4361,L19,DR_20221209_143805,2538.0,0.99967605
4362,L19,DR_20221209_143805,2539.0,0.9996646
4363,L19,DR_20221209_143805,2540.0,1.00143
4364,L19,DR_20221209_143805,2541.0,0.9997541
4365,L19,DR_20221209_143805,2542.0,0.99968165
4366,L19,DR_20221209_143805,2543.0,1.0002347
4367,L19,DR_20221209_143805,2544.0,1.0002503
4368,L19,DR_20221209_143805,2545.0,0.99943894
4369,L19,DR_20221209_143805,2546.0,0.999228
4370,L22,DR_20221209_143805,2565.0,0.9995351
4371,L22,DR_20221209_143805,2566.0,0.9996101
4372,L22,DR_20221209_143805,2567.0,0.84151185
4373,L22,DR_20221209_143805,2568.0,0.998145
4374,L22,DR_20221209_143805,2569.0,0.9956798
4375,L22,DR_20221209_143805,2570.0,1.0012574
4376,L22,DR_20221209_143805,2571.0,1.0007646
4377,L22,DR_20221209_143805,2572.0,1.0002247
4378,L22,DR_20221209_143805,2573.0,1.005899
4415,M03,DR_20221209_143805,2610.0,0.01427964
4416,M03,DR_20221209_143805,2611.0,0.059229147
4417,M03,DR_20221209_143805,2612.0,0.078858376
4418,M03,DR_20221209_143805,2613.0,0.01943611
4419,M03,DR_20221209_143805,2614.0,0.07502368
4420,M03,DR_20221209_143805,2615.0,0.53711915
4421,M03,DR_20221209_143805,2616.0,0.08361352
4422,M03,DR_20221209_143805,2617.0,0.11421172
4423,M03,DR_20221209_143805,2618.0,0.025826937
4424,M04,DR_20221209_143805,2619.0,0.0012758113
4425,M04,DR_20221209_143805,2620.0,0.0030932091
4426,M04,DR_20221209_143805,2621.0,0.027216446
4427,M04,DR_20221209_143805,2622.0,0.07544415
4428,M04,DR_20221209_143805,2623.0,0.5717823
4429,M04,DR_20221209_143805,2624.0,0.008207345
4430,M04,DR_20221209_143805,2625.0,0.33012
4431,M04,DR_20221209_143805,2626.0,-0.00017221579
4432,M04,DR_20221209_143805,2627.0,0.0075733587
4433,M05,DR_20221209_143805,2628.0,0.2091726
4434,M05,DR_20221209_143805,2629.0,0.01852801
4435,M05,DR_20221209_143805,2630.0,0.23806043
4436,M05,DR_20221209_143805,2631.0,-0.0032118168
4437,M05,DR_20221209_143805,2632.0,0.23358351
4438,M05,DR_20221209_143805,2633.0,0.57393956
4439,M05,DR_20221209_143805,2634.0,0.007547998
4440,M05,DR_20221209_143805,2635.0,0.0041632606
4441,M05,DR_20221209_143805,2636.0,0.992726
4442,M06,DR_20221209_143805,2637.0,0.5170182
4443,M06,DR_20221209_143805,2638.0,-0.005125863
4444,M06,DR_20221209_143805,2639.0,0.06305805
4445,M06,DR_20221209_143805,2640.0,0.26304337
4446,M06,DR_20221209_143805,2641.0,0.016490161
4447,M06,DR_20221209_143805,2642.0,0.16423096
4448,M06,DR_20221209_143805,2643.0,0.69292355
4449,M06,DR_20221209_143805,2644.0,-4.4692573e-05
4450,M06,DR_20221209_143805,2645.0,0.016589498
4451,M07,DR_20221209_143805,2646.0,1.0294278
4452,M07,DR_20221209_143805,2647.0,0.99618256
4453,M07,DR_20221209_143805,2648.0,0.13476703
4454,M07,DR_20221209_143805,2649.0,1.0060121
4455,M07,DR_20221209_143805,2650.0,0.8678866
4456,M07,DR_20221209_143805,2651.0,0.82292736
4457,M07,DR_20221209_143805,2652.0,0.94364506
4458,M07,DR_20221209_143805,2653.0,0.30389306
4459,M07,DR_20221209_143805,2654.0,0.5881002
4460,M08,DR_20221209_143805,2655.0,1.0001236
4461,M08,DR_20221209_143805,2656.0,1.0002573
4462,M08,DR_20221209_143805,2657.0,1.0003597
4463,M08,DR_20221209_143805,2658.0,0.9999807
4464,M08,DR_20221209_143805,2659.0,0.99990255
4465,M08,DR_20221209_143805,2660.0,0.99961495
4466,M08,DR_20221209_143805,2661.0,0.9990501
4467,M08,DR_20221209_143805,2662.0,1.0005904
4468,M08,DR_20221209_143805,2663.0,0.99910975
4469,M09,DR_20221209_143805,2664.0,0.998966
4470,M09,DR_20221209_143805,2665.0,1.0002929
4471,M09,DR_20221209_143805,2666.0,0.99970186
4472,M09,DR_20221209_143805,2667.0,0.99991095
4473,M09,DR_20221209_143805,2668.0,1.0000898
4474,M09,DR_20221209_143805,2669.0,1.0004345
4475,M09,DR_20221209_143805,2670.0,1.002905
4476,M09,DR_20221209_143805,2671.0,1.000168
4477,M09,DR_20221209_143805,2672.0,0.9998433
4478,M10,DR_20221209_143805,2673.0,1.0000197
4479,M10,DR_20221209_143805,2674.0,0.9985165
4480,M10,DR_20221209_143805,2675.0,1.0013875
4481,M10,DR_20221209_143805,2676.0,1.0007949
4482,M10,DR_20221209_143805,2677.0,1.0445079
4483,M10,DR_20221209_143805,2678.0,1.0000054
4484,M10,DR_20221209_143805,2679.0,0.99956834
4485,M10,DR_20221209_143805,2680.0,0.9998816
4486,M10,DR_20221209_143805,2681.0,0.8312143
4487,M11,DR_20221209_143805,2682.0,1.0000216
4488,M11,DR_20221209_143805,2683.0,0.9991665
4489,M11,DR_20221209_143805,2684.0,1.0013994
4490,M11,DR_20221209_143805,2685.0,0.9206791
4491,M11,DR_20221209_143805,2686.0,0.9395266
4492,M11,DR_20221209_143805,2687.0,1.0006142
4493,M11,DR_20221209_143805,2688.0,1.0062324
4494,M11,DR_20221209_143805,2689.0,1.0004138
4495,M11,DR_20221209_143805,2690.0,1.0013235
4496,M12,DR_20221209_143805,2691.0,0.99910426
4497,M12,DR_20221209_143805,2692.0,0.9998686
4498,M12,DR_20221209_143805,2693.0,1.0036982
4499,M12,DR_20221209_143805,2694.0,1.0192418
4500,M12,DR_20221209_143805,2695.0,1.017928
4501,M12,DR_20221209_143805,2696.0,0.997794
4502,M12,DR_20221209_143805,2697.0,1.0064245
4503,M12,DR_20221209_143805,2698.0,0.9996152
4504,M12,DR_20221209_143805,2699.0,0.9992335
4514,N03,DR_20221209_143805,2718.0,0.04610475
4515,N03,DR_20221209_143805,2719.0,0.045966774
4516,N03,DR_20221209_143805,2720.0,0.7939552
4517,N03,DR_20221209_143805,2721.0,0.05714571
4518,N03,DR_20221209_143805,2722.0,-0.0043050754
4519,N03,DR_20221209_143805,2723.0,0.010955481
4520,N03,DR_20221209_143805,2724.0,0.0364477
4521,N03,DR_20221209_143805,2725.0,-0.0038323137
4522,N03,DR_20221209_143805,2726.0,0.06723289
4523,N04,DR_20221209_143805,2727.0,0.016609408
4524,N04,DR_20221209_143805,2728.0,0.01648064
4525,N04,DR_20221209_143805,2729.0,0.020892309
4526,N04,DR_20221209_143805,2730.0,0.88621247
4527,N04,DR_20221209_143805,2731.0,0.031021243
4528,N04,DR_20221209_143805,2732.0,0.062544435
4529,N04,DR_20221209_143805,2733.0,0.0090878215
4530,N04,DR_20221209_143805,2734.0,0.020226197
4531,N04,DR_20221209_143805,2735.0,0.8576593
4532,N05,DR_20221209_143805,2736.0,0.21234047
4533,N05,DR_20221209_143805,2737.0,0.003484015
4534,N05,DR_20221209_143805,2738.0,0.051042426
4535,N05,DR_20221209_143805,2739.0,0.028060608
4536,N05,DR_20221209_143805,2740.0,0.29383925
4537,N05,DR_20221209_143805,2741.0,0.07497975
4538,N05,DR_20221209_143805,2742.0,0.042479347
4539,N05,DR_20221209_143805,2743.0,0.0033158471
4540,N05,DR_20221209_143805,2744.0,0.08211689
4541,N06,DR_20221209_143805,2745.0,0.025965499
4542,N06,DR_20221209_143805,2746.0,0.8225873
4543,N06,DR_20221209_143805,2747.0,0.75549227
4544,N06,DR_20221209_143805,2748.0,0.53594834
4545,N06,DR_20221209_143805,2749.0,-0.003973646
4546,N06,DR_20221209_143805,2750.0,0.36685824
4547,N06,DR_20221209_143805,2751.0,0.88485444
4548,N06,DR_20221209_143805,2752.0,0.010083921
4549,N06,DR_20221209_143805,2753.0,0.9909255
4550,N07,DR_20221209_143805,2754.0,0.96429497
4551,N07,DR_20221209_143805,2755.0,1.0043437
4552,N07,DR_20221209_143805,2756.0,0.9923219
4553,N07,DR_20221209_143805,2757.0,0.9394
4554,N07,DR_20221209_143805,2758.0,0.012130833
4555,N07,DR_20221209_143805,2759.0,0.82640696
4556,N07,DR_20221209_143805,2760.0,0.89337045
4557,N07,DR_20221209_143805,2761.0,0.55751497
4558,N07,DR_20221209_143805,2762.0,1.0006316
4559,N08,DR_20221209_143805,2763.0,0.99674547
4560,N08,DR_20221209_143805,2764.0,0.9982349
4561,N08,DR_20221209_143805,2765.0,0.89702094
4562,N08,DR_20221209_143805,2766.0,0.9998583
4563,N08,DR_20221209_143805,2767.0,0.9936091
4564,N08,DR_20221209_143805,2768.0,0.9756497
4565,N08,DR_20221209_143805,2769.0,1.0074898
4566,N08,DR_20221209_143805,2770.0,0.9958515
4567,N08,DR_20221209_143805,2771.0,1.0000273
4568,N09,DR_20221209_143805,2772.0,1.000846
4569,N09,DR_20221209_143805,2773.0,1.0001643
4570,N09,DR_20221209_143805,2774.0,1.0008185
4571,N09,DR_20221209_143805,2775.0,0.999704
4572,N09,DR_20221209_143805,2776.0,1.006094
4573,N09,DR_20221209_143805,2777.0,1.0001224
4574,N09,DR_20221209_143805,2778.0,0.9998254
4575,N09,DR_20221209_143805,2779.0,1.001823
4576,N09,DR_20221209_143805,2780.0,1.0044425
4577,N10,DR_20221209_143805,2781.0,1.0068829
4578,N10,DR_20221209_143805,2782.0,1.0025529
4579,N10,DR_20221209_143805,2783.0,0.9924735
4580,N10,DR_20221209_143805,2784.0,0.99970007
4581,N10,DR_20221209_143805,2785.0,1.0180882
4582,N10,DR_20221209_143805,2786.0,1.0002733
4583,N10,DR_20221209_143805,2787.0,1.0048828
4584,N10,DR_20221209_143805,2788.0,1.0001516
4585,N10,DR_20221209_143805,2789.0,1.0002248
4586,N11,DR_20221209_143805,2790.0,0.9987378
4587,N11,DR_20221209_143805,2791.0,1.002442
4588,N11,DR_20221209_143805,2792.0,0.9967511
4589,N11,DR_20221209_143805,2793.0,0.9994746
4590,N11,DR_20221209_143805,2794.0,1.04278
4591,N11,DR_20221209_143805,2795.0,0.9998421
4592,N11,DR_20221209_143805,2796.0,0.9996987
4593,N11,DR_20221209_143805,2797.0,0.99985194
4594,N11,DR_20221209_143805,2798.0,1.0000346
4595,N12,DR_20221209_143805,2799.0,0.9999357
4596,N12,DR_20221209_143805,2800.0,0.9994272
4597,N12,DR_20221209_143805,2801.0,0.9999749
4598,N12,DR_20221209_143805,2802.0,0.9999039
4599,N12,DR_20221209_143805,2803.0,1.0000598
4600,N12,DR_20221209_143805,2804.0,1.0000027
4601,N12,DR_20221209_143805,2805.0,0.99903286
4602,N12,DR_20221209_143805,2806.0,0.99993896
4603,N12,DR_20221209_143805,2807.0,1.002107
4622,O04,DR_20221209_143805,2835.0,-0.0055963774
4623,O04,DR_20221209_143805,2836.0,0.16362865
4624,O04,DR_20221209_143805,2837.0,0.045929167
4625,O04,DR_20221209_143805,2838.0,0.44973302
4626,O04,DR_20221209_143805,2839.0,0.11171377
4627,O04,DR_20221209_143805,2840.0,0.31150496
4628,O04,DR_20221209_143805,2841.0,0.5721316
4629,O04,DR_20221209_143805,2842.0,0.27094394
4630,O04,DR_20221209_143805,2843.0,0.4398216
4631,O05,DR_20221209_143805,2844.0,0.7018604
4632,O05,DR_20221209_143805,2845.0,0.103944436
4633,O05,DR_20221209_143805,2846.0,0.063871704
4634,O05,DR_20221209_143805,2847.0,0.6869586
4635,O05,DR_20221209_143805,2848.0,0.3046983
4636,O05,DR_20221209_143805,2849.0,0.058317784
4637,O05,DR_20221209_143805,2850.0,0.13286336
4638,O05,DR_20221209_143805,2851.0,0.8758432
4639,O05,DR_20221209_143805,2852.0,0.62447107
4640,O06,DR_20221209_143805,2853.0,0.7223941
4641,O06,DR_20221209_143805,2854.0,-0.005775075
4642,O06,DR_20221209_143805,2855.0,0.3936627
4643,O06,DR_20221209_143805,2856.0,0.6556763
4644,O06,DR_20221209_143805,2857.0,0.095598854
4645,O06,DR_20221209_143805,2858.0,0.05771171
4646,O06,DR_20221209_143805,2859.0,0.5191224
4647,O06,DR_20221209_143805,2860.0,1.0095896
4648,O06,DR_20221209_143805,2861.0,0.46633694
4649,O07,DR_20221209_143805,2862.0,0.0023386846
4650,O07,DR_20221209_143805,2863.0,0.33840534
4651,O07,DR_20221209_143805,2864.0,1.0084444
4652,O07,DR_20221209_143805,2865.0,0.9247887
4653,O07,DR_20221209_143805,2866.0,0.014286496
4654,O07,DR_20221209_143805,2867.0,0.9063853
4655,O07,DR_20221209_143805,2868.0,0.48624948
4656,O07,DR_20221209_143805,2869.0,0.15724573
4657,O07,DR_20221209_143805,2870.0,1.0065783
4658,O08,DR_20221209_143805,2871.0,1.0005796
4659,O08,DR_20221209_143805,2872.0,1.0050281
4660,O08,DR_20221209_143805,2873.0,0.99957967
4661,O08,DR_20221209_143805,2874.0,1.000342
4662,O08,DR_20221209_143805,2875.0,0.999774
4663,O08,DR_20221209_143805,2876.0,1.0010582
4664,O08,DR_20221209_143805,2877.0,0.99684715
4665,O08,DR_20221209_143805,2878.0,1.0003299
4666,O08,DR_20221209_143805,2879.0,0.99924934
4667,O09,DR_20221209_143805,2880.0,1.0002557
4668,O09,DR_20221209_143805,2881.0,1.0003881
4669,O09,DR_20221209_143805,2882.0,1.0053511
4670,O09,DR_20221209_143805,2883.0,1.0010767
4671,O09,DR_20221209_143805,2884.0,1.0007417
4672,O09,DR_20221209_143805,2885.0,1.003615
4673,O09,DR_20221209_143805,2886.0,1.0038241
4674,O09,DR_20221209_143805,2887.0,0.9918415
4675,O09,DR_20221209_143805,2888.0,1.001488
4676,O12,DR_20221209_143805,2907.0,1.0007951
4677,O12,DR_20221209_143805,2908.0,1.006863
4678,O12,DR_20221209_143805,2909.0,0.999868
4679,O12,DR_20221209_143805,2910.0,0.9995711
4680,O12,DR_20221209_143805,2911.0,1.0004587
4681,O12,DR_20221209_143805,2912.0,1.0039743
4682,O12,DR_20221209_143805,2913.0,0.9996588
4683,O12,DR_20221209_143805,2914.0,1.0001678
4684,O12,DR_20221209_143805,2915.0,0.9997952
