,Image_Metadata_WellID,Image_Metadata_PlateID,ImageNumber,score
1941,A03,DR_20221209_143805,19.0,0.137843
1942,A03,DR_20221209_143805,20.0,0.20591249
1943,A03,DR_20221209_143805,21.0,0.13269821
1944,A03,DR_20221209_143805,22.0,0.12681635
1945,A03,DR_20221209_143805,23.0,0.13952108
1946,A03,DR_20221209_143805,24.0,-0.08407695
1947,A03,DR_20221209_143805,25.0,0.39643905
1948,A03,DR_20221209_143805,26.0,0.54824847
1949,A03,DR_20221209_143805,27.0,0.11701571
1950,A04,DR_20221209_143805,28.0,0.015321773
1951,A04,DR_20221209_143805,29.0,0.033387404
1952,A04,DR_20221209_143805,30.0,0.0991025
1953,A04,DR_20221209_143805,31.0,0.0050378162
1954,A04,DR_20221209_143805,32.0,0.08884941
1955,A04,DR_20221209_143805,33.0,0.04116331
1956,A04,DR_20221209_143805,34.0,0.02776031
1957,A04,DR_20221209_143805,35.0,-0.0060084006
1958,A04,DR_20221209_143805,36.0,-0.00057518855
1959,A05,DR_20221209_143805,37.0,-0.008899231
1960,A05,DR_20221209_143805,38.0,0.010214527
1961,A05,DR_20221209_143805,39.0,0.010757248
1962,A05,DR_20221209_143805,40.0,-0.015197881
1963,A05,DR_20221209_143805,41.0,0.01743219
1964,A05,DR_20221209_143805,42.0,-0.014842742
1965,A05,DR_20221209_143805,43.0,0.0042112935
1966,A05,DR_20221209_143805,44.0,-0.018475948
1967,A05,DR_20221209_143805,45.0,0.023786614
1968,A06,DR_20221209_143805,46.0,0.005092933
1969,A06,DR_20221209_143805,47.0,0.01298308
1970,A06,DR_20221209_143805,48.0,0.006428848
1971,A06,DR_20221209_143805,49.0,-0.026705809
1972,A06,DR_20221209_143805,50.0,-0.083186366
1973,A06,DR_20221209_143805,51.0,0.013631224
1974,A06,DR_20221209_143805,52.0,0.0587859
1975,A06,DR_20221209_143805,53.0,0.0069696032
1976,A06,DR_20221209_143805,54.0,0.01683008
1977,A07,DR_20221209_143805,55.0,0.013082122
1978,A07,DR_20221209_143805,56.0,0.01707794
1979,A07,DR_20221209_143805,57.0,0.028255234
1980,A07,DR_20221209_143805,58.0,-0.05608332
1981,A07,DR_20221209_143805,59.0,0.033537522
1982,A07,DR_20221209_143805,60.0,-0.0027014152
1983,A07,DR_20221209_143805,61.0,0.0068167485
1984,A07,DR_20221209_143805,62.0,0.0020412025
1985,A07,DR_20221209_143805,63.0,0.00696117
1986,A08,DR_20221209_143805,64.0,0.021775912
1987,A08,DR_20221209_143805,65.0,0.0030243357
1988,A08,DR_20221209_143805,66.0,-0.016354412
1989,A08,DR_20221209_143805,67.0,0.03097912
1990,A08,DR_20221209_143805,68.0,0.0020462945
1991,A08,DR_20221209_143805,69.0,-0.0038089787
1992,A08,DR_20221209_143805,70.0,0.061017245
1993,A08,DR_20221209_143805,71.0,-0.02830742
1994,A08,DR_20221209_143805,72.0,0.007270162
1995,A09,DR_20221209_143805,73.0,9.3324925e-06
1996,A09,DR_20221209_143805,74.0,-0.006151375
1997,A09,DR_20221209_143805,75.0,0.014187923
1998,A09,DR_20221209_143805,76.0,0.07341128
1999,A09,DR_20221209_143805,77.0,-0.0124409115
2000,A09,DR_20221209_143805,78.0,-0.030279236
2001,A09,DR_20221209_143805,79.0,0.0628468
2002,A09,DR_20221209_143805,80.0,0.010726122
2003,A09,DR_20221209_143805,81.0,0.016374474
2004,A10,DR_20221209_143805,82.0,-0.007320085
2005,A10,DR_20221209_143805,83.0,-0.0014095115
2006,A10,DR_20221209_143805,84.0,0.018553432
2007,A10,DR_20221209_143805,85.0,-9.606513e-05
2008,A10,DR_20221209_143805,86.0,-0.013003113
2009,A10,DR_20221209_143805,87.0,-0.0095200455
2010,A10,DR_20221209_143805,88.0,-0.015797755
2011,A10,DR_20221209_143805,89.0,0.016849875
2012,A10,DR_20221209_143805,90.0,0.00015440537
2013,A11,DR_20221209_143805,91.0,-0.0021061595
2014,A11,DR_20221209_143805,92.0,0.00050363416
2015,A11,DR_20221209_143805,93.0,0.0025393176
2016,A11,DR_20221209_143805,94.0,0.048644286
2017,A11,DR_20221209_143805,95.0,-0.004062414
2018,A11,DR_20221209_143805,96.0,-0.014321219
2019,A11,DR_20221209_143805,97.0,0.010705585
2020,A11,DR_20221209_143805,98.0,0.010839106
2021,A11,DR_20221209_143805,99.0,-0.0341158
2022,A12,DR_20221209_143805,100.0,0.011888174
2023,A12,DR_20221209_143805,101.0,-0.015216648
2024,A12,DR_20221209_143805,102.0,0.016270297
2025,A12,DR_20221209_143805,103.0,-0.03966702
2026,A12,DR_20221209_143805,104.0,0.011044037
2027,A12,DR_20221209_143805,105.0,0.0043391148
2028,A12,DR_20221209_143805,106.0,0.004220499
2029,A12,DR_20221209_143805,107.0,-0.034466222
2030,A12,DR_20221209_143805,108.0,0.030205779
2031,A13,DR_20221209_143805,109.0,-0.013674499
2032,A13,DR_20221209_143805,110.0,-0.009042854
2033,A13,DR_20221209_143805,111.0,0.06485607
2034,A13,DR_20221209_143805,112.0,0.03199497
2035,A13,DR_20221209_143805,113.0,-0.022684896
2036,A13,DR_20221209_143805,114.0,0.043344926
2037,A13,DR_20221209_143805,115.0,0.06311467
2038,A13,DR_20221209_143805,116.0,0.03974326
2039,A13,DR_20221209_143805,117.0,0.012470117
2040,A14,DR_20221209_143805,118.0,0.05056894
2041,A14,DR_20221209_143805,119.0,-0.021328732
2042,A14,DR_20221209_143805,120.0,0.026582994
2043,A14,DR_20221209_143805,121.0,-0.012002425
2044,A14,DR_20221209_143805,122.0,0.0124649545
2045,A14,DR_20221209_143805,123.0,-0.002269649
2046,A14,DR_20221209_143805,124.0,0.0937574
2047,A14,DR_20221209_143805,125.0,0.050915103
2048,A14,DR_20221209_143805,126.0,0.030785358
2049,A15,DR_20221209_143805,127.0,0.00057257124
2050,A15,DR_20221209_143805,128.0,-0.015101829
2051,A15,DR_20221209_143805,129.0,0.005370361
2052,A15,DR_20221209_143805,130.0,-0.045398396
2053,A15,DR_20221209_143805,131.0,0.019292861
2054,A15,DR_20221209_143805,132.0,-0.0072814603
2055,A15,DR_20221209_143805,133.0,0.05009583
2056,A15,DR_20221209_143805,134.0,0.01778925
2057,A15,DR_20221209_143805,135.0,0.006041877
2058,A16,DR_20221209_143805,136.0,-0.020135323
2059,A16,DR_20221209_143805,137.0,0.032010805
2060,A16,DR_20221209_143805,138.0,-0.022642555
2061,A16,DR_20221209_143805,139.0,0.050530944
2062,A16,DR_20221209_143805,140.0,0.005977923
2063,A16,DR_20221209_143805,141.0,-0.0025346037
2064,A16,DR_20221209_143805,142.0,0.026738623
2065,A16,DR_20221209_143805,143.0,0.047538985
2066,A16,DR_20221209_143805,144.0,0.027272169
2067,A17,DR_20221209_143805,145.0,0.0019132849
2068,A17,DR_20221209_143805,146.0,0.014602274
2069,A17,DR_20221209_143805,147.0,0.048336606
2070,A17,DR_20221209_143805,148.0,0.00492096
2071,A17,DR_20221209_143805,149.0,-0.0035227987
2072,A17,DR_20221209_143805,150.0,-0.02636134
2073,A17,DR_20221209_143805,151.0,0.0017684274
2074,A17,DR_20221209_143805,152.0,0.06000036
2075,A17,DR_20221209_143805,153.0,0.07005247
2076,A18,DR_20221209_143805,154.0,-0.0027118647
2077,A18,DR_20221209_143805,155.0,-0.052039914
2078,A18,DR_20221209_143805,156.0,0.020553082
2079,A18,DR_20221209_143805,157.0,-0.009022175
2080,A18,DR_20221209_143805,158.0,-0.008756859
2081,A18,DR_20221209_143805,159.0,-0.056091532
2082,A18,DR_20221209_143805,160.0,0.02954963
2083,A18,DR_20221209_143805,161.0,0.1047137
2084,A18,DR_20221209_143805,162.0,0.004563604
2085,A19,DR_20221209_143805,163.0,-0.014268783
2086,A19,DR_20221209_143805,164.0,0.005432518
2087,A19,DR_20221209_143805,165.0,0.0007528547
2088,A19,DR_20221209_143805,166.0,0.049039315
2089,A19,DR_20221209_143805,167.0,-0.0024744614
2090,A19,DR_20221209_143805,168.0,0.017058143
2091,A19,DR_20221209_143805,169.0,0.13610312
2092,A19,DR_20221209_143805,170.0,-0.029261515
2093,A19,DR_20221209_143805,171.0,0.003028272
2094,A20,DR_20221209_143805,172.0,-0.009686976
2095,A20,DR_20221209_143805,173.0,-0.0028368118
2096,A20,DR_20221209_143805,174.0,-0.016343007
2097,A20,DR_20221209_143805,175.0,0.02519478
2098,A20,DR_20221209_143805,176.0,-0.013946448
2099,A20,DR_20221209_143805,177.0,-0.012939858
2100,A20,DR_20221209_143805,178.0,0.117162496
2101,A20,DR_20221209_143805,179.0,-0.014994071
2102,A20,DR_20221209_143805,180.0,0.0038654602
2103,A21,DR_20221209_143805,181.0,-0.0082583325
2104,A21,DR_20221209_143805,182.0,-0.008610417
2105,A21,DR_20221209_143805,183.0,0.048321083
2106,A21,DR_20221209_143805,184.0,-0.03052027
2107,A21,DR_20221209_143805,185.0,-0.02768697
2108,A21,DR_20221209_143805,186.0,-0.01147537
2109,A21,DR_20221209_143805,187.0,0.024857735
2110,A21,DR_20221209_143805,188.0,0.018514654
2111,A21,DR_20221209_143805,189.0,0.014773129
2112,A22,DR_20221209_143805,190.0,0.053094868
2113,A22,DR_20221209_143805,191.0,0.017927634
2114,A22,DR_20221209_143805,192.0,0.029011523
2115,A22,DR_20221209_143805,193.0,0.023278913
2116,A22,DR_20221209_143805,194.0,0.020960217
2117,A22,DR_20221209_143805,195.0,-0.011592969
2118,A22,DR_20221209_143805,196.0,0.0853055
2119,A22,DR_20221209_143805,197.0,-0.0053494917
2120,A22,DR_20221209_143805,198.0,0.029376224
2157,B03,DR_20221209_143805,235.0,-0.0988217
2158,B03,DR_20221209_143805,236.0,-0.051153645
2159,B03,DR_20221209_143805,237.0,0.1128104
2160,B03,DR_20221209_143805,238.0,-0.018026633
2161,B03,DR_20221209_143805,239.0,0.30879122
2162,B03,DR_20221209_143805,240.0,0.03616894
2163,B03,DR_20221209_143805,241.0,-0.030059474
2164,B03,DR_20221209_143805,242.0,0.6851074
2165,B03,DR_20221209_143805,243.0,0.13373114
2166,B04,DR_20221209_143805,244.0,0.10903967
2167,B04,DR_20221209_143805,245.0,0.6338281
2168,B04,DR_20221209_143805,246.0,-0.040109407
2169,B04,DR_20221209_143805,247.0,0.49478385
2170,B04,DR_20221209_143805,248.0,0.062935784
2171,B04,DR_20221209_143805,249.0,0.21268615
2172,B04,DR_20221209_143805,250.0,0.32058644
2173,B04,DR_20221209_143805,251.0,-0.16342624
2174,B04,DR_20221209_143805,252.0,0.07187734
2175,B05,DR_20221209_143805,253.0,0.0045629395
2176,B05,DR_20221209_143805,254.0,0.027497888
2177,B05,DR_20221209_143805,255.0,0.00946985
2178,B05,DR_20221209_143805,256.0,0.013479859
2179,B05,DR_20221209_143805,257.0,-0.008419261
2180,B05,DR_20221209_143805,258.0,0.004144326
2181,B05,DR_20221209_143805,259.0,-0.021201296
2182,B05,DR_20221209_143805,260.0,0.00729199
2183,B05,DR_20221209_143805,261.0,0.014147151
2184,B06,DR_20221209_143805,262.0,-0.005029886
2185,B06,DR_20221209_143805,263.0,-0.01109803
2186,B06,DR_20221209_143805,264.0,-0.011185767
2187,B06,DR_20221209_143805,265.0,-0.0061672656
2188,B06,DR_20221209_143805,266.0,-0.008390348
2189,B06,DR_20221209_143805,267.0,-0.0053212745
2190,B06,DR_20221209_143805,268.0,-0.0053553847
2191,B06,DR_20221209_143805,269.0,-0.012568311
2192,B06,DR_20221209_143805,270.0,-0.003156735
2193,B07,DR_20221209_143805,271.0,-0.002550823
2194,B07,DR_20221209_143805,272.0,0.005608695
2195,B07,DR_20221209_143805,273.0,0.0027338676
2196,B07,DR_20221209_143805,274.0,-0.03471552
2197,B07,DR_20221209_143805,275.0,-0.0019556584
2198,B07,DR_20221209_143805,276.0,-0.009166322
2199,B07,DR_20221209_143805,277.0,0.048308965
2200,B07,DR_20221209_143805,278.0,-0.010295399
2201,B07,DR_20221209_143805,279.0,0.016364353
2202,B08,DR_20221209_143805,280.0,-0.002380769
2203,B08,DR_20221209_143805,281.0,0.004197034
2204,B08,DR_20221209_143805,282.0,0.005885498
2205,B08,DR_20221209_143805,283.0,0.025210941
2206,B08,DR_20221209_143805,284.0,-0.0009954621
2207,B08,DR_20221209_143805,285.0,0.011712203
2208,B08,DR_20221209_143805,286.0,0.014627907
2209,B08,DR_20221209_143805,287.0,-0.0018422097
2210,B08,DR_20221209_143805,288.0,0.009794254
2211,B09,DR_20221209_143805,289.0,-0.008991604
2212,B09,DR_20221209_143805,290.0,0.013652598
2213,B09,DR_20221209_143805,291.0,0.006474949
2214,B09,DR_20221209_143805,292.0,0.0031842322
2215,B09,DR_20221209_143805,293.0,-0.018381853
2216,B09,DR_20221209_143805,294.0,-0.027722673
2217,B09,DR_20221209_143805,295.0,-0.006589973
2218,B09,DR_20221209_143805,296.0,-0.0062275743
2219,B09,DR_20221209_143805,297.0,-0.018467324
2220,B10,DR_20221209_143805,298.0,-0.0015302282
2221,B10,DR_20221209_143805,299.0,0.015997473
2222,B10,DR_20221209_143805,300.0,-0.017076831
2223,B10,DR_20221209_143805,301.0,-0.0057903733
2224,B10,DR_20221209_143805,302.0,-0.010591617
2225,B10,DR_20221209_143805,303.0,0.021507427
2226,B10,DR_20221209_143805,304.0,0.0030660622
2227,B10,DR_20221209_143805,305.0,-0.033677813
2228,B10,DR_20221209_143805,306.0,0.015834218
2229,B11,DR_20221209_143805,307.0,0.01868053
2230,B11,DR_20221209_143805,308.0,0.009234841
2231,B11,DR_20221209_143805,309.0,0.015551783
2232,B11,DR_20221209_143805,310.0,-0.034363467
2233,B11,DR_20221209_143805,311.0,0.015255781
2234,B11,DR_20221209_143805,312.0,0.0034137175
2235,B11,DR_20221209_143805,313.0,0.016060123
2236,B11,DR_20221209_143805,314.0,0.0045797545
2237,B11,DR_20221209_143805,315.0,0.010877557
2238,B12,DR_20221209_143805,316.0,-0.013018778
2239,B12,DR_20221209_143805,317.0,-0.012561671
2240,B12,DR_20221209_143805,318.0,0.069245495
2241,B12,DR_20221209_143805,319.0,0.0066468725
2242,B12,DR_20221209_143805,320.0,0.011032278
2243,B12,DR_20221209_143805,321.0,-0.007638626
2244,B12,DR_20221209_143805,322.0,-0.013984246
2245,B12,DR_20221209_143805,323.0,-0.04916021
2246,B12,DR_20221209_143805,324.0,0.030342188
2247,B13,DR_20221209_143805,325.0,0.016789297
2248,B13,DR_20221209_143805,326.0,-0.0049821297
2249,B13,DR_20221209_143805,327.0,0.0031130228
2250,B13,DR_20221209_143805,328.0,0.008763735
2251,B13,DR_20221209_143805,329.0,0.017892936
2252,B13,DR_20221209_143805,330.0,-0.043262783
2253,B13,DR_20221209_143805,331.0,-0.010737169
2254,B13,DR_20221209_143805,332.0,-0.01692686
2255,B13,DR_20221209_143805,333.0,-0.016925521
2256,B14,DR_20221209_143805,334.0,-0.050389074
2257,B14,DR_20221209_143805,335.0,-0.02858088
2258,B14,DR_20221209_143805,336.0,0.01855746
2259,B14,DR_20221209_143805,337.0,0.040770516
2260,B14,DR_20221209_143805,338.0,0.004952048
2261,B14,DR_20221209_143805,339.0,0.11691456
2262,B14,DR_20221209_143805,340.0,-0.005241316
2263,B14,DR_20221209_143805,341.0,-0.010793862
2264,B14,DR_20221209_143805,342.0,0.0085554905
2265,B15,DR_20221209_143805,343.0,0.02943286
2266,B15,DR_20221209_143805,344.0,-0.009419748
2267,B15,DR_20221209_143805,345.0,0.0023504905
2268,B15,DR_20221209_143805,346.0,0.009061217
2269,B15,DR_20221209_143805,347.0,-0.009910097
2270,B15,DR_20221209_143805,348.0,0.006599959
2271,B15,DR_20221209_143805,349.0,-0.045072164
2272,B15,DR_20221209_143805,350.0,-0.0054314095
2273,B15,DR_20221209_143805,351.0,0.0046998123
2274,B16,DR_20221209_143805,352.0,-0.00025556484
2275,B16,DR_20221209_143805,353.0,0.016587408
2276,B16,DR_20221209_143805,354.0,0.0019063783
2277,B16,DR_20221209_143805,355.0,-0.008311122
2278,B16,DR_20221209_143805,356.0,0.033018418
2279,B16,DR_20221209_143805,357.0,0.039949294
2280,B16,DR_20221209_143805,358.0,-0.0023329454
2281,B16,DR_20221209_143805,359.0,-0.03663389
2282,B16,DR_20221209_143805,360.0,0.00035735746
2283,B17,DR_20221209_143805,361.0,-0.007359876
2284,B17,DR_20221209_143805,362.0,0.120491125
2285,B17,DR_20221209_143805,363.0,0.11403335
2286,B17,DR_20221209_143805,364.0,0.0036976617
2287,B17,DR_20221209_143805,365.0,-0.04261765
2288,B17,DR_20221209_143805,366.0,0.0046000816
2289,B17,DR_20221209_143805,367.0,0.06366333
2290,B17,DR_20221209_143805,368.0,-0.0074943416
2291,B17,DR_20221209_143805,369.0,0.07270542
2292,B18,DR_20221209_143805,370.0,0.01825687
2293,B18,DR_20221209_143805,371.0,0.012175276
2294,B18,DR_20221209_143805,372.0,0.025410563
2295,B18,DR_20221209_143805,373.0,-0.00518328
2296,B18,DR_20221209_143805,374.0,-0.00886566
2297,B18,DR_20221209_143805,375.0,-0.0034677247
2298,B18,DR_20221209_143805,376.0,-0.001447857
2299,B18,DR_20221209_143805,377.0,0.0142670395
2300,B18,DR_20221209_143805,378.0,0.009093885
2301,B19,DR_20221209_143805,379.0,-0.012627382
2302,B19,DR_20221209_143805,380.0,-0.0074811466
2303,B19,DR_20221209_143805,381.0,0.029366609
2304,B19,DR_20221209_143805,382.0,-0.012518802
2305,B19,DR_20221209_143805,383.0,-0.024370283
2306,B19,DR_20221209_143805,384.0,-0.069905415
2307,B19,DR_20221209_143805,385.0,0.023073858
2308,B19,DR_20221209_143805,386.0,-0.018195618
2309,B19,DR_20221209_143805,387.0,0.018131677
2310,B20,DR_20221209_143805,388.0,-0.0075010797
2311,B20,DR_20221209_143805,389.0,0.011993907
2312,B20,DR_20221209_143805,390.0,0.01602887
2313,B20,DR_20221209_143805,391.0,-0.0041465606
2314,B20,DR_20221209_143805,392.0,-0.0010961003
2315,B20,DR_20221209_143805,393.0,0.007780615
2316,B20,DR_20221209_143805,394.0,0.012266956
2317,B20,DR_20221209_143805,395.0,0.07811523
2318,B20,DR_20221209_143805,396.0,-0.04079254
2319,B21,DR_20221209_143805,397.0,-0.005674112
2320,B21,DR_20221209_143805,398.0,-0.0020487844
2321,B21,DR_20221209_143805,399.0,0.018750653
2322,B21,DR_20221209_143805,400.0,0.07277174
2323,B21,DR_20221209_143805,401.0,0.0010448139
2324,B21,DR_20221209_143805,402.0,0.0037040736
2325,B21,DR_20221209_143805,403.0,0.024438988
2326,B21,DR_20221209_143805,404.0,-0.009969688
2327,B21,DR_20221209_143805,405.0,0.007568268
2328,B22,DR_20221209_143805,406.0,0.009978164
2329,B22,DR_20221209_143805,407.0,0.011969422
2330,B22,DR_20221209_143805,408.0,0.0055974955
2331,B22,DR_20221209_143805,409.0,0.0068717385
2332,B22,DR_20221209_143805,410.0,0.019037377
2333,B22,DR_20221209_143805,411.0,0.014862322
2334,B22,DR_20221209_143805,412.0,0.16560216
2335,B22,DR_20221209_143805,413.0,-0.008467115
2336,B22,DR_20221209_143805,414.0,-0.003682355
2373,C03,DR_20221209_143805,451.0,-0.07661786
2374,C03,DR_20221209_143805,452.0,0.0016780808
2375,C03,DR_20221209_143805,453.0,0.02432013
2376,C03,DR_20221209_143805,454.0,0.018933514
2377,C03,DR_20221209_143805,455.0,0.11904572
2378,C03,DR_20221209_143805,456.0,0.2722063
2379,C03,DR_20221209_143805,457.0,-0.021890135
2380,C03,DR_20221209_143805,458.0,0.0021402864
2381,C03,DR_20221209_143805,459.0,0.04645955
2382,C04,DR_20221209_143805,460.0,-0.035102524
2383,C04,DR_20221209_143805,461.0,0.094125025
2384,C04,DR_20221209_143805,462.0,0.28556445
2385,C04,DR_20221209_143805,463.0,0.6467081
2386,C04,DR_20221209_143805,464.0,0.45548728
2387,C04,DR_20221209_143805,465.0,0.20241037
2388,C04,DR_20221209_143805,466.0,-0.045339797
2389,C04,DR_20221209_143805,467.0,0.091234595
2390,C04,DR_20221209_143805,468.0,0.8424372
2391,C05,DR_20221209_143805,469.0,0.50182503
2392,C05,DR_20221209_143805,470.0,0.55982494
2393,C05,DR_20221209_143805,471.0,0.72182584
2394,C05,DR_20221209_143805,472.0,0.4474778
2395,C05,DR_20221209_143805,473.0,0.763892
2396,C05,DR_20221209_143805,474.0,0.4684013
2397,C05,DR_20221209_143805,475.0,0.54949456
2398,C05,DR_20221209_143805,476.0,1.0681154
2399,C05,DR_20221209_143805,477.0,0.21994917
2400,C06,DR_20221209_143805,478.0,-0.0034710555
2401,C06,DR_20221209_143805,479.0,-0.0026355516
2402,C06,DR_20221209_143805,480.0,-0.011118831
2403,C06,DR_20221209_143805,481.0,-0.010778145
2404,C06,DR_20221209_143805,482.0,0.007065447
2405,C06,DR_20221209_143805,483.0,-0.0032636607
2406,C06,DR_20221209_143805,484.0,-0.019208258
2407,C06,DR_20221209_143805,485.0,0.009231708
2408,C06,DR_20221209_143805,486.0,0.016521804
2409,C07,DR_20221209_143805,487.0,0.010992719
2410,C07,DR_20221209_143805,488.0,-0.02814387
2411,C07,DR_20221209_143805,489.0,0.0063522905
2412,C07,DR_20221209_143805,490.0,0.013320455
2413,C07,DR_20221209_143805,491.0,-0.0048219496
2414,C07,DR_20221209_143805,492.0,0.0011202549
2415,C07,DR_20221209_143805,493.0,0.0105218375
2416,C07,DR_20221209_143805,494.0,0.0034353577
2417,C07,DR_20221209_143805,495.0,0.007134408
2418,C08,DR_20221209_143805,496.0,-0.026392156
2419,C08,DR_20221209_143805,497.0,-0.006033327
2420,C08,DR_20221209_143805,498.0,-0.0077621085
2421,C08,DR_20221209_143805,499.0,0.008656094
2422,C08,DR_20221209_143805,500.0,-0.03538843
2423,C08,DR_20221209_143805,501.0,-0.0048619625
2424,C08,DR_20221209_143805,502.0,-0.004184668
2425,C08,DR_20221209_143805,503.0,0.009252391
2426,C08,DR_20221209_143805,504.0,0.019316442
2427,C09,DR_20221209_143805,505.0,0.009646064
2428,C09,DR_20221209_143805,506.0,0.006545243
2429,C09,DR_20221209_143805,507.0,0.0054999967
2430,C09,DR_20221209_143805,508.0,0.022065006
2431,C09,DR_20221209_143805,509.0,0.0026335353
2432,C09,DR_20221209_143805,510.0,-0.024132894
2433,C09,DR_20221209_143805,511.0,-0.0061795027
2434,C09,DR_20221209_143805,512.0,-0.0029469377
2435,C09,DR_20221209_143805,513.0,-0.026015496
2436,C10,DR_20221209_143805,514.0,0.006310276
2437,C10,DR_20221209_143805,515.0,-0.007058425
2438,C10,DR_20221209_143805,516.0,0.0038907768
2439,C10,DR_20221209_143805,517.0,-0.03093858
2440,C10,DR_20221209_143805,518.0,0.021190973
2441,C10,DR_20221209_143805,519.0,0.0025272495
2442,C10,DR_20221209_143805,520.0,0.014034051
2443,C10,DR_20221209_143805,521.0,-0.008554358
2444,C10,DR_20221209_143805,522.0,0.0070075244
2445,C11,DR_20221209_143805,523.0,0.0030433184
2446,C11,DR_20221209_143805,524.0,0.003134306
2447,C11,DR_20221209_143805,525.0,0.008373092
2448,C11,DR_20221209_143805,526.0,0.016571067
2449,C11,DR_20221209_143805,527.0,-0.012952995
2450,C11,DR_20221209_143805,528.0,0.0038149294
2451,C11,DR_20221209_143805,529.0,0.086008616
2452,C11,DR_20221209_143805,530.0,0.014511169
2453,C11,DR_20221209_143805,531.0,-0.010248803
2454,C12,DR_20221209_143805,532.0,0.026835753
2455,C12,DR_20221209_143805,533.0,0.012770193
2456,C12,DR_20221209_143805,534.0,0.013482237
2457,C12,DR_20221209_143805,535.0,-0.024215804
2458,C12,DR_20221209_143805,536.0,-0.0025043897
2459,C12,DR_20221209_143805,537.0,0.010141509
2460,C12,DR_20221209_143805,538.0,0.014302205
2461,C12,DR_20221209_143805,539.0,0.000677726
2462,C12,DR_20221209_143805,540.0,-0.014539889
2463,C13,DR_20221209_143805,541.0,0.009117288
2464,C13,DR_20221209_143805,542.0,-0.020053811
2465,C13,DR_20221209_143805,543.0,0.05189482
2466,C13,DR_20221209_143805,544.0,0.03460828
2467,C13,DR_20221209_143805,545.0,-0.039363332
2468,C13,DR_20221209_143805,546.0,-0.0037887318
2469,C13,DR_20221209_143805,547.0,0.006170561
2470,C13,DR_20221209_143805,548.0,0.032748997
2471,C13,DR_20221209_143805,549.0,-0.004955668
2472,C14,DR_20221209_143805,550.0,0.009722051
2473,C14,DR_20221209_143805,551.0,-0.001534191
2474,C14,DR_20221209_143805,552.0,0.008149296
2475,C14,DR_20221209_143805,553.0,0.016401779
2476,C14,DR_20221209_143805,554.0,0.0017000047
2477,C14,DR_20221209_143805,555.0,0.021986056
2478,C14,DR_20221209_143805,556.0,0.006230178
2479,C14,DR_20221209_143805,557.0,0.022299606
2480,C14,DR_20221209_143805,558.0,0.009998829
2481,C15,DR_20221209_143805,559.0,0.0162246
2482,C15,DR_20221209_143805,560.0,-0.0018135338
2483,C15,DR_20221209_143805,561.0,0.022327326
2484,C15,DR_20221209_143805,562.0,0.10160619
2485,C15,DR_20221209_143805,563.0,0.014650551
2486,C15,DR_20221209_143805,564.0,0.022111282
2487,C15,DR_20221209_143805,565.0,0.005207366
2488,C15,DR_20221209_143805,566.0,0.0031621698
2489,C15,DR_20221209_143805,567.0,-0.004066305
2490,C16,DR_20221209_143805,568.0,0.02865469
2491,C16,DR_20221209_143805,569.0,-0.0024668276
2492,C16,DR_20221209_143805,570.0,0.08304622
2493,C16,DR_20221209_143805,571.0,-0.0072076274
2494,C16,DR_20221209_143805,572.0,-0.018615555
2495,C16,DR_20221209_143805,573.0,3.6186611e-06
2496,C16,DR_20221209_143805,574.0,-0.018231075
2497,C16,DR_20221209_143805,575.0,0.022525696
2498,C16,DR_20221209_143805,576.0,0.03613599
2499,C17,DR_20221209_143805,577.0,0.006277547
2500,C17,DR_20221209_143805,578.0,0.009564134
2501,C17,DR_20221209_143805,579.0,0.011434605
2502,C17,DR_20221209_143805,580.0,-0.0056689675
2503,C17,DR_20221209_143805,581.0,0.005544529
2504,C17,DR_20221209_143805,582.0,-0.0023431715
2505,C17,DR_20221209_143805,583.0,0.023289168
2506,C17,DR_20221209_143805,584.0,-0.005595227
2507,C17,DR_20221209_143805,585.0,0.030938018
2508,C18,DR_20221209_143805,586.0,-0.0012192635
2509,C18,DR_20221209_143805,587.0,0.008620795
2510,C18,DR_20221209_143805,588.0,0.08597147
2511,C18,DR_20221209_143805,589.0,0.12211535
2512,C18,DR_20221209_143805,590.0,0.005472615
2513,C18,DR_20221209_143805,591.0,0.0114578465
2514,C18,DR_20221209_143805,592.0,0.0031453609
2515,C18,DR_20221209_143805,593.0,0.017963842
2516,C18,DR_20221209_143805,594.0,-0.007345807
2517,C19,DR_20221209_143805,595.0,-0.0066665704
2518,C19,DR_20221209_143805,596.0,-0.01754256
2519,C19,DR_20221209_143805,597.0,0.004016348
2520,C19,DR_20221209_143805,598.0,0.037427798
2521,C19,DR_20221209_143805,599.0,-0.027653798
2522,C19,DR_20221209_143805,600.0,-0.0068598907
2523,C19,DR_20221209_143805,601.0,0.0066789025
2524,C19,DR_20221209_143805,602.0,-0.022233468
2525,C19,DR_20221209_143805,603.0,-0.04578029
2526,C20,DR_20221209_143805,604.0,-0.00578679
2527,C20,DR_20221209_143805,605.0,0.01728776
2528,C20,DR_20221209_143805,606.0,0.022051001
2529,C20,DR_20221209_143805,607.0,-0.004701103
2530,C20,DR_20221209_143805,608.0,-0.009305329
2531,C20,DR_20221209_143805,609.0,0.029544076
2532,C20,DR_20221209_143805,610.0,0.0072245756
2533,C20,DR_20221209_143805,611.0,0.008731934
2534,C20,DR_20221209_143805,612.0,0.004046652
2535,C21,DR_20221209_143805,613.0,0.016202524
2536,C21,DR_20221209_143805,614.0,-0.008041432
2537,C21,DR_20221209_143805,615.0,0.0044221287
2538,C21,DR_20221209_143805,616.0,-0.0012182707
2539,C21,DR_20221209_143805,617.0,0.0034120937
2540,C21,DR_20221209_143805,618.0,-0.008244773
2541,C21,DR_20221209_143805,619.0,0.242915
2542,C21,DR_20221209_143805,620.0,0.00876461
2543,C21,DR_20221209_143805,621.0,0.016511833
2544,C22,DR_20221209_143805,622.0,0.015326871
2545,C22,DR_20221209_143805,623.0,0.027101476
2546,C22,DR_20221209_143805,624.0,-0.018714024
2547,C22,DR_20221209_143805,625.0,0.03496596
2548,C22,DR_20221209_143805,626.0,-0.010061986
2549,C22,DR_20221209_143805,627.0,0.03922692
2550,C22,DR_20221209_143805,628.0,-0.006436224
2551,C22,DR_20221209_143805,629.0,-0.0021418738
2552,C22,DR_20221209_143805,630.0,-0.017525742
2589,D03,DR_20221209_143805,667.0,-0.0875892
2590,D03,DR_20221209_143805,668.0,0.41776967
2591,D03,DR_20221209_143805,669.0,0.46212545
2592,D03,DR_20221209_143805,670.0,0.7076468
2593,D03,DR_20221209_143805,671.0,0.79145265
2594,D03,DR_20221209_143805,672.0,0.39960137
2595,D03,DR_20221209_143805,673.0,0.29648134
2596,D03,DR_20221209_143805,674.0,0.622368
2597,D03,DR_20221209_143805,675.0,0.65304005
2598,D04,DR_20221209_143805,676.0,-0.0023948061
2599,D04,DR_20221209_143805,677.0,-0.0730449
2600,D04,DR_20221209_143805,678.0,-0.028144922
2601,D04,DR_20221209_143805,679.0,0.050277553
2602,D04,DR_20221209_143805,680.0,0.11740813
2603,D04,DR_20221209_143805,681.0,-0.037343338
2604,D04,DR_20221209_143805,682.0,0.60891235
2605,D04,DR_20221209_143805,683.0,0.7015302
2606,D04,DR_20221209_143805,684.0,-0.04103654
2607,D05,DR_20221209_143805,685.0,0.26580292
2608,D05,DR_20221209_143805,686.0,-0.049091052
2609,D05,DR_20221209_143805,687.0,-0.050301448
2610,D05,DR_20221209_143805,688.0,0.25776407
2611,D05,DR_20221209_143805,689.0,0.058523417
2612,D05,DR_20221209_143805,690.0,0.45905653
2613,D05,DR_20221209_143805,691.0,0.18117698
2614,D05,DR_20221209_143805,692.0,0.0068712924
2615,D05,DR_20221209_143805,693.0,-0.038531102
2616,D06,DR_20221209_143805,694.0,-0.12987284
2617,D06,DR_20221209_143805,695.0,0.15158366
2618,D06,DR_20221209_143805,696.0,0.058380935
2619,D06,DR_20221209_143805,697.0,0.25074783
2620,D06,DR_20221209_143805,698.0,0.6993661
2621,D06,DR_20221209_143805,699.0,0.3109098
2622,D06,DR_20221209_143805,700.0,0.22937982
2623,D06,DR_20221209_143805,701.0,0.82328343
2624,D06,DR_20221209_143805,702.0,0.73627836
2625,D07,DR_20221209_143805,703.0,0.4898476
2626,D07,DR_20221209_143805,704.0,0.56131154
2627,D07,DR_20221209_143805,705.0,0.1632281
2628,D07,DR_20221209_143805,706.0,0.77095294
2629,D07,DR_20221209_143805,707.0,0.3513424
2630,D07,DR_20221209_143805,708.0,0.7260642
2631,D07,DR_20221209_143805,709.0,0.9762154
2632,D07,DR_20221209_143805,710.0,0.56878424
2633,D07,DR_20221209_143805,711.0,0.31733415
2634,D09,DR_20221209_143805,721.0,-0.0024481905
2635,D09,DR_20221209_143805,722.0,0.004773627
2636,D09,DR_20221209_143805,723.0,0.01894379
2637,D09,DR_20221209_143805,724.0,-0.045349598
2638,D09,DR_20221209_143805,725.0,-0.025344258
2639,D09,DR_20221209_143805,726.0,-0.0074653635
2640,D09,DR_20221209_143805,727.0,-0.00840959
2641,D09,DR_20221209_143805,728.0,-0.0087289745
2642,D09,DR_20221209_143805,729.0,-0.027056327
2643,D10,DR_20221209_143805,730.0,0.0008142625
2644,D10,DR_20221209_143805,731.0,0.008603553
2645,D10,DR_20221209_143805,732.0,0.1047033
2646,D10,DR_20221209_143805,733.0,-0.036230613
2647,D10,DR_20221209_143805,734.0,0.0054511493
2648,D10,DR_20221209_143805,735.0,0.0058799777
2649,D10,DR_20221209_143805,736.0,0.20245942
2650,D10,DR_20221209_143805,737.0,0.014070689
2651,D10,DR_20221209_143805,738.0,-0.0039264397
2652,D11,DR_20221209_143805,739.0,0.0022439505
2653,D11,DR_20221209_143805,740.0,0.10744104
2654,D11,DR_20221209_143805,741.0,0.0018359157
2655,D11,DR_20221209_143805,742.0,0.04979845
2656,D11,DR_20221209_143805,743.0,0.023789542
2657,D11,DR_20221209_143805,744.0,-0.009142438
2658,D11,DR_20221209_143805,745.0,0.0042248885
2659,D11,DR_20221209_143805,746.0,0.05331542
2660,D11,DR_20221209_143805,747.0,-0.001881455
2661,D12,DR_20221209_143805,748.0,-0.01600958
2662,D12,DR_20221209_143805,749.0,0.0071532177
2663,D12,DR_20221209_143805,750.0,0.012349549
2664,D12,DR_20221209_143805,751.0,0.03526419
2665,D12,DR_20221209_143805,752.0,0.007533951
2666,D12,DR_20221209_143805,753.0,-0.03571923
2667,D12,DR_20221209_143805,754.0,0.014585169
2668,D12,DR_20221209_143805,755.0,0.00944985
2669,D12,DR_20221209_143805,756.0,0.015413599
2670,D13,DR_20221209_143805,757.0,-0.014775614
2671,D13,DR_20221209_143805,758.0,0.00016947591
2672,D13,DR_20221209_143805,759.0,0.01262429
2673,D13,DR_20221209_143805,760.0,0.014632456
2674,D13,DR_20221209_143805,761.0,-0.008570943
2675,D13,DR_20221209_143805,762.0,-0.004261609
2676,D13,DR_20221209_143805,763.0,-0.036498528
2677,D13,DR_20221209_143805,764.0,-0.008555149
2678,D13,DR_20221209_143805,765.0,0.023470953
2679,D14,DR_20221209_143805,766.0,-0.02199615
2680,D14,DR_20221209_143805,767.0,-0.049978442
2681,D14,DR_20221209_143805,768.0,-0.0112352455
2682,D14,DR_20221209_143805,769.0,-0.009669154
2683,D14,DR_20221209_143805,770.0,0.15867464
2684,D14,DR_20221209_143805,771.0,-0.010097941
2685,D14,DR_20221209_143805,772.0,0.009666824
2686,D14,DR_20221209_143805,773.0,-0.063109286
2687,D14,DR_20221209_143805,774.0,0.059195556
2688,D15,DR_20221209_143805,775.0,-0.010346423
2689,D15,DR_20221209_143805,776.0,-0.019855222
2690,D15,DR_20221209_143805,777.0,0.035676096
2691,D15,DR_20221209_143805,778.0,-0.00093324995
2692,D15,DR_20221209_143805,779.0,-0.017829001
2693,D15,DR_20221209_143805,780.0,-0.024693908
2694,D15,DR_20221209_143805,781.0,0.0030604585
2695,D15,DR_20221209_143805,782.0,-0.017750643
2696,D15,DR_20221209_143805,783.0,0.012096322
2697,D16,DR_20221209_143805,784.0,0.024459152
2698,D16,DR_20221209_143805,785.0,0.0034884533
2699,D16,DR_20221209_143805,786.0,0.109755546
2700,D16,DR_20221209_143805,787.0,-0.0036946519
2701,D16,DR_20221209_143805,788.0,-0.009230836
2702,D16,DR_20221209_143805,789.0,-0.0007782271
2703,D16,DR_20221209_143805,790.0,0.06069108
2704,D16,DR_20221209_143805,791.0,0.00033576638
2705,D16,DR_20221209_143805,792.0,0.043294284
2706,D17,DR_20221209_143805,793.0,0.0059283352
2707,D17,DR_20221209_143805,794.0,0.0096303085
2708,D17,DR_20221209_143805,795.0,0.0077717714
2709,D17,DR_20221209_143805,796.0,-0.0032039331
2710,D17,DR_20221209_143805,797.0,-0.0015022699
2711,D17,DR_20221209_143805,798.0,-0.005275999
2712,D17,DR_20221209_143805,799.0,0.032620147
2713,D17,DR_20221209_143805,800.0,-0.0049195904
2714,D17,DR_20221209_143805,801.0,0.007968802
2715,D18,DR_20221209_143805,802.0,0.004951257
2716,D18,DR_20221209_143805,803.0,0.0070170024
2717,D18,DR_20221209_143805,804.0,0.01068829
2718,D18,DR_20221209_143805,805.0,0.006026465
2719,D18,DR_20221209_143805,806.0,-0.01215803
2720,D18,DR_20221209_143805,807.0,-0.006147728
2721,D18,DR_20221209_143805,808.0,0.14936677
2722,D18,DR_20221209_143805,809.0,-0.005286118
2723,D18,DR_20221209_143805,810.0,0.010277138
2724,D19,DR_20221209_143805,811.0,-0.021315154
2725,D19,DR_20221209_143805,812.0,-0.002978104
2726,D19,DR_20221209_143805,813.0,0.078610405
2727,D19,DR_20221209_143805,814.0,-0.03376529
2728,D19,DR_20221209_143805,815.0,-0.018319122
2729,D19,DR_20221209_143805,816.0,0.018553624
2730,D19,DR_20221209_143805,817.0,0.06268438
2731,D19,DR_20221209_143805,818.0,0.009580772
2732,D19,DR_20221209_143805,819.0,-0.001273595
2733,D20,DR_20221209_143805,820.0,0.00720561
2734,D20,DR_20221209_143805,821.0,-0.0042178594
2735,D20,DR_20221209_143805,822.0,0.00016282243
2736,D20,DR_20221209_143805,823.0,0.045218147
2737,D20,DR_20221209_143805,824.0,-0.008253458
2738,D20,DR_20221209_143805,825.0,0.0051035867
2739,D20,DR_20221209_143805,826.0,0.0037379954
2740,D20,DR_20221209_143805,827.0,-0.012565103
2741,D20,DR_20221209_143805,828.0,0.00015785272
2742,D21,DR_20221209_143805,829.0,-0.036384653
2743,D21,DR_20221209_143805,830.0,0.07366426
2744,D21,DR_20221209_143805,831.0,-0.0097317565
2745,D21,DR_20221209_143805,832.0,0.07216745
2746,D21,DR_20221209_143805,833.0,0.053767342
2747,D21,DR_20221209_143805,834.0,0.018564919
2748,D21,DR_20221209_143805,835.0,0.08061722
2749,D21,DR_20221209_143805,836.0,-0.01308833
2750,D21,DR_20221209_143805,837.0,0.004449049
2751,D22,DR_20221209_143805,838.0,-0.0038325808
2752,D22,DR_20221209_143805,839.0,0.0389958
2753,D22,DR_20221209_143805,840.0,0.0355346
2754,D22,DR_20221209_143805,841.0,0.024295181
2755,D22,DR_20221209_143805,842.0,-0.030711217
2756,D22,DR_20221209_143805,843.0,-0.0008928687
2757,D22,DR_20221209_143805,844.0,-0.0037347707
2758,D22,DR_20221209_143805,845.0,0.0021491358
2759,D22,DR_20221209_143805,846.0,-0.0042595635
2796,E03,DR_20221209_143805,883.0,0.10887129
2797,E03,DR_20221209_143805,884.0,0.03214021
2798,E03,DR_20221209_143805,885.0,-0.17229064
2799,E03,DR_20221209_143805,886.0,-0.017617919
2800,E03,DR_20221209_143805,887.0,0.21490021
2801,E03,DR_20221209_143805,888.0,0.44732547
2802,E03,DR_20221209_143805,889.0,0.2453599
2803,E03,DR_20221209_143805,890.0,0.6588076
2804,E03,DR_20221209_143805,891.0,0.7031602
2805,E04,DR_20221209_143805,892.0,-0.052482337
2806,E04,DR_20221209_143805,893.0,0.56139165
2807,E04,DR_20221209_143805,894.0,0.13727257
2808,E04,DR_20221209_143805,895.0,0.34210217
2809,E04,DR_20221209_143805,896.0,0.31395787
2810,E04,DR_20221209_143805,897.0,0.45597953
2811,E04,DR_20221209_143805,898.0,0.08057634
2812,E04,DR_20221209_143805,899.0,0.89430904
2813,E04,DR_20221209_143805,900.0,0.92531496
2814,E05,DR_20221209_143805,901.0,0.1935989
2815,E05,DR_20221209_143805,902.0,0.8074029
2816,E05,DR_20221209_143805,903.0,0.43814597
2817,E05,DR_20221209_143805,904.0,0.97704357
2818,E05,DR_20221209_143805,905.0,0.67042327
2819,E05,DR_20221209_143805,906.0,0.49342445
2820,E05,DR_20221209_143805,907.0,0.90111244
2821,E05,DR_20221209_143805,908.0,0.7548772
2822,E05,DR_20221209_143805,909.0,0.52764124
2823,E06,DR_20221209_143805,910.0,0.14907894
2824,E06,DR_20221209_143805,911.0,0.733868
2825,E06,DR_20221209_143805,912.0,0.4688891
2826,E06,DR_20221209_143805,913.0,0.83186877
2827,E06,DR_20221209_143805,914.0,0.27068844
2828,E06,DR_20221209_143805,915.0,0.71939576
2829,E06,DR_20221209_143805,916.0,0.13467579
2830,E06,DR_20221209_143805,917.0,0.54752713
2831,E06,DR_20221209_143805,918.0,0.79975706
2832,E07,DR_20221209_143805,919.0,-0.025352752
2833,E07,DR_20221209_143805,920.0,-0.025216384
2834,E07,DR_20221209_143805,921.0,0.05542286
2835,E07,DR_20221209_143805,922.0,0.07986292
2836,E07,DR_20221209_143805,923.0,0.1821
2837,E07,DR_20221209_143805,924.0,0.2387055
2838,E07,DR_20221209_143805,925.0,-0.10147461
2839,E07,DR_20221209_143805,926.0,0.005769778
2840,E07,DR_20221209_143805,927.0,0.15845256
2841,E08,DR_20221209_143805,928.0,0.03002868
2842,E08,DR_20221209_143805,929.0,0.6045338
2843,E08,DR_20221209_143805,930.0,0.15252133
2844,E08,DR_20221209_143805,931.0,0.63749
2845,E08,DR_20221209_143805,932.0,0.64585114
2846,E08,DR_20221209_143805,933.0,0.6337479
2847,E08,DR_20221209_143805,934.0,0.44748214
2848,E08,DR_20221209_143805,935.0,0.8635996
2849,E08,DR_20221209_143805,936.0,0.25352147
2850,E09,DR_20221209_143805,937.0,-0.0026461098
2851,E09,DR_20221209_143805,938.0,-0.020012122
2852,E09,DR_20221209_143805,939.0,-0.005381414
2853,E09,DR_20221209_143805,940.0,0.007934144
2854,E09,DR_20221209_143805,941.0,-0.04000145
2855,E09,DR_20221209_143805,942.0,0.025741613
2856,E09,DR_20221209_143805,943.0,-0.015159697
2857,E09,DR_20221209_143805,944.0,-0.0004652446
2858,E09,DR_20221209_143805,945.0,0.025291082
2859,E10,DR_20221209_143805,946.0,0.0030890782
2860,E10,DR_20221209_143805,947.0,0.0034814232
2861,E10,DR_20221209_143805,948.0,-0.0013284402
2862,E10,DR_20221209_143805,949.0,0.0021570767
2863,E10,DR_20221209_143805,950.0,0.02986365
2864,E10,DR_20221209_143805,951.0,0.049825523
2865,E10,DR_20221209_143805,952.0,0.7165658
2866,E10,DR_20221209_143805,953.0,0.0039009214
2867,E10,DR_20221209_143805,954.0,-0.008135969
2868,E11,DR_20221209_143805,955.0,-0.0017360002
2869,E11,DR_20221209_143805,956.0,0.007991838
2870,E11,DR_20221209_143805,957.0,0.027255025
2871,E11,DR_20221209_143805,958.0,0.02607855
2872,E11,DR_20221209_143805,959.0,0.012510357
2873,E11,DR_20221209_143805,960.0,-0.010647884
2874,E11,DR_20221209_143805,961.0,0.017399764
2875,E11,DR_20221209_143805,962.0,0.012040432
2876,E11,DR_20221209_143805,963.0,0.0072428132
2877,E12,DR_20221209_143805,964.0,0.0047815144
2878,E12,DR_20221209_143805,965.0,-0.0032957173
2879,E12,DR_20221209_143805,966.0,0.042956736
2880,E12,DR_20221209_143805,967.0,0.0035335983
2881,E12,DR_20221209_143805,968.0,0.016681505
2882,E12,DR_20221209_143805,969.0,-0.0061431318
2883,E12,DR_20221209_143805,970.0,0.025652096
2884,E12,DR_20221209_143805,971.0,-0.0103723155
2885,E12,DR_20221209_143805,972.0,0.009355011
2886,E13,DR_20221209_143805,973.0,-0.019636748
2887,E13,DR_20221209_143805,974.0,-9.042789e-05
2888,E13,DR_20221209_143805,975.0,0.027827293
2889,E13,DR_20221209_143805,976.0,-0.0019645952
2890,E13,DR_20221209_143805,977.0,-0.008841454
2891,E13,DR_20221209_143805,978.0,-0.0017783267
2892,E13,DR_20221209_143805,979.0,-0.0013905838
2893,E13,DR_20221209_143805,980.0,-0.021762392
2894,E13,DR_20221209_143805,981.0,-0.012547512
2895,E14,DR_20221209_143805,982.0,-0.0010768947
2896,E14,DR_20221209_143805,983.0,0.0086249625
2897,E14,DR_20221209_143805,984.0,0.069041915
2898,E14,DR_20221209_143805,985.0,-0.00048241232
2899,E14,DR_20221209_143805,986.0,-0.027691457
2900,E14,DR_20221209_143805,987.0,0.01221455
2901,E14,DR_20221209_143805,988.0,-0.023172593
2902,E14,DR_20221209_143805,989.0,0.011056096
2903,E14,DR_20221209_143805,990.0,0.23705058
2904,E15,DR_20221209_143805,991.0,-0.0077309455
2905,E15,DR_20221209_143805,992.0,-0.003190249
2906,E15,DR_20221209_143805,993.0,0.035348378
2907,E15,DR_20221209_143805,994.0,-0.008116041
2908,E15,DR_20221209_143805,995.0,0.0010618279
2909,E15,DR_20221209_143805,996.0,-0.014171333
2910,E15,DR_20221209_143805,997.0,0.0052334373
2911,E15,DR_20221209_143805,998.0,0.01107228
2912,E15,DR_20221209_143805,999.0,-0.0032517966
2913,E16,DR_20221209_143805,1000.0,-0.022112068
2914,E16,DR_20221209_143805,1001.0,-0.0016454092
2915,E16,DR_20221209_143805,1002.0,0.027620435
2916,E16,DR_20221209_143805,1003.0,-0.002671885
2917,E16,DR_20221209_143805,1004.0,-0.005524783
2918,E16,DR_20221209_143805,1005.0,0.021171855
2919,E16,DR_20221209_143805,1006.0,0.1315068
2920,E16,DR_20221209_143805,1007.0,0.0010512422
2921,E16,DR_20221209_143805,1008.0,0.0044463794
2922,E17,DR_20221209_143805,1009.0,-0.0076483344
2923,E17,DR_20221209_143805,1010.0,0.013551287
2924,E17,DR_20221209_143805,1011.0,-0.0010571319
2925,E17,DR_20221209_143805,1012.0,-0.008467005
2926,E17,DR_20221209_143805,1013.0,-0.0040572616
2927,E17,DR_20221209_143805,1014.0,0.07277427
2928,E17,DR_20221209_143805,1015.0,-0.004590035
2929,E17,DR_20221209_143805,1016.0,0.012442938
2930,E17,DR_20221209_143805,1017.0,-0.011322968
2931,E18,DR_20221209_143805,1018.0,-0.00054175925
2932,E18,DR_20221209_143805,1019.0,0.0039354092
2933,E18,DR_20221209_143805,1020.0,0.07900894
2934,E18,DR_20221209_143805,1021.0,-0.0024114773
2935,E18,DR_20221209_143805,1022.0,-0.015933424
2936,E18,DR_20221209_143805,1023.0,-0.008115916
2937,E18,DR_20221209_143805,1024.0,0.024091376
2938,E18,DR_20221209_143805,1025.0,-0.022449307
2939,E18,DR_20221209_143805,1026.0,0.0697488
2940,E19,DR_20221209_143805,1027.0,0.05055422
2941,E19,DR_20221209_143805,1028.0,-0.005673354
2942,E19,DR_20221209_143805,1029.0,0.09135197
2943,E19,DR_20221209_143805,1030.0,-0.0065893373
2944,E19,DR_20221209_143805,1031.0,-0.01980108
2945,E19,DR_20221209_143805,1032.0,0.014084516
2946,E19,DR_20221209_143805,1033.0,-0.036776375
2947,E19,DR_20221209_143805,1034.0,0.003590139
2948,E19,DR_20221209_143805,1035.0,-0.018198058
2949,E20,DR_20221209_143805,1036.0,0.0102017075
2950,E20,DR_20221209_143805,1037.0,-0.005602196
2951,E20,DR_20221209_143805,1038.0,0.0019886426
2952,E20,DR_20221209_143805,1039.0,0.0075382106
2953,E20,DR_20221209_143805,1040.0,0.005529129
2954,E20,DR_20221209_143805,1041.0,-0.012434788
2955,E20,DR_20221209_143805,1042.0,0.08362821
2956,E20,DR_20221209_143805,1043.0,-0.003581116
2957,E20,DR_20221209_143805,1044.0,-0.037097268
2958,E21,DR_20221209_143805,1045.0,-0.0017179144
2959,E21,DR_20221209_143805,1046.0,-0.010211958
2960,E21,DR_20221209_143805,1047.0,0.00853382
2961,E21,DR_20221209_143805,1048.0,-0.0051360135
2962,E21,DR_20221209_143805,1049.0,-0.015927462
2963,E21,DR_20221209_143805,1050.0,0.0018650191
2964,E21,DR_20221209_143805,1051.0,0.008928519
2965,E21,DR_20221209_143805,1052.0,-0.022101697
2966,E21,DR_20221209_143805,1053.0,0.02171487
2967,E22,DR_20221209_143805,1054.0,-0.014579041
2968,E22,DR_20221209_143805,1055.0,-0.0037267045
2969,E22,DR_20221209_143805,1056.0,-0.028845748
2970,E22,DR_20221209_143805,1057.0,0.0076691643
2971,E22,DR_20221209_143805,1058.0,-0.012996861
2972,E22,DR_20221209_143805,1059.0,0.034003228
2973,E22,DR_20221209_143805,1060.0,0.019991532
2974,E22,DR_20221209_143805,1061.0,-0.022250248
2975,E22,DR_20221209_143805,1062.0,0.0104185045
3012,F03,DR_20221209_143805,1099.0,0.48618954
3013,F03,DR_20221209_143805,1100.0,0.51576287
3014,F03,DR_20221209_143805,1101.0,0.18907738
3015,F03,DR_20221209_143805,1102.0,0.002935887
3016,F03,DR_20221209_143805,1103.0,0.11470039
3017,F03,DR_20221209_143805,1104.0,0.18715806
3018,F03,DR_20221209_143805,1105.0,0.09910485
3019,F03,DR_20221209_143805,1106.0,0.29216656
3020,F03,DR_20221209_143805,1107.0,0.17380853
3021,F04,DR_20221209_143805,1108.0,0.35838875
3022,F04,DR_20221209_143805,1109.0,0.59698874
3023,F04,DR_20221209_143805,1110.0,0.5213656
3024,F04,DR_20221209_143805,1111.0,0.7427371
3025,F04,DR_20221209_143805,1112.0,0.38880596
3026,F04,DR_20221209_143805,1113.0,0.5590915
3027,F04,DR_20221209_143805,1114.0,0.122377686
3028,F04,DR_20221209_143805,1115.0,0.8493375
3029,F04,DR_20221209_143805,1116.0,0.69369525
3030,F05,DR_20221209_143805,1117.0,0.7097116
3031,F05,DR_20221209_143805,1118.0,0.39949492
3032,F05,DR_20221209_143805,1119.0,0.5612426
3033,F05,DR_20221209_143805,1120.0,0.55543506
3034,F05,DR_20221209_143805,1121.0,0.7786373
3035,F05,DR_20221209_143805,1122.0,0.3624291
3036,F05,DR_20221209_143805,1123.0,0.46424437
3037,F05,DR_20221209_143805,1124.0,0.5901701
3038,F05,DR_20221209_143805,1125.0,0.7301085
3039,F06,DR_20221209_143805,1126.0,0.31730485
3040,F06,DR_20221209_143805,1127.0,0.50455385
3041,F06,DR_20221209_143805,1128.0,-0.09839369
3042,F06,DR_20221209_143805,1129.0,0.3551673
3043,F06,DR_20221209_143805,1130.0,0.66128236
3044,F06,DR_20221209_143805,1131.0,0.64828914
3045,F06,DR_20221209_143805,1132.0,0.689683
3046,F06,DR_20221209_143805,1133.0,0.49895424
3047,F06,DR_20221209_143805,1134.0,0.05688028
3048,F07,DR_20221209_143805,1135.0,0.6100094
3049,F07,DR_20221209_143805,1136.0,0.19960494
3050,F07,DR_20221209_143805,1137.0,0.29560927
3051,F07,DR_20221209_143805,1138.0,0.07411691
3052,F07,DR_20221209_143805,1139.0,0.7875496
3053,F07,DR_20221209_143805,1140.0,0.42432275
3054,F07,DR_20221209_143805,1141.0,0.72165304
3055,F07,DR_20221209_143805,1142.0,0.75117254
3056,F07,DR_20221209_143805,1143.0,0.09407752
3057,F08,DR_20221209_143805,1144.0,0.6414455
3058,F08,DR_20221209_143805,1145.0,0.7122641
3059,F08,DR_20221209_143805,1146.0,0.100099556
3060,F08,DR_20221209_143805,1147.0,0.336608
3061,F08,DR_20221209_143805,1148.0,0.59523934
3062,F08,DR_20221209_143805,1149.0,0.29012865
3063,F08,DR_20221209_143805,1150.0,0.02227879
3064,F08,DR_20221209_143805,1151.0,0.7455477
3065,F08,DR_20221209_143805,1152.0,0.32576412
3066,F09,DR_20221209_143805,1153.0,-0.017090688
3067,F09,DR_20221209_143805,1154.0,-0.018537737
3068,F09,DR_20221209_143805,1155.0,-0.0063541858
3069,F09,DR_20221209_143805,1156.0,0.019741317
3070,F09,DR_20221209_143805,1157.0,0.0144121125
3071,F09,DR_20221209_143805,1158.0,-0.01054823
3072,F09,DR_20221209_143805,1159.0,0.008701494
3073,F09,DR_20221209_143805,1160.0,-0.012007328
3074,F09,DR_20221209_143805,1161.0,0.0028363918
3075,F10,DR_20221209_143805,1162.0,-0.01021359
3076,F10,DR_20221209_143805,1163.0,-0.0009074559
3077,F10,DR_20221209_143805,1164.0,0.006704862
3078,F10,DR_20221209_143805,1165.0,0.023402002
3079,F10,DR_20221209_143805,1166.0,-0.020772561
3080,F10,DR_20221209_143805,1167.0,-0.03856041
3081,F10,DR_20221209_143805,1168.0,-0.009069249
3082,F10,DR_20221209_143805,1169.0,0.24281622
3083,F10,DR_20221209_143805,1170.0,0.0024721997
3084,F11,DR_20221209_143805,1171.0,0.008321757
3085,F11,DR_20221209_143805,1172.0,0.0011772732
3086,F11,DR_20221209_143805,1173.0,0.0054663764
3087,F11,DR_20221209_143805,1174.0,0.014267987
3088,F11,DR_20221209_143805,1175.0,-0.011379572
3089,F11,DR_20221209_143805,1176.0,0.02410615
3090,F11,DR_20221209_143805,1177.0,-0.008272007
3091,F11,DR_20221209_143805,1178.0,0.01126845
3092,F11,DR_20221209_143805,1179.0,0.027300898
3093,F12,DR_20221209_143805,1180.0,-0.002863908
3094,F12,DR_20221209_143805,1181.0,-0.0070104655
3095,F12,DR_20221209_143805,1182.0,0.01215211
3096,F12,DR_20221209_143805,1183.0,0.0148420585
3097,F12,DR_20221209_143805,1184.0,-0.0030205536
3098,F12,DR_20221209_143805,1185.0,-0.010083725
3099,F12,DR_20221209_143805,1186.0,0.001944993
3100,F12,DR_20221209_143805,1187.0,0.01243888
3101,F12,DR_20221209_143805,1188.0,0.0044118683
3102,F13,DR_20221209_143805,1189.0,0.017212221
3103,F13,DR_20221209_143805,1190.0,0.038071148
3104,F13,DR_20221209_143805,1191.0,0.02400019
3105,F13,DR_20221209_143805,1192.0,0.0056379377
3106,F13,DR_20221209_143805,1193.0,0.05402887
3107,F13,DR_20221209_143805,1194.0,-0.013128083
3108,F13,DR_20221209_143805,1195.0,-0.004540498
3109,F13,DR_20221209_143805,1196.0,0.03050274
3110,F13,DR_20221209_143805,1197.0,0.012745582
3111,F14,DR_20221209_143805,1198.0,7.613628e-05
3112,F14,DR_20221209_143805,1199.0,0.024487961
3113,F14,DR_20221209_143805,1200.0,-0.013991082
3114,F14,DR_20221209_143805,1201.0,-0.017195905
3115,F14,DR_20221209_143805,1202.0,-0.021449339
3116,F14,DR_20221209_143805,1203.0,-0.0070601106
3117,F14,DR_20221209_143805,1204.0,0.03311294
3118,F14,DR_20221209_143805,1205.0,-0.030721651
3119,F14,DR_20221209_143805,1206.0,0.03180504
3120,F15,DR_20221209_143805,1207.0,-0.009887899
3121,F15,DR_20221209_143805,1208.0,-0.009030043
3122,F15,DR_20221209_143805,1209.0,0.029405087
3123,F15,DR_20221209_143805,1210.0,0.012208081
3124,F15,DR_20221209_143805,1211.0,0.021625465
3125,F15,DR_20221209_143805,1212.0,0.14496125
3126,F15,DR_20221209_143805,1213.0,0.0110106245
3127,F15,DR_20221209_143805,1214.0,-0.003342436
3128,F15,DR_20221209_143805,1215.0,0.024489202
3129,F16,DR_20221209_143805,1216.0,0.037399918
3130,F16,DR_20221209_143805,1217.0,0.0022326114
3131,F16,DR_20221209_143805,1218.0,0.10432173
3132,F16,DR_20221209_143805,1219.0,0.03080655
3133,F16,DR_20221209_143805,1220.0,-0.047460876
3134,F16,DR_20221209_143805,1221.0,0.00392708
3135,F16,DR_20221209_143805,1222.0,0.009485671
3136,F16,DR_20221209_143805,1223.0,-0.010424339
3137,F16,DR_20221209_143805,1224.0,0.003274865
3138,F17,DR_20221209_143805,1225.0,-0.011794083
3139,F17,DR_20221209_143805,1226.0,-0.028728524
3140,F17,DR_20221209_143805,1227.0,0.060947772
3141,F17,DR_20221209_143805,1228.0,0.006484871
3142,F17,DR_20221209_143805,1229.0,-0.0058609447
3143,F17,DR_20221209_143805,1230.0,-0.007831159
3144,F17,DR_20221209_143805,1231.0,0.025572367
3145,F17,DR_20221209_143805,1232.0,-0.0025734098
3146,F17,DR_20221209_143805,1233.0,0.013410243
3147,F18,DR_20221209_143805,1234.0,0.025936319
3148,F18,DR_20221209_143805,1235.0,0.0191331
3149,F18,DR_20221209_143805,1236.0,0.17082262
3150,F18,DR_20221209_143805,1237.0,0.041876715
3151,F18,DR_20221209_143805,1238.0,-0.02067006
3152,F18,DR_20221209_143805,1239.0,0.029294234
3153,F18,DR_20221209_143805,1240.0,-0.0057021305
3154,F18,DR_20221209_143805,1241.0,-0.027779438
3155,F18,DR_20221209_143805,1242.0,-0.01764372
3156,F19,DR_20221209_143805,1243.0,-0.006012584
3157,F19,DR_20221209_143805,1244.0,-0.0793185
3158,F19,DR_20221209_143805,1245.0,0.0032735188
3159,F19,DR_20221209_143805,1246.0,0.057542555
3160,F19,DR_20221209_143805,1247.0,0.09961
3161,F19,DR_20221209_143805,1248.0,0.013024924
3162,F19,DR_20221209_143805,1249.0,-0.00018767611
3163,F19,DR_20221209_143805,1250.0,-0.017529542
3164,F19,DR_20221209_143805,1251.0,-0.009536814
3165,F20,DR_20221209_143805,1252.0,0.048130304
3166,F20,DR_20221209_143805,1253.0,0.004217073
3167,F20,DR_20221209_143805,1254.0,0.08279968
3168,F20,DR_20221209_143805,1255.0,-0.0014139826
3169,F20,DR_20221209_143805,1256.0,0.0021102014
3170,F20,DR_20221209_143805,1257.0,-0.005294437
3171,F20,DR_20221209_143805,1258.0,0.0063724946
3172,F20,DR_20221209_143805,1259.0,0.001341203
3173,F20,DR_20221209_143805,1260.0,0.011839691
3174,F21,DR_20221209_143805,1261.0,-0.009886473
3175,F21,DR_20221209_143805,1262.0,-0.033162694
3176,F21,DR_20221209_143805,1263.0,0.10148901
3177,F21,DR_20221209_143805,1264.0,0.01876264
3178,F21,DR_20221209_143805,1265.0,0.0028222953
3179,F21,DR_20221209_143805,1266.0,0.016726984
3180,F21,DR_20221209_143805,1267.0,-0.0025910898
3181,F21,DR_20221209_143805,1268.0,-0.0020026844
3182,F21,DR_20221209_143805,1269.0,0.00050451345
3183,F22,DR_20221209_143805,1270.0,0.01205315
3184,F22,DR_20221209_143805,1271.0,-0.009806508
3185,F22,DR_20221209_143805,1272.0,0.012050811
3186,F22,DR_20221209_143805,1273.0,-0.011420264
3187,F22,DR_20221209_143805,1274.0,-0.008179578
3188,F22,DR_20221209_143805,1275.0,-0.004107865
3189,F22,DR_20221209_143805,1276.0,0.026359672
3190,F22,DR_20221209_143805,1277.0,-0.0046707117
3191,F22,DR_20221209_143805,1278.0,0.024639033
3228,G03,DR_20221209_143805,1315.0,0.006436276
3229,G03,DR_20221209_143805,1316.0,-0.0017167947
3230,G03,DR_20221209_143805,1317.0,0.007515925
3231,G03,DR_20221209_143805,1318.0,-0.0142087815
3232,G03,DR_20221209_143805,1319.0,-0.01109602
3233,G03,DR_20221209_143805,1320.0,0.00082150445
3234,G03,DR_20221209_143805,1321.0,-0.012975204
3235,G03,DR_20221209_143805,1322.0,0.07964046
3236,G03,DR_20221209_143805,1323.0,0.009587556
3237,G04,DR_20221209_143805,1324.0,0.0177302
3238,G04,DR_20221209_143805,1325.0,0.013704041
3239,G04,DR_20221209_143805,1326.0,-0.011309558
3240,G04,DR_20221209_143805,1327.0,0.0140662715
3241,G04,DR_20221209_143805,1328.0,0.012749251
3242,G04,DR_20221209_143805,1329.0,-0.006540503
3243,G04,DR_20221209_143805,1330.0,0.0031925603
3244,G04,DR_20221209_143805,1331.0,-0.009403057
3245,G04,DR_20221209_143805,1332.0,-0.0034982255
3246,G05,DR_20221209_143805,1333.0,0.006856391
3247,G05,DR_20221209_143805,1334.0,0.0061551095
3248,G05,DR_20221209_143805,1335.0,-0.0018079228
3249,G05,DR_20221209_143805,1336.0,-0.0048083845
3250,G05,DR_20221209_143805,1337.0,-0.006358357
3251,G05,DR_20221209_143805,1338.0,0.022923362
3252,G05,DR_20221209_143805,1339.0,0.009567003
3253,G05,DR_20221209_143805,1340.0,0.00772891
3254,G05,DR_20221209_143805,1341.0,0.0053273938
3255,G06,DR_20221209_143805,1342.0,0.0034239793
3256,G06,DR_20221209_143805,1343.0,-0.0043450166
3257,G06,DR_20221209_143805,1344.0,0.004486635
3258,G06,DR_20221209_143805,1345.0,-0.0017591536
3259,G06,DR_20221209_143805,1346.0,0.0047395853
3260,G06,DR_20221209_143805,1347.0,-0.014602487
3261,G06,DR_20221209_143805,1348.0,-0.02309164
3262,G06,DR_20221209_143805,1349.0,0.0028345422
3263,G06,DR_20221209_143805,1350.0,0.008420054
3264,G07,DR_20221209_143805,1351.0,-0.0057161734
3265,G07,DR_20221209_143805,1352.0,-0.049497858
3266,G07,DR_20221209_143805,1353.0,0.009722871
3267,G07,DR_20221209_143805,1354.0,0.0031579116
3268,G07,DR_20221209_143805,1355.0,-0.005529549
3269,G07,DR_20221209_143805,1356.0,0.008987541
3270,G07,DR_20221209_143805,1357.0,0.008685685
3271,G07,DR_20221209_143805,1358.0,0.00087936065
3272,G07,DR_20221209_143805,1359.0,-0.010206538
3273,G08,DR_20221209_143805,1360.0,0.0116262175
3274,G08,DR_20221209_143805,1361.0,-0.03231434
3275,G08,DR_20221209_143805,1362.0,0.114151716
3276,G08,DR_20221209_143805,1363.0,0.004325087
3277,G08,DR_20221209_143805,1364.0,0.032847885
3278,G08,DR_20221209_143805,1365.0,0.0042210286
3279,G08,DR_20221209_143805,1366.0,0.029003514
3280,G08,DR_20221209_143805,1367.0,0.006472501
3281,G08,DR_20221209_143805,1368.0,0.002281438
3282,G09,DR_20221209_143805,1369.0,-0.0019231194
3283,G09,DR_20221209_143805,1370.0,0.009029587
3284,G09,DR_20221209_143805,1371.0,0.008309347
3285,G09,DR_20221209_143805,1372.0,0.0197036
3286,G09,DR_20221209_143805,1373.0,0.009053269
3287,G09,DR_20221209_143805,1374.0,-0.03296398
3288,G09,DR_20221209_143805,1375.0,0.0043106093
3289,G09,DR_20221209_143805,1376.0,-0.0081946775
3290,G09,DR_20221209_143805,1377.0,0.005958774
3291,G10,DR_20221209_143805,1378.0,0.040816866
3292,G10,DR_20221209_143805,1379.0,0.005320549
3293,G10,DR_20221209_143805,1380.0,0.087323226
3294,G10,DR_20221209_143805,1381.0,-0.0036552
3295,G10,DR_20221209_143805,1382.0,0.010037212
3296,G10,DR_20221209_143805,1383.0,0.0058138072
3297,G10,DR_20221209_143805,1384.0,-0.031176824
3298,G10,DR_20221209_143805,1385.0,-0.019066459
3299,G10,DR_20221209_143805,1386.0,0.32328305
3300,G11,DR_20221209_143805,1387.0,-0.010636462
3301,G11,DR_20221209_143805,1388.0,0.015262614
3302,G11,DR_20221209_143805,1389.0,0.001938591
3303,G11,DR_20221209_143805,1390.0,0.023641542
3304,G11,DR_20221209_143805,1391.0,0.037165336
3305,G11,DR_20221209_143805,1392.0,-0.021242416
3306,G11,DR_20221209_143805,1393.0,0.0021487055
3307,G11,DR_20221209_143805,1394.0,-0.007849974
3308,G11,DR_20221209_143805,1395.0,0.12987065
3309,G12,DR_20221209_143805,1396.0,-0.025298215
3310,G12,DR_20221209_143805,1397.0,0.015419507
3311,G12,DR_20221209_143805,1398.0,0.012805238
3312,G12,DR_20221209_143805,1399.0,-0.009827625
3313,G12,DR_20221209_143805,1400.0,0.0022068457
3314,G12,DR_20221209_143805,1401.0,-0.021939786
3315,G12,DR_20221209_143805,1402.0,-0.004058199
3316,G12,DR_20221209_143805,1403.0,-0.06478875
3317,G12,DR_20221209_143805,1404.0,-0.04333283
3318,G13,DR_20221209_143805,1405.0,0.010424196
3319,G13,DR_20221209_143805,1406.0,0.005690346
3320,G13,DR_20221209_143805,1407.0,0.009310693
3321,G13,DR_20221209_143805,1408.0,0.0059133237
3322,G13,DR_20221209_143805,1409.0,-0.019012662
3323,G13,DR_20221209_143805,1410.0,0.03659236
3324,G13,DR_20221209_143805,1411.0,0.007214603
3325,G13,DR_20221209_143805,1412.0,0.015860517
3326,G13,DR_20221209_143805,1413.0,0.0062854984
3327,G14,DR_20221209_143805,1414.0,0.0042071887
3328,G14,DR_20221209_143805,1415.0,-0.016647732
3329,G14,DR_20221209_143805,1416.0,0.040498577
3330,G14,DR_20221209_143805,1417.0,-0.012663089
3331,G14,DR_20221209_143805,1418.0,0.007411397
3332,G14,DR_20221209_143805,1419.0,0.031030742
3333,G14,DR_20221209_143805,1420.0,0.24561994
3334,G14,DR_20221209_143805,1421.0,0.048566367
3335,G14,DR_20221209_143805,1422.0,-0.004252642
3336,G15,DR_20221209_143805,1423.0,0.041450787
3337,G15,DR_20221209_143805,1424.0,0.23294714
3338,G15,DR_20221209_143805,1425.0,0.11264815
3339,G15,DR_20221209_143805,1426.0,-0.015625872
3340,G15,DR_20221209_143805,1427.0,0.0040613157
3341,G15,DR_20221209_143805,1428.0,0.009455849
3342,G15,DR_20221209_143805,1429.0,0.027361844
3343,G15,DR_20221209_143805,1430.0,0.0063371444
3344,G15,DR_20221209_143805,1431.0,0.0066531613
3345,G16,DR_20221209_143805,1432.0,0.030618329
3346,G16,DR_20221209_143805,1433.0,-0.00560492
3347,G16,DR_20221209_143805,1434.0,0.061250146
3348,G16,DR_20221209_143805,1435.0,0.056937404
3349,G16,DR_20221209_143805,1436.0,0.026840925
3350,G16,DR_20221209_143805,1437.0,-0.0015182664
3351,G16,DR_20221209_143805,1438.0,-0.045515142
3352,G16,DR_20221209_143805,1439.0,-0.01798585
3353,G16,DR_20221209_143805,1440.0,0.01846932
3354,G17,DR_20221209_143805,1441.0,-0.03373508
3355,G17,DR_20221209_143805,1442.0,-0.021778459
3356,G17,DR_20221209_143805,1443.0,-0.0021510555
3357,G17,DR_20221209_143805,1444.0,-0.0045635183
3358,G17,DR_20221209_143805,1445.0,0.016668195
3359,G17,DR_20221209_143805,1446.0,-0.0038351696
3360,G17,DR_20221209_143805,1447.0,0.005279948
3361,G17,DR_20221209_143805,1448.0,-0.01114989
3362,G17,DR_20221209_143805,1449.0,0.13346684
3363,G18,DR_20221209_143805,1450.0,0.034085255
3364,G18,DR_20221209_143805,1451.0,0.027171602
3365,G18,DR_20221209_143805,1452.0,-0.020884743
3366,G18,DR_20221209_143805,1453.0,-0.01425274
3367,G18,DR_20221209_143805,1454.0,-0.030868167
3368,G18,DR_20221209_143805,1455.0,-0.0042038006
3369,G18,DR_20221209_143805,1456.0,0.053634334
3370,G18,DR_20221209_143805,1457.0,-0.011928014
3371,G18,DR_20221209_143805,1458.0,0.006899246
3372,G19,DR_20221209_143805,1459.0,0.014430766
3373,G19,DR_20221209_143805,1460.0,-0.039180648
3374,G19,DR_20221209_143805,1461.0,0.33038145
3375,G19,DR_20221209_143805,1462.0,0.031381585
3376,G19,DR_20221209_143805,1463.0,0.041422077
3377,G19,DR_20221209_143805,1464.0,-0.0009464616
3378,G19,DR_20221209_143805,1465.0,0.1020748
3379,G19,DR_20221209_143805,1466.0,0.0011337538
3380,G19,DR_20221209_143805,1467.0,0.0076574637
3381,G20,DR_20221209_143805,1468.0,-0.018579327
3382,G20,DR_20221209_143805,1469.0,-0.010031496
3383,G20,DR_20221209_143805,1470.0,-0.05279826
3384,G20,DR_20221209_143805,1471.0,-0.0032209523
3385,G20,DR_20221209_143805,1472.0,-0.0023730653
3386,G20,DR_20221209_143805,1473.0,0.011121505
3387,G20,DR_20221209_143805,1474.0,0.005390966
3388,G20,DR_20221209_143805,1475.0,0.14406116
3389,G20,DR_20221209_143805,1476.0,-0.002468221
3390,G21,DR_20221209_143805,1477.0,0.0025854553
3391,G21,DR_20221209_143805,1478.0,0.004762856
3392,G21,DR_20221209_143805,1479.0,0.0014672095
3393,G21,DR_20221209_143805,1480.0,0.004364923
3394,G21,DR_20221209_143805,1481.0,0.032218546
3395,G21,DR_20221209_143805,1482.0,0.018110579
3396,G21,DR_20221209_143805,1483.0,0.00488183
3397,G21,DR_20221209_143805,1484.0,-0.012053652
3398,G21,DR_20221209_143805,1485.0,-0.00017866452
3399,G22,DR_20221209_143805,1486.0,0.011827441
3400,G22,DR_20221209_143805,1487.0,-0.037997607
3401,G22,DR_20221209_143805,1488.0,-0.04694531
3402,G22,DR_20221209_143805,1489.0,0.0013581837
3403,G22,DR_20221209_143805,1490.0,0.02727862
3404,G22,DR_20221209_143805,1491.0,0.0106823305
3405,G22,DR_20221209_143805,1492.0,-0.004252942
3406,G22,DR_20221209_143805,1493.0,0.016456423
3407,G22,DR_20221209_143805,1494.0,0.018219506
3444,H03,DR_20221209_143805,1531.0,0.013496277
3445,H03,DR_20221209_143805,1532.0,-0.0034715142
3446,H03,DR_20221209_143805,1533.0,0.004239578
3447,H03,DR_20221209_143805,1534.0,-0.05380143
3448,H03,DR_20221209_143805,1535.0,-0.0036046882
3449,H03,DR_20221209_143805,1536.0,-0.011166014
3450,H03,DR_20221209_143805,1537.0,0.0056059863
3451,H03,DR_20221209_143805,1538.0,-0.013532814
3452,H03,DR_20221209_143805,1539.0,-0.002247378
3453,H04,DR_20221209_143805,1540.0,-0.006306152
3454,H04,DR_20221209_143805,1541.0,0.004429612
3455,H04,DR_20221209_143805,1542.0,-0.008600988
3456,H04,DR_20221209_143805,1543.0,0.009646965
3457,H04,DR_20221209_143805,1544.0,-0.004976327
3458,H04,DR_20221209_143805,1545.0,-0.004436437
3459,H04,DR_20221209_143805,1546.0,0.002516327
3460,H04,DR_20221209_143805,1547.0,-0.013873586
3461,H04,DR_20221209_143805,1548.0,-0.01054294
3462,H05,DR_20221209_143805,1549.0,-0.014637268
3463,H05,DR_20221209_143805,1550.0,0.0053332862
3464,H05,DR_20221209_143805,1551.0,-0.013677494
3465,H05,DR_20221209_143805,1552.0,0.021983888
3466,H05,DR_20221209_143805,1553.0,-0.007138907
3467,H05,DR_20221209_143805,1554.0,-0.018829519
3468,H05,DR_20221209_143805,1555.0,-0.0061762882
3469,H05,DR_20221209_143805,1556.0,0.0032418235
3470,H05,DR_20221209_143805,1557.0,-0.012567459
3471,H06,DR_20221209_143805,1558.0,0.0029269797
3472,H06,DR_20221209_143805,1559.0,-0.006663463
3473,H06,DR_20221209_143805,1560.0,0.0069194334
3474,H06,DR_20221209_143805,1561.0,-0.00793795
3475,H06,DR_20221209_143805,1562.0,0.014956944
3476,H06,DR_20221209_143805,1563.0,-0.037517976
3477,H06,DR_20221209_143805,1564.0,-0.0056276317
3478,H06,DR_20221209_143805,1565.0,-0.01660589
3479,H06,DR_20221209_143805,1566.0,-0.0011947459
3480,H07,DR_20221209_143805,1567.0,-0.0052289753
3481,H07,DR_20221209_143805,1568.0,-6.1485734e-06
3482,H07,DR_20221209_143805,1569.0,0.029373607
3483,H07,DR_20221209_143805,1570.0,-0.025465513
3484,H07,DR_20221209_143805,1571.0,-0.016130462
3485,H07,DR_20221209_143805,1572.0,0.0023516228
3486,H07,DR_20221209_143805,1573.0,0.039289672
3487,H07,DR_20221209_143805,1574.0,-0.0055441256
3488,H07,DR_20221209_143805,1575.0,-0.0011025249
3489,H08,DR_20221209_143805,1576.0,0.011977966
3490,H08,DR_20221209_143805,1577.0,-0.022798503
3491,H08,DR_20221209_143805,1578.0,-0.07882209
3492,H08,DR_20221209_143805,1579.0,-0.018335456
3493,H08,DR_20221209_143805,1580.0,-0.0027732113
3494,H08,DR_20221209_143805,1581.0,0.0010901324
3495,H08,DR_20221209_143805,1582.0,0.21522999
3496,H08,DR_20221209_143805,1583.0,-0.015696567
3497,H08,DR_20221209_143805,1584.0,0.009090569
3498,H09,DR_20221209_143805,1585.0,-0.007949813
3499,H09,DR_20221209_143805,1586.0,0.039421033
3500,H09,DR_20221209_143805,1587.0,-0.020356495
3501,H09,DR_20221209_143805,1588.0,0.026447905
3502,H09,DR_20221209_143805,1589.0,0.019398509
3503,H09,DR_20221209_143805,1590.0,0.0274201
3504,H09,DR_20221209_143805,1591.0,0.014085752
3505,H09,DR_20221209_143805,1592.0,-0.047942393
3506,H09,DR_20221209_143805,1593.0,-0.004170327
3507,H10,DR_20221209_143805,1594.0,-0.003465041
3508,H10,DR_20221209_143805,1595.0,0.14707936
3509,H10,DR_20221209_143805,1596.0,-0.0068290755
3510,H10,DR_20221209_143805,1597.0,0.0067096474
3511,H10,DR_20221209_143805,1598.0,-0.0024906297
3512,H10,DR_20221209_143805,1599.0,-0.014065751
3513,H10,DR_20221209_143805,1600.0,0.004863277
3514,H10,DR_20221209_143805,1601.0,-0.03606592
3515,H10,DR_20221209_143805,1602.0,0.0032565773
3516,H11,DR_20221209_143805,1603.0,-0.0045910054
3517,H11,DR_20221209_143805,1604.0,0.018038148
3518,H11,DR_20221209_143805,1605.0,-0.042483687
3519,H11,DR_20221209_143805,1606.0,-0.020863045
3520,H11,DR_20221209_143805,1607.0,-0.010435848
3521,H11,DR_20221209_143805,1608.0,-0.010606844
3522,H11,DR_20221209_143805,1609.0,0.010967573
3523,H11,DR_20221209_143805,1610.0,0.034804106
3524,H11,DR_20221209_143805,1611.0,-0.0046338122
3525,H12,DR_20221209_143805,1612.0,0.027523994
3526,H12,DR_20221209_143805,1613.0,-0.0143325655
3527,H12,DR_20221209_143805,1614.0,-0.0049319444
3528,H12,DR_20221209_143805,1615.0,0.104323424
3529,H12,DR_20221209_143805,1616.0,-0.014782727
3530,H12,DR_20221209_143805,1617.0,0.03725539
3531,H12,DR_20221209_143805,1618.0,0.017846737
3532,H12,DR_20221209_143805,1619.0,-0.007417413
3533,H12,DR_20221209_143805,1620.0,0.018676443
3534,H13,DR_20221209_143805,1621.0,0.017698364
3535,H13,DR_20221209_143805,1622.0,-0.002710353
3536,H13,DR_20221209_143805,1623.0,-0.0028408403
3537,H13,DR_20221209_143805,1624.0,-0.009967727
3538,H13,DR_20221209_143805,1625.0,-0.018219206
3539,H13,DR_20221209_143805,1626.0,-0.022002013
3540,H13,DR_20221209_143805,1627.0,-0.0039043606
3541,H13,DR_20221209_143805,1628.0,-0.007238754
3542,H13,DR_20221209_143805,1629.0,0.0031637896
3543,H14,DR_20221209_143805,1630.0,0.015191317
3544,H14,DR_20221209_143805,1631.0,-0.011367065
3545,H14,DR_20221209_143805,1632.0,-0.016022267
3546,H14,DR_20221209_143805,1633.0,0.011631395
3547,H14,DR_20221209_143805,1634.0,0.0011878222
3548,H14,DR_20221209_143805,1635.0,-0.004054377
3549,H14,DR_20221209_143805,1636.0,0.0018704591
3550,H14,DR_20221209_143805,1637.0,-0.009894096
3551,H14,DR_20221209_143805,1638.0,0.015736368
3552,H15,DR_20221209_143805,1639.0,-0.011058478
3553,H15,DR_20221209_143805,1640.0,0.032094993
3554,H15,DR_20221209_143805,1641.0,0.011311385
3555,H15,DR_20221209_143805,1642.0,-0.013227468
3556,H15,DR_20221209_143805,1643.0,0.02006796
3557,H15,DR_20221209_143805,1644.0,0.0069885766
3558,H15,DR_20221209_143805,1645.0,0.009427438
3559,H15,DR_20221209_143805,1646.0,0.014719191
3560,H15,DR_20221209_143805,1647.0,0.0026720006
3561,H16,DR_20221209_143805,1648.0,-0.0017459028
3562,H16,DR_20221209_143805,1649.0,0.005868352
3563,H16,DR_20221209_143805,1650.0,0.10818928
3564,H16,DR_20221209_143805,1651.0,0.02847112
3565,H16,DR_20221209_143805,1652.0,-0.03142368
3566,H16,DR_20221209_143805,1653.0,0.0104637
3567,H16,DR_20221209_143805,1654.0,0.1037111
3568,H16,DR_20221209_143805,1655.0,0.1339584
3569,H16,DR_20221209_143805,1656.0,0.002517117
3570,H17,DR_20221209_143805,1657.0,0.0038199485
3571,H17,DR_20221209_143805,1658.0,-0.012647403
3572,H17,DR_20221209_143805,1659.0,0.09021828
3573,H17,DR_20221209_143805,1660.0,-0.00028503325
3574,H17,DR_20221209_143805,1661.0,0.015355682
3575,H17,DR_20221209_143805,1662.0,-0.017639235
3576,H17,DR_20221209_143805,1663.0,-0.008218016
3577,H17,DR_20221209_143805,1664.0,0.0022400846
3578,H17,DR_20221209_143805,1665.0,0.11292523
3579,H18,DR_20221209_143805,1666.0,-0.0020956576
3580,H18,DR_20221209_143805,1667.0,-0.030581996
3581,H18,DR_20221209_143805,1668.0,0.06752407
3582,H18,DR_20221209_143805,1669.0,-0.008616786
3583,H18,DR_20221209_143805,1670.0,-0.02689558
3584,H18,DR_20221209_143805,1671.0,-0.027368028
3585,H18,DR_20221209_143805,1672.0,0.17134604
3586,H18,DR_20221209_143805,1673.0,0.0047662565
3587,H18,DR_20221209_143805,1674.0,-0.014038331
3588,H19,DR_20221209_143805,1675.0,-8.577943e-05
3589,H19,DR_20221209_143805,1676.0,-0.01414576
3590,H19,DR_20221209_143805,1677.0,0.0034319353
3591,H19,DR_20221209_143805,1678.0,-0.025117813
3592,H19,DR_20221209_143805,1679.0,0.0005647623
3593,H19,DR_20221209_143805,1680.0,0.011969679
3594,H19,DR_20221209_143805,1681.0,-0.00525761
3595,H19,DR_20221209_143805,1682.0,0.0056364518
3596,H19,DR_20221209_143805,1683.0,0.01276898
3597,H20,DR_20221209_143805,1684.0,0.0099562835
3598,H20,DR_20221209_143805,1685.0,-0.00222601
3599,H20,DR_20221209_143805,1686.0,0.19883339
3600,H20,DR_20221209_143805,1687.0,-0.0412957
3601,H20,DR_20221209_143805,1688.0,0.03729813
3602,H20,DR_20221209_143805,1689.0,-0.018988635
3603,H20,DR_20221209_143805,1690.0,0.04185857
3604,H20,DR_20221209_143805,1691.0,0.007831261
3605,H20,DR_20221209_143805,1692.0,0.008369607
3606,H21,DR_20221209_143805,1693.0,-0.04400244
3607,H21,DR_20221209_143805,1694.0,-0.011583204
3608,H21,DR_20221209_143805,1695.0,-0.0012822078
3609,H21,DR_20221209_143805,1696.0,-0.011404055
3610,H21,DR_20221209_143805,1697.0,-0.0018301843
3611,H21,DR_20221209_143805,1698.0,0.0005607641
3612,H21,DR_20221209_143805,1699.0,0.0033392978
3613,H21,DR_20221209_143805,1700.0,-0.008859218
3614,H21,DR_20221209_143805,1701.0,-0.009107568
3615,H22,DR_20221209_143805,1702.0,-0.07554906
3616,H22,DR_20221209_143805,1703.0,-0.009716683
3617,H22,DR_20221209_143805,1704.0,-0.030071057
3618,H22,DR_20221209_143805,1705.0,0.015503587
3619,H22,DR_20221209_143805,1706.0,0.0360778
3620,H22,DR_20221209_143805,1707.0,-0.007593419
3621,H22,DR_20221209_143805,1708.0,0.0059532826
3622,H22,DR_20221209_143805,1709.0,-0.0011146617
3623,H22,DR_20221209_143805,1710.0,0.00803419
3660,I03,DR_20221209_143805,1747.0,-0.013677682
3661,I03,DR_20221209_143805,1748.0,0.00414468
3662,I03,DR_20221209_143805,1749.0,-0.01860297
3663,I03,DR_20221209_143805,1750.0,-0.0045103002
3664,I03,DR_20221209_143805,1751.0,0.023720047
3665,I03,DR_20221209_143805,1752.0,0.008300995
3666,I03,DR_20221209_143805,1753.0,0.006237227
3667,I03,DR_20221209_143805,1754.0,0.013060884
3668,I03,DR_20221209_143805,1755.0,0.1278863
3669,I04,DR_20221209_143805,1756.0,-0.0025131921
3670,I04,DR_20221209_143805,1757.0,0.0099760955
3671,I04,DR_20221209_143805,1758.0,0.01001498
3672,I04,DR_20221209_143805,1759.0,0.001043239
3673,I04,DR_20221209_143805,1760.0,-0.012867251
3674,I04,DR_20221209_143805,1761.0,-0.0016268672
3675,I04,DR_20221209_143805,1762.0,0.00028708033
3676,I04,DR_20221209_143805,1763.0,-0.023755431
3677,I04,DR_20221209_143805,1764.0,-0.014292411
3678,I05,DR_20221209_143805,1765.0,-0.008767007
3679,I05,DR_20221209_143805,1766.0,1.4408455e-05
3680,I05,DR_20221209_143805,1767.0,0.006808035
3681,I05,DR_20221209_143805,1768.0,-0.0041940548
3682,I05,DR_20221209_143805,1769.0,0.011220814
3683,I05,DR_20221209_143805,1770.0,-0.0067910696
3684,I05,DR_20221209_143805,1771.0,0.004886041
3685,I05,DR_20221209_143805,1772.0,0.00369375
3686,I05,DR_20221209_143805,1773.0,-0.005784156
3687,I06,DR_20221209_143805,1774.0,-0.015995556
3688,I06,DR_20221209_143805,1775.0,-0.0033306065
3689,I06,DR_20221209_143805,1776.0,-0.01336019
3690,I06,DR_20221209_143805,1777.0,-0.005664351
3691,I06,DR_20221209_143805,1778.0,-0.0060616476
3692,I06,DR_20221209_143805,1779.0,0.00034220345
3693,I06,DR_20221209_143805,1780.0,-0.0032737863
3694,I06,DR_20221209_143805,1781.0,-0.0054120887
3695,I06,DR_20221209_143805,1782.0,-0.0010972563
3696,I07,DR_20221209_143805,1783.0,-0.0110623995
3697,I07,DR_20221209_143805,1784.0,-0.014233475
3698,I07,DR_20221209_143805,1785.0,-0.016248431
3699,I07,DR_20221209_143805,1786.0,-0.024522368
3700,I07,DR_20221209_143805,1787.0,0.026132774
3701,I07,DR_20221209_143805,1788.0,-0.023617148
3702,I07,DR_20221209_143805,1789.0,0.028584126
3703,I07,DR_20221209_143805,1790.0,-0.025823116
3704,I07,DR_20221209_143805,1791.0,-0.022170683
3705,I08,DR_20221209_143805,1792.0,-0.016789958
3706,I08,DR_20221209_143805,1793.0,0.002664267
3707,I08,DR_20221209_143805,1794.0,-0.009669831
3708,I08,DR_20221209_143805,1795.0,-0.020107739
3709,I08,DR_20221209_143805,1796.0,-0.0010948487
3710,I08,DR_20221209_143805,1797.0,-0.00045249428
3711,I08,DR_20221209_143805,1798.0,-0.0058237626
3712,I08,DR_20221209_143805,1799.0,-0.0270877
3713,I08,DR_20221209_143805,1800.0,0.0010244995
3714,I09,DR_20221209_143805,1801.0,-0.02432471
3715,I09,DR_20221209_143805,1802.0,-0.010577062
3716,I09,DR_20221209_143805,1803.0,-0.006071712
3717,I09,DR_20221209_143805,1804.0,0.005002796
3718,I09,DR_20221209_143805,1805.0,-0.018903198
3719,I09,DR_20221209_143805,1806.0,-0.04833503
3720,I09,DR_20221209_143805,1807.0,-0.004007672
3721,I09,DR_20221209_143805,1808.0,-0.0015284809
3722,I09,DR_20221209_143805,1809.0,0.005626643
3723,I10,DR_20221209_143805,1810.0,-0.0045266002
3724,I10,DR_20221209_143805,1811.0,0.012585514
3725,I10,DR_20221209_143805,1812.0,-0.012156297
3726,I10,DR_20221209_143805,1813.0,0.09609217
3727,I10,DR_20221209_143805,1814.0,-0.028239472
3728,I10,DR_20221209_143805,1815.0,-0.004876394
3729,I10,DR_20221209_143805,1816.0,-0.006429667
3730,I10,DR_20221209_143805,1817.0,-0.009715783
3731,I10,DR_20221209_143805,1818.0,0.026468234
3732,I11,DR_20221209_143805,1819.0,-0.0006988527
3733,I11,DR_20221209_143805,1820.0,-0.02889738
3734,I11,DR_20221209_143805,1821.0,-0.026038725
3735,I11,DR_20221209_143805,1822.0,0.01923191
3736,I11,DR_20221209_143805,1823.0,-0.0039759823
3737,I11,DR_20221209_143805,1824.0,-0.0048459643
3738,I11,DR_20221209_143805,1825.0,-0.025350388
3739,I11,DR_20221209_143805,1826.0,0.0050964565
3740,I11,DR_20221209_143805,1827.0,-0.030421605
3741,I12,DR_20221209_143805,1828.0,0.0694527
3742,I12,DR_20221209_143805,1829.0,-0.020341547
3743,I12,DR_20221209_143805,1830.0,0.00053329946
3744,I12,DR_20221209_143805,1831.0,-0.03676595
3745,I12,DR_20221209_143805,1832.0,0.014916533
3746,I12,DR_20221209_143805,1833.0,0.023653155
3747,I12,DR_20221209_143805,1834.0,0.14494069
3748,I12,DR_20221209_143805,1835.0,0.006070772
3749,I12,DR_20221209_143805,1836.0,-0.007122632
3750,I13,DR_20221209_143805,1837.0,0.02875242
3751,I13,DR_20221209_143805,1838.0,0.0030171645
3752,I13,DR_20221209_143805,1839.0,0.0065424843
3753,I13,DR_20221209_143805,1840.0,0.0021495456
3754,I13,DR_20221209_143805,1841.0,-0.020158043
3755,I13,DR_20221209_143805,1842.0,-0.020991419
3756,I13,DR_20221209_143805,1843.0,-0.00086645666
3757,I13,DR_20221209_143805,1844.0,-0.022468997
3758,I13,DR_20221209_143805,1845.0,0.03445892
3759,I14,DR_20221209_143805,1846.0,-0.010548989
3760,I14,DR_20221209_143805,1847.0,0.032785606
3761,I14,DR_20221209_143805,1848.0,0.015142755
3762,I14,DR_20221209_143805,1849.0,0.0055374373
3763,I14,DR_20221209_143805,1850.0,3.804295e-05
3764,I14,DR_20221209_143805,1851.0,-0.005888914
3765,I14,DR_20221209_143805,1852.0,0.058579404
3766,I14,DR_20221209_143805,1853.0,0.04099623
3767,I14,DR_20221209_143805,1854.0,-0.046480622
3768,I15,DR_20221209_143805,1855.0,0.0662979
3769,I15,DR_20221209_143805,1856.0,0.018459715
3770,I15,DR_20221209_143805,1857.0,0.0240425
3771,I15,DR_20221209_143805,1858.0,0.0017676435
3772,I15,DR_20221209_143805,1859.0,0.0041806
3773,I15,DR_20221209_143805,1860.0,0.024565399
3774,I15,DR_20221209_143805,1861.0,-0.007062913
3775,I15,DR_20221209_143805,1862.0,0.0032990472
3776,I15,DR_20221209_143805,1863.0,0.005403421
3777,I16,DR_20221209_143805,1864.0,0.015052195
3778,I16,DR_20221209_143805,1865.0,0.0046817516
3779,I16,DR_20221209_143805,1866.0,-0.0058628265
3780,I16,DR_20221209_143805,1867.0,-0.011699674
3781,I16,DR_20221209_143805,1868.0,-0.01009147
3782,I16,DR_20221209_143805,1869.0,0.016768044
3783,I16,DR_20221209_143805,1870.0,0.160347
3784,I16,DR_20221209_143805,1871.0,0.013714304
3785,I16,DR_20221209_143805,1872.0,0.17672023
3786,I17,DR_20221209_143805,1873.0,-0.013767975
3787,I17,DR_20221209_143805,1874.0,-0.035973273
3788,I17,DR_20221209_143805,1875.0,0.014716686
3789,I17,DR_20221209_143805,1876.0,0.02597759
3790,I17,DR_20221209_143805,1877.0,-0.0013166091
3791,I17,DR_20221209_143805,1878.0,-0.017337242
3792,I17,DR_20221209_143805,1879.0,-0.0044729416
3793,I17,DR_20221209_143805,1880.0,0.031396735
3794,I17,DR_20221209_143805,1881.0,-0.011422976
3795,I18,DR_20221209_143805,1882.0,-0.015711786
3796,I18,DR_20221209_143805,1883.0,-0.016263142
3797,I18,DR_20221209_143805,1884.0,0.14307368
3798,I18,DR_20221209_143805,1885.0,0.0028249333
3799,I18,DR_20221209_143805,1886.0,0.04575282
3800,I18,DR_20221209_143805,1887.0,-0.010081471
3801,I18,DR_20221209_143805,1888.0,0.04146732
3802,I18,DR_20221209_143805,1889.0,0.035621498
3803,I18,DR_20221209_143805,1890.0,0.013800167
3804,I19,DR_20221209_143805,1891.0,0.013908323
3805,I19,DR_20221209_143805,1892.0,-0.007648356
3806,I19,DR_20221209_143805,1893.0,0.029298991
3807,I19,DR_20221209_143805,1894.0,0.022350244
3808,I19,DR_20221209_143805,1895.0,0.0062606777
3809,I19,DR_20221209_143805,1896.0,0.0062467433
3810,I19,DR_20221209_143805,1897.0,0.04294835
3811,I19,DR_20221209_143805,1898.0,0.013777866
3812,I19,DR_20221209_143805,1899.0,0.08783479
3813,I20,DR_20221209_143805,1900.0,-0.00017913964
3814,I20,DR_20221209_143805,1901.0,-0.037563644
3815,I20,DR_20221209_143805,1902.0,0.0057613617
3816,I20,DR_20221209_143805,1903.0,0.00065154047
3817,I20,DR_20221209_143805,1904.0,-0.008981504
3818,I20,DR_20221209_143805,1905.0,-0.0020957964
3819,I20,DR_20221209_143805,1906.0,0.0025883133
3820,I20,DR_20221209_143805,1907.0,-0.0015932162
3821,I20,DR_20221209_143805,1908.0,0.0057372106
3822,I21,DR_20221209_143805,1909.0,0.0054382356
3823,I21,DR_20221209_143805,1910.0,-0.042610288
3824,I21,DR_20221209_143805,1911.0,0.0027932685
3825,I21,DR_20221209_143805,1912.0,0.00022896883
3826,I21,DR_20221209_143805,1913.0,0.01919677
3827,I21,DR_20221209_143805,1914.0,0.006144369
3828,I21,DR_20221209_143805,1915.0,-0.062969126
3829,I21,DR_20221209_143805,1916.0,-0.0016910976
3830,I21,DR_20221209_143805,1917.0,0.018207854
3831,I22,DR_20221209_143805,1918.0,0.022650076
3832,I22,DR_20221209_143805,1919.0,0.19641498
3833,I22,DR_20221209_143805,1920.0,0.16179645
3834,I22,DR_20221209_143805,1921.0,-0.008163935
3835,I22,DR_20221209_143805,1922.0,0.017197441
3836,I22,DR_20221209_143805,1923.0,-0.0212532
3837,I22,DR_20221209_143805,1924.0,-0.0027728302
3838,I22,DR_20221209_143805,1925.0,0.04682679
3839,I22,DR_20221209_143805,1926.0,0.0130023025
3876,J03,DR_20221209_143805,1963.0,0.20076707
3877,J03,DR_20221209_143805,1964.0,0.0040331176
3878,J03,DR_20221209_143805,1965.0,0.046423987
3879,J03,DR_20221209_143805,1966.0,0.008647441
3880,J03,DR_20221209_143805,1967.0,0.27121222
3881,J03,DR_20221209_143805,1968.0,0.014947363
3882,J03,DR_20221209_143805,1969.0,0.4574486
3883,J03,DR_20221209_143805,1970.0,-0.012717387
3884,J04,DR_20221209_143805,1971.0,0.00015551416
3885,J04,DR_20221209_143805,1972.0,-0.0043447684
3886,J04,DR_20221209_143805,1973.0,0.005409301
3887,J04,DR_20221209_143805,1974.0,0.002310465
3888,J04,DR_20221209_143805,1975.0,-0.037019026
3889,J04,DR_20221209_143805,1976.0,0.022358535
3890,J04,DR_20221209_143805,1977.0,0.025873799
3891,J04,DR_20221209_143805,1978.0,0.011695347
3892,J04,DR_20221209_143805,1979.0,-0.007731995
3893,J05,DR_20221209_143805,1980.0,0.0065787877
3894,J05,DR_20221209_143805,1981.0,-0.018153464
3895,J05,DR_20221209_143805,1982.0,-0.003375018
3896,J05,DR_20221209_143805,1983.0,-0.018344812
3897,J05,DR_20221209_143805,1984.0,0.014279978
3898,J05,DR_20221209_143805,1985.0,0.014614285
3899,J05,DR_20221209_143805,1986.0,0.002165598
3900,J05,DR_20221209_143805,1987.0,0.0052613933
3901,J05,DR_20221209_143805,1988.0,-0.01715773
3902,J06,DR_20221209_143805,1989.0,0.011474026
3903,J06,DR_20221209_143805,1990.0,-0.015886188
3904,J06,DR_20221209_143805,1991.0,0.0068353866
3905,J06,DR_20221209_143805,1992.0,0.0014867977
3906,J06,DR_20221209_143805,1993.0,-0.0039655645
3907,J06,DR_20221209_143805,1994.0,-0.022754101
3908,J06,DR_20221209_143805,1995.0,-0.020324914
3909,J06,DR_20221209_143805,1996.0,-0.010259271
3910,J06,DR_20221209_143805,1997.0,-0.0023497653
3911,J07,DR_20221209_143805,1998.0,-0.005907277
3912,J07,DR_20221209_143805,1999.0,0.007263397
3913,J07,DR_20221209_143805,2000.0,0.0067115133
3914,J07,DR_20221209_143805,2001.0,-0.06667961
3915,J07,DR_20221209_143805,2002.0,-0.010655719
3916,J07,DR_20221209_143805,2003.0,-0.0022853932
3917,J07,DR_20221209_143805,2004.0,-0.018399954
3918,J07,DR_20221209_143805,2005.0,-0.008373576
3919,J07,DR_20221209_143805,2006.0,0.048871864
3920,J08,DR_20221209_143805,2007.0,-0.013494
3921,J08,DR_20221209_143805,2008.0,0.021278718
3922,J08,DR_20221209_143805,2009.0,0.03713574
3923,J08,DR_20221209_143805,2010.0,0.0061265677
3924,J08,DR_20221209_143805,2011.0,0.0014924267
3925,J08,DR_20221209_143805,2012.0,-0.022800367
3926,J08,DR_20221209_143805,2013.0,-0.019348389
3927,J08,DR_20221209_143805,2014.0,0.0023390506
3928,J08,DR_20221209_143805,2015.0,0.009553155
3929,J09,DR_20221209_143805,2016.0,0.00034912143
3930,J09,DR_20221209_143805,2017.0,-0.040429294
3931,J09,DR_20221209_143805,2018.0,0.0028484694
3932,J09,DR_20221209_143805,2019.0,0.09978351
3933,J09,DR_20221209_143805,2020.0,0.025315087
3934,J09,DR_20221209_143805,2021.0,0.03913916
3935,J09,DR_20221209_143805,2022.0,-0.009600937
3936,J09,DR_20221209_143805,2023.0,-0.113618545
3937,J09,DR_20221209_143805,2024.0,0.0020962837
3938,J10,DR_20221209_143805,2025.0,0.0032479684
3939,J10,DR_20221209_143805,2026.0,-0.016818095
3940,J10,DR_20221209_143805,2027.0,0.020741964
3941,J10,DR_20221209_143805,2028.0,0.007568271
3942,J10,DR_20221209_143805,2029.0,0.0036361548
3943,J10,DR_20221209_143805,2030.0,0.0018478913
3944,J10,DR_20221209_143805,2031.0,0.0038371044
3945,J10,DR_20221209_143805,2032.0,0.0013476221
3946,J10,DR_20221209_143805,2033.0,0.09110688
3947,J11,DR_20221209_143805,2034.0,-0.010414861
3948,J11,DR_20221209_143805,2035.0,0.052406784
3949,J11,DR_20221209_143805,2036.0,0.026044302
3950,J11,DR_20221209_143805,2037.0,-0.03502813
3951,J11,DR_20221209_143805,2038.0,-0.019718613
3952,J11,DR_20221209_143805,2039.0,0.033920567
3953,J11,DR_20221209_143805,2040.0,0.017277332
3954,J11,DR_20221209_143805,2041.0,0.01680904
3955,J11,DR_20221209_143805,2042.0,0.007787136
3956,J12,DR_20221209_143805,2043.0,0.0044545475
3957,J12,DR_20221209_143805,2044.0,0.03948874
3958,J12,DR_20221209_143805,2045.0,0.06521056
3959,J12,DR_20221209_143805,2046.0,0.004049912
3960,J12,DR_20221209_143805,2047.0,-0.0057963403
3961,J12,DR_20221209_143805,2048.0,-0.013657302
3962,J12,DR_20221209_143805,2049.0,-0.009935795
3963,J12,DR_20221209_143805,2050.0,0.0069425493
3964,J12,DR_20221209_143805,2051.0,0.0035985354
3965,J13,DR_20221209_143805,2052.0,0.0115874745
3966,J13,DR_20221209_143805,2053.0,0.039909415
3967,J13,DR_20221209_143805,2054.0,0.004275023
3968,J13,DR_20221209_143805,2055.0,-0.027923007
3969,J13,DR_20221209_143805,2056.0,0.010994822
3970,J13,DR_20221209_143805,2057.0,-0.032883182
3971,J13,DR_20221209_143805,2058.0,0.051217675
3972,J13,DR_20221209_143805,2059.0,0.0033470718
3973,J13,DR_20221209_143805,2060.0,0.0030874033
3974,J14,DR_20221209_143805,2061.0,-0.0043111863
3975,J14,DR_20221209_143805,2062.0,0.008110478
3976,J14,DR_20221209_143805,2063.0,0.07799604
3977,J14,DR_20221209_143805,2064.0,-0.047600865
3978,J14,DR_20221209_143805,2065.0,0.0007861733
3979,J14,DR_20221209_143805,2066.0,-0.057630964
3980,J14,DR_20221209_143805,2067.0,-0.0025718452
3981,J14,DR_20221209_143805,2068.0,-0.0022647192
3982,J14,DR_20221209_143805,2069.0,0.117902905
3983,J15,DR_20221209_143805,2070.0,0.015257327
3984,J15,DR_20221209_143805,2071.0,0.0074345362
3985,J15,DR_20221209_143805,2072.0,0.0029592132
3986,J15,DR_20221209_143805,2073.0,0.12995636
3987,J15,DR_20221209_143805,2074.0,-0.035603978
3988,J15,DR_20221209_143805,2075.0,0.15200529
3989,J15,DR_20221209_143805,2076.0,-0.008915473
3990,J15,DR_20221209_143805,2077.0,0.028553488
3991,J15,DR_20221209_143805,2078.0,0.08293457
3992,J16,DR_20221209_143805,2079.0,0.006714142
3993,J16,DR_20221209_143805,2080.0,-0.0031300723
3994,J16,DR_20221209_143805,2081.0,0.24936733
3995,J16,DR_20221209_143805,2082.0,0.116467394
3996,J16,DR_20221209_143805,2083.0,0.017111823
3997,J16,DR_20221209_143805,2084.0,-0.0075215516
3998,J16,DR_20221209_143805,2085.0,-0.028426476
3999,J16,DR_20221209_143805,2086.0,-0.030852655
4000,J16,DR_20221209_143805,2087.0,0.0018017796
4001,J17,DR_20221209_143805,2088.0,-0.015740937
4002,J17,DR_20221209_143805,2089.0,0.10555909
4003,J17,DR_20221209_143805,2090.0,-0.031351384
4004,J17,DR_20221209_143805,2091.0,0.36342728
4005,J17,DR_20221209_143805,2092.0,-0.005773919
4006,J17,DR_20221209_143805,2093.0,-0.0022410403
4007,J17,DR_20221209_143805,2094.0,-0.015071456
4008,J17,DR_20221209_143805,2095.0,0.022378184
4009,J17,DR_20221209_143805,2096.0,0.09455393
4010,J18,DR_20221209_143805,2097.0,-0.06351542
4011,J18,DR_20221209_143805,2098.0,0.012542056
4012,J18,DR_20221209_143805,2099.0,0.0020651543
4013,J18,DR_20221209_143805,2100.0,-0.012636909
4014,J18,DR_20221209_143805,2101.0,0.018373808
4015,J18,DR_20221209_143805,2102.0,0.010329571
4016,J18,DR_20221209_143805,2103.0,-0.013791856
4017,J18,DR_20221209_143805,2104.0,0.026312148
4018,J18,DR_20221209_143805,2105.0,0.021287113
4019,J19,DR_20221209_143805,2106.0,0.047405846
4020,J19,DR_20221209_143805,2107.0,0.0015422433
4021,J19,DR_20221209_143805,2108.0,0.0055201347
4022,J19,DR_20221209_143805,2109.0,-0.0010916406
4023,J19,DR_20221209_143805,2110.0,0.0088732205
4024,J19,DR_20221209_143805,2111.0,0.028861547
4025,J19,DR_20221209_143805,2112.0,0.02278684
4026,J19,DR_20221209_143805,2113.0,0.034813285
4027,J19,DR_20221209_143805,2114.0,-0.008599552
4028,J20,DR_20221209_143805,2115.0,0.030109886
4029,J20,DR_20221209_143805,2116.0,0.16506079
4030,J20,DR_20221209_143805,2117.0,0.004807943
4031,J20,DR_20221209_143805,2118.0,-0.01665898
4032,J20,DR_20221209_143805,2119.0,0.0029687819
4033,J20,DR_20221209_143805,2120.0,-0.0042515667
4034,J20,DR_20221209_143805,2121.0,0.39189348
4035,J20,DR_20221209_143805,2122.0,0.025562476
4036,J20,DR_20221209_143805,2123.0,-0.0020373322
4037,J21,DR_20221209_143805,2124.0,-0.0078104376
4038,J21,DR_20221209_143805,2125.0,0.0013657227
4039,J21,DR_20221209_143805,2126.0,0.03784796
4040,J21,DR_20221209_143805,2127.0,0.042604398
4041,J21,DR_20221209_143805,2128.0,-0.0008668412
4042,J21,DR_20221209_143805,2129.0,0.013527955
4043,J21,DR_20221209_143805,2130.0,-0.004833781
4044,J21,DR_20221209_143805,2131.0,-0.0065462487
4045,J21,DR_20221209_143805,2132.0,0.05506153
4046,J22,DR_20221209_143805,2133.0,0.06837116
4047,J22,DR_20221209_143805,2134.0,0.035540275
4048,J22,DR_20221209_143805,2135.0,-0.00979848
4049,J22,DR_20221209_143805,2136.0,0.026660005
4050,J22,DR_20221209_143805,2137.0,-0.026524367
4051,J22,DR_20221209_143805,2138.0,-0.016343703
4052,J22,DR_20221209_143805,2139.0,0.0018130656
4053,J22,DR_20221209_143805,2140.0,0.00550073
4054,J22,DR_20221209_143805,2141.0,-0.04870091
4091,K04,DR_20221209_143805,2187.0,0.021620909
4092,K04,DR_20221209_143805,2188.0,-0.0019275029
4093,K04,DR_20221209_143805,2189.0,0.002513968
4094,K04,DR_20221209_143805,2190.0,-0.054091647
4095,K04,DR_20221209_143805,2191.0,0.0046553724
4096,K04,DR_20221209_143805,2192.0,0.003014934
4097,K04,DR_20221209_143805,2193.0,-0.013756924
4098,K04,DR_20221209_143805,2194.0,0.008147042
4099,K04,DR_20221209_143805,2195.0,0.023309194
4100,K05,DR_20221209_143805,2196.0,0.025644347
4101,K05,DR_20221209_143805,2197.0,0.009105247
4102,K05,DR_20221209_143805,2198.0,0.011339675
4103,K05,DR_20221209_143805,2199.0,-0.011649924
4104,K05,DR_20221209_143805,2200.0,0.00827991
4105,K05,DR_20221209_143805,2201.0,0.011035985
4106,K05,DR_20221209_143805,2202.0,0.0043271026
4107,K05,DR_20221209_143805,2203.0,-0.030760525
4108,K05,DR_20221209_143805,2204.0,-0.00086092076
4109,K06,DR_20221209_143805,2205.0,0.01725676
4110,K06,DR_20221209_143805,2206.0,-0.0002916548
4111,K06,DR_20221209_143805,2207.0,0.0037704918
4112,K06,DR_20221209_143805,2208.0,0.001478288
4113,K06,DR_20221209_143805,2209.0,0.016954083
4114,K06,DR_20221209_143805,2210.0,-0.0069384575
4115,K06,DR_20221209_143805,2211.0,0.015236463
4116,K06,DR_20221209_143805,2212.0,0.02674774
4117,K06,DR_20221209_143805,2213.0,0.00848086
4118,K07,DR_20221209_143805,2214.0,0.0015666112
4119,K07,DR_20221209_143805,2215.0,0.0020468722
4120,K07,DR_20221209_143805,2216.0,0.43021294
4121,K07,DR_20221209_143805,2217.0,0.0011447782
4122,K07,DR_20221209_143805,2218.0,0.018479997
4123,K07,DR_20221209_143805,2219.0,-0.008027133
4124,K07,DR_20221209_143805,2220.0,-0.010139963
4125,K07,DR_20221209_143805,2221.0,-0.021770565
4126,K07,DR_20221209_143805,2222.0,0.013213448
4127,K08,DR_20221209_143805,2223.0,0.2803471
4128,K08,DR_20221209_143805,2224.0,-0.05165475
4129,K08,DR_20221209_143805,2225.0,-0.020900108
4130,K08,DR_20221209_143805,2226.0,-0.018143142
4131,K08,DR_20221209_143805,2227.0,-0.01595536
4132,K08,DR_20221209_143805,2228.0,-0.008695846
4133,K08,DR_20221209_143805,2229.0,0.006340382
4134,K08,DR_20221209_143805,2230.0,-0.053101905
4135,K08,DR_20221209_143805,2231.0,-0.0033695824
4136,K09,DR_20221209_143805,2232.0,0.008999036
4137,K09,DR_20221209_143805,2233.0,0.0051639806
4138,K09,DR_20221209_143805,2234.0,-0.04009091
4139,K09,DR_20221209_143805,2235.0,-0.010892323
4140,K09,DR_20221209_143805,2236.0,0.00055612787
4141,K09,DR_20221209_143805,2237.0,-0.036549117
4142,K09,DR_20221209_143805,2238.0,-0.0034381296
4143,K09,DR_20221209_143805,2239.0,-0.020704454
4144,K09,DR_20221209_143805,2240.0,-0.049023136
4145,K10,DR_20221209_143805,2241.0,0.16128275
4146,K10,DR_20221209_143805,2242.0,-0.042213
4147,K10,DR_20221209_143805,2243.0,0.12798928
4148,K10,DR_20221209_143805,2244.0,-0.018717669
4149,K10,DR_20221209_143805,2245.0,0.0075584278
4150,K10,DR_20221209_143805,2246.0,-0.0045741135
4151,K10,DR_20221209_143805,2247.0,0.0057588466
4152,K10,DR_20221209_143805,2248.0,-0.00013358047
4153,K10,DR_20221209_143805,2249.0,0.11507424
4154,K11,DR_20221209_143805,2250.0,-0.028985215
4155,K11,DR_20221209_143805,2251.0,0.14302094
4156,K11,DR_20221209_143805,2252.0,0.015997991
4157,K11,DR_20221209_143805,2253.0,-0.0041483017
4158,K11,DR_20221209_143805,2254.0,0.011904387
4159,K11,DR_20221209_143805,2255.0,-0.018679185
4160,K11,DR_20221209_143805,2256.0,4.9731076e-05
4161,K11,DR_20221209_143805,2257.0,-0.022741761
4162,K11,DR_20221209_143805,2258.0,0.020957505
4163,K12,DR_20221209_143805,2259.0,0.011087108
4164,K12,DR_20221209_143805,2260.0,-0.029926278
4165,K12,DR_20221209_143805,2261.0,0.004195164
4166,K12,DR_20221209_143805,2262.0,-0.017637067
4167,K12,DR_20221209_143805,2263.0,0.021739557
4168,K12,DR_20221209_143805,2264.0,-0.029463978
4169,K12,DR_20221209_143805,2265.0,-0.015502116
4170,K12,DR_20221209_143805,2266.0,0.0012729216
4171,K12,DR_20221209_143805,2267.0,-0.025166316
4172,K14,DR_20221209_143805,2277.0,0.0041160313
4173,K14,DR_20221209_143805,2278.0,0.011405123
4174,K14,DR_20221209_143805,2279.0,0.019396681
4175,K14,DR_20221209_143805,2280.0,0.18081939
4176,K14,DR_20221209_143805,2281.0,0.05407807
4177,K14,DR_20221209_143805,2282.0,-0.053488974
4178,K14,DR_20221209_143805,2283.0,0.002861552
4179,K14,DR_20221209_143805,2284.0,0.07002153
4180,K14,DR_20221209_143805,2285.0,0.001120689
4181,K18,DR_20221209_143805,2313.0,0.06020813
4182,K18,DR_20221209_143805,2314.0,0.09010804
4183,K18,DR_20221209_143805,2315.0,-0.011683837
4184,K18,DR_20221209_143805,2316.0,-0.02285656
4185,K18,DR_20221209_143805,2317.0,-0.020491047
4186,K18,DR_20221209_143805,2318.0,0.018699786
4187,K18,DR_20221209_143805,2319.0,0.0019083611
4188,K18,DR_20221209_143805,2320.0,-0.014765559
4189,K18,DR_20221209_143805,2321.0,-0.0594967
4190,K19,DR_20221209_143805,2322.0,0.021839535
4191,K19,DR_20221209_143805,2323.0,0.10353052
4192,K19,DR_20221209_143805,2324.0,0.04584127
4193,K19,DR_20221209_143805,2325.0,-0.00051920686
4194,K19,DR_20221209_143805,2326.0,-0.01852233
4195,K19,DR_20221209_143805,2327.0,0.012646657
4196,K19,DR_20221209_143805,2328.0,0.053552333
4197,K19,DR_20221209_143805,2329.0,-0.000881351
4198,K19,DR_20221209_143805,2330.0,0.0012956214
4199,K20,DR_20221209_143805,2331.0,-0.04316497
4200,K20,DR_20221209_143805,2332.0,0.0074976473
4201,K20,DR_20221209_143805,2333.0,0.1463173
4202,K20,DR_20221209_143805,2334.0,-0.00512571
4203,K20,DR_20221209_143805,2335.0,-0.03440047
4204,K20,DR_20221209_143805,2336.0,0.0017665122
4205,K20,DR_20221209_143805,2337.0,0.0008690957
4206,K20,DR_20221209_143805,2338.0,-0.00037220886
4207,K20,DR_20221209_143805,2339.0,0.0006177744
4208,K21,DR_20221209_143805,2340.0,-0.058304045
4209,K21,DR_20221209_143805,2341.0,-0.0044813603
4210,K21,DR_20221209_143805,2342.0,0.0025500143
4211,K21,DR_20221209_143805,2343.0,0.0131407175
4212,K21,DR_20221209_143805,2344.0,0.0066138236
4213,K21,DR_20221209_143805,2345.0,-0.05506836
4214,K21,DR_20221209_143805,2346.0,-0.0027935752
4215,K21,DR_20221209_143805,2347.0,0.06127642
4216,K21,DR_20221209_143805,2348.0,0.13496336
4217,K22,DR_20221209_143805,2349.0,0.37817925
4218,K22,DR_20221209_143805,2350.0,0.056130514
4219,K22,DR_20221209_143805,2351.0,-0.03598596
4220,K22,DR_20221209_143805,2352.0,0.0941409
4221,K22,DR_20221209_143805,2353.0,0.11824095
4222,K22,DR_20221209_143805,2354.0,-0.03161456
4223,K22,DR_20221209_143805,2355.0,-0.0021799074
4224,K22,DR_20221209_143805,2356.0,-0.014265451
4225,K22,DR_20221209_143805,2357.0,0.0013481562
4262,L04,DR_20221209_143805,2403.0,-0.007339678
4263,L04,DR_20221209_143805,2404.0,0.0022985905
4264,L04,DR_20221209_143805,2405.0,-0.007245738
4265,L04,DR_20221209_143805,2406.0,-0.029667526
4266,L04,DR_20221209_143805,2407.0,0.011004662
4267,L04,DR_20221209_143805,2408.0,0.007601862
4268,L04,DR_20221209_143805,2409.0,0.0145728495
4269,L04,DR_20221209_143805,2410.0,0.032560304
4270,L04,DR_20221209_143805,2411.0,0.006104566
4271,L05,DR_20221209_143805,2412.0,0.008052984
4272,L05,DR_20221209_143805,2413.0,0.009218366
4273,L05,DR_20221209_143805,2414.0,0.0064526782
4274,L05,DR_20221209_143805,2415.0,0.0028748286
4275,L05,DR_20221209_143805,2416.0,-0.0072218063
4276,L05,DR_20221209_143805,2417.0,-0.014839412
4277,L05,DR_20221209_143805,2418.0,0.037813447
4278,L05,DR_20221209_143805,2419.0,-0.0041112024
4279,L05,DR_20221209_143805,2420.0,-0.0070218407
4280,L06,DR_20221209_143805,2421.0,-0.019665975
4281,L06,DR_20221209_143805,2422.0,0.013733866
4282,L06,DR_20221209_143805,2423.0,-0.0027350336
4283,L06,DR_20221209_143805,2424.0,-0.0026359262
4284,L06,DR_20221209_143805,2425.0,0.007335286
4285,L06,DR_20221209_143805,2426.0,-0.004354229
4286,L06,DR_20221209_143805,2427.0,-0.0017996258
4287,L06,DR_20221209_143805,2428.0,-0.015127712
4288,L06,DR_20221209_143805,2429.0,-0.0036853726
4289,L07,DR_20221209_143805,2430.0,-0.029205056
4290,L07,DR_20221209_143805,2431.0,-0.00668817
4291,L07,DR_20221209_143805,2432.0,-0.02900667
4292,L07,DR_20221209_143805,2433.0,-0.024618473
4293,L07,DR_20221209_143805,2434.0,-0.046787445
4294,L07,DR_20221209_143805,2435.0,0.009701802
4295,L07,DR_20221209_143805,2436.0,0.1792597
4296,L07,DR_20221209_143805,2437.0,0.0010133345
4297,L07,DR_20221209_143805,2438.0,0.021880899
4298,L08,DR_20221209_143805,2439.0,0.010335837
4299,L08,DR_20221209_143805,2440.0,-0.0057835085
4300,L08,DR_20221209_143805,2441.0,0.012747133
4301,L08,DR_20221209_143805,2442.0,0.041959614
4302,L08,DR_20221209_143805,2443.0,0.028424392
4303,L08,DR_20221209_143805,2444.0,-0.011876003
4304,L08,DR_20221209_143805,2445.0,0.003906519
4305,L08,DR_20221209_143805,2446.0,0.012928151
4306,L08,DR_20221209_143805,2447.0,-0.00744333
4307,L09,DR_20221209_143805,2448.0,-0.00782389
4308,L09,DR_20221209_143805,2449.0,-0.03156061
4309,L09,DR_20221209_143805,2450.0,0.1497261
4310,L09,DR_20221209_143805,2451.0,-0.004925221
4311,L09,DR_20221209_143805,2452.0,0.011204325
4312,L09,DR_20221209_143805,2453.0,-0.0024803388
4313,L09,DR_20221209_143805,2454.0,0.013990462
4314,L09,DR_20221209_143805,2455.0,-0.016099555
4315,L09,DR_20221209_143805,2456.0,0.00023543212
4316,L10,DR_20221209_143805,2457.0,0.023560531
4317,L10,DR_20221209_143805,2458.0,0.08116377
4318,L10,DR_20221209_143805,2459.0,0.53232723
4319,L10,DR_20221209_143805,2460.0,-0.025542632
4320,L10,DR_20221209_143805,2461.0,0.013317088
4321,L10,DR_20221209_143805,2462.0,0.0066471985
4322,L10,DR_20221209_143805,2463.0,0.017829375
4323,L10,DR_20221209_143805,2464.0,-0.0027214948
4324,L10,DR_20221209_143805,2465.0,0.5454819
4325,L11,DR_20221209_143805,2466.0,0.011415016
4326,L11,DR_20221209_143805,2467.0,0.1939787
4327,L11,DR_20221209_143805,2468.0,-0.04749715
4328,L11,DR_20221209_143805,2469.0,-0.0041671996
4329,L11,DR_20221209_143805,2470.0,0.026915152
4330,L11,DR_20221209_143805,2471.0,0.012371017
4331,L11,DR_20221209_143805,2472.0,-0.0141210295
4332,L11,DR_20221209_143805,2473.0,-0.03638562
4333,L11,DR_20221209_143805,2474.0,-0.028212853
4334,L12,DR_20221209_143805,2475.0,0.0017582026
4335,L12,DR_20221209_143805,2476.0,0.008013714
4336,L12,DR_20221209_143805,2477.0,-0.012546785
4337,L12,DR_20221209_143805,2478.0,-0.020336922
4338,L12,DR_20221209_143805,2479.0,0.0064119217
4339,L12,DR_20221209_143805,2480.0,-0.0051912135
4340,L12,DR_20221209_143805,2481.0,0.030835247
4341,L12,DR_20221209_143805,2482.0,-0.010795941
4342,L12,DR_20221209_143805,2483.0,0.059203018
4343,L13,DR_20221209_143805,2484.0,-0.020596344
4344,L13,DR_20221209_143805,2485.0,0.026885396
4345,L13,DR_20221209_143805,2486.0,0.014361506
4346,L13,DR_20221209_143805,2487.0,-0.04442886
4347,L13,DR_20221209_143805,2488.0,-0.011270575
4348,L13,DR_20221209_143805,2489.0,-0.0042682737
4349,L13,DR_20221209_143805,2490.0,0.0063126325
4350,L13,DR_20221209_143805,2491.0,0.010536565
4351,L13,DR_20221209_143805,2492.0,-0.0065987306
4352,L18,DR_20221209_143805,2529.0,-0.041138906
4353,L18,DR_20221209_143805,2530.0,0.1930749
4354,L18,DR_20221209_143805,2531.0,0.8257036
4355,L18,DR_20221209_143805,2532.0,0.19772726
4356,L18,DR_20221209_143805,2533.0,0.042599328
4357,L18,DR_20221209_143805,2534.0,0.04078695
4358,L18,DR_20221209_143805,2535.0,-0.016735708
4359,L18,DR_20221209_143805,2536.0,0.010746215
4360,L18,DR_20221209_143805,2537.0,0.0019545837
4361,L19,DR_20221209_143805,2538.0,0.0043699904
4362,L19,DR_20221209_143805,2539.0,-0.07325439
4363,L19,DR_20221209_143805,2540.0,0.00078689726
4364,L19,DR_20221209_143805,2541.0,-0.06396834
4365,L19,DR_20221209_143805,2542.0,0.10213837
4366,L19,DR_20221209_143805,2543.0,0.0074403347
4367,L19,DR_20221209_143805,2544.0,-0.010037708
4368,L19,DR_20221209_143805,2545.0,-0.017660458
4369,L19,DR_20221209_143805,2546.0,-0.006367415
4370,L22,DR_20221209_143805,2565.0,-0.01106693
4371,L22,DR_20221209_143805,2566.0,-0.014514944
4372,L22,DR_20221209_143805,2567.0,0.5719311
4373,L22,DR_20221209_143805,2568.0,-0.0147138685
4374,L22,DR_20221209_143805,2569.0,0.017676929
4375,L22,DR_20221209_143805,2570.0,-0.03363993
4376,L22,DR_20221209_143805,2571.0,0.025468253
4377,L22,DR_20221209_143805,2572.0,0.0036285773
4378,L22,DR_20221209_143805,2573.0,-0.012418405
4415,M03,DR_20221209_143805,2610.0,-0.0068688123
4416,M03,DR_20221209_143805,2611.0,0.15376286
4417,M03,DR_20221209_143805,2612.0,0.60377634
4418,M03,DR_20221209_143805,2613.0,0.77768135
4419,M03,DR_20221209_143805,2614.0,0.4427286
4420,M03,DR_20221209_143805,2615.0,0.12511908
4421,M03,DR_20221209_143805,2616.0,0.5485494
4422,M03,DR_20221209_143805,2617.0,0.5813938
4423,M03,DR_20221209_143805,2618.0,0.6544002
4424,M04,DR_20221209_143805,2619.0,0.07857808
4425,M04,DR_20221209_143805,2620.0,0.57811606
4426,M04,DR_20221209_143805,2621.0,0.3604753
4427,M04,DR_20221209_143805,2622.0,0.9196809
4428,M04,DR_20221209_143805,2623.0,0.4503499
4429,M04,DR_20221209_143805,2624.0,0.15562893
4430,M04,DR_20221209_143805,2625.0,0.6148641
4431,M04,DR_20221209_143805,2626.0,0.7091979
4432,M04,DR_20221209_143805,2627.0,0.9939011
4433,M05,DR_20221209_143805,2628.0,0.2285593
4434,M05,DR_20221209_143805,2629.0,0.503548
4435,M05,DR_20221209_143805,2630.0,0.51224226
4436,M05,DR_20221209_143805,2631.0,1.0206513
4437,M05,DR_20221209_143805,2632.0,0.35859495
4438,M05,DR_20221209_143805,2633.0,0.36154237
4439,M05,DR_20221209_143805,2634.0,0.8442896
4440,M05,DR_20221209_143805,2635.0,0.84993625
4441,M05,DR_20221209_143805,2636.0,-0.030487655
4442,M06,DR_20221209_143805,2637.0,0.46720618
4443,M06,DR_20221209_143805,2638.0,0.48955294
4444,M06,DR_20221209_143805,2639.0,0.35627174
4445,M06,DR_20221209_143805,2640.0,0.43075
4446,M06,DR_20221209_143805,2641.0,0.38874623
4447,M06,DR_20221209_143805,2642.0,0.05597936
4448,M06,DR_20221209_143805,2643.0,0.16127135
4449,M06,DR_20221209_143805,2644.0,0.7992644
4450,M06,DR_20221209_143805,2645.0,0.6434765
4451,M07,DR_20221209_143805,2646.0,0.07635085
4452,M07,DR_20221209_143805,2647.0,0.10685979
4453,M07,DR_20221209_143805,2648.0,0.029430086
4454,M07,DR_20221209_143805,2649.0,-0.08589061
4455,M07,DR_20221209_143805,2650.0,0.17055923
4456,M07,DR_20221209_143805,2651.0,0.03733204
4457,M07,DR_20221209_143805,2652.0,0.09278639
4458,M07,DR_20221209_143805,2653.0,0.08524821
4459,M07,DR_20221209_143805,2654.0,0.07182572
4460,M08,DR_20221209_143805,2655.0,0.038385186
4461,M08,DR_20221209_143805,2656.0,0.01122125
4462,M08,DR_20221209_143805,2657.0,0.004871494
4463,M08,DR_20221209_143805,2658.0,-0.024505408
4464,M08,DR_20221209_143805,2659.0,0.022036912
4465,M08,DR_20221209_143805,2660.0,0.007049576
4466,M08,DR_20221209_143805,2661.0,0.04221432
4467,M08,DR_20221209_143805,2662.0,0.11257903
4468,M08,DR_20221209_143805,2663.0,0.02512294
4469,M09,DR_20221209_143805,2664.0,-0.0077253594
4470,M09,DR_20221209_143805,2665.0,-0.03366624
4471,M09,DR_20221209_143805,2666.0,-0.0053338353
4472,M09,DR_20221209_143805,2667.0,-0.00028400056
4473,M09,DR_20221209_143805,2668.0,-0.021322452
4474,M09,DR_20221209_143805,2669.0,0.0038727764
4475,M09,DR_20221209_143805,2670.0,-0.026162047
4476,M09,DR_20221209_143805,2671.0,0.011106011
4477,M09,DR_20221209_143805,2672.0,0.013421633
4478,M10,DR_20221209_143805,2673.0,0.025967315
4479,M10,DR_20221209_143805,2674.0,0.08011822
4480,M10,DR_20221209_143805,2675.0,0.018661864
4481,M10,DR_20221209_143805,2676.0,0.023670824
4482,M10,DR_20221209_143805,2677.0,0.013652666
4483,M10,DR_20221209_143805,2678.0,0.003972016
4484,M10,DR_20221209_143805,2679.0,0.019376826
4485,M10,DR_20221209_143805,2680.0,0.037998155
4486,M10,DR_20221209_143805,2681.0,0.2980203
4487,M11,DR_20221209_143805,2682.0,0.007336832
4488,M11,DR_20221209_143805,2683.0,-0.08487951
4489,M11,DR_20221209_143805,2684.0,0.08799906
4490,M11,DR_20221209_143805,2685.0,0.016376251
4491,M11,DR_20221209_143805,2686.0,-0.009404262
4492,M11,DR_20221209_143805,2687.0,-0.03829678
4493,M11,DR_20221209_143805,2688.0,0.15980984
4494,M11,DR_20221209_143805,2689.0,-0.0063074552
4495,M11,DR_20221209_143805,2690.0,0.015772918
4496,M12,DR_20221209_143805,2691.0,-0.0122772325
4497,M12,DR_20221209_143805,2692.0,0.0043965927
4498,M12,DR_20221209_143805,2693.0,-0.014050582
4499,M12,DR_20221209_143805,2694.0,-0.0012710695
4500,M12,DR_20221209_143805,2695.0,-0.010763815
4501,M12,DR_20221209_143805,2696.0,-0.024272922
4502,M12,DR_20221209_143805,2697.0,0.004413035
4503,M12,DR_20221209_143805,2698.0,0.007987396
4504,M12,DR_20221209_143805,2699.0,0.010372169
4514,N03,DR_20221209_143805,2718.0,0.8726918
4515,N03,DR_20221209_143805,2719.0,0.79551154
4516,N03,DR_20221209_143805,2720.0,0.3048174
4517,N03,DR_20221209_143805,2721.0,0.75762427
4518,N03,DR_20221209_143805,2722.0,0.82315224
4519,N03,DR_20221209_143805,2723.0,0.81870484
4520,N03,DR_20221209_143805,2724.0,0.9651344
4521,N03,DR_20221209_143805,2725.0,0.82733786
4522,N03,DR_20221209_143805,2726.0,0.37861872
4523,N04,DR_20221209_143805,2727.0,0.512038
4524,N04,DR_20221209_143805,2728.0,0.8018747
4525,N04,DR_20221209_143805,2729.0,0.57841474
4526,N04,DR_20221209_143805,2730.0,0.43513846
4527,N04,DR_20221209_143805,2731.0,0.82646537
4528,N04,DR_20221209_143805,2732.0,0.8372258
4529,N04,DR_20221209_143805,2733.0,0.94360054
4530,N04,DR_20221209_143805,2734.0,0.77145696
4531,N04,DR_20221209_143805,2735.0,0.087535396
4532,N05,DR_20221209_143805,2736.0,0.710913
4533,N05,DR_20221209_143805,2737.0,0.6702063
4534,N05,DR_20221209_143805,2738.0,0.6039386
4535,N05,DR_20221209_143805,2739.0,0.97141296
4536,N05,DR_20221209_143805,2740.0,0.29924673
4537,N05,DR_20221209_143805,2741.0,0.39479747
4538,N05,DR_20221209_143805,2742.0,0.70815754
4539,N05,DR_20221209_143805,2743.0,0.9235867
4540,N05,DR_20221209_143805,2744.0,0.51082546
4541,N06,DR_20221209_143805,2745.0,0.6925661
4542,N06,DR_20221209_143805,2746.0,0.4212021
4543,N06,DR_20221209_143805,2747.0,0.638259
4544,N06,DR_20221209_143805,2748.0,0.05666215
4545,N06,DR_20221209_143805,2749.0,0.89462036
4546,N06,DR_20221209_143805,2750.0,0.6102049
4547,N06,DR_20221209_143805,2751.0,0.1999599
4548,N06,DR_20221209_143805,2752.0,0.6171593
4549,N06,DR_20221209_143805,2753.0,0.271021
4550,N07,DR_20221209_143805,2754.0,0.054245446
4551,N07,DR_20221209_143805,2755.0,0.094298825
4552,N07,DR_20221209_143805,2756.0,-0.039953165
4553,N07,DR_20221209_143805,2757.0,0.05162817
4554,N07,DR_20221209_143805,2758.0,-0.0006321371
4555,N07,DR_20221209_143805,2759.0,0.1735327
4556,N07,DR_20221209_143805,2760.0,0.030596565
4557,N07,DR_20221209_143805,2761.0,0.034303963
4558,N07,DR_20221209_143805,2762.0,-0.14132814
4559,N08,DR_20221209_143805,2763.0,-0.0034489278
4560,N08,DR_20221209_143805,2764.0,0.025208082
4561,N08,DR_20221209_143805,2765.0,0.30702856
4562,N08,DR_20221209_143805,2766.0,-0.024861308
4563,N08,DR_20221209_143805,2767.0,-0.0002671747
4564,N08,DR_20221209_143805,2768.0,0.41839355
4565,N08,DR_20221209_143805,2769.0,-0.0025085947
4566,N08,DR_20221209_143805,2770.0,-0.022512972
4567,N08,DR_20221209_143805,2771.0,-0.007727179
4568,N09,DR_20221209_143805,2772.0,-0.072871655
4569,N09,DR_20221209_143805,2773.0,-0.039762918
4570,N09,DR_20221209_143805,2774.0,0.37796742
4571,N09,DR_20221209_143805,2775.0,0.33781442
4572,N09,DR_20221209_143805,2776.0,-0.05930274
4573,N09,DR_20221209_143805,2777.0,-0.062635094
4574,N09,DR_20221209_143805,2778.0,0.06572736
4575,N09,DR_20221209_143805,2779.0,-0.1535102
4576,N09,DR_20221209_143805,2780.0,-0.019626742
4577,N10,DR_20221209_143805,2781.0,0.025037467
4578,N10,DR_20221209_143805,2782.0,-0.0066538164
4579,N10,DR_20221209_143805,2783.0,0.11676324
4580,N10,DR_20221209_143805,2784.0,0.050961647
4581,N10,DR_20221209_143805,2785.0,0.09974589
4582,N10,DR_20221209_143805,2786.0,0.107877254
4583,N10,DR_20221209_143805,2787.0,0.017566778
4584,N10,DR_20221209_143805,2788.0,-0.01900641
4585,N10,DR_20221209_143805,2789.0,0.07346984
4586,N11,DR_20221209_143805,2790.0,-0.036524877
4587,N11,DR_20221209_143805,2791.0,-0.00020885625
4588,N11,DR_20221209_143805,2792.0,-0.036363684
4589,N11,DR_20221209_143805,2793.0,0.020764276
4590,N11,DR_20221209_143805,2794.0,-0.059713554
4591,N11,DR_20221209_143805,2795.0,0.00013001717
4592,N11,DR_20221209_143805,2796.0,-0.013821418
4593,N11,DR_20221209_143805,2797.0,-0.003340406
4594,N11,DR_20221209_143805,2798.0,-0.00364172
4595,N12,DR_20221209_143805,2799.0,-0.03648228
4596,N12,DR_20221209_143805,2800.0,-0.020051802
4597,N12,DR_20221209_143805,2801.0,0.009420633
4598,N12,DR_20221209_143805,2802.0,0.0023194172
4599,N12,DR_20221209_143805,2803.0,0.013587583
4600,N12,DR_20221209_143805,2804.0,-0.026763296
4601,N12,DR_20221209_143805,2805.0,0.015775986
4602,N12,DR_20221209_143805,2806.0,-0.0033024633
4603,N12,DR_20221209_143805,2807.0,-0.005367774
4622,O04,DR_20221209_143805,2835.0,0.9924116
4623,O04,DR_20221209_143805,2836.0,0.7772713
4624,O04,DR_20221209_143805,2837.0,0.6004204
4625,O04,DR_20221209_143805,2838.0,0.32199895
4626,O04,DR_20221209_143805,2839.0,0.2256305
4627,O04,DR_20221209_143805,2840.0,0.46652463
4628,O04,DR_20221209_143805,2841.0,0.16771166
4629,O04,DR_20221209_143805,2842.0,0.4425429
4630,O04,DR_20221209_143805,2843.0,0.08603885
4631,O05,DR_20221209_143805,2844.0,0.58713084
4632,O05,DR_20221209_143805,2845.0,0.36563036
4633,O05,DR_20221209_143805,2846.0,0.51805025
4634,O05,DR_20221209_143805,2847.0,0.21462357
4635,O05,DR_20221209_143805,2848.0,0.4161012
4636,O05,DR_20221209_143805,2849.0,0.8210511
4637,O05,DR_20221209_143805,2850.0,0.69634557
4638,O05,DR_20221209_143805,2851.0,0.08851564
4639,O05,DR_20221209_143805,2852.0,0.67354363
4640,O06,DR_20221209_143805,2853.0,0.7229531
4641,O06,DR_20221209_143805,2854.0,0.49376345
4642,O06,DR_20221209_143805,2855.0,0.8187486
4643,O06,DR_20221209_143805,2856.0,0.41561738
4644,O06,DR_20221209_143805,2857.0,0.36083362
4645,O06,DR_20221209_143805,2858.0,0.07289885
4646,O06,DR_20221209_143805,2859.0,0.74127764
4647,O06,DR_20221209_143805,2860.0,-0.031446252
4648,O06,DR_20221209_143805,2861.0,0.4861905
4649,O07,DR_20221209_143805,2862.0,0.26996857
4650,O07,DR_20221209_143805,2863.0,-0.0005046909
4651,O07,DR_20221209_143805,2864.0,-0.022307385
4652,O07,DR_20221209_143805,2865.0,0.13023467
4653,O07,DR_20221209_143805,2866.0,-0.05277361
4654,O07,DR_20221209_143805,2867.0,-0.09411968
4655,O07,DR_20221209_143805,2868.0,0.018147562
4656,O07,DR_20221209_143805,2869.0,0.44949427
4657,O07,DR_20221209_143805,2870.0,9.273373e-05
4658,O08,DR_20221209_143805,2871.0,0.00641951
4659,O08,DR_20221209_143805,2872.0,0.061745968
4660,O08,DR_20221209_143805,2873.0,0.017483782
4661,O08,DR_20221209_143805,2874.0,-0.001180809
4662,O08,DR_20221209_143805,2875.0,-0.012339758
4663,O08,DR_20221209_143805,2876.0,0.022388283
4664,O08,DR_20221209_143805,2877.0,0.045848403
4665,O08,DR_20221209_143805,2878.0,-0.008996594
4666,O08,DR_20221209_143805,2879.0,-0.0025081076
4667,O09,DR_20221209_143805,2880.0,-0.00717278
4668,O09,DR_20221209_143805,2881.0,-0.058269724
4669,O09,DR_20221209_143805,2882.0,-0.063387156
4670,O09,DR_20221209_143805,2883.0,0.048298523
4671,O09,DR_20221209_143805,2884.0,-0.043908846
4672,O09,DR_20221209_143805,2885.0,-0.004064207
4673,O09,DR_20221209_143805,2886.0,-0.039946314
4674,O09,DR_20221209_143805,2887.0,0.047096986
4675,O09,DR_20221209_143805,2888.0,0.005068152
4676,O12,DR_20221209_143805,2907.0,0.12357342
4677,O12,DR_20221209_143805,2908.0,0.040963173
4678,O12,DR_20221209_143805,2909.0,0.0072484626
4679,O12,DR_20221209_143805,2910.0,-0.01716724
4680,O12,DR_20221209_143805,2911.0,0.032789327
4681,O12,DR_20221209_143805,2912.0,0.021446016
4682,O12,DR_20221209_143805,2913.0,0.0063589476
4683,O12,DR_20221209_143805,2914.0,0.14306375
4684,O12,DR_20221209_143805,2915.0,-0.018339077
