,Image_Metadata_WellID,Image_Metadata_PlateID,ImageNumber,score
1941,A03,DR_20221209_143805,19.0,-0.002959613
1942,A03,DR_20221209_143805,20.0,-0.00033180325
1943,A03,DR_20221209_143805,21.0,0.4964723
1944,A03,DR_20221209_143805,22.0,0.9685983
1945,A03,DR_20221209_143805,23.0,0.8595592
1946,A03,DR_20221209_143805,24.0,0.94167906
1947,A03,DR_20221209_143805,25.0,0.009028027
1948,A03,DR_20221209_143805,26.0,0.012924946
1949,A03,DR_20221209_143805,27.0,1.0243245
1950,A04,DR_20221209_143805,28.0,0.9949868
1951,A04,DR_20221209_143805,29.0,0.0015828058
1952,A04,DR_20221209_143805,30.0,0.9755112
1953,A04,DR_20221209_143805,31.0,0.94679254
1954,A04,DR_20221209_143805,32.0,0.032364838
1955,A04,DR_20221209_143805,33.0,1.0007681
1956,A04,DR_20221209_143805,34.0,0.99788266
1957,A04,DR_20221209_143805,35.0,0.060262054
1958,A04,DR_20221209_143805,36.0,0.9983073
1959,A05,DR_20221209_143805,37.0,0.0026804009
1960,A05,DR_20221209_143805,38.0,0.009061559
1961,A05,DR_20221209_143805,39.0,0.007940081
1962,A05,DR_20221209_143805,40.0,0.008587196
1963,A05,DR_20221209_143805,41.0,0.002897003
1964,A05,DR_20221209_143805,42.0,0.07637412
1965,A05,DR_20221209_143805,43.0,0.9930425
1966,A05,DR_20221209_143805,44.0,1.0067099
1967,A05,DR_20221209_143805,45.0,0.9094121
1968,A06,DR_20221209_143805,46.0,0.008906113
1969,A06,DR_20221209_143805,47.0,0.012389677
1970,A06,DR_20221209_143805,48.0,0.017495368
1971,A06,DR_20221209_143805,49.0,0.008587196
1972,A06,DR_20221209_143805,50.0,0.0065169563
1973,A06,DR_20221209_143805,51.0,0.08421178
1974,A06,DR_20221209_143805,52.0,0.014599207
1975,A06,DR_20221209_143805,53.0,0.0018908613
1976,A06,DR_20221209_143805,54.0,0.9727227
1977,A07,DR_20221209_143805,55.0,0.987056
1978,A07,DR_20221209_143805,56.0,0.98844486
1979,A07,DR_20221209_143805,57.0,1.0043094
1980,A07,DR_20221209_143805,58.0,1.0146526
1981,A07,DR_20221209_143805,59.0,0.010224363
1982,A07,DR_20221209_143805,60.0,0.009827454
1983,A07,DR_20221209_143805,61.0,1.001427
1984,A07,DR_20221209_143805,62.0,0.8800593
1985,A07,DR_20221209_143805,63.0,1.0037484
1986,A08,DR_20221209_143805,64.0,0.08142173
1987,A08,DR_20221209_143805,65.0,1.0127014
1988,A08,DR_20221209_143805,66.0,0.9743386
1989,A08,DR_20221209_143805,67.0,1.0341152
1990,A08,DR_20221209_143805,68.0,0.0063172774
1991,A08,DR_20221209_143805,69.0,1.0040447
1992,A08,DR_20221209_143805,70.0,0.99492055
1993,A08,DR_20221209_143805,71.0,0.08955308
1994,A08,DR_20221209_143805,72.0,0.0049073994
1995,A09,DR_20221209_143805,73.0,1.0133766
1996,A09,DR_20221209_143805,74.0,0.034718655
1997,A09,DR_20221209_143805,75.0,0.98264295
1998,A09,DR_20221209_143805,76.0,0.05521766
1999,A09,DR_20221209_143805,77.0,0.9902153
2000,A09,DR_20221209_143805,78.0,1.0336283
2001,A09,DR_20221209_143805,79.0,0.48751768
2002,A09,DR_20221209_143805,80.0,0.9784992
2003,A09,DR_20221209_143805,81.0,0.99062246
2004,A10,DR_20221209_143805,82.0,0.0019977486
2005,A10,DR_20221209_143805,83.0,0.98239493
2006,A10,DR_20221209_143805,84.0,0.98570853
2007,A10,DR_20221209_143805,85.0,1.0328695
2008,A10,DR_20221209_143805,86.0,1.0442723
2009,A10,DR_20221209_143805,87.0,0.870306
2010,A10,DR_20221209_143805,88.0,0.00949579
2011,A10,DR_20221209_143805,89.0,0.009252758
2012,A10,DR_20221209_143805,90.0,0.008568525
2013,A11,DR_20221209_143805,91.0,0.9833813
2014,A11,DR_20221209_143805,92.0,1.00411
2015,A11,DR_20221209_143805,93.0,1.0137906
2016,A11,DR_20221209_143805,94.0,1.0206171
2017,A11,DR_20221209_143805,95.0,1.0264891
2018,A11,DR_20221209_143805,96.0,1.0116433
2019,A11,DR_20221209_143805,97.0,0.99123305
2020,A11,DR_20221209_143805,98.0,1.0063101
2021,A11,DR_20221209_143805,99.0,0.9988988
2022,A12,DR_20221209_143805,100.0,0.08398046
2023,A12,DR_20221209_143805,101.0,1.0033448
2024,A12,DR_20221209_143805,102.0,0.475172
2025,A12,DR_20221209_143805,103.0,1.018707
2026,A12,DR_20221209_143805,104.0,1.0261792
2027,A12,DR_20221209_143805,105.0,0.008040436
2028,A12,DR_20221209_143805,106.0,0.98454636
2029,A12,DR_20221209_143805,107.0,1.0125082
2030,A12,DR_20221209_143805,108.0,0.9969257
2031,A13,DR_20221209_143805,109.0,0.7407988
2032,A13,DR_20221209_143805,110.0,1.0038481
2033,A13,DR_20221209_143805,111.0,1.0145565
2034,A13,DR_20221209_143805,112.0,1.0491973
2035,A13,DR_20221209_143805,113.0,1.0229194
2036,A13,DR_20221209_143805,114.0,1.0461259
2037,A13,DR_20221209_143805,115.0,1.0091914
2038,A13,DR_20221209_143805,116.0,1.0290608
2039,A13,DR_20221209_143805,117.0,1.0020005
2040,A14,DR_20221209_143805,118.0,1.0001533
2041,A14,DR_20221209_143805,119.0,0.0145581765
2042,A14,DR_20221209_143805,120.0,0.9934263
2043,A14,DR_20221209_143805,121.0,1.0121058
2044,A14,DR_20221209_143805,122.0,0.041644182
2045,A14,DR_20221209_143805,123.0,1.0113515
2046,A14,DR_20221209_143805,124.0,0.85890317
2047,A14,DR_20221209_143805,125.0,1.0663793
2048,A14,DR_20221209_143805,126.0,1.0127481
2049,A15,DR_20221209_143805,127.0,0.009285104
2050,A15,DR_20221209_143805,128.0,0.9840834
2051,A15,DR_20221209_143805,129.0,0.9724936
2052,A15,DR_20221209_143805,130.0,0.95521486
2053,A15,DR_20221209_143805,131.0,0.87997115
2054,A15,DR_20221209_143805,132.0,0.006419501
2055,A15,DR_20221209_143805,133.0,0.9777456
2056,A15,DR_20221209_143805,134.0,1.0556177
2057,A15,DR_20221209_143805,135.0,1.0191375
2058,A16,DR_20221209_143805,136.0,0.0051106117
2059,A16,DR_20221209_143805,137.0,0.973705
2060,A16,DR_20221209_143805,138.0,0.009487632
2061,A16,DR_20221209_143805,139.0,0.97922355
2062,A16,DR_20221209_143805,140.0,0.005997793
2063,A16,DR_20221209_143805,141.0,1.0034765
2064,A16,DR_20221209_143805,142.0,1.0278405
2065,A16,DR_20221209_143805,143.0,0.9884888
2066,A16,DR_20221209_143805,144.0,0.9817638
2067,A17,DR_20221209_143805,145.0,1.0263875
2068,A17,DR_20221209_143805,146.0,1.0204487
2069,A17,DR_20221209_143805,147.0,1.0105814
2070,A17,DR_20221209_143805,148.0,1.0387233
2071,A17,DR_20221209_143805,149.0,0.38728085
2072,A17,DR_20221209_143805,150.0,0.0067051835
2073,A17,DR_20221209_143805,151.0,0.98647994
2074,A17,DR_20221209_143805,152.0,0.8867675
2075,A17,DR_20221209_143805,153.0,0.004422886
2076,A18,DR_20221209_143805,154.0,1.0441505
2077,A18,DR_20221209_143805,155.0,1.0128645
2078,A18,DR_20221209_143805,156.0,0.980713
2079,A18,DR_20221209_143805,157.0,0.039002
2080,A18,DR_20221209_143805,158.0,0.46705574
2081,A18,DR_20221209_143805,159.0,1.0059664
2082,A18,DR_20221209_143805,160.0,1.0014806
2083,A18,DR_20221209_143805,161.0,0.005969397
2084,A18,DR_20221209_143805,162.0,1.0028958
2085,A19,DR_20221209_143805,163.0,0.001372708
2086,A19,DR_20221209_143805,164.0,1.0661113
2087,A19,DR_20221209_143805,165.0,0.985783
2088,A19,DR_20221209_143805,166.0,1.0038887
2089,A19,DR_20221209_143805,167.0,1.0236326
2090,A19,DR_20221209_143805,168.0,0.0023718933
2091,A19,DR_20221209_143805,169.0,0.011822393
2092,A19,DR_20221209_143805,170.0,0.736747
2093,A19,DR_20221209_143805,171.0,1.046854
2094,A20,DR_20221209_143805,172.0,0.010115215
2095,A20,DR_20221209_143805,173.0,1.0033357
2096,A20,DR_20221209_143805,174.0,1.0030553
2097,A20,DR_20221209_143805,175.0,0.9850333
2098,A20,DR_20221209_143805,176.0,0.009446102
2099,A20,DR_20221209_143805,177.0,1.0046813
2100,A20,DR_20221209_143805,178.0,0.9851866
2101,A20,DR_20221209_143805,179.0,0.004827049
2102,A20,DR_20221209_143805,180.0,0.012204806
2103,A21,DR_20221209_143805,181.0,1.0040182
2104,A21,DR_20221209_143805,182.0,1.0647438
2105,A21,DR_20221209_143805,183.0,0.949782
2106,A21,DR_20221209_143805,184.0,1.0026981
2107,A21,DR_20221209_143805,185.0,1.0262676
2108,A21,DR_20221209_143805,186.0,1.0003588
2109,A21,DR_20221209_143805,187.0,1.0076932
2110,A21,DR_20221209_143805,188.0,0.0013136115
2111,A21,DR_20221209_143805,189.0,1.048085
2112,A22,DR_20221209_143805,190.0,0.99962634
2113,A22,DR_20221209_143805,191.0,1.0031836
2114,A22,DR_20221209_143805,192.0,0.42805135
2115,A22,DR_20221209_143805,193.0,1.0258241
2116,A22,DR_20221209_143805,194.0,0.0023372772
2117,A22,DR_20221209_143805,195.0,0.01344542
2118,A22,DR_20221209_143805,196.0,1.0068545
2119,A22,DR_20221209_143805,197.0,0.004889459
2120,A22,DR_20221209_143805,198.0,0.009011148
2157,B03,DR_20221209_143805,235.0,0.44466478
2158,B03,DR_20221209_143805,236.0,0.024930961
2159,B03,DR_20221209_143805,237.0,0.99911433
2160,B03,DR_20221209_143805,238.0,1.0026267
2161,B03,DR_20221209_143805,239.0,-0.037808202
2162,B03,DR_20221209_143805,240.0,-0.014261739
2163,B03,DR_20221209_143805,241.0,0.7997047
2164,B03,DR_20221209_143805,242.0,0.003197778
2165,B03,DR_20221209_143805,243.0,1.0227726
2166,B04,DR_20221209_143805,244.0,-0.023511851
2167,B04,DR_20221209_143805,245.0,-0.04602654
2168,B04,DR_20221209_143805,246.0,0.9947678
2169,B04,DR_20221209_143805,247.0,0.009982733
2170,B04,DR_20221209_143805,248.0,-0.046837077
2171,B04,DR_20221209_143805,249.0,0.00087910757
2172,B04,DR_20221209_143805,250.0,0.00030302705
2173,B04,DR_20221209_143805,251.0,0.91491073
2174,B04,DR_20221209_143805,252.0,0.947414
2175,B05,DR_20221209_143805,253.0,0.0015590636
2176,B05,DR_20221209_143805,254.0,0.0015889033
2177,B05,DR_20221209_143805,255.0,0.0022233783
2178,B05,DR_20221209_143805,256.0,0.9929876
2179,B05,DR_20221209_143805,257.0,0.008981804
2180,B05,DR_20221209_143805,258.0,0.07649794
2181,B05,DR_20221209_143805,259.0,1.0234308
2182,B05,DR_20221209_143805,260.0,0.07980283
2183,B05,DR_20221209_143805,261.0,1.0241209
2184,B06,DR_20221209_143805,262.0,0.0058437637
2185,B06,DR_20221209_143805,263.0,0.009875372
2186,B06,DR_20221209_143805,264.0,0.007808336
2187,B06,DR_20221209_143805,265.0,1.0422735
2188,B06,DR_20221209_143805,266.0,0.008795261
2189,B06,DR_20221209_143805,267.0,0.0063049886
2190,B06,DR_20221209_143805,268.0,0.0860242
2191,B06,DR_20221209_143805,269.0,0.0062820963
2192,B06,DR_20221209_143805,270.0,0.011378988
2193,B07,DR_20221209_143805,271.0,0.011628129
2194,B07,DR_20221209_143805,272.0,0.010590174
2195,B07,DR_20221209_143805,273.0,0.008574567
2196,B07,DR_20221209_143805,274.0,0.9699079
2197,B07,DR_20221209_143805,275.0,0.0068179327
2198,B07,DR_20221209_143805,276.0,0.0059828903
2199,B07,DR_20221209_143805,277.0,0.0064911647
2200,B07,DR_20221209_143805,278.0,0.005667279
2201,B07,DR_20221209_143805,279.0,1.0114378
2202,B08,DR_20221209_143805,280.0,0.008354457
2203,B08,DR_20221209_143805,281.0,0.0067500835
2204,B08,DR_20221209_143805,282.0,0.93018126
2205,B08,DR_20221209_143805,283.0,1.0667398
2206,B08,DR_20221209_143805,284.0,0.387319
2207,B08,DR_20221209_143805,285.0,0.083270386
2208,B08,DR_20221209_143805,286.0,0.9869571
2209,B08,DR_20221209_143805,287.0,1.0051488
2210,B08,DR_20221209_143805,288.0,1.0050203
2211,B09,DR_20221209_143805,289.0,0.009525492
2212,B09,DR_20221209_143805,290.0,0.0057234867
2213,B09,DR_20221209_143805,291.0,1.044686
2214,B09,DR_20221209_143805,292.0,1.022766
2215,B09,DR_20221209_143805,293.0,0.84110147
2216,B09,DR_20221209_143805,294.0,0.0055601816
2217,B09,DR_20221209_143805,295.0,1.020961
2218,B09,DR_20221209_143805,296.0,1.043632
2219,B09,DR_20221209_143805,297.0,1.061812
2220,B10,DR_20221209_143805,298.0,0.0061796564
2221,B10,DR_20221209_143805,299.0,0.008194163
2222,B10,DR_20221209_143805,300.0,1.0066828
2223,B10,DR_20221209_143805,301.0,1.0242565
2224,B10,DR_20221209_143805,302.0,1.0434729
2225,B10,DR_20221209_143805,303.0,1.0470085
2226,B10,DR_20221209_143805,304.0,0.8909682
2227,B10,DR_20221209_143805,305.0,1.0200796
2228,B10,DR_20221209_143805,306.0,1.028634
2229,B11,DR_20221209_143805,307.0,0.9940378
2230,B11,DR_20221209_143805,308.0,0.0012676319
2231,B11,DR_20221209_143805,309.0,0.9956216
2232,B11,DR_20221209_143805,310.0,1.0293323
2233,B11,DR_20221209_143805,311.0,1.0260875
2234,B11,DR_20221209_143805,312.0,1.0028594
2235,B11,DR_20221209_143805,313.0,0.98872584
2236,B11,DR_20221209_143805,314.0,1.0056896
2237,B11,DR_20221209_143805,315.0,1.0263925
2238,B12,DR_20221209_143805,316.0,0.005979034
2239,B12,DR_20221209_143805,317.0,0.037065063
2240,B12,DR_20221209_143805,318.0,0.58714104
2241,B12,DR_20221209_143805,319.0,1.008959
2242,B12,DR_20221209_143805,320.0,0.03153274
2243,B12,DR_20221209_143805,321.0,0.99340785
2244,B12,DR_20221209_143805,322.0,1.0019153
2245,B12,DR_20221209_143805,323.0,0.9993275
2246,B12,DR_20221209_143805,324.0,0.99296194
2247,B13,DR_20221209_143805,325.0,1.0353087
2248,B13,DR_20221209_143805,326.0,0.0096186735
2249,B13,DR_20221209_143805,327.0,0.954392
2250,B13,DR_20221209_143805,328.0,1.0190806
2251,B13,DR_20221209_143805,329.0,0.881719
2252,B13,DR_20221209_143805,330.0,1.032421
2253,B13,DR_20221209_143805,331.0,0.9981457
2254,B13,DR_20221209_143805,332.0,0.98648185
2255,B13,DR_20221209_143805,333.0,0.965467
2256,B14,DR_20221209_143805,334.0,1.0120144
2257,B14,DR_20221209_143805,335.0,0.50230646
2258,B14,DR_20221209_143805,336.0,0.99884313
2259,B14,DR_20221209_143805,337.0,0.014222917
2260,B14,DR_20221209_143805,338.0,0.055200677
2261,B14,DR_20221209_143805,339.0,0.47573277
2262,B14,DR_20221209_143805,340.0,1.003957
2263,B14,DR_20221209_143805,341.0,1.0183508
2264,B14,DR_20221209_143805,342.0,1.0046732
2265,B15,DR_20221209_143805,343.0,0.008519677
2266,B15,DR_20221209_143805,344.0,0.001633096
2267,B15,DR_20221209_143805,345.0,0.45716086
2268,B15,DR_20221209_143805,346.0,0.0018904471
2269,B15,DR_20221209_143805,347.0,0.009110104
2270,B15,DR_20221209_143805,348.0,0.015112509
2271,B15,DR_20221209_143805,349.0,0.99949485
2272,B15,DR_20221209_143805,350.0,0.9919175
2273,B15,DR_20221209_143805,351.0,1.010576
2274,B16,DR_20221209_143805,352.0,0.0052151275
2275,B16,DR_20221209_143805,353.0,0.8523402
2276,B16,DR_20221209_143805,354.0,0.9851005
2277,B16,DR_20221209_143805,355.0,0.97971606
2278,B16,DR_20221209_143805,356.0,1.0260723
2279,B16,DR_20221209_143805,357.0,1.0277928
2280,B16,DR_20221209_143805,358.0,0.9975948
2281,B16,DR_20221209_143805,359.0,1.0254492
2282,B16,DR_20221209_143805,360.0,1.0474864
2283,B17,DR_20221209_143805,361.0,1.0266708
2284,B17,DR_20221209_143805,362.0,1.0046659
2285,B17,DR_20221209_143805,363.0,0.9393767
2286,B17,DR_20221209_143805,364.0,0.999342
2287,B17,DR_20221209_143805,365.0,0.5039919
2288,B17,DR_20221209_143805,366.0,0.005805782
2289,B17,DR_20221209_143805,367.0,0.004409284
2290,B17,DR_20221209_143805,368.0,0.0049202
2291,B17,DR_20221209_143805,369.0,0.99479145
2292,B18,DR_20221209_143805,370.0,1.0297053
2293,B18,DR_20221209_143805,371.0,1.0200355
2294,B18,DR_20221209_143805,372.0,1.001013
2295,B18,DR_20221209_143805,373.0,1.0272259
2296,B18,DR_20221209_143805,374.0,0.009055296
2297,B18,DR_20221209_143805,375.0,0.0031777641
2298,B18,DR_20221209_143805,376.0,0.028263373
2299,B18,DR_20221209_143805,377.0,0.010498377
2300,B18,DR_20221209_143805,378.0,1.0050288
2301,B19,DR_20221209_143805,379.0,0.5143205
2302,B19,DR_20221209_143805,380.0,1.0085056
2303,B19,DR_20221209_143805,381.0,1.0354036
2304,B19,DR_20221209_143805,382.0,1.0248178
2305,B19,DR_20221209_143805,383.0,0.973062
2306,B19,DR_20221209_143805,384.0,0.9111486
2307,B19,DR_20221209_143805,385.0,1.0032461
2308,B19,DR_20221209_143805,386.0,1.0168731
2309,B19,DR_20221209_143805,387.0,1.0036671
2310,B20,DR_20221209_143805,388.0,0.0033084804
2311,B20,DR_20221209_143805,389.0,1.0020827
2312,B20,DR_20221209_143805,390.0,0.99064505
2313,B20,DR_20221209_143805,391.0,1.0248625
2314,B20,DR_20221209_143805,392.0,0.009605915
2315,B20,DR_20221209_143805,393.0,0.008530526
2316,B20,DR_20221209_143805,394.0,0.8480359
2317,B20,DR_20221209_143805,395.0,0.009502115
2318,B20,DR_20221209_143805,396.0,0.99602354
2319,B21,DR_20221209_143805,397.0,0.009937461
2320,B21,DR_20221209_143805,398.0,0.0054883934
2321,B21,DR_20221209_143805,399.0,0.98314553
2322,B21,DR_20221209_143805,400.0,0.0051182965
2323,B21,DR_20221209_143805,401.0,0.009272217
2324,B21,DR_20221209_143805,402.0,0.0028092288
2325,B21,DR_20221209_143805,403.0,1.0278208
2326,B21,DR_20221209_143805,404.0,0.99642795
2327,B21,DR_20221209_143805,405.0,0.9974745
2328,B22,DR_20221209_143805,406.0,0.50148344
2329,B22,DR_20221209_143805,407.0,1.0445827
2330,B22,DR_20221209_143805,408.0,1.0040227
2331,B22,DR_20221209_143805,409.0,0.8622145
2332,B22,DR_20221209_143805,410.0,0.0064586666
2333,B22,DR_20221209_143805,411.0,1.0262182
2334,B22,DR_20221209_143805,412.0,0.78804225
2335,B22,DR_20221209_143805,413.0,1.0042739
2336,B22,DR_20221209_143805,414.0,1.0223408
2373,C03,DR_20221209_143805,451.0,0.4978233
2374,C03,DR_20221209_143805,452.0,0.99875593
2375,C03,DR_20221209_143805,453.0,1.0053625
2376,C03,DR_20221209_143805,454.0,0.9696171
2377,C03,DR_20221209_143805,455.0,0.010519177
2378,C03,DR_20221209_143805,456.0,0.026537867
2379,C03,DR_20221209_143805,457.0,0.74073106
2380,C03,DR_20221209_143805,458.0,0.8976012
2381,C03,DR_20221209_143805,459.0,0.80033416
2382,C04,DR_20221209_143805,460.0,0.9971668
2383,C04,DR_20221209_143805,461.0,0.009688357
2384,C04,DR_20221209_143805,462.0,0.028874137
2385,C04,DR_20221209_143805,463.0,0.006892582
2386,C04,DR_20221209_143805,464.0,0.010685831
2387,C04,DR_20221209_143805,465.0,-0.01617899
2388,C04,DR_20221209_143805,466.0,0.9967186
2389,C04,DR_20221209_143805,467.0,0.00021813661
2390,C04,DR_20221209_143805,468.0,0.01480353
2391,C05,DR_20221209_143805,469.0,1.3732332e-05
2392,C05,DR_20221209_143805,470.0,-4.171768e-05
2393,C05,DR_20221209_143805,471.0,-2.9864901e-05
2394,C05,DR_20221209_143805,472.0,0.61382806
2395,C05,DR_20221209_143805,473.0,-0.000404854
2396,C05,DR_20221209_143805,474.0,-0.0037486292
2397,C05,DR_20221209_143805,475.0,0.002127234
2398,C05,DR_20221209_143805,476.0,-0.0037310903
2399,C05,DR_20221209_143805,477.0,0.95285887
2400,C06,DR_20221209_143805,478.0,0.009592554
2401,C06,DR_20221209_143805,479.0,0.008747009
2402,C06,DR_20221209_143805,480.0,0.00216136
2403,C06,DR_20221209_143805,481.0,0.8830736
2404,C06,DR_20221209_143805,482.0,0.008962298
2405,C06,DR_20221209_143805,483.0,0.007933549
2406,C06,DR_20221209_143805,484.0,0.086826436
2407,C06,DR_20221209_143805,485.0,0.006311966
2408,C06,DR_20221209_143805,486.0,1.0067705
2409,C07,DR_20221209_143805,487.0,1.004235
2410,C07,DR_20221209_143805,488.0,1.0385051
2411,C07,DR_20221209_143805,489.0,1.0033128
2412,C07,DR_20221209_143805,490.0,1.0428
2413,C07,DR_20221209_143805,491.0,0.006530498
2414,C07,DR_20221209_143805,492.0,0.08195074
2415,C07,DR_20221209_143805,493.0,0.0024739762
2416,C07,DR_20221209_143805,494.0,0.080450825
2417,C07,DR_20221209_143805,495.0,1.0031945
2418,C08,DR_20221209_143805,496.0,1.044121
2419,C08,DR_20221209_143805,497.0,0.3874733
2420,C08,DR_20221209_143805,498.0,1.0275854
2421,C08,DR_20221209_143805,499.0,1.0276015
2422,C08,DR_20221209_143805,500.0,0.88184154
2423,C08,DR_20221209_143805,501.0,0.38898802
2424,C08,DR_20221209_143805,502.0,0.007937913
2425,C08,DR_20221209_143805,503.0,0.38657206
2426,C08,DR_20221209_143805,504.0,1.0034106
2427,C09,DR_20221209_143805,505.0,0.011215749
2428,C09,DR_20221209_143805,506.0,0.009388149
2429,C09,DR_20221209_143805,507.0,1.0427992
2430,C09,DR_20221209_143805,508.0,1.0463898
2431,C09,DR_20221209_143805,509.0,1.0074182
2432,C09,DR_20221209_143805,510.0,0.008236129
2433,C09,DR_20221209_143805,511.0,0.0811465
2434,C09,DR_20221209_143805,512.0,0.009350368
2435,C09,DR_20221209_143805,513.0,0.007822418
2436,C10,DR_20221209_143805,514.0,1.023153
2437,C10,DR_20221209_143805,515.0,1.025911
2438,C10,DR_20221209_143805,516.0,0.8845273
2439,C10,DR_20221209_143805,517.0,1.0272787
2440,C10,DR_20221209_143805,518.0,0.84656024
2441,C10,DR_20221209_143805,519.0,0.009424602
2442,C10,DR_20221209_143805,520.0,0.01568607
2443,C10,DR_20221209_143805,521.0,0.0063212514
2444,C10,DR_20221209_143805,522.0,0.9262135
2445,C11,DR_20221209_143805,523.0,1.0040692
2446,C11,DR_20221209_143805,524.0,1.0018669
2447,C11,DR_20221209_143805,525.0,0.99037457
2448,C11,DR_20221209_143805,526.0,1.0450275
2449,C11,DR_20221209_143805,527.0,0.38744953
2450,C11,DR_20221209_143805,528.0,0.0015709626
2451,C11,DR_20221209_143805,529.0,0.66972446
2452,C11,DR_20221209_143805,530.0,0.99714506
2453,C11,DR_20221209_143805,531.0,0.9977906
2454,C12,DR_20221209_143805,532.0,0.010737331
2455,C12,DR_20221209_143805,533.0,0.035319425
2456,C12,DR_20221209_143805,534.0,0.83931875
2457,C12,DR_20221209_143805,535.0,1.002483
2458,C12,DR_20221209_143805,536.0,0.89184815
2459,C12,DR_20221209_143805,537.0,1.0266721
2460,C12,DR_20221209_143805,538.0,0.010532447
2461,C12,DR_20221209_143805,539.0,0.3878303
2462,C12,DR_20221209_143805,540.0,1.0296416
2463,C13,DR_20221209_143805,541.0,0.012379685
2464,C13,DR_20221209_143805,542.0,0.007902979
2465,C13,DR_20221209_143805,543.0,1.0460846
2466,C13,DR_20221209_143805,544.0,1.0260117
2467,C13,DR_20221209_143805,545.0,1.0284235
2468,C13,DR_20221209_143805,546.0,1.0411992
2469,C13,DR_20221209_143805,547.0,0.5077198
2470,C13,DR_20221209_143805,548.0,1.0449059
2471,C13,DR_20221209_143805,549.0,1.0400298
2472,C14,DR_20221209_143805,550.0,1.0318159
2473,C14,DR_20221209_143805,551.0,0.0052659903
2474,C14,DR_20221209_143805,552.0,1.0441445
2475,C14,DR_20221209_143805,553.0,1.0024718
2476,C14,DR_20221209_143805,554.0,0.3961822
2477,C14,DR_20221209_143805,555.0,1.0085207
2478,C14,DR_20221209_143805,556.0,0.9197788
2479,C14,DR_20221209_143805,557.0,0.014227287
2480,C14,DR_20221209_143805,558.0,0.98249745
2481,C15,DR_20221209_143805,559.0,1.0046417
2482,C15,DR_20221209_143805,560.0,0.00243966
2483,C15,DR_20221209_143805,561.0,0.99928015
2484,C15,DR_20221209_143805,562.0,0.94219345
2485,C15,DR_20221209_143805,563.0,1.028681
2486,C15,DR_20221209_143805,564.0,1.0271276
2487,C15,DR_20221209_143805,565.0,0.98566616
2488,C15,DR_20221209_143805,566.0,1.0276488
2489,C15,DR_20221209_143805,567.0,1.0504702
2490,C16,DR_20221209_143805,568.0,0.008621359
2491,C16,DR_20221209_143805,569.0,0.080436334
2492,C16,DR_20221209_143805,570.0,0.18960153
2493,C16,DR_20221209_143805,571.0,1.0224235
2494,C16,DR_20221209_143805,572.0,1.0432034
2495,C16,DR_20221209_143805,573.0,1.0036829
2496,C16,DR_20221209_143805,574.0,1.0497538
2497,C16,DR_20221209_143805,575.0,1.0306377
2498,C16,DR_20221209_143805,576.0,0.971803
2499,C17,DR_20221209_143805,577.0,1.0020537
2500,C17,DR_20221209_143805,578.0,1.046755
2501,C17,DR_20221209_143805,579.0,0.9995529
2502,C17,DR_20221209_143805,580.0,1.04736
2503,C17,DR_20221209_143805,581.0,0.97207063
2504,C17,DR_20221209_143805,582.0,0.0018022874
2505,C17,DR_20221209_143805,583.0,0.98301774
2506,C17,DR_20221209_143805,584.0,0.08063554
2507,C17,DR_20221209_143805,585.0,1.0009803
2508,C18,DR_20221209_143805,586.0,1.024807
2509,C18,DR_20221209_143805,587.0,1.0636984
2510,C18,DR_20221209_143805,588.0,0.94451463
2511,C18,DR_20221209_143805,589.0,1.0034307
2512,C18,DR_20221209_143805,590.0,0.009806763
2513,C18,DR_20221209_143805,591.0,1.0271364
2514,C18,DR_20221209_143805,592.0,1.0076376
2515,C18,DR_20221209_143805,593.0,0.0014207459
2516,C18,DR_20221209_143805,594.0,1.0451745
2517,C19,DR_20221209_143805,595.0,1.0275195
2518,C19,DR_20221209_143805,596.0,0.9526839
2519,C19,DR_20221209_143805,597.0,0.98873734
2520,C19,DR_20221209_143805,598.0,1.0080347
2521,C19,DR_20221209_143805,599.0,1.0076784
2522,C19,DR_20221209_143805,600.0,0.001628799
2523,C19,DR_20221209_143805,601.0,0.9834985
2524,C19,DR_20221209_143805,602.0,0.001678097
2525,C19,DR_20221209_143805,603.0,1.0356059
2526,C20,DR_20221209_143805,604.0,0.0048596663
2527,C20,DR_20221209_143805,605.0,0.008738188
2528,C20,DR_20221209_143805,606.0,0.008902916
2529,C20,DR_20221209_143805,607.0,1.0125968
2530,C20,DR_20221209_143805,608.0,0.009428162
2531,C20,DR_20221209_143805,609.0,0.009859605
2532,C20,DR_20221209_143805,610.0,0.91551375
2533,C20,DR_20221209_143805,611.0,0.080450825
2534,C20,DR_20221209_143805,612.0,0.9333135
2535,C21,DR_20221209_143805,613.0,1.0020566
2536,C21,DR_20221209_143805,614.0,1.0015203
2537,C21,DR_20221209_143805,615.0,0.949086
2538,C21,DR_20221209_143805,616.0,1.0386925
2539,C21,DR_20221209_143805,617.0,0.0059303907
2540,C21,DR_20221209_143805,618.0,0.0062889503
2541,C21,DR_20221209_143805,619.0,0.96470743
2542,C21,DR_20221209_143805,620.0,0.0015449363
2543,C21,DR_20221209_143805,621.0,0.99054193
2544,C22,DR_20221209_143805,622.0,1.0108559
2545,C22,DR_20221209_143805,623.0,0.99499756
2546,C22,DR_20221209_143805,624.0,0.9971024
2547,C22,DR_20221209_143805,625.0,0.03762685
2548,C22,DR_20221209_143805,626.0,1.0432596
2549,C22,DR_20221209_143805,627.0,1.042229
2550,C22,DR_20221209_143805,628.0,1.0054401
2551,C22,DR_20221209_143805,629.0,0.008903077
2552,C22,DR_20221209_143805,630.0,0.99945146
2589,D03,DR_20221209_143805,667.0,0.87079215
2590,D03,DR_20221209_143805,668.0,-0.0002831427
2591,D03,DR_20221209_143805,669.0,0.0051899226
2592,D03,DR_20221209_143805,670.0,-0.015953813
2593,D03,DR_20221209_143805,671.0,-0.03041749
2594,D03,DR_20221209_143805,672.0,-0.0036521626
2595,D03,DR_20221209_143805,673.0,0.012735817
2596,D03,DR_20221209_143805,674.0,0.0035750829
2597,D03,DR_20221209_143805,675.0,0.024020502
2598,D04,DR_20221209_143805,676.0,0.943832
2599,D04,DR_20221209_143805,677.0,0.02774
2600,D04,DR_20221209_143805,678.0,0.96242046
2601,D04,DR_20221209_143805,679.0,0.9821794
2602,D04,DR_20221209_143805,680.0,-0.04940125
2603,D04,DR_20221209_143805,681.0,0.9984893
2604,D04,DR_20221209_143805,682.0,0.38660362
2605,D04,DR_20221209_143805,683.0,-0.022309251
2606,D04,DR_20221209_143805,684.0,0.700194
2607,D05,DR_20221209_143805,685.0,0.96882415
2608,D05,DR_20221209_143805,686.0,0.00033522138
2609,D05,DR_20221209_143805,687.0,0.9995521
2610,D05,DR_20221209_143805,688.0,1.0303671
2611,D05,DR_20221209_143805,689.0,0.03363301
2612,D05,DR_20221209_143805,690.0,0.009437808
2613,D05,DR_20221209_143805,691.0,0.49748302
2614,D05,DR_20221209_143805,692.0,1.0045594
2615,D05,DR_20221209_143805,693.0,0.72841287
2616,D06,DR_20221209_143805,694.0,0.9446011
2617,D06,DR_20221209_143805,695.0,0.018303644
2618,D06,DR_20221209_143805,696.0,0.027410248
2619,D06,DR_20221209_143805,697.0,0.02442063
2620,D06,DR_20221209_143805,698.0,-0.012212777
2621,D06,DR_20221209_143805,699.0,-0.017922634
2622,D06,DR_20221209_143805,700.0,0.9434962
2623,D06,DR_20221209_143805,701.0,0.025288764
2624,D06,DR_20221209_143805,702.0,0.023508167
2625,D07,DR_20221209_143805,703.0,0.013603386
2626,D07,DR_20221209_143805,704.0,-0.03444967
2627,D07,DR_20221209_143805,705.0,0.026460668
2628,D07,DR_20221209_143805,706.0,-0.0004228445
2629,D07,DR_20221209_143805,707.0,-0.008903404
2630,D07,DR_20221209_143805,708.0,-0.0036521626
2631,D07,DR_20221209_143805,709.0,-0.0042714365
2632,D07,DR_20221209_143805,710.0,-0.003938748
2633,D07,DR_20221209_143805,711.0,0.024639918
2634,D09,DR_20221209_143805,721.0,0.008982332
2635,D09,DR_20221209_143805,722.0,0.0032492469
2636,D09,DR_20221209_143805,723.0,0.99413913
2637,D09,DR_20221209_143805,724.0,1.0509822
2638,D09,DR_20221209_143805,725.0,1.0078027
2639,D09,DR_20221209_143805,726.0,0.99271053
2640,D09,DR_20221209_143805,727.0,0.08109077
2641,D09,DR_20221209_143805,728.0,1.0280303
2642,D09,DR_20221209_143805,729.0,0.9630915
2643,D10,DR_20221209_143805,730.0,0.985376
2644,D10,DR_20221209_143805,731.0,0.987771
2645,D10,DR_20221209_143805,732.0,1.0002388
2646,D10,DR_20221209_143805,733.0,0.02472842
2647,D10,DR_20221209_143805,734.0,0.009681125
2648,D10,DR_20221209_143805,735.0,0.0017513293
2649,D10,DR_20221209_143805,736.0,0.30431047
2650,D10,DR_20221209_143805,737.0,0.0020899186
2651,D10,DR_20221209_143805,738.0,0.0025556292
2652,D11,DR_20221209_143805,739.0,1.0046234
2653,D11,DR_20221209_143805,740.0,0.0346219
2654,D11,DR_20221209_143805,741.0,0.9966241
2655,D11,DR_20221209_143805,742.0,1.0004948
2656,D11,DR_20221209_143805,743.0,1.024493
2657,D11,DR_20221209_143805,744.0,1.0250403
2658,D11,DR_20221209_143805,745.0,0.98720044
2659,D11,DR_20221209_143805,746.0,1.0052603
2660,D11,DR_20221209_143805,747.0,0.96245766
2661,D12,DR_20221209_143805,748.0,0.0101144845
2662,D12,DR_20221209_143805,749.0,1.0261792
2663,D12,DR_20221209_143805,750.0,1.0230397
2664,D12,DR_20221209_143805,751.0,1.0282863
2665,D12,DR_20221209_143805,752.0,0.38822836
2666,D12,DR_20221209_143805,753.0,0.8844488
2667,D12,DR_20221209_143805,754.0,0.006542561
2668,D12,DR_20221209_143805,755.0,1.0274695
2669,D12,DR_20221209_143805,756.0,0.9830078
2670,D13,DR_20221209_143805,757.0,0.028205818
2671,D13,DR_20221209_143805,758.0,0.0016480023
2672,D13,DR_20221209_143805,759.0,0.014392173
2673,D13,DR_20221209_143805,760.0,1.0018581
2674,D13,DR_20221209_143805,761.0,0.009069722
2675,D13,DR_20221209_143805,762.0,0.009409433
2676,D13,DR_20221209_143805,763.0,0.086102694
2677,D13,DR_20221209_143805,764.0,1.0654794
2678,D13,DR_20221209_143805,765.0,1.0234138
2679,D14,DR_20221209_143805,766.0,0.38900292
2680,D14,DR_20221209_143805,767.0,0.011042479
2681,D14,DR_20221209_143805,768.0,0.01147241
2682,D14,DR_20221209_143805,769.0,0.97193676
2683,D14,DR_20221209_143805,770.0,0.008676891
2684,D14,DR_20221209_143805,771.0,0.0048763887
2685,D14,DR_20221209_143805,772.0,0.0016335102
2686,D14,DR_20221209_143805,773.0,0.0037650666
2687,D14,DR_20221209_143805,774.0,1.0222498
2688,D15,DR_20221209_143805,775.0,0.010700025
2689,D15,DR_20221209_143805,776.0,0.0050500985
2690,D15,DR_20221209_143805,777.0,1.0465711
2691,D15,DR_20221209_143805,778.0,0.8609531
2692,D15,DR_20221209_143805,779.0,0.3886585
2693,D15,DR_20221209_143805,780.0,0.010390901
2694,D15,DR_20221209_143805,781.0,0.010150753
2695,D15,DR_20221209_143805,782.0,1.0504072
2696,D15,DR_20221209_143805,783.0,0.010667105
2697,D16,DR_20221209_143805,784.0,0.010128331
2698,D16,DR_20221209_143805,785.0,0.0018908613
2699,D16,DR_20221209_143805,786.0,0.9624571
2700,D16,DR_20221209_143805,787.0,1.0353429
2701,D16,DR_20221209_143805,788.0,0.010351025
2702,D16,DR_20221209_143805,789.0,0.008465175
2703,D16,DR_20221209_143805,790.0,0.9489681
2704,D16,DR_20221209_143805,791.0,1.0078962
2705,D16,DR_20221209_143805,792.0,1.027445
2706,D17,DR_20221209_143805,793.0,1.0245363
2707,D17,DR_20221209_143805,794.0,0.883852
2708,D17,DR_20221209_143805,795.0,0.011472198
2709,D17,DR_20221209_143805,796.0,1.0318067
2710,D17,DR_20221209_143805,797.0,0.009022346
2711,D17,DR_20221209_143805,798.0,0.028803876
2712,D17,DR_20221209_143805,799.0,0.91647184
2713,D17,DR_20221209_143805,800.0,0.0017066238
2714,D17,DR_20221209_143805,801.0,0.9927424
2715,D18,DR_20221209_143805,802.0,0.009347624
2716,D18,DR_20221209_143805,803.0,0.99184304
2717,D18,DR_20221209_143805,804.0,0.98791766
2718,D18,DR_20221209_143805,805.0,1.0445267
2719,D18,DR_20221209_143805,806.0,0.008849108
2720,D18,DR_20221209_143805,807.0,0.0019918692
2721,D18,DR_20221209_143805,808.0,0.48114878
2722,D18,DR_20221209_143805,809.0,0.00538696
2723,D18,DR_20221209_143805,810.0,0.9965139
2724,D19,DR_20221209_143805,811.0,1.045046
2725,D19,DR_20221209_143805,812.0,1.0421245
2726,D19,DR_20221209_143805,813.0,0.9908774
2727,D19,DR_20221209_143805,814.0,1.0247319
2728,D19,DR_20221209_143805,815.0,0.5027313
2729,D19,DR_20221209_143805,816.0,0.0015716925
2730,D19,DR_20221209_143805,817.0,1.006799
2731,D19,DR_20221209_143805,818.0,1.0014749
2732,D19,DR_20221209_143805,819.0,1.045386
2733,D20,DR_20221209_143805,820.0,0.009605348
2734,D20,DR_20221209_143805,821.0,1.044686
2735,D20,DR_20221209_143805,822.0,0.8589999
2736,D20,DR_20221209_143805,823.0,1.0464067
2737,D20,DR_20221209_143805,824.0,1.0086616
2738,D20,DR_20221209_143805,825.0,0.0069392333
2739,D20,DR_20221209_143805,826.0,0.9896515
2740,D20,DR_20221209_143805,827.0,0.0065996675
2741,D20,DR_20221209_143805,828.0,1.0446867
2742,D21,DR_20221209_143805,829.0,1.0685874
2743,D21,DR_20221209_143805,830.0,0.99499756
2744,D21,DR_20221209_143805,831.0,0.95951456
2745,D21,DR_20221209_143805,832.0,1.0378304
2746,D21,DR_20221209_143805,833.0,0.7294944
2747,D21,DR_20221209_143805,834.0,0.8899608
2748,D21,DR_20221209_143805,835.0,0.7316263
2749,D21,DR_20221209_143805,836.0,0.005631524
2750,D21,DR_20221209_143805,837.0,1.0160367
2751,D22,DR_20221209_143805,838.0,1.0376779
2752,D22,DR_20221209_143805,839.0,0.03227641
2753,D22,DR_20221209_143805,840.0,0.97692645
2754,D22,DR_20221209_143805,841.0,1.028591
2755,D22,DR_20221209_143805,842.0,0.0076292567
2756,D22,DR_20221209_143805,843.0,0.95834607
2757,D22,DR_20221209_143805,844.0,0.0021229724
2758,D22,DR_20221209_143805,845.0,1.0050795
2759,D22,DR_20221209_143805,846.0,1.0124809
2796,E03,DR_20221209_143805,883.0,0.002504696
2797,E03,DR_20221209_143805,884.0,0.86214244
2798,E03,DR_20221209_143805,885.0,0.9941214
2799,E03,DR_20221209_143805,886.0,0.9975176
2800,E03,DR_20221209_143805,887.0,0.025053198
2801,E03,DR_20221209_143805,888.0,-0.03592321
2802,E03,DR_20221209_143805,889.0,0.26469916
2803,E03,DR_20221209_143805,890.0,0.023682863
2804,E03,DR_20221209_143805,891.0,-0.016018549
2805,E04,DR_20221209_143805,892.0,0.00041390912
2806,E04,DR_20221209_143805,893.0,0.013749422
2807,E04,DR_20221209_143805,894.0,0.017922744
2808,E04,DR_20221209_143805,895.0,0.96696335
2809,E04,DR_20221209_143805,896.0,0.013036275
2810,E04,DR_20221209_143805,897.0,-0.059210494
2811,E04,DR_20221209_143805,898.0,-0.016383067
2812,E04,DR_20221209_143805,899.0,0.024086192
2813,E04,DR_20221209_143805,900.0,0.9590379
2814,E05,DR_20221209_143805,901.0,5.5113207e-05
2815,E05,DR_20221209_143805,902.0,-4.171768e-05
2816,E05,DR_20221209_143805,903.0,-0.01928859
2817,E05,DR_20221209_143805,904.0,0.020614244
2818,E05,DR_20221209_143805,905.0,-0.00030802313
2819,E05,DR_20221209_143805,906.0,4.2120268e-05
2820,E05,DR_20221209_143805,907.0,-0.050439745
2821,E05,DR_20221209_143805,908.0,-0.018693348
2822,E05,DR_20221209_143805,909.0,0.015807685
2823,E06,DR_20221209_143805,910.0,0.009554726
2824,E06,DR_20221209_143805,911.0,-0.01858954
2825,E06,DR_20221209_143805,912.0,0.017425194
2826,E06,DR_20221209_143805,913.0,-0.034282126
2827,E06,DR_20221209_143805,914.0,-0.042865917
2828,E06,DR_20221209_143805,915.0,-0.003883508
2829,E06,DR_20221209_143805,916.0,-0.011109909
2830,E06,DR_20221209_143805,917.0,-0.014328096
2831,E06,DR_20221209_143805,918.0,-0.0220252
2832,E07,DR_20221209_143805,919.0,0.8904513
2833,E07,DR_20221209_143805,920.0,0.98511964
2834,E07,DR_20221209_143805,921.0,0.9571886
2835,E07,DR_20221209_143805,922.0,1.0063444
2836,E07,DR_20221209_143805,923.0,0.011592854
2837,E07,DR_20221209_143805,924.0,0.027152255
2838,E07,DR_20221209_143805,925.0,0.103493914
2839,E07,DR_20221209_143805,926.0,1.0110549
2840,E07,DR_20221209_143805,927.0,0.98185503
2841,E08,DR_20221209_143805,928.0,0.03014699
2842,E08,DR_20221209_143805,929.0,0.028042395
2843,E08,DR_20221209_143805,930.0,0.98778963
2844,E08,DR_20221209_143805,931.0,1.0087041
2845,E08,DR_20221209_143805,932.0,-0.037756
2846,E08,DR_20221209_143805,933.0,-0.003514397
2847,E08,DR_20221209_143805,934.0,0.023331126
2848,E08,DR_20221209_143805,935.0,0.02345881
2849,E08,DR_20221209_143805,936.0,1.0255604
2850,E09,DR_20221209_143805,937.0,0.0058094473
2851,E09,DR_20221209_143805,938.0,0.0047692126
2852,E09,DR_20221209_143805,939.0,0.8794651
2853,E09,DR_20221209_143805,940.0,1.0270103
2854,E09,DR_20221209_143805,941.0,0.8806752
2855,E09,DR_20221209_143805,942.0,0.88933605
2856,E09,DR_20221209_143805,943.0,1.0463961
2857,E09,DR_20221209_143805,944.0,1.0002873
2858,E09,DR_20221209_143805,945.0,1.041331
2859,E10,DR_20221209_143805,946.0,0.85056895
2860,E10,DR_20221209_143805,947.0,0.010646381
2861,E10,DR_20221209_143805,948.0,0.008676142
2862,E10,DR_20221209_143805,949.0,0.0018778181
2863,E10,DR_20221209_143805,950.0,0.009004406
2864,E10,DR_20221209_143805,951.0,0.002362463
2865,E10,DR_20221209_143805,952.0,0.28471276
2866,E10,DR_20221209_143805,953.0,0.0059502786
2867,E10,DR_20221209_143805,954.0,0.004116987
2868,E11,DR_20221209_143805,955.0,0.8693493
2869,E11,DR_20221209_143805,956.0,0.03507088
2870,E11,DR_20221209_143805,957.0,0.48072895
2871,E11,DR_20221209_143805,958.0,1.0018716
2872,E11,DR_20221209_143805,959.0,1.0223018
2873,E11,DR_20221209_143805,960.0,1.0294036
2874,E11,DR_20221209_143805,961.0,0.92852086
2875,E11,DR_20221209_143805,962.0,1.0018574
2876,E11,DR_20221209_143805,963.0,0.99038833
2877,E12,DR_20221209_143805,964.0,0.08381991
2878,E12,DR_20221209_143805,965.0,0.080451556
2879,E12,DR_20221209_143805,966.0,0.99433595
2880,E12,DR_20221209_143805,967.0,1.0107754
2881,E12,DR_20221209_143805,968.0,1.0088247
2882,E12,DR_20221209_143805,969.0,0.0065605016
2883,E12,DR_20221209_143805,970.0,0.002172108
2884,E12,DR_20221209_143805,971.0,1.0620792
2885,E12,DR_20221209_143805,972.0,0.9852813
2886,E13,DR_20221209_143805,973.0,0.0018659431
2887,E13,DR_20221209_143805,974.0,0.004485621
2888,E13,DR_20221209_143805,975.0,0.0064842077
2889,E13,DR_20221209_143805,976.0,1.0643911
2890,E13,DR_20221209_143805,977.0,0.009693754
2891,E13,DR_20221209_143805,978.0,0.0045252205
2892,E13,DR_20221209_143805,979.0,1.0036265
2893,E13,DR_20221209_143805,980.0,1.0238303
2894,E13,DR_20221209_143805,981.0,0.99151355
2895,E14,DR_20221209_143805,982.0,0.008929385
2896,E14,DR_20221209_143805,983.0,0.009984002
2897,E14,DR_20221209_143805,984.0,0.007892783
2898,E14,DR_20221209_143805,985.0,1.044198
2899,E14,DR_20221209_143805,986.0,0.009405541
2900,E14,DR_20221209_143805,987.0,0.08017971
2901,E14,DR_20221209_143805,988.0,0.0018908613
2902,E14,DR_20221209_143805,989.0,0.0095571065
2903,E14,DR_20221209_143805,990.0,-0.0035818252
2904,E15,DR_20221209_143805,991.0,0.0044408217
2905,E15,DR_20221209_143805,992.0,0.0048098085
2906,E15,DR_20221209_143805,993.0,1.0319105
2907,E15,DR_20221209_143805,994.0,1.0421417
2908,E15,DR_20221209_143805,995.0,0.010226148
2909,E15,DR_20221209_143805,996.0,0.0049465653
2910,E15,DR_20221209_143805,997.0,0.0058496026
2911,E15,DR_20221209_143805,998.0,0.0070642983
2912,E15,DR_20221209_143805,999.0,0.009865435
2913,E16,DR_20221209_143805,1000.0,0.0063683423
2914,E16,DR_20221209_143805,1001.0,0.00572043
2915,E16,DR_20221209_143805,1002.0,0.9966507
2916,E16,DR_20221209_143805,1003.0,1.0455859
2917,E16,DR_20221209_143805,1004.0,0.008682254
2918,E16,DR_20221209_143805,1005.0,0.0055879545
2919,E16,DR_20221209_143805,1006.0,0.79714996
2920,E16,DR_20221209_143805,1007.0,1.0423323
2921,E16,DR_20221209_143805,1008.0,0.982324
2922,E17,DR_20221209_143805,1009.0,0.008556627
2923,E17,DR_20221209_143805,1010.0,0.012372504
2924,E17,DR_20221209_143805,1011.0,0.009878064
2925,E17,DR_20221209_143805,1012.0,0.38871804
2926,E17,DR_20221209_143805,1013.0,0.0071197054
2927,E17,DR_20221209_143805,1014.0,0.005387987
2928,E17,DR_20221209_143805,1015.0,0.08110615
2929,E17,DR_20221209_143805,1016.0,0.0013714479
2930,E17,DR_20221209_143805,1017.0,1.0198827
2931,E18,DR_20221209_143805,1018.0,0.8823916
2932,E18,DR_20221209_143805,1019.0,0.9848272
2933,E18,DR_20221209_143805,1020.0,0.0035680244
2934,E18,DR_20221209_143805,1021.0,1.042907
2935,E18,DR_20221209_143805,1022.0,0.00923573
2936,E18,DR_20221209_143805,1023.0,0.009270526
2937,E18,DR_20221209_143805,1024.0,0.42729062
2938,E18,DR_20221209_143805,1025.0,0.0036620004
2939,E18,DR_20221209_143805,1026.0,0.9403056
2940,E19,DR_20221209_143805,1027.0,0.009818138
2941,E19,DR_20221209_143805,1028.0,1.0434095
2942,E19,DR_20221209_143805,1029.0,1.0020105
2943,E19,DR_20221209_143805,1030.0,1.0264575
2944,E19,DR_20221209_143805,1031.0,0.0030714932
2945,E19,DR_20221209_143805,1032.0,0.9704675
2946,E19,DR_20221209_143805,1033.0,0.99064285
2947,E19,DR_20221209_143805,1034.0,1.0020387
2948,E19,DR_20221209_143805,1035.0,1.0330253
2949,E20,DR_20221209_143805,1036.0,0.08100357
2950,E20,DR_20221209_143805,1037.0,1.0034963
2951,E20,DR_20221209_143805,1038.0,0.0052716956
2952,E20,DR_20221209_143805,1039.0,0.011296292
2953,E20,DR_20221209_143805,1040.0,0.010384734
2954,E20,DR_20221209_143805,1041.0,0.0071032266
2955,E20,DR_20221209_143805,1042.0,1.0007914
2956,E20,DR_20221209_143805,1043.0,0.0017356864
2957,E20,DR_20221209_143805,1044.0,1.0442278
2958,E21,DR_20221209_143805,1045.0,1.0227169
2959,E21,DR_20221209_143805,1046.0,1.0437976
2960,E21,DR_20221209_143805,1047.0,1.0002356
2961,E21,DR_20221209_143805,1048.0,1.0471377
2962,E21,DR_20221209_143805,1049.0,0.008226114
2963,E21,DR_20221209_143805,1050.0,0.009994568
2964,E21,DR_20221209_143805,1051.0,0.8554342
2965,E21,DR_20221209_143805,1052.0,0.0016280691
2966,E21,DR_20221209_143805,1053.0,0.9915929
2967,E22,DR_20221209_143805,1054.0,1.0236365
2968,E22,DR_20221209_143805,1055.0,1.0268044
2969,E22,DR_20221209_143805,1056.0,0.44311607
2970,E22,DR_20221209_143805,1057.0,1.0034066
2971,E22,DR_20221209_143805,1058.0,0.515405
2972,E22,DR_20221209_143805,1059.0,0.88963735
2973,E22,DR_20221209_143805,1060.0,1.0519768
2974,E22,DR_20221209_143805,1061.0,1.016798
2975,E22,DR_20221209_143805,1062.0,1.0302737
3012,F03,DR_20221209_143805,1099.0,0.00025033415
3013,F03,DR_20221209_143805,1100.0,-0.0216764
3014,F03,DR_20221209_143805,1101.0,0.5566445
3015,F03,DR_20221209_143805,1102.0,0.98647773
3016,F03,DR_20221209_143805,1103.0,0.86010957
3017,F03,DR_20221209_143805,1104.0,-0.028062686
3018,F03,DR_20221209_143805,1105.0,0.4480563
3019,F03,DR_20221209_143805,1106.0,0.9880783
3020,F03,DR_20221209_143805,1107.0,1.0205183
3021,F04,DR_20221209_143805,1108.0,-0.0036517987
3022,F04,DR_20221209_143805,1109.0,-0.0003485224
3023,F04,DR_20221209_143805,1110.0,0.8600272
3024,F04,DR_20221209_143805,1111.0,0.005003774
3025,F04,DR_20221209_143805,1112.0,0.94968677
3026,F04,DR_20221209_143805,1113.0,0.010555859
3027,F04,DR_20221209_143805,1114.0,0.011049692
3028,F04,DR_20221209_143805,1115.0,-0.0061344225
3029,F04,DR_20221209_143805,1116.0,0.052492402
3030,F05,DR_20221209_143805,1117.0,-0.0002950302
3031,F05,DR_20221209_143805,1118.0,-0.0053337696
3032,F05,DR_20221209_143805,1119.0,-0.0003877682
3033,F05,DR_20221209_143805,1120.0,0.01478559
3034,F05,DR_20221209_143805,1121.0,-0.046179187
3035,F05,DR_20221209_143805,1122.0,-0.03920165
3036,F05,DR_20221209_143805,1123.0,0.0031805274
3037,F05,DR_20221209_143805,1124.0,0.0029863163
3038,F05,DR_20221209_143805,1125.0,0.003253642
3039,F06,DR_20221209_143805,1126.0,0.00020550763
3040,F06,DR_20221209_143805,1127.0,-0.0023553786
3041,F06,DR_20221209_143805,1128.0,0.030460758
3042,F06,DR_20221209_143805,1129.0,0.98352075
3043,F06,DR_20221209_143805,1130.0,-0.030367026
3044,F06,DR_20221209_143805,1131.0,-0.0036647916
3045,F06,DR_20221209_143805,1132.0,-0.019474192
3046,F06,DR_20221209_143805,1133.0,-0.050028633
3047,F06,DR_20221209_143805,1134.0,0.94593585
3048,F07,DR_20221209_143805,1135.0,0.0021205042
3049,F07,DR_20221209_143805,1136.0,0.01766685
3050,F07,DR_20221209_143805,1137.0,0.023486262
3051,F07,DR_20221209_143805,1138.0,0.010024304
3052,F07,DR_20221209_143805,1139.0,0.020614244
3053,F07,DR_20221209_143805,1140.0,-0.004968573
3054,F07,DR_20221209_143805,1141.0,0.041871026
3055,F07,DR_20221209_143805,1142.0,0.02691106
3056,F07,DR_20221209_143805,1143.0,1.0210721
3057,F08,DR_20221209_143805,1144.0,0.021229904
3058,F08,DR_20221209_143805,1145.0,0.00349935
3059,F08,DR_20221209_143805,1146.0,0.99713236
3060,F08,DR_20221209_143805,1147.0,1.0056924
3061,F08,DR_20221209_143805,1148.0,0.012441075
3062,F08,DR_20221209_143805,1149.0,0.006417201
3063,F08,DR_20221209_143805,1150.0,0.9911304
3064,F08,DR_20221209_143805,1151.0,0.022683531
3065,F08,DR_20221209_143805,1152.0,1.0324739
3066,F09,DR_20221209_143805,1153.0,0.0054727523
3067,F09,DR_20221209_143805,1154.0,0.010245365
3068,F09,DR_20221209_143805,1155.0,1.0409929
3069,F09,DR_20221209_143805,1156.0,0.9748584
3070,F09,DR_20221209_143805,1157.0,1.0225006
3071,F09,DR_20221209_143805,1158.0,0.0065996675
3072,F09,DR_20221209_143805,1159.0,1.0033479
3073,F09,DR_20221209_143805,1160.0,1.0251786
3074,F09,DR_20221209_143805,1161.0,1.0285692
3075,F10,DR_20221209_143805,1162.0,0.9827482
3076,F10,DR_20221209_143805,1163.0,0.052729115
3077,F10,DR_20221209_143805,1164.0,1.0209198
3078,F10,DR_20221209_143805,1165.0,1.003864
3079,F10,DR_20221209_143805,1166.0,1.0044328
3080,F10,DR_20221209_143805,1167.0,1.0264004
3081,F10,DR_20221209_143805,1168.0,0.0016467397
3082,F10,DR_20221209_143805,1169.0,-0.0019228766
3083,F10,DR_20221209_143805,1170.0,0.9826803
3084,F11,DR_20221209_143805,1171.0,0.08104905
3085,F11,DR_20221209_143805,1172.0,1.0043885
3086,F11,DR_20221209_143805,1173.0,0.9822314
3087,F11,DR_20221209_143805,1174.0,1.0270103
3088,F11,DR_20221209_143805,1175.0,0.8822958
3089,F11,DR_20221209_143805,1176.0,0.3874827
3090,F11,DR_20221209_143805,1177.0,0.0072066705
3091,F11,DR_20221209_143805,1178.0,1.0427185
3092,F11,DR_20221209_143805,1179.0,1.0051855
3093,F12,DR_20221209_143805,1180.0,0.08054395
3094,F12,DR_20221209_143805,1181.0,0.028640611
3095,F12,DR_20221209_143805,1182.0,1.0046831
3096,F12,DR_20221209_143805,1183.0,1.0465673
3097,F12,DR_20221209_143805,1184.0,0.38685477
3098,F12,DR_20221209_143805,1185.0,1.0036446
3099,F12,DR_20221209_143805,1186.0,1.0276057
3100,F12,DR_20221209_143805,1187.0,0.87110645
3101,F12,DR_20221209_143805,1188.0,0.38767087
3102,F13,DR_20221209_143805,1189.0,0.0018908613
3103,F13,DR_20221209_143805,1190.0,0.080194205
3104,F13,DR_20221209_143805,1191.0,0.005161759
3105,F13,DR_20221209_143805,1192.0,0.012108692
3106,F13,DR_20221209_143805,1193.0,0.008473779
3107,F13,DR_20221209_143805,1194.0,0.028121613
3108,F13,DR_20221209_143805,1195.0,1.0662066
3109,F13,DR_20221209_143805,1196.0,1.0009578
3110,F13,DR_20221209_143805,1197.0,1.0410028
3111,F14,DR_20221209_143805,1198.0,0.006311966
3112,F14,DR_20221209_143805,1199.0,1.0475148
3113,F14,DR_20221209_143805,1200.0,1.0025603
3114,F14,DR_20221209_143805,1201.0,1.0449713
3115,F14,DR_20221209_143805,1202.0,0.3883655
3116,F14,DR_20221209_143805,1203.0,0.3888969
3117,F14,DR_20221209_143805,1204.0,1.0050995
3118,F14,DR_20221209_143805,1205.0,1.0234952
3119,F14,DR_20221209_143805,1206.0,0.97426015
3120,F15,DR_20221209_143805,1207.0,0.002211479
3121,F15,DR_20221209_143805,1208.0,0.0016495173
3122,F15,DR_20221209_143805,1209.0,1.0256878
3123,F15,DR_20221209_143805,1210.0,0.011887382
3124,F15,DR_20221209_143805,1211.0,0.00871015
3125,F15,DR_20221209_143805,1212.0,0.008229658
3126,F15,DR_20221209_143805,1213.0,1.0210509
3127,F15,DR_20221209_143805,1214.0,0.009583672
3128,F15,DR_20221209_143805,1215.0,1.0468189
3129,F16,DR_20221209_143805,1216.0,0.01015059
3130,F16,DR_20221209_143805,1217.0,0.010101455
3131,F16,DR_20221209_143805,1218.0,1.028507
3132,F16,DR_20221209_143805,1219.0,0.011500261
3133,F16,DR_20221209_143805,1220.0,0.3841888
3134,F16,DR_20221209_143805,1221.0,0.9947115
3135,F16,DR_20221209_143805,1222.0,1.0004445
3136,F16,DR_20221209_143805,1223.0,1.0460413
3137,F16,DR_20221209_143805,1224.0,1.0510272
3138,F17,DR_20221209_143805,1225.0,1.0492421
3139,F17,DR_20221209_143805,1226.0,1.0237579
3140,F17,DR_20221209_143805,1227.0,0.98375744
3141,F17,DR_20221209_143805,1228.0,1.0269191
3142,F17,DR_20221209_143805,1229.0,0.009431431
3143,F17,DR_20221209_143805,1230.0,0.010043866
3144,F17,DR_20221209_143805,1231.0,0.0053715464
3145,F17,DR_20221209_143805,1232.0,0.005509104
3146,F17,DR_20221209_143805,1233.0,1.0359107
3147,F18,DR_20221209_143805,1234.0,0.009347624
3148,F18,DR_20221209_143805,1235.0,0.016994584
3149,F18,DR_20221209_143805,1236.0,0.48177078
3150,F18,DR_20221209_143805,1237.0,1.0119408
3151,F18,DR_20221209_143805,1238.0,0.38761863
3152,F18,DR_20221209_143805,1239.0,0.0094076665
3153,F18,DR_20221209_143805,1240.0,0.0018880871
3154,F18,DR_20221209_143805,1241.0,1.0244327
3155,F18,DR_20221209_143805,1242.0,0.9996048
3156,F19,DR_20221209_143805,1243.0,0.0047818418
3157,F19,DR_20221209_143805,1244.0,1.0425913
3158,F19,DR_20221209_143805,1245.0,1.0034922
3159,F19,DR_20221209_143805,1246.0,0.00694671
3160,F19,DR_20221209_143805,1247.0,0.008218955
3161,F19,DR_20221209_143805,1248.0,0.0065795854
3162,F19,DR_20221209_143805,1249.0,0.0015572004
3163,F19,DR_20221209_143805,1250.0,0.9657636
3164,F19,DR_20221209_143805,1251.0,1.0632159
3165,F20,DR_20221209_143805,1252.0,0.010525735
3166,F20,DR_20221209_143805,1253.0,0.012596704
3167,F20,DR_20221209_143805,1254.0,0.9265329
3168,F20,DR_20221209_143805,1255.0,1.0533515
3169,F20,DR_20221209_143805,1256.0,0.00925367
3170,F20,DR_20221209_143805,1257.0,0.99125105
3171,F20,DR_20221209_143805,1258.0,0.9840109
3172,F20,DR_20221209_143805,1259.0,0.0019056452
3173,F20,DR_20221209_143805,1260.0,1.0425817
3174,F21,DR_20221209_143805,1261.0,1.026761
3175,F21,DR_20221209_143805,1262.0,1.0012933
3176,F21,DR_20221209_143805,1263.0,0.97097033
3177,F21,DR_20221209_143805,1264.0,1.031276
3178,F21,DR_20221209_143805,1265.0,0.38725027
3179,F21,DR_20221209_143805,1266.0,0.46706837
3180,F21,DR_20221209_143805,1267.0,0.9308062
3181,F21,DR_20221209_143805,1268.0,0.009808175
3182,F21,DR_20221209_143805,1269.0,1.0430573
3183,F22,DR_20221209_143805,1270.0,1.0432214
3184,F22,DR_20221209_143805,1271.0,1.0620515
3185,F22,DR_20221209_143805,1272.0,1.0267165
3186,F22,DR_20221209_143805,1273.0,1.042586
3187,F22,DR_20221209_143805,1274.0,0.0090963505
3188,F22,DR_20221209_143805,1275.0,0.0064759594
3189,F22,DR_20221209_143805,1276.0,0.91829246
3190,F22,DR_20221209_143805,1277.0,0.99222577
3191,F22,DR_20221209_143805,1278.0,0.99359596
3228,G03,DR_20221209_143805,1315.0,0.009714829
3229,G03,DR_20221209_143805,1316.0,0.005983962
3230,G03,DR_20221209_143805,1317.0,0.012332139
3231,G03,DR_20221209_143805,1318.0,1.0414356
3232,G03,DR_20221209_143805,1319.0,0.008968625
3233,G03,DR_20221209_143805,1320.0,0.0065870383
3234,G03,DR_20221209_143805,1321.0,0.07390506
3235,G03,DR_20221209_143805,1322.0,0.0323488
3236,G03,DR_20221209_143805,1323.0,1.0011059
3237,G04,DR_20221209_143805,1324.0,0.0061147627
3238,G04,DR_20221209_143805,1325.0,0.006516276
3239,G04,DR_20221209_143805,1326.0,0.89090157
3240,G04,DR_20221209_143805,1327.0,1.0356213
3241,G04,DR_20221209_143805,1328.0,0.88046205
3242,G04,DR_20221209_143805,1329.0,0.00548526
3243,G04,DR_20221209_143805,1330.0,0.0015445715
3244,G04,DR_20221209_143805,1331.0,0.009291072
3245,G04,DR_20221209_143805,1332.0,1.0412208
3246,G05,DR_20221209_143805,1333.0,0.009297977
3247,G05,DR_20221209_143805,1334.0,0.007467185
3248,G05,DR_20221209_143805,1335.0,0.0051013264
3249,G05,DR_20221209_143805,1336.0,1.0032147
3250,G05,DR_20221209_143805,1337.0,0.0049750763
3251,G05,DR_20221209_143805,1338.0,0.009301991
3252,G05,DR_20221209_143805,1339.0,1.0089854
3253,G05,DR_20221209_143805,1340.0,0.012093495
3254,G05,DR_20221209_143805,1341.0,1.0034956
3255,G06,DR_20221209_143805,1342.0,0.005796924
3256,G06,DR_20221209_143805,1343.0,0.46668637
3257,G06,DR_20221209_143805,1344.0,0.011699836
3258,G06,DR_20221209_143805,1345.0,1.0239235
3259,G06,DR_20221209_143805,1346.0,0.008596755
3260,G06,DR_20221209_143805,1347.0,0.005055598
3261,G06,DR_20221209_143805,1348.0,0.08290595
3262,G06,DR_20221209_143805,1349.0,0.88324785
3263,G06,DR_20221209_143805,1350.0,1.0298947
3264,G07,DR_20221209_143805,1351.0,1.0041592
3265,G07,DR_20221209_143805,1352.0,1.0109525
3266,G07,DR_20221209_143805,1353.0,1.0044636
3267,G07,DR_20221209_143805,1354.0,1.0419616
3268,G07,DR_20221209_143805,1355.0,0.005752637
3269,G07,DR_20221209_143805,1356.0,0.0010205592
3270,G07,DR_20221209_143805,1357.0,0.0018593939
3271,G07,DR_20221209_143805,1358.0,0.08072475
3272,G07,DR_20221209_143805,1359.0,0.986364
3273,G08,DR_20221209_143805,1360.0,0.0395704
3274,G08,DR_20221209_143805,1361.0,0.4903485
3275,G08,DR_20221209_143805,1362.0,0.48234928
3276,G08,DR_20221209_143805,1363.0,0.015989464
3277,G08,DR_20221209_143805,1364.0,0.029587334
3278,G08,DR_20221209_143805,1365.0,0.8888289
3279,G08,DR_20221209_143805,1366.0,0.080451556
3280,G08,DR_20221209_143805,1367.0,1.0440375
3281,G08,DR_20221209_143805,1368.0,0.8871067
3282,G09,DR_20221209_143805,1369.0,0.006299337
3283,G09,DR_20221209_143805,1370.0,0.08021918
3284,G09,DR_20221209_143805,1371.0,0.9857328
3285,G09,DR_20221209_143805,1372.0,0.9037209
3286,G09,DR_20221209_143805,1373.0,0.051030427
3287,G09,DR_20221209_143805,1374.0,1.0232844
3288,G09,DR_20221209_143805,1375.0,0.5590577
3289,G09,DR_20221209_143805,1376.0,1.0272316
3290,G09,DR_20221209_143805,1377.0,1.002616
3291,G10,DR_20221209_143805,1378.0,1.0029821
3292,G10,DR_20221209_143805,1379.0,0.010658211
3293,G10,DR_20221209_143805,1380.0,0.005855827
3294,G10,DR_20221209_143805,1381.0,0.005290962
3295,G10,DR_20221209_143805,1382.0,0.005255699
3296,G10,DR_20221209_143805,1383.0,0.0014214758
3297,G10,DR_20221209_143805,1384.0,0.8525585
3298,G10,DR_20221209_143805,1385.0,0.0018085657
3299,G10,DR_20221209_143805,1386.0,0.005931074
3300,G11,DR_20221209_143805,1387.0,0.99497706
3301,G11,DR_20221209_143805,1388.0,0.055473156
3302,G11,DR_20221209_143805,1389.0,0.03878994
3303,G11,DR_20221209_143805,1390.0,0.9998784
3304,G11,DR_20221209_143805,1391.0,0.053682283
3305,G11,DR_20221209_143805,1392.0,1.00362
3306,G11,DR_20221209_143805,1393.0,0.99363244
3307,G11,DR_20221209_143805,1394.0,1.011473
3308,G11,DR_20221209_143805,1395.0,0.99627167
3309,G12,DR_20221209_143805,1396.0,0.00699707
3310,G12,DR_20221209_143805,1397.0,1.0468819
3311,G12,DR_20221209_143805,1398.0,1.0187614
3312,G12,DR_20221209_143805,1399.0,1.0034949
3313,G12,DR_20221209_143805,1400.0,1.0253502
3314,G12,DR_20221209_143805,1401.0,1.0422456
3315,G12,DR_20221209_143805,1402.0,0.9982143
3316,G12,DR_20221209_143805,1403.0,0.99743354
3317,G12,DR_20221209_143805,1404.0,1.0021108
3318,G13,DR_20221209_143805,1405.0,0.4497079
3319,G13,DR_20221209_143805,1406.0,0.0057050954
3320,G13,DR_20221209_143805,1407.0,1.0021133
3321,G13,DR_20221209_143805,1408.0,1.0367076
3322,G13,DR_20221209_143805,1409.0,1.0418319
3323,G13,DR_20221209_143805,1410.0,1.0206037
3324,G13,DR_20221209_143805,1411.0,1.0008022
3325,G13,DR_20221209_143805,1412.0,0.039098635
3326,G13,DR_20221209_143805,1413.0,0.9511701
3327,G14,DR_20221209_143805,1414.0,0.4784461
3328,G14,DR_20221209_143805,1415.0,1.0025221
3329,G14,DR_20221209_143805,1416.0,0.9887791
3330,G14,DR_20221209_143805,1417.0,0.98712635
3331,G14,DR_20221209_143805,1418.0,0.50683886
3332,G14,DR_20221209_143805,1419.0,0.5051765
3333,G14,DR_20221209_143805,1420.0,0.9767913
3334,G14,DR_20221209_143805,1421.0,0.007353242
3335,G14,DR_20221209_143805,1422.0,1.0029261
3336,G15,DR_20221209_143805,1423.0,0.0051013264
3337,G15,DR_20221209_143805,1424.0,0.48258907
3338,G15,DR_20221209_143805,1425.0,0.9773884
3339,G15,DR_20221209_143805,1426.0,1.0492665
3340,G15,DR_20221209_143805,1427.0,0.009657547
3341,G15,DR_20221209_143805,1428.0,1.0459406
3342,G15,DR_20221209_143805,1429.0,0.030114777
3343,G15,DR_20221209_143805,1430.0,0.9934849
3344,G15,DR_20221209_143805,1431.0,1.0496206
3345,G16,DR_20221209_143805,1432.0,1.064142
3346,G16,DR_20221209_143805,1433.0,0.006449594
3347,G16,DR_20221209_143805,1434.0,0.87770945
3348,G16,DR_20221209_143805,1435.0,0.8444029
3349,G16,DR_20221209_143805,1436.0,0.01814079
3350,G16,DR_20221209_143805,1437.0,1.0267107
3351,G16,DR_20221209_143805,1438.0,1.0044515
3352,G16,DR_20221209_143805,1439.0,1.050621
3353,G16,DR_20221209_143805,1440.0,1.0402313
3354,G17,DR_20221209_143805,1441.0,1.0018017
3355,G17,DR_20221209_143805,1442.0,1.0262437
3356,G17,DR_20221209_143805,1443.0,0.9993847
3357,G17,DR_20221209_143805,1444.0,1.0029339
3358,G17,DR_20221209_143805,1445.0,0.50271016
3359,G17,DR_20221209_143805,1446.0,0.98731124
3360,G17,DR_20221209_143805,1447.0,0.99107003
3361,G17,DR_20221209_143805,1448.0,1.0035388
3362,G17,DR_20221209_143805,1449.0,0.99987495
3363,G18,DR_20221209_143805,1450.0,0.9961585
3364,G18,DR_20221209_143805,1451.0,0.031608522
3365,G18,DR_20221209_143805,1452.0,0.99463516
3366,G18,DR_20221209_143805,1453.0,1.0428861
3367,G18,DR_20221209_143805,1454.0,0.0083659515
3368,G18,DR_20221209_143805,1455.0,0.009806033
3369,G18,DR_20221209_143805,1456.0,0.0099470345
3370,G18,DR_20221209_143805,1457.0,0.00641837
3371,G18,DR_20221209_143805,1458.0,0.98323685
3372,G19,DR_20221209_143805,1459.0,1.0229938
3373,G19,DR_20221209_143805,1460.0,1.0022366
3374,G19,DR_20221209_143805,1461.0,0.3705181
3375,G19,DR_20221209_143805,1462.0,1.0429323
3376,G19,DR_20221209_143805,1463.0,0.86934507
3377,G19,DR_20221209_143805,1464.0,0.008903077
3378,G19,DR_20221209_143805,1465.0,0.9850733
3379,G19,DR_20221209_143805,1466.0,0.0060510477
3380,G19,DR_20221209_143805,1467.0,1.0010562
3381,G20,DR_20221209_143805,1468.0,0.0017605445
3382,G20,DR_20221209_143805,1469.0,0.0052596047
3383,G20,DR_20221209_143805,1470.0,0.80654824
3384,G20,DR_20221209_143805,1471.0,1.0024164
3385,G20,DR_20221209_143805,1472.0,0.008457439
3386,G20,DR_20221209_143805,1473.0,0.008515202
3387,G20,DR_20221209_143805,1474.0,0.0022699756
3388,G20,DR_20221209_143805,1475.0,0.006099518
3389,G20,DR_20221209_143805,1476.0,1.0341731
3390,G21,DR_20221209_143805,1477.0,0.008916405
3391,G21,DR_20221209_143805,1478.0,1.0446867
3392,G21,DR_20221209_143805,1479.0,0.986108
3393,G21,DR_20221209_143805,1480.0,1.042063
3394,G21,DR_20221209_143805,1481.0,0.009378864
3395,G21,DR_20221209_143805,1482.0,0.5150855
3396,G21,DR_20221209_143805,1483.0,0.8326729
3397,G21,DR_20221209_143805,1484.0,0.005087967
3398,G21,DR_20221209_143805,1485.0,1.0294148
3399,G22,DR_20221209_143805,1486.0,1.0024116
3400,G22,DR_20221209_143805,1487.0,1.0014588
3401,G22,DR_20221209_143805,1488.0,0.8068803
3402,G22,DR_20221209_143805,1489.0,1.0149003
3403,G22,DR_20221209_143805,1490.0,0.87817246
3404,G22,DR_20221209_143805,1491.0,0.010151483
3405,G22,DR_20221209_143805,1492.0,0.98376876
3406,G22,DR_20221209_143805,1493.0,0.85355854
3407,G22,DR_20221209_143805,1494.0,1.0033923
3444,H03,DR_20221209_143805,1531.0,0.003826664
3445,H03,DR_20221209_143805,1532.0,0.0052938308
3446,H03,DR_20221209_143805,1533.0,0.0800859
3447,H03,DR_20221209_143805,1534.0,1.0433981
3448,H03,DR_20221209_143805,1535.0,0.004101132
3449,H03,DR_20221209_143805,1536.0,0.0052938308
3450,H03,DR_20221209_143805,1537.0,0.028312678
3451,H03,DR_20221209_143805,1538.0,0.005489479
3452,H03,DR_20221209_143805,1539.0,0.0018904471
3453,H04,DR_20221209_143805,1540.0,0.004026085
3454,H04,DR_20221209_143805,1541.0,0.008777321
3455,H04,DR_20221209_143805,1542.0,1.0446867
3456,H04,DR_20221209_143805,1543.0,0.88156354
3457,H04,DR_20221209_143805,1544.0,0.881363
3458,H04,DR_20221209_143805,1545.0,0.0058126803
3459,H04,DR_20221209_143805,1546.0,0.004083191
3460,H04,DR_20221209_143805,1547.0,0.009148531
3461,H04,DR_20221209_143805,1548.0,1.0409142
3462,H05,DR_20221209_143805,1549.0,0.009387
3463,H05,DR_20221209_143805,1550.0,0.001598929
3464,H05,DR_20221209_143805,1551.0,0.010575515
3465,H05,DR_20221209_143805,1552.0,0.98990333
3466,H05,DR_20221209_143805,1553.0,0.005752637
3467,H05,DR_20221209_143805,1554.0,0.08043893
3468,H05,DR_20221209_143805,1555.0,0.5177044
3469,H05,DR_20221209_143805,1556.0,0.008272304
3470,H05,DR_20221209_143805,1557.0,1.0420333
3471,H06,DR_20221209_143805,1558.0,0.009345615
3472,H06,DR_20221209_143805,1559.0,1.0431635
3473,H06,DR_20221209_143805,1560.0,1.0432185
3474,H06,DR_20221209_143805,1561.0,0.8812567
3475,H06,DR_20221209_143805,1562.0,0.00983724
3476,H06,DR_20221209_143805,1563.0,0.0042183865
3477,H06,DR_20221209_143805,1564.0,0.0059369192
3478,H06,DR_20221209_143805,1565.0,0.006020448
3479,H06,DR_20221209_143805,1566.0,1.0430566
3480,H07,DR_20221209_143805,1567.0,1.04499
3481,H07,DR_20221209_143805,1568.0,1.0425433
3482,H07,DR_20221209_143805,1569.0,1.0169628
3483,H07,DR_20221209_143805,1570.0,1.0271388
3484,H07,DR_20221209_143805,1571.0,0.010133267
3485,H07,DR_20221209_143805,1572.0,0.009208398
3486,H07,DR_20221209_143805,1573.0,0.0063291765
3487,H07,DR_20221209_143805,1574.0,0.008833157
3488,H07,DR_20221209_143805,1575.0,1.0049691
3489,H08,DR_20221209_143805,1576.0,0.9842201
3490,H08,DR_20221209_143805,1577.0,1.0345765
3491,H08,DR_20221209_143805,1578.0,0.98505825
3492,H08,DR_20221209_143805,1579.0,1.0140424
3493,H08,DR_20221209_143805,1580.0,0.8784614
3494,H08,DR_20221209_143805,1581.0,0.744647
3495,H08,DR_20221209_143805,1582.0,0.5866003
3496,H08,DR_20221209_143805,1583.0,0.0013569559
3497,H08,DR_20221209_143805,1584.0,1.0409249
3498,H09,DR_20221209_143805,1585.0,0.005983962
3499,H09,DR_20221209_143805,1586.0,1.0261792
3500,H09,DR_20221209_143805,1587.0,1.007254
3501,H09,DR_20221209_143805,1588.0,0.039332863
3502,H09,DR_20221209_143805,1589.0,1.0260656
3503,H09,DR_20221209_143805,1590.0,0.88118076
3504,H09,DR_20221209_143805,1591.0,0.08517847
3505,H09,DR_20221209_143805,1592.0,1.022816
3506,H09,DR_20221209_143805,1593.0,1.0176963
3507,H10,DR_20221209_143805,1594.0,0.982475
3508,H10,DR_20221209_143805,1595.0,0.00905594
3509,H10,DR_20221209_143805,1596.0,0.012075555
3510,H10,DR_20221209_143805,1597.0,0.0015590636
3511,H10,DR_20221209_143805,1598.0,0.00904248
3512,H10,DR_20221209_143805,1599.0,0.027303722
3513,H10,DR_20221209_143805,1600.0,0.08398119
3514,H10,DR_20221209_143805,1601.0,0.07964339
3515,H10,DR_20221209_143805,1602.0,0.080424435
3516,H11,DR_20221209_143805,1603.0,0.99398685
3517,H11,DR_20221209_143805,1604.0,1.0193816
3518,H11,DR_20221209_143805,1605.0,0.99982125
3519,H11,DR_20221209_143805,1606.0,1.0106217
3520,H11,DR_20221209_143805,1607.0,1.0449897
3521,H11,DR_20221209_143805,1608.0,0.50026286
3522,H11,DR_20221209_143805,1609.0,1.0120881
3523,H11,DR_20221209_143805,1610.0,1.0068871
3524,H11,DR_20221209_143805,1611.0,0.9969257
3525,H12,DR_20221209_143805,1612.0,1.0497978
3526,H12,DR_20221209_143805,1613.0,1.025558
3527,H12,DR_20221209_143805,1614.0,0.9961761
3528,H12,DR_20221209_143805,1615.0,0.4962887
3529,H12,DR_20221209_143805,1616.0,1.04712
3530,H12,DR_20221209_143805,1617.0,0.015354932
3531,H12,DR_20221209_143805,1618.0,0.993449
3532,H12,DR_20221209_143805,1619.0,1.0430573
3533,H12,DR_20221209_143805,1620.0,1.0111014
3534,H13,DR_20221209_143805,1621.0,0.008557581
3535,H13,DR_20221209_143805,1622.0,0.87892574
3536,H13,DR_20221209_143805,1623.0,1.0418586
3537,H13,DR_20221209_143805,1624.0,1.0449221
3538,H13,DR_20221209_143805,1625.0,1.0261208
3539,H13,DR_20221209_143805,1626.0,1.0229337
3540,H13,DR_20221209_143805,1627.0,1.043612
3541,H13,DR_20221209_143805,1628.0,1.029757
3542,H13,DR_20221209_143805,1629.0,1.0258276
3543,H14,DR_20221209_143805,1630.0,1.0276605
3544,H14,DR_20221209_143805,1631.0,1.0465814
3545,H14,DR_20221209_143805,1632.0,0.98838115
3546,H14,DR_20221209_143805,1633.0,1.0325853
3547,H14,DR_20221209_143805,1634.0,1.0229855
3548,H14,DR_20221209_143805,1635.0,1.0437945
3549,H14,DR_20221209_143805,1636.0,0.99754876
3550,H14,DR_20221209_143805,1637.0,1.0057812
3551,H14,DR_20221209_143805,1638.0,1.0016847
3552,H15,DR_20221209_143805,1639.0,1.0204343
3553,H15,DR_20221209_143805,1640.0,0.033264562
3554,H15,DR_20221209_143805,1641.0,1.0002298
3555,H15,DR_20221209_143805,1642.0,0.99660105
3556,H15,DR_20221209_143805,1643.0,0.03279476
3557,H15,DR_20221209_143805,1644.0,0.03560126
3558,H15,DR_20221209_143805,1645.0,0.9942041
3559,H15,DR_20221209_143805,1646.0,1.0319402
3560,H15,DR_20221209_143805,1647.0,1.0050279
3561,H16,DR_20221209_143805,1648.0,1.0427331
3562,H16,DR_20221209_143805,1649.0,0.9443181
3563,H16,DR_20221209_143805,1650.0,0.88190866
3564,H16,DR_20221209_143805,1651.0,1.0029684
3565,H16,DR_20221209_143805,1652.0,1.0238963
3566,H16,DR_20221209_143805,1653.0,1.0291758
3567,H16,DR_20221209_143805,1654.0,0.9409224
3568,H16,DR_20221209_143805,1655.0,1.01691
3569,H16,DR_20221209_143805,1656.0,1.0441276
3570,H17,DR_20221209_143805,1657.0,0.99523133
3571,H17,DR_20221209_143805,1658.0,1.0385017
3572,H17,DR_20221209_143805,1659.0,0.98758364
3573,H17,DR_20221209_143805,1660.0,1.0015278
3574,H17,DR_20221209_143805,1661.0,0.8880103
3575,H17,DR_20221209_143805,1662.0,0.005794934
3576,H17,DR_20221209_143805,1663.0,0.010703089
3577,H17,DR_20221209_143805,1664.0,0.98016983
3578,H17,DR_20221209_143805,1665.0,0.9967398
3579,H18,DR_20221209_143805,1666.0,1.0198454
3580,H18,DR_20221209_143805,1667.0,1.0432643
3581,H18,DR_20221209_143805,1668.0,0.9414931
3582,H18,DR_20221209_143805,1669.0,1.0025214
3583,H18,DR_20221209_143805,1670.0,0.009007949
3584,H18,DR_20221209_143805,1671.0,0.008572062
3585,H18,DR_20221209_143805,1672.0,0.74244934
3586,H18,DR_20221209_143805,1673.0,0.5062383
3587,H18,DR_20221209_143805,1674.0,0.9965502
3588,H19,DR_20221209_143805,1675.0,1.026761
3589,H19,DR_20221209_143805,1676.0,1.041966
3590,H19,DR_20221209_143805,1677.0,0.9873933
3591,H19,DR_20221209_143805,1678.0,1.0434864
3592,H19,DR_20221209_143805,1679.0,0.0082872845
3593,H19,DR_20221209_143805,1680.0,0.0015716925
3594,H19,DR_20221209_143805,1681.0,0.0014492727
3595,H19,DR_20221209_143805,1682.0,1.03332
3596,H19,DR_20221209_143805,1683.0,1.029936
3597,H20,DR_20221209_143805,1684.0,0.88228154
3598,H20,DR_20221209_143805,1685.0,1.0446004
3599,H20,DR_20221209_143805,1686.0,0.8015164
3600,H20,DR_20221209_143805,1687.0,1.0356035
3601,H20,DR_20221209_143805,1688.0,0.009005136
3602,H20,DR_20221209_143805,1689.0,0.97234416
3603,H20,DR_20221209_143805,1690.0,0.6707352
3604,H20,DR_20221209_143805,1691.0,0.0048603965
3605,H20,DR_20221209_143805,1692.0,1.0019605
3606,H21,DR_20221209_143805,1693.0,0.99772525
3607,H21,DR_20221209_143805,1694.0,0.03345459
3608,H21,DR_20221209_143805,1695.0,0.9950741
3609,H21,DR_20221209_143805,1696.0,1.02645
3610,H21,DR_20221209_143805,1697.0,1.0417863
3611,H21,DR_20221209_143805,1698.0,1.002229
3612,H21,DR_20221209_143805,1699.0,0.9930231
3613,H21,DR_20221209_143805,1700.0,0.0063690725
3614,H21,DR_20221209_143805,1701.0,1.0004455
3615,H22,DR_20221209_143805,1702.0,1.0454524
3616,H22,DR_20221209_143805,1703.0,1.0412192
3617,H22,DR_20221209_143805,1704.0,0.99935454
3618,H22,DR_20221209_143805,1705.0,1.0019591
3619,H22,DR_20221209_143805,1706.0,1.0073026
3620,H22,DR_20221209_143805,1707.0,1.0098343
3621,H22,DR_20221209_143805,1708.0,1.0009754
3622,H22,DR_20221209_143805,1709.0,0.028363742
3623,H22,DR_20221209_143805,1710.0,1.0019897
3660,I03,DR_20221209_143805,1747.0,0.0040432955
3661,I03,DR_20221209_143805,1748.0,0.079993546
3662,I03,DR_20221209_143805,1749.0,1.0038334
3663,I03,DR_20221209_143805,1750.0,0.03601104
3664,I03,DR_20221209_143805,1751.0,0.9284659
3665,I03,DR_20221209_143805,1752.0,0.0045375633
3666,I03,DR_20221209_143805,1753.0,1.004199
3667,I03,DR_20221209_143805,1754.0,0.033869162
3668,I03,DR_20221209_143805,1755.0,0.48127693
3669,I04,DR_20221209_143805,1756.0,0.010186625
3670,I04,DR_20221209_143805,1757.0,0.0028102484
3671,I04,DR_20221209_143805,1758.0,1.0031774
3672,I04,DR_20221209_143805,1759.0,1.0034963
3673,I04,DR_20221209_143805,1760.0,0.0061221495
3674,I04,DR_20221209_143805,1761.0,0.005311041
3675,I04,DR_20221209_143805,1762.0,0.005681849
3676,I04,DR_20221209_143805,1763.0,0.0048043756
3677,I04,DR_20221209_143805,1764.0,0.010646381
3678,I05,DR_20221209_143805,1765.0,0.0065870383
3679,I05,DR_20221209_143805,1766.0,0.0049922867
3680,I05,DR_20221209_143805,1767.0,0.008556627
3681,I05,DR_20221209_143805,1768.0,1.0431137
3682,I05,DR_20221209_143805,1769.0,1.0014626
3683,I05,DR_20221209_143805,1770.0,0.0054727523
3684,I05,DR_20221209_143805,1771.0,1.0042906
3685,I05,DR_20221209_143805,1772.0,1.0006169
3686,I05,DR_20221209_143805,1773.0,1.0027473
3687,I06,DR_20221209_143805,1774.0,0.0045419973
3688,I06,DR_20221209_143805,1775.0,0.008449329
3689,I06,DR_20221209_143805,1776.0,0.008556627
3690,I06,DR_20221209_143805,1777.0,1.0244249
3691,I06,DR_20221209_143805,1778.0,0.009428162
3692,I06,DR_20221209_143805,1779.0,0.006529932
3693,I06,DR_20221209_143805,1780.0,0.08051759
3694,I06,DR_20221209_143805,1781.0,0.010730584
3695,I06,DR_20221209_143805,1782.0,1.0430573
3696,I07,DR_20221209_143805,1783.0,0.882837
3697,I07,DR_20221209_143805,1784.0,1.0381341
3698,I07,DR_20221209_143805,1785.0,1.0429534
3699,I07,DR_20221209_143805,1786.0,1.042362
3700,I07,DR_20221209_143805,1787.0,0.008508595
3701,I07,DR_20221209_143805,1788.0,0.005550577
3702,I07,DR_20221209_143805,1789.0,0.08409736
3703,I07,DR_20221209_143805,1790.0,0.006355713
3704,I07,DR_20221209_143805,1791.0,1.0661767
3705,I08,DR_20221209_143805,1792.0,1.0445062
3706,I08,DR_20221209_143805,1793.0,1.0419687
3707,I08,DR_20221209_143805,1794.0,1.0034829
3708,I08,DR_20221209_143805,1795.0,1.0468578
3709,I08,DR_20221209_143805,1796.0,0.00961593
3710,I08,DR_20221209_143805,1797.0,0.003995031
3711,I08,DR_20221209_143805,1798.0,0.0811985
3712,I08,DR_20221209_143805,1799.0,0.0057972157
3713,I08,DR_20221209_143805,1800.0,0.9995558
3714,I09,DR_20221209_143805,1801.0,0.005241427
3715,I09,DR_20221209_143805,1802.0,1.0038387
3716,I09,DR_20221209_143805,1803.0,1.0045191
3717,I09,DR_20221209_143805,1804.0,1.0268197
3718,I09,DR_20221209_143805,1805.0,0.8817633
3719,I09,DR_20221209_143805,1806.0,1.0080885
3720,I09,DR_20221209_143805,1807.0,0.0051584328
3721,I09,DR_20221209_143805,1808.0,1.0325785
3722,I09,DR_20221209_143805,1809.0,0.99541986
3723,I10,DR_20221209_143805,1810.0,0.96793556
3724,I10,DR_20221209_143805,1811.0,0.01063032
3725,I10,DR_20221209_143805,1812.0,0.012075555
3726,I10,DR_20221209_143805,1813.0,0.0059423177
3727,I10,DR_20221209_143805,1814.0,0.008091464
3728,I10,DR_20221209_143805,1815.0,0.0048098085
3729,I10,DR_20221209_143805,1816.0,0.00161617
3730,I10,DR_20221209_143805,1817.0,0.001598929
3731,I10,DR_20221209_143805,1818.0,0.010525735
3732,I11,DR_20221209_143805,1819.0,0.008881195
3733,I11,DR_20221209_143805,1820.0,0.881028
3734,I11,DR_20221209_143805,1821.0,0.96179163
3735,I11,DR_20221209_143805,1822.0,1.0411339
3736,I11,DR_20221209_143805,1823.0,0.88161105
3737,I11,DR_20221209_143805,1824.0,0.008968625
3738,I11,DR_20221209_143805,1825.0,0.006542561
3739,I11,DR_20221209_143805,1826.0,1.0088158
3740,I11,DR_20221209_143805,1827.0,1.0268775
3741,I12,DR_20221209_143805,1828.0,0.96796495
3742,I12,DR_20221209_143805,1829.0,0.0015716925
3743,I12,DR_20221209_143805,1830.0,0.7449164
3744,I12,DR_20221209_143805,1831.0,1.0438169
3745,I12,DR_20221209_143805,1832.0,1.0253907
3746,I12,DR_20221209_143805,1833.0,0.47645965
3747,I12,DR_20221209_143805,1834.0,0.29241458
3748,I12,DR_20221209_143805,1835.0,1.045091
3749,I12,DR_20221209_143805,1836.0,1.043783
3750,I13,DR_20221209_143805,1837.0,0.009540213
3751,I13,DR_20221209_143805,1838.0,1.0630411
3752,I13,DR_20221209_143805,1839.0,1.0030231
3753,I13,DR_20221209_143805,1840.0,1.0272475
3754,I13,DR_20221209_143805,1841.0,1.0423822
3755,I13,DR_20221209_143805,1842.0,0.90690464
3756,I13,DR_20221209_143805,1843.0,1.0459566
3757,I13,DR_20221209_143805,1844.0,1.0530211
3758,I13,DR_20221209_143805,1845.0,1.0005568
3759,I14,DR_20221209_143805,1846.0,1.0229709
3760,I14,DR_20221209_143805,1847.0,0.034843214
3761,I14,DR_20221209_143805,1848.0,0.9976544
3762,I14,DR_20221209_143805,1849.0,0.9444193
3763,I14,DR_20221209_143805,1850.0,1.0264626
3764,I14,DR_20221209_143805,1851.0,0.009036066
3765,I14,DR_20221209_143805,1852.0,1.037369
3766,I14,DR_20221209_143805,1853.0,1.0453473
3767,I14,DR_20221209_143805,1854.0,0.9635968
3768,I15,DR_20221209_143805,1855.0,1.044367
3769,I15,DR_20221209_143805,1856.0,1.0267376
3770,I15,DR_20221209_143805,1857.0,0.884502
3771,I15,DR_20221209_143805,1858.0,0.9955132
3772,I15,DR_20221209_143805,1859.0,1.0232196
3773,I15,DR_20221209_143805,1860.0,0.49075717
3774,I15,DR_20221209_143805,1861.0,0.9838188
3775,I15,DR_20221209_143805,1862.0,1.0412625
3776,I15,DR_20221209_143805,1863.0,0.9571517
3777,I16,DR_20221209_143805,1864.0,1.0309776
3778,I16,DR_20221209_143805,1865.0,0.98346484
3779,I16,DR_20221209_143805,1866.0,0.9984248
3780,I16,DR_20221209_143805,1867.0,0.9936743
3781,I16,DR_20221209_143805,1868.0,1.0252151
3782,I16,DR_20221209_143805,1869.0,1.011007
3783,I16,DR_20221209_143805,1870.0,0.4061037
3784,I16,DR_20221209_143805,1871.0,0.9965027
3785,I16,DR_20221209_143805,1872.0,0.99615
3786,I17,DR_20221209_143805,1873.0,1.0274763
3787,I17,DR_20221209_143805,1874.0,0.03286859
3788,I17,DR_20221209_143805,1875.0,0.9719528
3789,I17,DR_20221209_143805,1876.0,1.0272626
3790,I17,DR_20221209_143805,1877.0,0.009761877
3791,I17,DR_20221209_143805,1878.0,0.008833819
3792,I17,DR_20221209_143805,1879.0,1.044033
3793,I17,DR_20221209_143805,1880.0,0.0016640879
3794,I17,DR_20221209_143805,1881.0,1.0133755
3795,I18,DR_20221209_143805,1882.0,1.0291114
3796,I18,DR_20221209_143805,1883.0,1.0294127
3797,I18,DR_20221209_143805,1884.0,0.9043448
3798,I18,DR_20221209_143805,1885.0,1.0243206
3799,I18,DR_20221209_143805,1886.0,1.0258417
3800,I18,DR_20221209_143805,1887.0,1.0439305
3801,I18,DR_20221209_143805,1888.0,0.9193679
3802,I18,DR_20221209_143805,1889.0,0.9502111
3803,I18,DR_20221209_143805,1890.0,0.942647
3804,I19,DR_20221209_143805,1891.0,1.0020928
3805,I19,DR_20221209_143805,1892.0,1.0421035
3806,I19,DR_20221209_143805,1893.0,0.99812543
3807,I19,DR_20221209_143805,1894.0,1.0212103
3808,I19,DR_20221209_143805,1895.0,1.0262935
3809,I19,DR_20221209_143805,1896.0,1.001655
3810,I19,DR_20221209_143805,1897.0,0.0016609231
3811,I19,DR_20221209_143805,1898.0,0.0050814254
3812,I19,DR_20221209_143805,1899.0,1.0093621
3813,I20,DR_20221209_143805,1900.0,1.0438806
3814,I20,DR_20221209_143805,1901.0,1.0435126
3815,I20,DR_20221209_143805,1902.0,1.0056332
3816,I20,DR_20221209_143805,1903.0,1.0438647
3817,I20,DR_20221209_143805,1904.0,0.008907905
3818,I20,DR_20221209_143805,1905.0,0.0065996675
3819,I20,DR_20221209_143805,1906.0,0.9189962
3820,I20,DR_20221209_143805,1907.0,0.005803395
3821,I20,DR_20221209_143805,1908.0,1.0413148
3822,I21,DR_20221209_143805,1909.0,1.0108477
3823,I21,DR_20221209_143805,1910.0,1.0417752
3824,I21,DR_20221209_143805,1911.0,0.9855437
3825,I21,DR_20221209_143805,1912.0,0.001678097
3826,I21,DR_20221209_143805,1913.0,0.8769786
3827,I21,DR_20221209_143805,1914.0,0.9043725
3828,I21,DR_20221209_143805,1915.0,0.9102241
3829,I21,DR_20221209_143805,1916.0,0.97839046
3830,I21,DR_20221209_143805,1917.0,0.7367709
3831,I22,DR_20221209_143805,1918.0,0.47432396
3832,I22,DR_20221209_143805,1919.0,0.020736232
3833,I22,DR_20221209_143805,1920.0,0.854446
3834,I22,DR_20221209_143805,1921.0,1.0019913
3835,I22,DR_20221209_143805,1922.0,1.0258336
3836,I22,DR_20221209_143805,1923.0,1.0432211
3837,I22,DR_20221209_143805,1924.0,0.99013543
3838,I22,DR_20221209_143805,1925.0,1.0425546
3839,I22,DR_20221209_143805,1926.0,0.4879933
3876,J03,DR_20221209_143805,1963.0,0.00070763135
3877,J03,DR_20221209_143805,1964.0,0.005936298
3878,J03,DR_20221209_143805,1965.0,0.0021824334
3879,J03,DR_20221209_143805,1966.0,0.83527577
3880,J03,DR_20221209_143805,1967.0,-0.0013116819
3881,J03,DR_20221209_143805,1968.0,0.0024446417
3882,J03,DR_20221209_143805,1969.0,0.0028851072
3883,J03,DR_20221209_143805,1970.0,0.0038798787
3884,J04,DR_20221209_143805,1971.0,0.005414478
3885,J04,DR_20221209_143805,1972.0,0.008556627
3886,J04,DR_20221209_143805,1973.0,0.080757685
3887,J04,DR_20221209_143805,1974.0,1.001924
3888,J04,DR_20221209_143805,1975.0,0.86935776
3889,J04,DR_20221209_143805,1976.0,0.0015418226
3890,J04,DR_20221209_143805,1977.0,0.07702196
3891,J04,DR_20221209_143805,1978.0,0.0018748586
3892,J04,DR_20221209_143805,1979.0,0.0015445715
3893,J05,DR_20221209_143805,1980.0,0.005940406
3894,J05,DR_20221209_143805,1981.0,0.0049451957
3895,J05,DR_20221209_143805,1982.0,1.0017661
3896,J05,DR_20221209_143805,1983.0,1.0143466
3897,J05,DR_20221209_143805,1984.0,0.8300015
3898,J05,DR_20221209_143805,1985.0,0.005926856
3899,J05,DR_20221209_143805,1986.0,1.0025136
3900,J05,DR_20221209_143805,1987.0,1.0161585
3901,J05,DR_20221209_143805,1988.0,1.0171249
3902,J06,DR_20221209_143805,1989.0,0.033062134
3903,J06,DR_20221209_143805,1990.0,0.008556627
3904,J06,DR_20221209_143805,1991.0,0.918041
3905,J06,DR_20221209_143805,1992.0,1.0463434
3906,J06,DR_20221209_143805,1993.0,0.004826319
3907,J06,DR_20221209_143805,1994.0,-0.0017646406
3908,J06,DR_20221209_143805,1995.0,0.19441463
3909,J06,DR_20221209_143805,1996.0,0.08050793
3910,J06,DR_20221209_143805,1997.0,0.9857107
3911,J07,DR_20221209_143805,1998.0,1.0041144
3912,J07,DR_20221209_143805,1999.0,1.0021008
3913,J07,DR_20221209_143805,2000.0,1.0443366
3914,J07,DR_20221209_143805,2001.0,1.0013736
3915,J07,DR_20221209_143805,2002.0,0.00161617
3916,J07,DR_20221209_143805,2003.0,0.08055771
3917,J07,DR_20221209_143805,2004.0,0.0024809535
3918,J07,DR_20221209_143805,2005.0,0.001628799
3919,J07,DR_20221209_143805,2006.0,0.981284
3920,J08,DR_20221209_143805,2007.0,0.9831611
3921,J08,DR_20221209_143805,2008.0,0.0015590636
3922,J08,DR_20221209_143805,2009.0,0.93900454
3923,J08,DR_20221209_143805,2010.0,0.98232335
3924,J08,DR_20221209_143805,2011.0,0.0013318482
3925,J08,DR_20221209_143805,2012.0,0.004859165
3926,J08,DR_20221209_143805,2013.0,0.4089489
3927,J08,DR_20221209_143805,2014.0,0.07716462
3928,J08,DR_20221209_143805,2015.0,0.94273394
3929,J09,DR_20221209_143805,2016.0,0.08096377
3930,J09,DR_20221209_143805,2017.0,1.042564
3931,J09,DR_20221209_143805,2018.0,0.98409665
3932,J09,DR_20221209_143805,2019.0,0.03213578
3933,J09,DR_20221209_143805,2020.0,0.034977965
3934,J09,DR_20221209_143805,2021.0,0.0147427935
3935,J09,DR_20221209_143805,2022.0,0.08155862
3936,J09,DR_20221209_143805,2023.0,0.0046025347
3937,J09,DR_20221209_143805,2024.0,0.9889875
3938,J10,DR_20221209_143805,2025.0,0.9785754
3939,J10,DR_20221209_143805,2026.0,1.00301
3940,J10,DR_20221209_143805,2027.0,0.9790584
3941,J10,DR_20221209_143805,2028.0,0.0055604186
3942,J10,DR_20221209_143805,2029.0,0.009057977
3943,J10,DR_20221209_143805,2030.0,0.0017093208
3944,J10,DR_20221209_143805,2031.0,0.0018591668
3945,J10,DR_20221209_143805,2032.0,0.0022716608
3946,J10,DR_20221209_143805,2033.0,0.00488441
3947,J11,DR_20221209_143805,2034.0,1.0294027
3948,J11,DR_20221209_143805,2035.0,0.019917108
3949,J11,DR_20221209_143805,2036.0,0.985478
3950,J11,DR_20221209_143805,2037.0,1.0294036
3951,J11,DR_20221209_143805,2038.0,0.38701078
3952,J11,DR_20221209_143805,2039.0,1.0442218
3953,J11,DR_20221209_143805,2040.0,0.80319685
3954,J11,DR_20221209_143805,2041.0,0.9856528
3955,J11,DR_20221209_143805,2042.0,0.9991635
3956,J12,DR_20221209_143805,2043.0,0.0015590636
3957,J12,DR_20221209_143805,2044.0,0.0052542933
3958,J12,DR_20221209_143805,2045.0,0.0048856186
3959,J12,DR_20221209_143805,2046.0,0.86006457
3960,J12,DR_20221209_143805,2047.0,0.007817916
3961,J12,DR_20221209_143805,2048.0,0.8813984
3962,J12,DR_20221209_143805,2049.0,0.84884953
3963,J12,DR_20221209_143805,2050.0,0.98426247
3964,J12,DR_20221209_143805,2051.0,0.97929966
3965,J13,DR_20221209_143805,2052.0,1.008896
3966,J13,DR_20221209_143805,2053.0,0.638307
3967,J13,DR_20221209_143805,2054.0,0.9904199
3968,J13,DR_20221209_143805,2055.0,1.0304272
3969,J13,DR_20221209_143805,2056.0,1.0438719
3970,J13,DR_20221209_143805,2057.0,1.0270058
3971,J13,DR_20221209_143805,2058.0,0.005464002
3972,J13,DR_20221209_143805,2059.0,0.984816
3973,J13,DR_20221209_143805,2060.0,1.0112238
3974,J14,DR_20221209_143805,2061.0,0.9979335
3975,J14,DR_20221209_143805,2062.0,0.998938
3976,J14,DR_20221209_143805,2063.0,0.9943117
3977,J14,DR_20221209_143805,2064.0,0.995526
3978,J14,DR_20221209_143805,2065.0,0.015255503
3979,J14,DR_20221209_143805,2066.0,1.0184811
3980,J14,DR_20221209_143805,2067.0,1.043972
3981,J14,DR_20221209_143805,2068.0,1.0082809
3982,J14,DR_20221209_143805,2069.0,1.0062144
3983,J15,DR_20221209_143805,2070.0,1.0431644
3984,J15,DR_20221209_143805,2071.0,0.91096467
3985,J15,DR_20221209_143805,2072.0,0.8908143
3986,J15,DR_20221209_143805,2073.0,0.81278425
3987,J15,DR_20221209_143805,2074.0,0.0779004
3988,J15,DR_20221209_143805,2075.0,0.49959075
3989,J15,DR_20221209_143805,2076.0,1.0280299
3990,J15,DR_20221209_143805,2077.0,0.9884065
3991,J15,DR_20221209_143805,2078.0,0.9854175
3992,J16,DR_20221209_143805,2079.0,0.9930552
3993,J16,DR_20221209_143805,2080.0,0.98449385
3994,J16,DR_20221209_143805,2081.0,0.5091191
3995,J16,DR_20221209_143805,2082.0,0.4764007
3996,J16,DR_20221209_143805,2083.0,1.0260723
3997,J16,DR_20221209_143805,2084.0,1.0005857
3998,J16,DR_20221209_143805,2085.0,1.0038862
3999,J16,DR_20221209_143805,2086.0,1.0293618
4000,J16,DR_20221209_143805,2087.0,1.0482817
4001,J17,DR_20221209_143805,2088.0,0.8871568
4002,J17,DR_20221209_143805,2089.0,0.02201578
4003,J17,DR_20221209_143805,2090.0,0.9885828
4004,J17,DR_20221209_143805,2091.0,0.96942717
4005,J17,DR_20221209_143805,2092.0,1.0274856
4006,J17,DR_20221209_143805,2093.0,0.009625666
4007,J17,DR_20221209_143805,2094.0,0.001793466
4008,J17,DR_20221209_143805,2095.0,0.84908473
4009,J17,DR_20221209_143805,2096.0,0.9974852
4010,J18,DR_20221209_143805,2097.0,1.0243608
4011,J18,DR_20221209_143805,2098.0,1.0177518
4012,J18,DR_20221209_143805,2099.0,0.9240836
4013,J18,DR_20221209_143805,2100.0,1.027489
4014,J18,DR_20221209_143805,2101.0,0.0063683423
4015,J18,DR_20221209_143805,2102.0,0.18425567
4016,J18,DR_20221209_143805,2103.0,0.0019475536
4017,J18,DR_20221209_143805,2104.0,0.0016438987
4018,J18,DR_20221209_143805,2105.0,0.9948654
4019,J19,DR_20221209_143805,2106.0,1.0431018
4020,J19,DR_20221209_143805,2107.0,1.0096695
4021,J19,DR_20221209_143805,2108.0,1.0016723
4022,J19,DR_20221209_143805,2109.0,0.9870531
4023,J19,DR_20221209_143805,2110.0,0.009633134
4024,J19,DR_20221209_143805,2111.0,0.0059271697
4025,J19,DR_20221209_143805,2112.0,0.7440833
4026,J19,DR_20221209_143805,2113.0,1.0422484
4027,J19,DR_20221209_143805,2114.0,1.04372
4028,J20,DR_20221209_143805,2115.0,1.0069754
4029,J20,DR_20221209_143805,2116.0,1.0018543
4030,J20,DR_20221209_143805,2117.0,0.0019054282
4031,J20,DR_20221209_143805,2118.0,0.9819696
4032,J20,DR_20221209_143805,2119.0,0.009077876
4033,J20,DR_20221209_143805,2120.0,0.080197394
4034,J20,DR_20221209_143805,2121.0,0.014745268
4035,J20,DR_20221209_143805,2122.0,0.0065962016
4036,J20,DR_20221209_143805,2123.0,0.010206524
4037,J21,DR_20221209_143805,2124.0,0.9908702
4038,J21,DR_20221209_143805,2125.0,1.0437845
4039,J21,DR_20221209_143805,2126.0,0.9463282
4040,J21,DR_20221209_143805,2127.0,1.0442296
4041,J21,DR_20221209_143805,2128.0,0.006355713
4042,J21,DR_20221209_143805,2129.0,0.004900351
4043,J21,DR_20221209_143805,2130.0,0.99363756
4044,J21,DR_20221209_143805,2131.0,0.9861469
4045,J21,DR_20221209_143805,2132.0,0.005690792
4046,J22,DR_20221209_143805,2133.0,0.9989538
4047,J22,DR_20221209_143805,2134.0,0.51461995
4048,J22,DR_20221209_143805,2135.0,0.98787004
4049,J22,DR_20221209_143805,2136.0,0.98921293
4050,J22,DR_20221209_143805,2137.0,0.03387908
4051,J22,DR_20221209_143805,2138.0,1.0020199
4052,J22,DR_20221209_143805,2139.0,0.9916272
4053,J22,DR_20221209_143805,2140.0,0.99350077
4054,J22,DR_20221209_143805,2141.0,0.3882335
4091,K04,DR_20221209_143805,2187.0,0.03218254
4092,K04,DR_20221209_143805,2188.0,0.0068207663
4093,K04,DR_20221209_143805,2189.0,0.992299
4094,K04,DR_20221209_143805,2190.0,1.0140424
4095,K04,DR_20221209_143805,2191.0,1.0427351
4096,K04,DR_20221209_143805,2192.0,0.0063783578
4097,K04,DR_20221209_143805,2193.0,0.080424435
4098,K04,DR_20221209_143805,2194.0,0.0858072
4099,K04,DR_20221209_143805,2195.0,0.9890752
4100,K05,DR_20221209_143805,2196.0,0.008982332
4101,K05,DR_20221209_143805,2197.0,0.0049843616
4102,K05,DR_20221209_143805,2198.0,1.0066803
4103,K05,DR_20221209_143805,2199.0,1.0174407
4104,K05,DR_20221209_143805,2200.0,0.009630598
4105,K05,DR_20221209_143805,2201.0,-0.000366233
4106,K05,DR_20221209_143805,2202.0,1.0368959
4107,K05,DR_20221209_143805,2203.0,1.019703
4108,K05,DR_20221209_143805,2204.0,1.0207189
4109,K06,DR_20221209_143805,2205.0,0.005737928
4110,K06,DR_20221209_143805,2206.0,0.00928616
4111,K06,DR_20221209_143805,2207.0,1.0030501
4112,K06,DR_20221209_143805,2208.0,1.0431018
4113,K06,DR_20221209_143805,2209.0,0.010155994
4114,K06,DR_20221209_143805,2210.0,0.0056886305
4115,K06,DR_20221209_143805,2211.0,0.0014428847
4116,K06,DR_20221209_143805,2212.0,1.0047907
4117,K06,DR_20221209_143805,2213.0,1.0057864
4118,K07,DR_20221209_143805,2214.0,1.0021021
4119,K07,DR_20221209_143805,2215.0,0.99910575
4120,K07,DR_20221209_143805,2216.0,0.34170854
4121,K07,DR_20221209_143805,2217.0,1.0188503
4122,K07,DR_20221209_143805,2218.0,0.00603399
4123,K07,DR_20221209_143805,2219.0,0.08011443
4124,K07,DR_20221209_143805,2220.0,0.7798361
4125,K07,DR_20221209_143805,2221.0,0.005737928
4126,K07,DR_20221209_143805,2222.0,0.9895327
4127,K08,DR_20221209_143805,2223.0,0.013208056
4128,K08,DR_20221209_143805,2224.0,1.0269259
4129,K08,DR_20221209_143805,2225.0,1.0052073
4130,K08,DR_20221209_143805,2226.0,1.0020539
4131,K08,DR_20221209_143805,2227.0,0.8822558
4132,K08,DR_20221209_143805,2228.0,0.99798554
4133,K08,DR_20221209_143805,2229.0,0.986171
4134,K08,DR_20221209_143805,2230.0,0.92633355
4135,K08,DR_20221209_143805,2231.0,0.99369335
4136,K09,DR_20221209_143805,2232.0,0.0052931006
4137,K09,DR_20221209_143805,2233.0,0.005802665
4138,K09,DR_20221209_143805,2234.0,1.0013509
4139,K09,DR_20221209_143805,2235.0,1.0414859
4140,K09,DR_20221209_143805,2236.0,1.0225093
4141,K09,DR_20221209_143805,2237.0,0.0037079458
4142,K09,DR_20221209_143805,2238.0,0.0052084606
4143,K09,DR_20221209_143805,2239.0,1.0521017
4144,K09,DR_20221209_143805,2240.0,1.0435022
4145,K10,DR_20221209_143805,2241.0,0.47852117
4146,K10,DR_20221209_143805,2242.0,0.882156
4147,K10,DR_20221209_143805,2243.0,0.49901357
4148,K10,DR_20221209_143805,2244.0,0.90852445
4149,K10,DR_20221209_143805,2245.0,0.03565754
4150,K10,DR_20221209_143805,2246.0,0.0052084606
4151,K10,DR_20221209_143805,2247.0,0.080494165
4152,K10,DR_20221209_143805,2248.0,0.0011276935
4153,K10,DR_20221209_143805,2249.0,0.9988041
4154,K11,DR_20221209_143805,2250.0,0.00161617
4155,K11,DR_20221209_143805,2251.0,0.032308597
4156,K11,DR_20221209_143805,2252.0,0.98994744
4157,K11,DR_20221209_143805,2253.0,0.985411
4158,K11,DR_20221209_143805,2254.0,0.99995655
4159,K11,DR_20221209_143805,2255.0,0.97136396
4160,K11,DR_20221209_143805,2256.0,0.08108655
4161,K11,DR_20221209_143805,2257.0,1.0086205
4162,K11,DR_20221209_143805,2258.0,0.99248636
4163,K12,DR_20221209_143805,2259.0,0.0015572004
4164,K12,DR_20221209_143805,2260.0,0.001628799
4165,K12,DR_20221209_143805,2261.0,0.84835696
4166,K12,DR_20221209_143805,2262.0,0.9990025
4167,K12,DR_20221209_143805,2263.0,1.0268587
4168,K12,DR_20221209_143805,2264.0,0.86867845
4169,K12,DR_20221209_143805,2265.0,0.002011758
4170,K12,DR_20221209_143805,2266.0,1.0111272
4171,K12,DR_20221209_143805,2267.0,1.0007024
4172,K14,DR_20221209_143805,2277.0,0.99903446
4173,K14,DR_20221209_143805,2278.0,0.46378976
4174,K14,DR_20221209_143805,2279.0,1.0062978
4175,K14,DR_20221209_143805,2280.0,0.48009127
4176,K14,DR_20221209_143805,2281.0,0.017825047
4177,K14,DR_20221209_143805,2282.0,0.98537815
4178,K14,DR_20221209_143805,2283.0,0.0049575986
4179,K14,DR_20221209_143805,2284.0,0.9794449
4180,K14,DR_20221209_143805,2285.0,1.0021034
4181,K18,DR_20221209_143805,2313.0,0.49735075
4182,K18,DR_20221209_143805,2314.0,0.47728658
4183,K18,DR_20221209_143805,2315.0,0.9983684
4184,K18,DR_20221209_143805,2316.0,1.0036644
4185,K18,DR_20221209_143805,2317.0,0.041970924
4186,K18,DR_20221209_143805,2318.0,0.8874747
4187,K18,DR_20221209_143805,2319.0,1.0260723
4188,K18,DR_20221209_143805,2320.0,1.0191548
4189,K18,DR_20221209_143805,2321.0,1.0200534
4190,K19,DR_20221209_143805,2322.0,0.47319978
4191,K19,DR_20221209_143805,2323.0,0.014731353
4192,K19,DR_20221209_143805,2324.0,1.001249
4193,K19,DR_20221209_143805,2325.0,0.49815625
4194,K19,DR_20221209_143805,2326.0,0.9637967
4195,K19,DR_20221209_143805,2327.0,1.0101511
4196,K19,DR_20221209_143805,2328.0,0.005848506
4197,K19,DR_20221209_143805,2329.0,0.006100346
4198,K19,DR_20221209_143805,2330.0,1.042614
4199,K20,DR_20221209_143805,2331.0,0.9903665
4200,K20,DR_20221209_143805,2332.0,1.0525836
4201,K20,DR_20221209_143805,2333.0,0.40987396
4202,K20,DR_20221209_143805,2334.0,1.0432912
4203,K20,DR_20221209_143805,2335.0,0.9685728
4204,K20,DR_20221209_143805,2336.0,0.07994303
4205,K20,DR_20221209_143805,2337.0,0.006406471
4206,K20,DR_20221209_143805,2338.0,0.080437064
4207,K20,DR_20221209_143805,2339.0,1.0430447
4208,K21,DR_20221209_143805,2340.0,1.0013608
4209,K21,DR_20221209_143805,2341.0,0.98639977
4210,K21,DR_20221209_143805,2342.0,0.97382694
4211,K21,DR_20221209_143805,2343.0,0.0022199475
4212,K21,DR_20221209_143805,2344.0,0.94903636
4213,K21,DR_20221209_143805,2345.0,1.0249046
4214,K21,DR_20221209_143805,2346.0,0.99069685
4215,K21,DR_20221209_143805,2347.0,0.18420564
4216,K21,DR_20221209_143805,2348.0,0.00606177
4217,K22,DR_20221209_143805,2349.0,0.9971845
4218,K22,DR_20221209_143805,2350.0,0.46285716
4219,K22,DR_20221209_143805,2351.0,0.9965146
4220,K22,DR_20221209_143805,2352.0,0.4908452
4221,K22,DR_20221209_143805,2353.0,0.040497556
4222,K22,DR_20221209_143805,2354.0,0.99499476
4223,K22,DR_20221209_143805,2355.0,0.9209597
4224,K22,DR_20221209_143805,2356.0,1.004028
4225,K22,DR_20221209_143805,2357.0,1.0453609
4262,L04,DR_20221209_143805,2403.0,0.08459656
4263,L04,DR_20221209_143805,2404.0,0.08743649
4264,L04,DR_20221209_143805,2405.0,1.0089163
4265,L04,DR_20221209_143805,2406.0,1.0011734
4266,L04,DR_20221209_143805,2407.0,0.009148531
4267,L04,DR_20221209_143805,2408.0,0.083968565
4268,L04,DR_20221209_143805,2409.0,0.076041386
4269,L04,DR_20221209_143805,2410.0,0.0015445715
4270,L04,DR_20221209_143805,2411.0,0.9876437
4271,L05,DR_20221209_143805,2412.0,0.005155089
4272,L05,DR_20221209_143805,2413.0,0.004826319
4273,L05,DR_20221209_143805,2414.0,1.0055374
4274,L05,DR_20221209_143805,2415.0,1.0427175
4275,L05,DR_20221209_143805,2416.0,0.009173995
4276,L05,DR_20221209_143805,2417.0,0.010084162
4277,L05,DR_20221209_143805,2418.0,0.080614015
4278,L05,DR_20221209_143805,2419.0,0.00921305
4279,L05,DR_20221209_143805,2420.0,0.993431
4280,L06,DR_20221209_143805,2421.0,0.38859847
4281,L06,DR_20221209_143805,2422.0,0.009060076
4282,L06,DR_20221209_143805,2423.0,1.0024228
4283,L06,DR_20221209_143805,2424.0,0.8796892
4284,L06,DR_20221209_143805,2425.0,0.008840011
4285,L06,DR_20221209_143805,2426.0,0.07390506
4286,L06,DR_20221209_143805,2427.0,0.0051458036
4287,L06,DR_20221209_143805,2428.0,0.0077070403
4288,L06,DR_20221209_143805,2429.0,1.0431137
4289,L07,DR_20221209_143805,2430.0,1.0103562
4290,L07,DR_20221209_143805,2431.0,0.03508588
4291,L07,DR_20221209_143805,2432.0,0.88594615
4292,L07,DR_20221209_143805,2433.0,0.998218
4293,L07,DR_20221209_143805,2434.0,0.009461718
4294,L07,DR_20221209_143805,2435.0,0.08050866
4295,L07,DR_20221209_143805,2436.0,0.48258093
4296,L07,DR_20221209_143805,2437.0,0.0018949297
4297,L07,DR_20221209_143805,2438.0,1.0000672
4298,L08,DR_20221209_143805,2439.0,1.042312
4299,L08,DR_20221209_143805,2440.0,1.0130428
4300,L08,DR_20221209_143805,2441.0,1.0426702
4301,L08,DR_20221209_143805,2442.0,0.033097368
4302,L08,DR_20221209_143805,2443.0,0.0074989777
4303,L08,DR_20221209_143805,2444.0,0.003722918
4304,L08,DR_20221209_143805,2445.0,0.0063683423
4305,L08,DR_20221209_143805,2446.0,0.08546689
4306,L08,DR_20221209_143805,2447.0,0.9969446
4307,L09,DR_20221209_143805,2448.0,0.07710618
4308,L09,DR_20221209_143805,2449.0,0.0059682694
4309,L09,DR_20221209_143805,2450.0,0.4783868
4310,L09,DR_20221209_143805,2451.0,0.03402308
4311,L09,DR_20221209_143805,2452.0,0.0051458036
4312,L09,DR_20221209_143805,2453.0,0.00161617
4313,L09,DR_20221209_143805,2454.0,0.0032186848
4314,L09,DR_20221209_143805,2455.0,0.028646959
4315,L09,DR_20221209_143805,2456.0,1.004023
4316,L10,DR_20221209_143805,2457.0,0.0057293233
4317,L10,DR_20221209_143805,2458.0,0.18790567
4318,L10,DR_20221209_143805,2459.0,0.0027702812
4319,L10,DR_20221209_143805,2460.0,0.07726309
4320,L10,DR_20221209_143805,2461.0,0.0013811461
4321,L10,DR_20221209_143805,2462.0,0.08050866
4322,L10,DR_20221209_143805,2463.0,0.0014214758
4323,L10,DR_20221209_143805,2464.0,0.0016788269
4324,L10,DR_20221209_143805,2465.0,0.0018422529
4325,L11,DR_20221209_143805,2466.0,0.014523171
4326,L11,DR_20221209_143805,2467.0,0.4778978
4327,L11,DR_20221209_143805,2468.0,0.9968903
4328,L11,DR_20221209_143805,2469.0,0.9941697
4329,L11,DR_20221209_143805,2470.0,0.03179348
4330,L11,DR_20221209_143805,2471.0,0.07994303
4331,L11,DR_20221209_143805,2472.0,0.0018449018
4332,L11,DR_20221209_143805,2473.0,0.48104557
4333,L11,DR_20221209_143805,2474.0,1.0485059
4334,L12,DR_20221209_143805,2475.0,1.0032561
4335,L12,DR_20221209_143805,2476.0,0.08169113
4336,L12,DR_20221209_143805,2477.0,0.9839358
4337,L12,DR_20221209_143805,2478.0,0.99324524
4338,L12,DR_20221209_143805,2479.0,0.0044783494
4339,L12,DR_20221209_143805,2480.0,0.018346898
4340,L12,DR_20221209_143805,2481.0,0.0017051088
4341,L12,DR_20221209_143805,2482.0,0.028378233
4342,L12,DR_20221209_143805,2483.0,0.97886604
4343,L13,DR_20221209_143805,2484.0,1.0042014
4344,L13,DR_20221209_143805,2485.0,0.46024975
4345,L13,DR_20221209_143805,2486.0,0.9988516
4346,L13,DR_20221209_143805,2487.0,0.99825656
4347,L13,DR_20221209_143805,2488.0,0.4625612
4348,L13,DR_20221209_143805,2489.0,1.0040692
4349,L13,DR_20221209_143805,2490.0,0.010512376
4350,L13,DR_20221209_143805,2491.0,1.0433949
4351,L13,DR_20221209_143805,2492.0,1.0229899
4352,L18,DR_20221209_143805,2529.0,1.0029198
4353,L18,DR_20221209_143805,2530.0,0.47803146
4354,L18,DR_20221209_143805,2531.0,0.419723
4355,L18,DR_20221209_143805,2532.0,0.29798162
4356,L18,DR_20221209_143805,2533.0,0.031895667
4357,L18,DR_20221209_143805,2534.0,1.0001948
4358,L18,DR_20221209_143805,2535.0,0.009625666
4359,L18,DR_20221209_143805,2536.0,1.0081009
4360,L18,DR_20221209_143805,2537.0,1.0022438
4361,L19,DR_20221209_143805,2538.0,0.9838188
4362,L19,DR_20221209_143805,2539.0,0.030405171
4363,L19,DR_20221209_143805,2540.0,0.9877767
4364,L19,DR_20221209_143805,2541.0,1.0035005
4365,L19,DR_20221209_143805,2542.0,0.015237228
4366,L19,DR_20221209_143805,2543.0,0.9861037
4367,L19,DR_20221209_143805,2544.0,0.0051958314
4368,L19,DR_20221209_143805,2545.0,0.0051584328
4369,L19,DR_20221209_143805,2546.0,0.9882554
4370,L22,DR_20221209_143805,2565.0,1.0027057
4371,L22,DR_20221209_143805,2566.0,1.0031061
4372,L22,DR_20221209_143805,2567.0,0.78185254
4373,L22,DR_20221209_143805,2568.0,1.0039184
4374,L22,DR_20221209_143805,2569.0,1.0020304
4375,L22,DR_20221209_143805,2570.0,1.004225
4376,L22,DR_20221209_143805,2571.0,0.00060617755
4377,L22,DR_20221209_143805,2572.0,0.005167718
4378,L22,DR_20221209_143805,2573.0,1.071161
4415,M03,DR_20221209_143805,2610.0,-5.5379965e-05
4416,M03,DR_20221209_143805,2611.0,-2.0812964e-05
4417,M03,DR_20221209_143805,2612.0,-2.3646324e-05
4418,M03,DR_20221209_143805,2613.0,-7.9705074e-05
4419,M03,DR_20221209_143805,2614.0,-0.00013016973
4420,M03,DR_20221209_143805,2615.0,0.90541124
4421,M03,DR_20221209_143805,2616.0,-0.0005537039
4422,M03,DR_20221209_143805,2617.0,-0.00021095379
4423,M03,DR_20221209_143805,2618.0,0.0004605007
4424,M04,DR_20221209_143805,2619.0,-2.0812964e-05
4425,M04,DR_20221209_143805,2620.0,-0.00030729547
4426,M04,DR_20221209_143805,2621.0,-0.00014316269
4427,M04,DR_20221209_143805,2622.0,-0.00024951936
4428,M04,DR_20221209_143805,2623.0,0.00041103136
4429,M04,DR_20221209_143805,2624.0,-2.0812964e-05
4430,M04,DR_20221209_143805,2625.0,-0.0020245619
4431,M04,DR_20221209_143805,2626.0,7.315443e-05
4432,M04,DR_20221209_143805,2627.0,0.00024007604
4433,M05,DR_20221209_143805,2628.0,6.033734e-06
4434,M05,DR_20221209_143805,2629.0,-9.079717e-05
4435,M05,DR_20221209_143805,2630.0,0.00044009992
4436,M05,DR_20221209_143805,2631.0,-9.152712e-05
4437,M05,DR_20221209_143805,2632.0,-9.079717e-05
4438,M05,DR_20221209_143805,2633.0,0.00041103136
4439,M05,DR_20221209_143805,2634.0,0.00011252698
4440,M05,DR_20221209_143805,2635.0,9.8034856e-05
4441,M05,DR_20221209_143805,2636.0,-0.0051775947
4442,M06,DR_20221209_143805,2637.0,0.07221885
4443,M06,DR_20221209_143805,2638.0,0.00021941346
4444,M06,DR_20221209_143805,2639.0,-3.2660235e-05
4445,M06,DR_20221209_143805,2640.0,-0.00014316269
4446,M06,DR_20221209_143805,2641.0,-6.800897e-05
4447,M06,DR_20221209_143805,2642.0,0.000844236
4448,M06,DR_20221209_143805,2643.0,0.98043483
4449,M06,DR_20221209_143805,2644.0,-4.0332507e-05
4450,M06,DR_20221209_143805,2645.0,0.6235206
4451,M07,DR_20221209_143805,2646.0,0.00044489317
4452,M07,DR_20221209_143805,2647.0,-0.0009052139
4453,M07,DR_20221209_143805,2648.0,0.98196125
4454,M07,DR_20221209_143805,2649.0,0.8646349
4455,M07,DR_20221209_143805,2650.0,-0.00048473262
4456,M07,DR_20221209_143805,2651.0,-0.00094288005
4457,M07,DR_20221209_143805,2652.0,0.0007927568
4458,M07,DR_20221209_143805,2653.0,0.0006097329
4459,M07,DR_20221209_143805,2654.0,0.3815891
4460,M08,DR_20221209_143805,2655.0,0.9560118
4461,M08,DR_20221209_143805,2656.0,0.92627436
4462,M08,DR_20221209_143805,2657.0,0.88859403
4463,M08,DR_20221209_143805,2658.0,0.032573294
4464,M08,DR_20221209_143805,2659.0,0.99412197
4465,M08,DR_20221209_143805,2660.0,0.007952167
4466,M08,DR_20221209_143805,2661.0,1.04398
4467,M08,DR_20221209_143805,2662.0,0.98002756
4468,M08,DR_20221209_143805,2663.0,0.9998812
4469,M09,DR_20221209_143805,2664.0,0.0016643348
4470,M09,DR_20221209_143805,2665.0,0.0011157944
4471,M09,DR_20221209_143805,2666.0,0.8528888
4472,M09,DR_20221209_143805,2667.0,1.0417752
4473,M09,DR_20221209_143805,2668.0,0.008501844
4474,M09,DR_20221209_143805,2669.0,0.9291521
4475,M09,DR_20221209_143805,2670.0,0.9970413
4476,M09,DR_20221209_143805,2671.0,1.0026314
4477,M09,DR_20221209_143805,2672.0,1.0030962
4478,M10,DR_20221209_143805,2673.0,0.993842
4479,M10,DR_20221209_143805,2674.0,0.014429593
4480,M10,DR_20221209_143805,2675.0,0.9981527
4481,M10,DR_20221209_143805,2676.0,0.0396094
4482,M10,DR_20221209_143805,2677.0,0.032319624
4483,M10,DR_20221209_143805,2678.0,1.0046107
4484,M10,DR_20221209_143805,2679.0,0.9241502
4485,M10,DR_20221209_143805,2680.0,0.98814696
4486,M10,DR_20221209_143805,2681.0,0.9940845
4487,M11,DR_20221209_143805,2682.0,-0.00042877166
4488,M11,DR_20221209_143805,2683.0,0.0011284234
4489,M11,DR_20221209_143805,2684.0,0.9953227
4490,M11,DR_20221209_143805,2685.0,0.99943674
4491,M11,DR_20221209_143805,2686.0,0.02440723
4492,M11,DR_20221209_143805,2687.0,1.0014329
4493,M11,DR_20221209_143805,2688.0,1.0002894
4494,M11,DR_20221209_143805,2689.0,1.0309783
4495,M11,DR_20221209_143805,2690.0,0.98857856
4496,M12,DR_20221209_143805,2691.0,0.0019388449
4497,M12,DR_20221209_143805,2692.0,0.028366335
4498,M12,DR_20221209_143805,2693.0,0.94248056
4499,M12,DR_20221209_143805,2694.0,0.0017877953
4500,M12,DR_20221209_143805,2695.0,0.46680936
4501,M12,DR_20221209_143805,2696.0,0.003945211
4502,M12,DR_20221209_143805,2697.0,0.98514307
4503,M12,DR_20221209_143805,2698.0,0.9860239
4504,M12,DR_20221209_143805,2699.0,1.0090958
4514,N03,DR_20221209_143805,2718.0,-0.0007529629
4515,N03,DR_20221209_143805,2719.0,2.6818303e-05
4516,N03,DR_20221209_143805,2720.0,0.00026272488
4517,N03,DR_20221209_143805,2721.0,4.390177e-05
4518,N03,DR_20221209_143805,2722.0,-7.9705074e-05
4519,N03,DR_20221209_143805,2723.0,-1.6044347e-05
4520,N03,DR_20221209_143805,2724.0,-0.00010880592
4521,N03,DR_20221209_143805,2725.0,0.0014315723
4522,N03,DR_20221209_143805,2726.0,0.65392417
4523,N04,DR_20221209_143805,2727.0,0.00036998704
4524,N04,DR_20221209_143805,2728.0,-0.0008965314
4525,N04,DR_20221209_143805,2729.0,7.148441e-05
4526,N04,DR_20221209_143805,2730.0,0.0005408634
4527,N04,DR_20221209_143805,2731.0,-0.00013016973
4528,N04,DR_20221209_143805,2732.0,-0.00011754074
4529,N04,DR_20221209_143805,2733.0,0.0002494182
4530,N04,DR_20221209_143805,2734.0,-0.00023254823
4531,N04,DR_20221209_143805,2735.0,0.5251807
4532,N05,DR_20221209_143805,2736.0,-0.00077615405
4533,N05,DR_20221209_143805,2737.0,-6.521297e-05
4534,N05,DR_20221209_143805,2738.0,0.052716106
4535,N05,DR_20221209_143805,2739.0,0.0009736404
4536,N05,DR_20221209_143805,2740.0,0.00020011759
4537,N05,DR_20221209_143805,2741.0,-0.00013016973
4538,N05,DR_20221209_143805,2742.0,0.0014966541
4539,N05,DR_20221209_143805,2743.0,0.0001783389
4540,N05,DR_20221209_143805,2744.0,0.2795427
4541,N06,DR_20221209_143805,2745.0,-0.0011499365
4542,N06,DR_20221209_143805,2746.0,0.009391217
4543,N06,DR_20221209_143805,2747.0,0.18694787
4544,N06,DR_20221209_143805,2748.0,0.005130405
4545,N06,DR_20221209_143805,2749.0,-1.0275359e-05
4546,N06,DR_20221209_143805,2750.0,0.009478902
4547,N06,DR_20221209_143805,2751.0,0.094452165
4548,N06,DR_20221209_143805,2752.0,0.001095858
4549,N06,DR_20221209_143805,2753.0,0.3664518
4550,N07,DR_20221209_143805,2754.0,0.0002002898
4551,N07,DR_20221209_143805,2755.0,0.9770961
4552,N07,DR_20221209_143805,2756.0,0.43728986
4553,N07,DR_20221209_143805,2757.0,0.9977053
4554,N07,DR_20221209_143805,2758.0,0.00039192627
4555,N07,DR_20221209_143805,2759.0,0.07887654
4556,N07,DR_20221209_143805,2760.0,0.07674263
4557,N07,DR_20221209_143805,2761.0,-0.0002297336
4558,N07,DR_20221209_143805,2762.0,0.99125254
4559,N08,DR_20221209_143805,2763.0,0.0028461053
4560,N08,DR_20221209_143805,2764.0,0.8645564
4561,N08,DR_20221209_143805,2765.0,0.33565262
4562,N08,DR_20221209_143805,2766.0,1.0123792
4563,N08,DR_20221209_143805,2767.0,1.0089729
4564,N08,DR_20221209_143805,2768.0,0.012304566
4565,N08,DR_20221209_143805,2769.0,0.9899732
4566,N08,DR_20221209_143805,2770.0,0.0053919144
4567,N08,DR_20221209_143805,2771.0,1.0032156
4568,N09,DR_20221209_143805,2772.0,1.0103507
4569,N09,DR_20221209_143805,2773.0,1.0054046
4570,N09,DR_20221209_143805,2774.0,0.9921092
4571,N09,DR_20221209_143805,2775.0,0.74987584
4572,N09,DR_20221209_143805,2776.0,1.027246
4573,N09,DR_20221209_143805,2777.0,0.9990183
4574,N09,DR_20221209_143805,2778.0,0.503839
4575,N09,DR_20221209_143805,2779.0,1.0010519
4576,N09,DR_20221209_143805,2780.0,1.0002525
4577,N10,DR_20221209_143805,2781.0,0.9890189
4578,N10,DR_20221209_143805,2782.0,0.00161617
4579,N10,DR_20221209_143805,2783.0,1.0039781
4580,N10,DR_20221209_143805,2784.0,1.0053601
4581,N10,DR_20221209_143805,2785.0,1.0413054
4582,N10,DR_20221209_143805,2786.0,0.040200274
4583,N10,DR_20221209_143805,2787.0,0.78133285
4584,N10,DR_20221209_143805,2788.0,0.9927906
4585,N10,DR_20221209_143805,2789.0,0.9873688
4586,N11,DR_20221209_143805,2790.0,0.0016636049
4587,N11,DR_20221209_143805,2791.0,0.18390648
4588,N11,DR_20221209_143805,2792.0,0.48393437
4589,N11,DR_20221209_143805,2793.0,0.9788943
4590,N11,DR_20221209_143805,2794.0,0.87844956
4591,N11,DR_20221209_143805,2795.0,0.98230755
4592,N11,DR_20221209_143805,2796.0,0.9873066
4593,N11,DR_20221209_143805,2797.0,1.0087754
4594,N11,DR_20221209_143805,2798.0,1.0269694
4595,N12,DR_20221209_143805,2799.0,1.0070579
4596,N12,DR_20221209_143805,2800.0,0.07791331
4597,N12,DR_20221209_143805,2801.0,1.0195328
4598,N12,DR_20221209_143805,2802.0,0.48020762
4599,N12,DR_20221209_143805,2803.0,0.51435894
4600,N12,DR_20221209_143805,2804.0,1.0015026
4601,N12,DR_20221209_143805,2805.0,1.0426185
4602,N12,DR_20221209_143805,2806.0,1.0270283
4603,N12,DR_20221209_143805,2807.0,0.95967555
4622,O04,DR_20221209_143805,2835.0,0.00054700585
4623,O04,DR_20221209_143805,2836.0,-0.000114793445
4624,O04,DR_20221209_143805,2837.0,-0.00016131758
4625,O04,DR_20221209_143805,2838.0,-7.887776e-05
4626,O04,DR_20221209_143805,2839.0,-0.0007444555
4627,O04,DR_20221209_143805,2840.0,0.18229894
4628,O04,DR_20221209_143805,2841.0,0.40967828
4629,O04,DR_20221209_143805,2842.0,-0.0001403007
4630,O04,DR_20221209_143805,2843.0,0.48813435
4631,O05,DR_20221209_143805,2844.0,0.26848847
4632,O05,DR_20221209_143805,2845.0,-0.0005141118
4633,O05,DR_20221209_143805,2846.0,-1.0653376e-05
4634,O05,DR_20221209_143805,2847.0,0.00063750363
4635,O05,DR_20221209_143805,2848.0,0.00028395548
4636,O05,DR_20221209_143805,2849.0,7.318452e-05
4637,O05,DR_20221209_143805,2850.0,0.00874488
4638,O05,DR_20221209_143805,2851.0,-0.0045466437
4639,O05,DR_20221209_143805,2852.0,0.18340598
4640,O06,DR_20221209_143805,2853.0,0.00018467478
4641,O06,DR_20221209_143805,2854.0,-7.9705074e-05
4642,O06,DR_20221209_143805,2855.0,0.00024838618
4643,O06,DR_20221209_143805,2856.0,0.00013450636
4644,O06,DR_20221209_143805,2857.0,-6.9872105e-05
4645,O06,DR_20221209_143805,2858.0,0.00067544024
4646,O06,DR_20221209_143805,2859.0,0.00013819369
4647,O06,DR_20221209_143805,2860.0,0.09671035
4648,O06,DR_20221209_143805,2861.0,-0.0014967527
4649,O07,DR_20221209_143805,2862.0,0.0018841726
4650,O07,DR_20221209_143805,2863.0,-0.0008609309
4651,O07,DR_20221209_143805,2864.0,0.002525952
4652,O07,DR_20221209_143805,2865.0,0.3583068
4653,O07,DR_20221209_143805,2866.0,0.0003403832
4654,O07,DR_20221209_143805,2867.0,0.0009640197
4655,O07,DR_20221209_143805,2868.0,0.49637333
4656,O07,DR_20221209_143805,2869.0,0.097651444
4657,O07,DR_20221209_143805,2870.0,0.88819784
4658,O08,DR_20221209_143805,2871.0,0.18462616
4659,O08,DR_20221209_143805,2872.0,0.9990589
4660,O08,DR_20221209_143805,2873.0,0.9777146
4661,O08,DR_20221209_143805,2874.0,0.9935543
4662,O08,DR_20221209_143805,2875.0,0.005455046
4663,O08,DR_20221209_143805,2876.0,0.8535359
4664,O08,DR_20221209_143805,2877.0,0.44458708
4665,O08,DR_20221209_143805,2878.0,0.8444679
4666,O08,DR_20221209_143805,2879.0,0.98540306
4667,O09,DR_20221209_143805,2880.0,0.8644073
4668,O09,DR_20221209_143805,2881.0,0.032800093
4669,O09,DR_20221209_143805,2882.0,0.84260315
4670,O09,DR_20221209_143805,2883.0,0.9891515
4671,O09,DR_20221209_143805,2884.0,1.0021008
4672,O09,DR_20221209_143805,2885.0,0.9838188
4673,O09,DR_20221209_143805,2886.0,1.0018551
4674,O09,DR_20221209_143805,2887.0,1.0028545
4675,O09,DR_20221209_143805,2888.0,0.99793637
4676,O12,DR_20221209_143805,2907.0,0.99465483
4677,O12,DR_20221209_143805,2908.0,0.9858622
4678,O12,DR_20221209_143805,2909.0,1.0065669
4679,O12,DR_20221209_143805,2910.0,0.98914194
4680,O12,DR_20221209_143805,2911.0,1.0245858
4681,O12,DR_20221209_143805,2912.0,1.0038488
4682,O12,DR_20221209_143805,2913.0,0.9837051
4683,O12,DR_20221209_143805,2914.0,1.0039006
4684,O12,DR_20221209_143805,2915.0,0.9993867
